,TSPC_corr,TSPC_qval
Igfbp6,0.5766473138986737,0.0
Sema3c,0.5374806205935966,4.729442968271563e-304
Cd55,0.46202028473199447,1.5085707113430973e-210
Crip1,0.4597728824918435,3.577353620098116e-208
Axl,0.4503903028406033,2.1751254966441124e-198
S100a10,0.4325930087236531,1.1053722859856148e-180
Emp3,0.42393874705752654,1.42162461783388e-172
Crip2,0.4152225256702213,1.4133456039744027e-164
Cd34,0.4147948723367558,3.2994161004466667e-164
Ckb,0.4068469984035522,3.361071806186793e-157
Clec3b,0.40176454238367426,8.442390444873832e-153
Tmsb4x,0.40141336465510086,1.6357669338144412e-152
Ppp1r14b,0.3985302270366087,4.466055670753392e-150
Fhl1,0.3926004784513366,3.835050961729975e-145
Fn1,0.386159841951523,6.405328937407095e-140
Ugp2,0.3846743764026592,9.957947913020175e-139
Tmem100,0.3819384639462619,1.4939910893272178e-136
Cavin3,0.3817675612186039,2.0008725359648067e-136
Emilin2,0.3817309942104437,2.0943832595610096e-136
Adgrg2,0.37835745405241267,9.689364165494452e-134
Anxa5,0.3761897061154393,4.76216771794312e-132
Anxa2,0.37585381088009734,8.536219096546156e-132
Creb5,0.37288440679613855,1.683969016075638e-129
Efhd1,0.3723965926937832,3.851089291540026e-129
Anxa8,0.372206410694262,5.29478003199715e-129
Tppp3,0.3653594883342458,7.674247310863024e-124
Aspn,0.3632001912570043,3.0858889553659857e-122
Bag1,0.3619678652149945,2.4887867276053714e-121
Fbn1,0.35669999929653023,1.6569118900207593e-117
Ackr3,0.3560044023801317,5.2033386868127026e-117
S100a4,0.3484214314683729,1.2554382225144684e-111
Pcsk6,0.34561681457684934,1.10711630109033e-109
Tspo,0.3453272783532886,1.710679025804902e-109
Prelp,0.34123563944960494,1.0193145903287746e-106
Htra3,0.34056722526294236,2.8391174141649553e-106
Loxl2,0.33900694509735424,3.2100842069077093e-105
Uqcc2,0.3378575048867457,1.8924326299670106e-104
Glud1,0.33706642442207374,6.363793860313791e-104
Sdc2,0.3334925779738274,1.448323677626272e-101
Olfml2a,0.32906182513931964,1.0944732201663622e-98
Cadm3,0.3276886040521654,8.41441310307882e-98
Cd109,0.3258179019692913,1.3351861639533672e-96
Rhoa,0.3252046515286721,3.2674271540536454e-96
Islr2,0.3235195459938687,3.844796317478137e-95
Capg,0.3229784961367011,8.398517865349817e-95
Sbsn,0.32196631155753813,3.5342584449427867e-94
Anxa3,0.32047778814292294,3.0046322441294712e-93
Anxa1,0.31903548061640685,2.381811407521185e-92
Ptms,0.31838611982079984,5.941451084294944e-92
Cdh13,0.3176195073294604,1.7644618803425497e-91
Myadm,0.3149376779982478,7.709743373450899e-90
Dpysl2,0.30953818541930334,1.370553292397767e-86
Dbn1,0.3067742023083725,6.030683153860999e-85
Itgb3,0.30673186060273255,6.339716236200098e-85
Ly6c1,0.30597057590609633,1.7776833607541232e-84
Mgll,0.3057544350716617,2.3676393209449664e-84
Pdgfc,0.3032414796045932,7.007713766767907e-83
Oaf,0.3030430409716779,9.016675203272924e-83
Cyb5r3,0.30265246721040845,1.5020986992263098e-82
Mfap5,0.30120105849218565,1.0272344338251655e-81
Rap1a,0.2981284733629934,5.891624736553659e-80
Zfp385a,0.29795352599474956,7.316633909364065e-80
Dpp4,0.2968702435347202,3.018579414943281e-79
Ly6a,0.29506186962397496,3.1413825101953374e-78
Mustn1,0.2931044238696285,3.894061326747935e-77
Cavin1,0.29238545408478994,9.645638299138399e-77
Myl6,0.29183170515224643,1.952836273239237e-76
Aqp1,0.2899778067345998,2.065395521053583e-75
Dstn,0.2895261222217231,3.6449165341630467e-75
Ntn4,0.2891569809213606,5.789140641060339e-75
Vcan,0.28889708099822614,7.950370300581813e-75
Lamc1,0.28798113619992316,2.5028396900571192e-74
Cd248,0.2869693471939922,8.796373348977416e-74
Myof,0.2804145703344817,2.908859687328891e-70
Prss23,0.2803515726531529,3.1233158069545276e-70
Ostf1,0.27825708990337755,3.923196817743653e-69
Dap,0.2776129305773815,8.452293969415974e-69
Tnxb,0.27747645469906845,9.909817952681372e-69
Calm1,0.27726926335786567,1.2652130374784509e-68
Islr,0.2760514922873912,5.411224228177949e-68
Col5a3,0.27535543085757175,1.238467942751998e-67
Ecm1,0.27519717068385885,1.4800040044880827e-67
Serpinb6a,0.2746203421667954,2.9139478742445404e-67
Stxbp6,0.2744253856772171,3.655985667821197e-67
Clic1,0.2735613620528205,1.0154299554056574e-66
Scara5,0.2728428453348291,2.3654247180427946e-66
Smim14,0.27187001023444257,7.337549148228159e-66
Capn2,0.27168561692723164,9.021424814314156e-66
Gpx1,0.27045111554436135,3.800136227855942e-65
Agpat4,0.26745216046377707,1.2091985109074466e-63
Mcub,0.26696700178791216,2.1052778063508122e-63
Gm17455,0.2665499188936684,3.3687703205009627e-63
Flnb,0.2664337193678848,3.831293639005362e-63
Lrrn4cl,0.26607053953287063,5.785359683452445e-63
Ackr1,0.26597712431660414,6.37749218632325e-63
Prrt4,0.2658252697619567,7.553768388118781e-63
Lama4,0.26580010369172274,7.737588673231326e-63
Actg1,0.2650255115988619,1.8590208208397335e-62
Actr3,0.26484058525733967,2.2850903141515105e-62
Ehd2,0.2629293291708918,1.9852463167213813e-61
Wnt10b,0.26247037310744764,3.319111324231284e-61
Cd9,0.26215096506106317,4.71491026302543e-61
Pamr1,0.2616334676654501,8.40445652222107e-61
Ybx3,0.26099001722657206,1.7152739513905188e-60
Atp2b4,0.2608777668171651,1.9364702685270182e-60
Prg4,0.2591656223988169,1.2918882842156394e-59
Tmem43,0.2585979071181134,2.4053113557893914e-59
Medag,0.25723026556739387,1.0768056765791311e-58
Pdlim1,0.25595380202820583,4.3220413167820864e-58
Lrrc15,0.25544240337631996,7.499431645292604e-58
Gnpnat1,0.2550274692707224,1.1698474298737238e-57
Ptgis,0.25500916187818123,1.1884122683940577e-57
Tns1,0.2547705066789661,1.5287200941859036e-57
Ptgs1,0.2541919218593998,2.857427058775978e-57
Uap1,0.2527499672587602,1.3456180221201898e-56
Txndc5,0.25272979894380027,1.369600580053085e-56
Lrrfip2,0.2516922405807142,4.152431252214462e-56
Avpi1,0.2511317821612969,7.484879130222544e-56
Fyn,0.25061643984175747,1.2838275274049431e-55
Lgi3,0.2490192779521919,6.978387015905329e-55
Cav1,0.24894873799061554,7.491104109652577e-55
Wnt2,0.2483254834683895,1.443802918273363e-54
Il18,0.24798703982235137,2.0564989145245887e-54
Fstl1,0.2470274833386147,5.607451227282048e-54
Ret,0.24635981336742524,1.121292692823625e-53
Tgfbr2,0.24571066725677654,2.1945071101913196e-53
Klhdc8a,0.24508099987411944,4.216070313502985e-53
Cd81,0.24497428488930306,4.693751384182278e-53
Atp2b1,0.24418597568378178,1.0606808110905891e-52
Pde8a,0.24408649500948132,1.1715157992556766e-52
1700019D03Rik,0.2427368174232195,4.689584451938044e-52
Galnt1,0.2419084121117646,1.0907205209470269e-51
Slco3a1,0.24177785889197437,1.2423923676755507e-51
Arnt2,0.2416426545457159,1.421815213307686e-51
Cthrc1,0.24130913980919003,1.9931177469715948e-51
Nupr1,0.24116376600042938,2.3041389147273586e-51
Msn,0.24017203946213456,6.311621250125801e-51
Rnh1,0.23964019580737606,1.0756817038427029e-50
Tmbim1,0.236964152674023,1.5747256238916243e-49
Prr13,0.23675759199163168,1.92966752693766e-49
Tpm2,0.23577431293802564,5.095777948128003e-49
P2ry10b,0.2351712013969783,9.186595265268788e-49
Pgf,0.23489361470428405,1.2016786926385679e-48
Heg1,0.2342660815366771,2.2215650477271157e-48
Psmd8,0.23281894269721315,9.08749841129294e-48
Ndrg4,0.2313582182354173,3.7548653304098907e-47
Antxr2,0.2303817431177672,9.638944984905803e-47
Arhgdia,0.22946085044040107,2.3344982544612775e-46
S100a6,0.22931300291652956,2.675014205120581e-46
Gm15675,0.2293072366845288,2.681203497202706e-46
Tacc2,0.2290244629174077,3.510089087675114e-46
Plec,0.22713699000310103,2.1307855380997936e-45
Pcolce2,0.2258690810190561,7.028383570623099e-45
Hmgn3,0.22569710095618956,8.246704326235593e-45
Higd1a,0.22556832995644444,9.287123989191181e-45
Rora,0.22546981474639916,1.0162880683878532e-44
Lims2,0.22477746665548107,1.9365336716340637e-44
Calu,0.2240781005752873,3.7178313472443134e-44
Inhba,0.2236857936782007,5.356924003658625e-44
Ramp2,0.22359016456033523,5.841483236186021e-44
Ifi27l2a,0.22343207035123622,6.732913900919816e-44
Spsb4,0.22330184023208224,7.583016183471588e-44
Duox1,0.22275392886240192,1.2579321214764563e-43
Gngt2,0.2214550966532464,4.187006416996021e-43
Cast,0.22139080476591272,4.430865362845989e-43
Dlgap4,0.22133743449217755,4.6416533505470956e-43
Fam167a,0.2212081056969769,5.216950769354876e-43
Fam126a,0.22086410774816737,7.1512423725119826e-43
Ufm1,0.220761736928391,7.81451511334679e-43
F2rl1,0.2204382712589415,1.05035745312717e-42
Ppa1,0.21996589719984277,1.613734404729786e-42
Ndfip1,0.21969332404962835,2.0614447045897533e-42
Sfxn3,0.21918045189327426,3.291263737410157e-42
Hspg2,0.21912917029148954,3.43966214204716e-42
Klf3,0.21898692091109925,3.907114488944451e-42
Rab27b,0.21738398239799328,1.661317078509238e-41
Ahnak,0.21738107418630692,1.661317078509238e-41
Sema3e,0.217050640005392,2.217052688067471e-41
Fam129a,0.2166961887535031,3.047946739093388e-41
Cdc42ep2,0.21661833476098982,3.261279132171953e-41
Dock11,0.21661416245157034,3.2644938485836277e-41
Antxr1,0.215447884962822,9.193122274761353e-41
Thy1,0.21350286626377252,5.140055000621133e-40
Rac1,0.21294822887042225,8.325879427781432e-40
Camkk1,0.21213103757350432,1.689990280002683e-39
Disp1,0.21211804615851523,1.7050417485154944e-39
Sh3bgrl3,0.21152312229746514,2.8523017245661212e-39
Diaph1,0.2112071058239154,3.7573452308091504e-39
Tgfbi,0.21090229868120508,4.898849135570459e-39
Fermt2,0.2102639908833349,8.48512610291032e-39
Pkd1,0.20962097207411334,1.4843194741858743e-38
Vit,0.20959406385710921,1.5157161084780845e-38
Capza2,0.2090265154800601,2.46575264066529e-38
P3h4,0.20884764201310388,2.8732043899209893e-38
Arpc2,0.20882288270081628,2.928320005224728e-38
Ociad2,0.20873606669335898,3.149713687960483e-38
Adamts14,0.20859763865820888,3.5428856978139337e-38
Capns1,0.20833380267344806,4.4312296054976977e-38
0610012G03Rik,0.2082084808843729,4.926968475819907e-38
Filip1l,0.2077467840045402,7.307978849815218e-38
Nptn,0.20744428755136282,9.464134175138844e-38
Wls,0.20727899224387805,1.0859708493947857e-37
Nhsl1,0.20667383805894968,1.8053605995221095e-37
Cd44,0.20660735919832388,1.906787608651462e-37
Itgb5,0.20578592295468015,3.8163936225914e-37
Pthlh,0.20525258275604094,5.9872594734116745e-37
Tnfrsf11b,0.2050404600715646,7.155634944142836e-37
Fez1,0.20501560264329893,7.291379243228684e-37
Gas2l1,0.20492791319240597,7.819249336243407e-37
Bok,0.2041248904899142,1.542169725371942e-36
Sap30l,0.20399474481121205,1.7177728626309994e-36
Adamtsl5,0.20386336128331686,1.9107833856146537e-36
Osbpl3,0.2037148355300795,2.161373341025246e-36
Tob1,0.2034753071137407,2.6276120432837965e-36
Ramp1,0.20346721784661925,2.6395285218814047e-36
Pgls,0.2032910370841155,3.0553821074904696e-36
Calcrl,0.2026649743833561,5.163018312233113e-36
Adgrd1,0.20259212489361064,5.476307057074329e-36
Cspg4,0.20254442823144814,5.687118471571486e-36
Procr,0.20238464777055545,6.488479147625916e-36
Pi16,0.20235939111606968,6.612386484817703e-36
Ppp1ca,0.20139110388439033,1.4764419172990705e-35
Dpysl3,0.20129136926590657,1.5973313706786597e-35
Gnb2,0.20076591083936404,2.4521580589848085e-35
Guk1,0.20059000807593397,2.825630936702125e-35
Ino80c,0.20056978003758383,2.8671680547984756e-35
Vamp8,0.200501590834787,3.0275374040262585e-35
Wnt9a,0.20025718454329164,3.691950096830819e-35
Camk1d,0.19979112162786125,5.38379032610611e-35
Duoxa1,0.1997488853740902,5.563071427859341e-35
Ssc5d,0.19964984674692376,6.024632112017412e-35
Pfkp,0.1989342385184535,1.082424695570165e-34
Bmp6,0.19815872714314278,2.0292302173282777e-34
Psd3,0.19795303118494792,2.396552784864864e-34
Rala,0.19725248011413152,4.239160545271118e-34
Efna5,0.19722863999945434,4.313208230326266e-34
Ddah2,0.19622419658792584,9.659392838967474e-34
Cib1,0.196200888785916,9.823051159607576e-34
S100a11,0.19562599607541273,1.5579168776321123e-33
Plp2,0.1950267324023466,2.5108798432312577e-33
Itih5,0.19454445338743498,3.6856676896065076e-33
Ephx1,0.1943872022733828,4.173096737231919e-33
Chmp2a,0.19438366368074597,4.176354819407407e-33
Rab21,0.1938209957674749,6.515465677687508e-33
Ccn3,0.19348720043176823,8.473215704284374e-33
Hras,0.19313931258848407,1.1160932920625556e-32
AA467197,0.19313352472913914,1.1189793032438776e-32
Amotl1,0.19287720182095638,1.3696146158494418e-32
Poglut3,0.19268627632041962,1.5910126286371901e-32
Ehd1,0.1922631199084179,2.2040976451520058e-32
Cd80,0.1919527628495644,2.8073668419229906e-32
Suox,0.1919383240654454,2.833995083692296e-32
Phldb1,0.19190992770261214,2.8926660668233624e-32
Psmc5,0.19156259499408096,3.7843871263677864e-32
Lpar1,0.1912428824376355,4.860958524396506e-32
Atox1,0.19085580634329083,6.580707317213091e-32
Prkca,0.1904351632024164,9.122747494287721e-32
Psmd12,0.19027338406023162,1.033704953444359e-31
Spon2,0.19019922169074552,1.091325730926048e-31
D8Ertd738e,0.1901883394202701,1.0985367824721062e-31
Rab32,0.18953387556848464,1.8224181624448453e-31
Nbl1,0.1895126039163955,1.8493690239102446e-31
Phlda3,0.18939915998786327,2.0128286764459937e-31
Pgm3,0.1890553784935666,2.6213221010109934e-31
Ston2,0.18866116104781427,3.521561980141724e-31
Stmn4,0.18859179714706165,3.7095008805435e-31
Asap2,0.18842050523166745,4.229054131136954e-31
Lrrc8c,0.18826015195293302,4.7800598674264765e-31
Rap1b,0.18822242593960709,4.912659792347049e-31
Tpm4,0.18789552880104118,6.315733626428298e-31
Mras,0.18781505697069262,6.708704625398874e-31
Vat1,0.18772986246187204,7.152000766678976e-31
Ywhae,0.18771111639055582,7.242845915139336e-31
Cd151,0.18653705685278676,1.775603590417512e-30
Iqgap1,0.18635997603192228,2.0301897931050748e-30
Ndufb7,0.18630300202782812,2.1169154513660728e-30
Map6,0.18594962412069896,2.7695464156840485e-30
Kras,0.18569570010460348,3.356573941158494e-30
Gap43,0.18557108836302505,3.678089759378738e-30
Fkbp1a,0.18516917956302278,4.978426878050332e-30
Vim,0.185092463446497,5.2682187215663726e-30
Ablim1,0.1849101944144368,6.029748933228824e-30
Actb,0.18483882775390795,6.354353998280502e-30
Pgp,0.18440349976454604,8.826256398293252e-30
Sh3glb1,0.18430261381891805,9.493201806992906e-30
Hsd3b7,0.18409159868960973,1.111765624782871e-29
Rabgap1l,0.1836725868415218,1.5123328943215855e-29
Serpinb1a,0.18357086353358523,1.63007978334569e-29
Card19,0.18316629938819284,2.2070495565719537e-29
Cxxc5,0.18303702098472838,2.428155220103578e-29
Smdt1,0.1828252026919598,2.837075434020371e-29
Ppfibp1,0.1822438932191107,4.371343733037915e-29
Fgf1,0.18170315771099935,6.524858007692251e-29
Metrnl,0.18085548557048112,1.2175807824784355e-28
Txndc17,0.1808426833661169,1.227072212744631e-28
Rab2a,0.1806726171991182,1.3872612607629313e-28
Cux1,0.18039891648197964,1.6961905459314511e-28
Dact2,0.18035859803625343,1.7445608410954156e-28
Dctn3,0.18022965910776456,1.91587097385786e-28
Bmp1,0.18019253672795654,1.9658074775710285e-28
Vdac3,0.18012834486078538,2.0578036381344113e-28
Efemp1,0.18005626627807608,2.1666599330170814e-28
Prelid1,0.18004865719812305,2.1751490530445886e-28
Aig1,0.1799143144989119,2.3979018220665026e-28
Ssna1,0.17972413621361505,2.7496879994998193e-28
Ptp4a2,0.17927755561062253,3.813771525545654e-28
Dynlrb1,0.17922055276134613,3.9702613769795935e-28
Samhd1,0.17918609134348934,4.065221643597521e-28
Tm4sf1,0.1783419521677775,7.509977457822595e-28
Cdk6,0.1782594873541072,7.949881424615498e-28
Coro1c,0.17814555574753246,8.596684533224815e-28
Add3,0.17798133287076445,9.659357871220077e-28
Ackr2,0.17792490706537492,1.0048552202895797e-27
Tmem160,0.17774101855671046,1.1452013814575452e-27
Bax,0.17760469811317744,1.262643199812705e-27
Txn1,0.17751637721862124,1.3442491459921883e-27
Tagln2,0.17721574901934614,1.6698385974576777e-27
Glipr2,0.1768987755071383,2.0947418675793818e-27
Tek,0.17673856117534198,2.3448792458420103e-27
Scd1,0.17666009777946243,2.477890699114542e-27
Pls3,0.17654879504964527,2.681333259282318e-27
Dcbld2,0.17635968787157577,3.064152697073045e-27
Chst15,0.17618273401705198,3.47054091490275e-27
Ldlrad4,0.1761397448707576,3.57410453518375e-27
Arpc5,0.17611696583454775,3.627462374085955e-27
Galnt16,0.1758006127018345,4.534514494103576e-27
Ssu72,0.17525641954314972,6.662691702774306e-27
AI506816,0.17485989064135288,8.810884793714913e-27
Adamts5,0.174576282281091,1.075844999955008e-26
Lurap1l,0.17435324555139128,1.257648141238593e-26
Osr2,0.17433863483504194,1.2688269987040611e-26
Pts,0.1737754500871467,1.8833442919321128e-26
Ptgfrn,0.17360564660008135,2.1216393220338833e-26
Sulf1,0.17348318138059957,2.3108203556770736e-26
Mrpl20,0.17341687705221825,2.4183963895529722e-26
Tex264,0.17334623239251742,2.538742500529065e-26
Clip1,0.17327916774063287,2.654141678155127e-26
Wnk1,0.1731615908202393,2.8803418798938225e-26
Sox5,0.1731419624525565,2.916156980518484e-26
Adk,0.17307069850267423,3.0623933417967193e-26
Psmb5,0.17289419134650222,3.464535560579233e-26
Mrpl53,0.17287926592886538,3.4959112818127884e-26
Tnfaip1,0.17279828779883885,3.6905674136541585e-26
Prune2,0.1727490372720859,3.8154493720340845e-26
Snx6,0.17256142526815765,4.342776748087072e-26
Mcf2l,0.1725134868651258,4.485376230342917e-26
Bag5,0.17249529927717308,4.5363899559993964e-26
Emp1,0.17209883015812918,5.971469074391463e-26
Gpsm2,0.17167660574041377,7.998662633102577e-26
Vps29,0.17163923492007413,8.198893418719039e-26
Mtmr11,0.1714076216948716,9.601709847172785e-26
Reep3,0.17112357683262272,1.1662296942471812e-25
Dctn2,0.17091477924051077,1.3435257581717572e-25
Snf8,0.17077247460217956,1.4817206839296218e-25
Sema4f,0.1706007854882349,1.665352858695813e-25
Arpc4,0.17050140221616322,1.7821941297695846e-25
Stk38l,0.1702359246139079,2.1377799922305363e-25
Drap1,0.1699417817097977,2.615104709661661e-25
Rin3,0.16992335560114402,2.644895504368774e-25
Pgd,0.16974597106618297,2.9783041763371874e-25
Galnt18,0.16969225629263668,3.086841126870497e-25
Tbcb,0.1696037105533024,3.277480915504462e-25
Chmp3,0.16914884855513973,4.464086972787119e-25
Gamt,0.16908426332648607,4.661057053074203e-25
Dph3,0.16865568154500216,6.246533109144643e-25
Coro2b,0.16858638658153485,6.52367670834542e-25
Arl6ip5,0.16854457042369062,6.704612842190631e-25
Pfn1,0.16839087543916764,7.44190531247788e-25
Acaa2,0.16808081259034086,9.182718302573502e-25
Myl12a,0.1679178896421102,1.0254127443974087e-24
Itgb1,0.16779738633528773,1.1121281380821866e-24
C1qtnf3,0.16742328727584047,1.4285220525401747e-24
Dynlt3,0.16734287772808254,1.50709065826368e-24
Nme2,0.1673214222795467,1.5271858172342224e-24
Ebf1,0.16700040457810705,1.8959079317446175e-24
Cltb,0.16683745656311202,2.1155834564915364e-24
Nt5c,0.1667808663987541,2.1956133700699938e-24
Psmc2,0.16668704750756674,2.337110737194256e-24
Ywhaq,0.1666683650695402,2.3636936280429284e-24
Gltp,0.16634311166646032,2.940237008755704e-24
Anp32a,0.1662879879683,3.048088401214422e-24
Psmd13,0.16626223651877306,3.097506724752129e-24
Inpp1,0.16619400127494352,3.2307778408592463e-24
Clic4,0.16615598796180328,3.3105646888300506e-24
Itpr3,0.16597544231069333,3.731160125381788e-24
Mindy2,0.16588861373221464,3.9383163933906164e-24
Gnb1,0.1658190580184809,4.108156972658399e-24
Tmem63a,0.1657691753133105,4.243368852346488e-24
Hist1h2bc,0.16539455209265036,5.450740865519796e-24
Rhoc,0.16523891408747643,6.037637318755037e-24
Scd2,0.16522032654390664,6.105474578246026e-24
Palmd,0.16513879154870714,6.424205856800964e-24
Sdhb,0.1650999082658269,6.585810321563859e-24
Ankrd29,0.16507417031435562,6.691942995266595e-24
Serinc5,0.16452968875596852,9.585471192414696e-24
Wasf2,0.16440727712202557,1.0391970153096864e-23
Mtcl1,0.1643961439653099,1.0455865728594592e-23
Lamtor1,0.16430629684840384,1.1090174600188548e-23
Tcfl5,0.16406637377887218,1.3005775308358029e-23
Anxa7,0.16389886729517464,1.450885430221814e-23
Cbx5,0.1635670533780775,1.8059303122896948e-23
Cmah,0.16354292019476743,1.8328051282835293e-23
Chmp5,0.16346445898724854,1.9261386999071003e-23
Cdkn1a,0.16338986023748653,2.02077923553755e-23
Ece1,0.1633885259055631,2.02077923553755e-23
Tmem234,0.16333640101458116,2.0894258980484255e-23
Nabp2,0.16321890681623438,2.2505541315042365e-23
Adam10,0.16306975865561205,2.4787929361544872e-23
Slc38a1,0.1630484050288985,2.5109550150078727e-23
Lefty1,0.16297146086389183,2.6392561552360782e-23
Rtn4,0.16292398966989696,2.72027347309024e-23
Matn2,0.16284214483498594,2.864759043940585e-23
Lrrc8b,0.16266139157375217,3.2214164709585693e-23
Sulf2,0.1623470164422028,3.9621153898714844e-23
Chn2,0.1622862590490794,4.119307834828703e-23
Xpnpep1,0.16225119770656393,4.2105180257152185e-23
Aldh1a3,0.16217961367209477,4.408912594494421e-23
Cd276,0.1621762413554703,4.4130721850787945e-23
Sri,0.1621729082736441,4.4171282257104505e-23
Nckap1,0.16212164994949846,4.563469022657817e-23
Pdlim4,0.1620109390140198,4.9034120248151826e-23
Trim16,0.16182822599734834,5.517631389256882e-23
Sestd1,0.16178236911522095,5.679774137183581e-23
Pdcd6ip,0.16164905141116678,6.1856080800441e-23
Ube2m,0.16158932638673226,6.425601679484248e-23
Zcrb1,0.16145602182813334,7.005972491841911e-23
Abhd17a,0.16138917600480726,7.311619181232386e-23
Ppia,0.16108558845916163,8.91425298882975e-23
Tmem167,0.1610604621652039,9.051010397275825e-23
Engase,0.1610308319552596,9.205429522632557e-23
Fam20a,0.16100694947716399,9.339020388199903e-23
Pitpna,0.16052152505793976,1.278616421766435e-22
Slc29a1,0.16038252715726464,1.3967169416297374e-22
Micos10,0.15981394855745132,2.018589169765009e-22
Tgfb1i1,0.15975430783831226,2.0932482574255985e-22
Ackr4,0.1597182694115631,2.1402391949128123e-22
Rras,0.15931843028470646,2.7715882219253276e-22
Kctd9,0.1591422379035592,3.09931548702431e-22
Npepl1,0.15910748056672291,3.165983258340238e-22
Ndufb10,0.1587816289035519,3.8995992461526245e-22
Ergic1,0.1587494930148398,3.976543092183162e-22
Golim4,0.15872065313878506,4.0463658161135758e-22
Uchl1,0.15870774431286566,4.0752411053495514e-22
Ap1s2,0.15863578929103164,4.258667667388491e-22
Prnp,0.15860072044913126,4.350874311937083e-22
Lrrfip1,0.15859768321032214,4.354079458836407e-22
Elovl1,0.15848307778016515,4.676920168357661e-22
3300005D01Rik,0.15845018649694942,4.766366339540252e-22
Edem2,0.15844993182373168,4.766366339540252e-22
Prdm8,0.15838939539552516,4.950104667766383e-22
Klc1,0.15837118864478877,5.002470729491156e-22
Med21,0.1582850362748405,5.281690313767046e-22
Miat,0.15826476514711885,5.3446403465019385e-22
Col8a1,0.15812015022327594,5.852091731622665e-22
Ttyh1,0.1578723109452477,6.838504725339715e-22
Plxdc1,0.15786253101931735,6.873334208136736e-22
Marveld1,0.15771587673489681,7.543103659615412e-22
Shisa5,0.15769355356338305,7.642778981041262e-22
Ube2g2,0.15764246043002628,7.888050991876204e-22
Ttyh2,0.15762235907011674,7.980868035896064e-22
Pla1a,0.15761776720873352,7.994837739472837e-22
Slc25a11,0.15742705865694961,9.02378553260975e-22
Colgalt2,0.15735050472610937,9.46598666055213e-22
Jpt1,0.1570853032901869,1.1203080326000416e-21
Aif1l,0.15704468871571087,1.1484018624542546e-21
Kctd17,0.1568180815802028,1.3256307549565433e-21
Akr1a1,0.15681323622372606,1.3265808588128046e-21
Pin1,0.15662114799829366,1.4976657692359279e-21
Dnm1,0.15645522079190874,1.6587086781069644e-21
Mical1,0.15643540514586382,1.677781352208617e-21
Rexo2,0.1563059560757776,1.819657210588085e-21
Atp6v0e,0.1560889600715496,2.0837853751034105e-21
Commd1,0.15603579712553886,2.1527880188133353e-21
Kif5b,0.15601412019588,2.180053683717597e-21
Sdhd,0.15577127890987388,2.5340987244367947e-21
Psmd7,0.15576867518912335,2.535321123627691e-21
Clta,0.15565349577760962,2.7240149327665364e-21
Bnip2,0.15557487132284697,2.8596781064301198e-21
Wsb2,0.15540502395531516,3.1802643995586107e-21
Arf2,0.15523924185072946,3.515048486887897e-21
Arf5,0.15505785089375967,3.936738602969534e-21
Zyx,0.1549780391743219,4.125579753164711e-21
Esd,0.15482824095258357,4.518234517241674e-21
Hebp2,0.15472161247948585,4.82080049732197e-21
Cope,0.15465766033881012,5.012945384805075e-21
Yipf4,0.15443786864883513,5.742319745116025e-21
Spag7,0.15442486335500075,5.782805510997746e-21
Uqcrc1,0.15434052071618334,6.083352705603601e-21
Sdk2,0.15432428079924174,6.131713045345963e-21
Psma6,0.15404377108730488,7.294028863294268e-21
Psma4,0.1540397253643374,7.304261735461857e-21
Tmem134,0.1540337509094421,7.323358249763017e-21
Aplp2,0.15398312687608673,7.545946495889374e-21
Copz2,0.1539823269600327,7.545946495889374e-21
Ndufs2,0.15389497965619908,7.960964443211213e-21
Psmc4,0.1538067675265399,8.393647774872282e-21
Gas7,0.15377488469918865,8.553034458457309e-21
Ptprj,0.15369070055173992,9.004978472451495e-21
Tpd52l2,0.15365332847267102,9.207369492758139e-21
Tprgl,0.15315384561054285,1.2529904067164143e-20
4930523C07Rik,0.1531407643485055,1.2618268742569137e-20
Elof1,0.1529244572845095,1.4387378304934454e-20
Ndufb9,0.1528569152423369,1.4987429568280837e-20
Txnl1,0.15278636425895295,1.5624100874835056e-20
S100a13,0.15274809002691736,1.5982136583106915e-20
Morrbid,0.1527461109164891,1.598410318531183e-20
Acadvl,0.15272836225006578,1.6125546400230644e-20
Zfp423,0.15262903242698814,1.7131822151571483e-20
Eif4g2,0.15242550922949455,1.9392656469860715e-20
Zdhhc3,0.1523169566633578,2.0695479672109263e-20
Trappc4,0.15210984930700786,2.347246596984452e-20
Rnf7,0.1518375538289355,2.7740203814221287e-20
Trir,0.15180893165220152,2.81727703381083e-20
Hivep2,0.15170633188381955,2.9979975485982443e-20
BC031181,0.1513273730751895,3.773353953810932e-20
Insyn1,0.15129039151331886,3.855928799987272e-20
Adipor1,0.15128292343958027,3.8694712939899736e-20
Psmd14,0.15114628836029984,4.2037256637124687e-20
Bvht,0.15111787835748566,4.2730682663114883e-20
Zdhhc8,0.15108499136784811,4.35549674793641e-20
Cab39,0.15096796837291124,4.6746510216919584e-20
Trio,0.1509119547059213,4.8327757421588774e-20
Tubb6,0.15081865956080845,5.1116294824041416e-20
Arpc5l,0.15066495888189388,5.610023152888805e-20
Psmc3,0.15052250145554968,6.107671293085301e-20
Pde10a,0.15046499897565282,6.319387237528109e-20
Tnfrsf23,0.15041138518091032,6.522844044686787e-20
Dynll1,0.15035891440090818,6.728079210849083e-20
Arf1,0.15034572910443378,6.775224732497832e-20
Daam1,0.15030386670561915,6.943206723215563e-20
Rnasek,0.15026867533646582,7.086399295857447e-20
Galm,0.15019493437683049,7.404628282185173e-20
Snx18,0.15017976930521793,7.457556298018708e-20
Ubxn1,0.1501596499052828,7.541614846535554e-20
Eif2b2,0.1501459353436409,7.596888494765309e-20
Arhgap5,0.14962136332348508,1.04324300579181e-19
Myoc,0.14921549762308536,1.330310027532482e-19
Tecr,0.14920448125370434,1.3378072635273262e-19
Limch1,0.14917503222881,1.3604529079009507e-19
2010320M18Rik,0.1490849623022478,1.4336912110692114e-19
Gdi2,0.14907016079991345,1.4450755777967862e-19
Rras2,0.14901057509864601,1.4965609243873038e-19
Otud7b,0.14880459684478448,1.6914787539333073e-19
Sgms2,0.14879040800217075,1.7042569159278282e-19
Carhsp1,0.14871590396617848,1.7789720042480987e-19
Vamp3,0.14849627342941688,2.0267926080629624e-19
Hhipl1,0.1484618292350431,2.0671608741683145e-19
Rasl10a,0.14845193225208692,2.077368051524995e-19
Tbc1d12,0.14818534910117004,2.436516807910049e-19
Vcl,0.1481783276375474,2.4442935487179067e-19
Gars,0.14817154995383683,2.449973943087485e-19
Sytl2,0.14817102622731027,2.449973943087485e-19
Pold4,0.14806712501188127,2.605211287258512e-19
1700003F12Rik,0.14775992492762682,3.12319241516551e-19
Fis1,0.14765883352844206,3.3149168938934324e-19
Xylt1,0.14753908302953442,3.554143401085816e-19
Dmkn,0.14747295809182487,3.690084447387242e-19
Gna11,0.14744023488821437,3.75920928890422e-19
Nol7,0.1473156404288547,4.0459183121571376e-19
Scand1,0.1472444088168623,4.217584462810267e-19
Dusp14,0.14717541167130496,4.390581589385072e-19
Pam,0.14713810815235923,4.484913575615044e-19
Fdps,0.14675498180860275,5.618853129247019e-19
Stx4a,0.1467134401161994,5.747883619108379e-19
Med15,0.14661791165336518,6.07796371870927e-19
Arhgap42,0.146613515939516,6.08771105024217e-19
Fgf16,0.14636390037411262,7.054234874791673e-19
Pygl,0.14609190932405602,8.2728335891168205e-19
Atp5f1,0.146017941136605,8.634788638788083e-19
Mamdc2,0.14598916385626592,8.774394678571928e-19
Nav1,0.14578856142904859,9.850779736432358e-19
Cab39l,0.14570778185934008,1.0322334263863879e-18
Chp1,0.1456584630707241,1.0616982496056772e-18
Orai1,0.14544623014068037,1.1998319208815296e-18
Acot9,0.14541879092893695,1.2181955398840005e-18
Osbpl9,0.145362772761722,1.2578591771581245e-18
Ift20,0.1452596052525861,1.335393063865181e-18
Itgb1bp1,0.1452544358558844,1.3381338960379802e-18
Naaa,0.1452380964781423,1.3497347851290115e-18
Nol12,0.1452273372856293,1.3569681684485371e-18
Ak1,0.14517511790367718,1.3979633490611525e-18
Tmem208,0.14484452089316907,1.6929854500689413e-18
Sh3d19,0.1447383930632597,1.8000769271944503e-18
Rab7b,0.1447222135381136,1.815460527211777e-18
Ccdc124,0.14453163468783334,2.028182668046441e-18
Cfl1,0.14452748977752347,2.0311132297208636e-18
Mrpl43,0.14401876997962104,2.72988760797135e-18
Yif1a,0.14392589347578189,2.879167920551986e-18
Abracl,0.14380975672515495,3.0719468234881543e-18
Atp5o,0.14360436729803655,3.4557448004388655e-18
Serpinb8,0.14358677427533514,3.487916150792427e-18
Cops6,0.1435422682142946,3.572483529510317e-18
Slurp1,0.14350985123768328,3.633436453953381e-18
Acly,0.14350761512096966,3.634631583899151e-18
Ninj1,0.14334231586741278,3.993600010925734e-18
Leprot,0.1433170182178167,4.04489843021776e-18
Arhgap21,0.14324208421573767,4.2207797578835255e-18
Gpx4,0.14319540288889634,4.328382816539988e-18
Tprkb,0.14306811337209646,4.655717967314392e-18
Diaph3,0.14294650964004388,4.991000509898483e-18
Lamc2,0.14288400272662194,5.165118319957509e-18
Limk1,0.14284602262352622,5.269863673646621e-18
Mpc1,0.14282630266321555,5.325275750547211e-18
Gmppb,0.14279802630151706,5.407989133170244e-18
Kdelr1,0.14276129673132856,5.518909230016818e-18
Psmc1,0.14273727375902354,5.5908202145293964e-18
Ap2s1,0.14272144880003554,5.636859733128145e-18
Cwc15,0.1425115170558982,6.3521350307841376e-18
Polb,0.14233947644405112,7.008798017778628e-18
Uqcrq,0.14224927365842588,7.37608971731682e-18
Mrpl34,0.1422284942556662,7.45789689624772e-18
Calm2,0.14219423703713044,7.599414193230786e-18
Radil,0.14208531668389704,8.083923208468682e-18
Fgf18,0.141708947705262,9.990265463571184e-18
Paxx,0.14166890563495513,1.0213010697332951e-17
Spr,0.14160808008024636,1.056595744112315e-17
Uba3,0.14152855803173647,1.1048809023472104e-17
Brk1,0.14147143576430735,1.1395288361201779e-17
Ccnyl1,0.1414133514664987,1.1770037352642874e-17
Ilk,0.14126227073495454,1.2809937432320072e-17
Sash1,0.14115881835842092,1.3578503137318185e-17
Pmvk,0.14113038180730111,1.3788263497468642e-17
Twf1,0.14092177939921893,1.5490595734412377e-17
Pdcd6,0.14084310760549443,1.617203514135771e-17
mt-Atp6,0.14064689959687116,1.807007126811884e-17
Endod1,0.14056288806917347,1.8903286717350606e-17
Hmcn1,0.14053424024309463,1.9196423057347325e-17
Hr,0.14034775086974213,2.1306175589226347e-17
Tle5,0.14024561468121063,2.2558978504150213e-17
Kremen1,0.14022098224429186,2.2855813885739883e-17
Ap3m1,0.14015218540380245,2.3744705723290246e-17
Aldoa,0.14011338072850113,2.4251296530703088e-17
Aida,0.1400653157064415,2.4876166783936335e-17
Ezr,0.1398169597753526,2.8585096530975394e-17
Ext1,0.13980537520443428,2.8746890564515844e-17
Clcn5,0.13973893363702097,2.979441214835918e-17
Cyp21a1,0.1397291003880674,2.9933322607185976e-17
Zc3hav1,0.13971745177080286,3.010381247600239e-17
Selenof,0.13971435536262364,3.0129081521706543e-17
Nedd8,0.13968823137477834,3.05499725312518e-17
Apbb1,0.1395674783989095,3.2679861395980746e-17
Mlf2,0.13920343536126234,3.995584256977131e-17
Tmem158,0.13908480493915765,4.268021470743529e-17
Dnajc10,0.13903066326572322,4.396207966659779e-17
Pacsin2,0.13902195165659056,4.409840528645616e-17
Bub3,0.13887948233754857,4.769406283645176e-17
Smim15,0.1387394016325157,5.1509521308745274e-17
Ano1,0.13868904766212384,5.289236848106522e-17
Enpp1,0.13857952221547992,5.619699228811373e-17
Timm17a,0.13857216545732448,5.637887334502892e-17
Lsp1,0.13836565635040488,6.318848474450137e-17
Psmb6,0.1382167329124393,6.862387751640558e-17
Creb3,0.1381207264684979,7.23468100020476e-17
Psmd4,0.1379708974407782,7.85979635237403e-17
Papss1,0.13779303075908503,8.665052669253274e-17
Mea1,0.13773442525350466,8.929162945896289e-17
Copb1,0.13769629855462695,9.112958452433853e-17
Rab23,0.13769024188516488,9.135667739379123e-17
Me2,0.1376185695597334,9.499636525821251e-17
Agap1,0.13749868953062983,1.0128736669594559e-16
Syf2,0.13739134029005995,1.0723906743271254e-16
Krt80,0.13737238903185936,1.0818472602199534e-16
Cmpk1,0.1372564348673022,1.1518695159972325e-16
1700025G04Rik,0.1372431439333403,1.1593900933370402e-16
Wdr1,0.13724055760599868,1.1600383863534283e-16
Kdelr3,0.13711170354272362,1.2450197745298452e-16
Psma7,0.1371028714395274,1.2500432353426244e-16
Creb3l2,0.13706025171987254,1.27691438692205e-16
Enpp2,0.13705128209575287,1.281862652995834e-16
Snx7,0.1369877585348249,1.326688535828103e-16
Ccdc74a,0.13687248158312398,1.4130212212572742e-16
Rab11fip5,0.1367768616977808,1.4885970502577723e-16
Copg1,0.136751359915303,1.5084543455720504e-16
Ehbp1l1,0.13666777044632025,1.5757767854934804e-16
Angptl7,0.13661398160716892,1.621967293427385e-16
Plin3,0.13658327709449702,1.6483173970479337e-16
Phtf2,0.1365537843705174,1.673968363241435e-16
Nova1,0.1364850981414223,1.7372410699166098e-16
Adprh,0.13634116399174814,1.8793581999947932e-16
Notch2,0.1363214807201619,1.8966096028740033e-16
Chrac1,0.1361961264986212,2.0289091657700263e-16
Ubxn6,0.13607796769829286,2.1617162983144e-16
Sv2c,0.13604900253534602,2.1945979248214932e-16
Reep5,0.13602517458776792,2.221679503081942e-16
Ndufa8,0.13582767320225564,2.4725058639626213e-16
Nudt18,0.13567250622169783,2.687990729709638e-16
Bzw1,0.1356163383984624,2.769819362472011e-16
Syne1,0.13560000743068978,2.7923766292072275e-16
Timm23,0.13553953557187026,2.8841418722696446e-16
Acyp1,0.13550685559884204,2.933814721334106e-16
Lamtor5,0.13549329529783188,2.9532007310431905e-16
Psmd6,0.13542888440800235,3.0567702699002934e-16
Mrpl14,0.13539027279118515,3.119501600715071e-16
Dync1h1,0.13533356386521705,3.21249519403718e-16
Cnih4,0.13526291551702696,3.3364017332300473e-16
Rab7,0.13510355170496377,3.6342553322227847e-16
Lbh,0.13505804507076596,3.7226673679316325e-16
Taldo1,0.13485211382290332,4.151858685191912e-16
Gm765,0.13483168454631414,4.1948753255089424e-16
Thbd,0.13481466537246126,4.226895860943098e-16
Smim12,0.13481022044114505,4.233600030826017e-16
Tmem65,0.13471228490765774,4.458418370396755e-16
Tpcn1,0.1346558478486353,4.593866493928721e-16
Ybx1,0.1346111238695241,4.703260475857713e-16
Hprt,0.1345260216655996,4.922277906293467e-16
Akap12,0.1345215233218668,4.930222998304649e-16
Kif2a,0.1344973220907068,4.991438788777327e-16
Ctbp1,0.13449137063037278,5.003456039549143e-16
Gm15417,0.1344376391580877,5.14763440357517e-16
Cd164,0.1344048186270334,5.236010878145159e-16
Pepd,0.1343883366546592,5.278766425729532e-16
Psmd2,0.1340836500993616,6.218711739660783e-16
Bcl7c,0.13401639502174298,6.439102346916186e-16
Mien1,0.1338846277679224,6.910156568425728e-16
Anxa6,0.13384752627863766,7.039717198638432e-16
Arl3,0.1338472817159986,7.039717198638432e-16
Cnih1,0.13377873689773914,7.299899321552217e-16
Mrpl18,0.13371288540505324,7.558531662233834e-16
Perp,0.13355101782004872,8.229604096650631e-16
Mcc,0.13320816716415335,9.894393101158863e-16
Eno1,0.13319079207797152,9.979272256510117e-16
Vdac2,0.13311667065900779,1.0368822306523903e-15
Ptpmt1,0.13304420616633314,1.0772594740498135e-15
Pdap1,0.13303529607883902,1.0815512339215589e-15
Ammecr1,0.1329775404696149,1.1138713554089497e-15
Ptgs2os2,0.1329659573194136,1.1199180362343843e-15
Eif4e2,0.13293379742344,1.1385309366887727e-15
Pon2,0.13279341483769608,1.2267813963083248e-15
Pxdn,0.13259247522145592,1.3631982823024072e-15
Thbs4,0.1325058609985951,1.425693067361728e-15
Ptges3l,0.1323653566500343,1.5334340801672362e-15
Arl4d,0.13233973430746362,1.5533585371872633e-15
Zfand6,0.1322945507094925,1.5901023112353267e-15
Mmadhc,0.1322777163555068,1.6031952528020517e-15
Rps6ka3,0.13217276748191292,1.6944112536954233e-15
Zeb1,0.1321162647215303,1.7449674462529477e-15
Dhrs1,0.1319162565847852,1.938567382059808e-15
Mxd4,0.1319097511001679,1.9437408991476067e-15
Cavin2,0.13181129099487723,2.0419807593020758e-15
Gtpbp8,0.13180546164889143,2.0466930560956694e-15
Trnp1,0.1317364723058897,2.1182654243293965e-15
Gabarapl2,0.13160394986899338,2.2713869675477124e-15
Gjb5,0.13147177156196976,2.4310668488522295e-15
Cfl2,0.13145937942796204,2.445189345749253e-15
Mfhas1,0.13143548312597897,2.47448498044953e-15
Fam53a,0.13137640090679778,2.5514034501086034e-15
Bicd2,0.13133844081633542,2.6013207052514515e-15
Dpp3,0.1313158644247356,2.6285243034757365e-15
Kank2,0.13127128361794776,2.689369382488151e-15
Dcaf10,0.13123923724993228,2.7333525208741293e-15
Irx3,0.13120286470608003,2.7844313438146295e-15
Slc25a1,0.13106288277881886,2.9966905885704843e-15
Gale,0.13102587198746055,3.053646474674056e-15
Tubb3,0.13097908704275393,3.127826382530566e-15
Epb41l3,0.13097413521343595,3.133564413901327e-15
Gng4,0.13086852857904577,3.311201355977448e-15
Atp5b,0.13085225631098044,3.337210679524061e-15
Utrn,0.13079379689219742,3.4366423974796787e-15
Ecm2,0.13071644676692296,3.577340045782994e-15
Tomm22,0.1306403625805787,3.721218189323582e-15
Tent5b,0.13055857439496707,3.882471180939236e-15
Prdx5,0.13050423287253704,3.986081086619786e-15
Trappc6b,0.1304214412102686,4.160833158527712e-15
Ddx39,0.13033567322734887,4.348318128744095e-15
Mob1a,0.13010832384029491,4.895664097669993e-15
Rab1b,0.13009663896663945,4.922011952418834e-15
Rassf5,0.13004425767963548,5.05164588782252e-15
Flna,0.12992486160213254,5.366357147664239e-15
Actr2,0.1297748694885983,5.797167303909783e-15
Smurf1,0.12973970564511192,5.90055981175793e-15
Kif13b,0.1295333489115942,6.5646048308411144e-15
Dlx3,0.1295089074796627,6.644044665517644e-15
Psmb3,0.12948715218491533,6.71498054515231e-15
Bud31,0.12933655681647727,7.260059503747407e-15
Piezo1,0.12930472259506698,7.376246047696406e-15
Thbs3,0.12915856504145815,7.9556478252835e-15
Pik3r2,0.12902858791995403,8.501121507249035e-15
Rbm42,0.12901940239200035,8.53538437524819e-15
Evi5l,0.12899166244153346,8.653145236868252e-15
Mob2,0.1289500470825884,8.836219569970114e-15
Cyfip1,0.12887280705228382,9.192227530294645e-15
Sfr1,0.1288480376203043,9.304498386868284e-15
Arntl,0.12882795644946612,9.387941628212274e-15
Chmp6,0.12880267172591706,9.505127216716947e-15
Slc4a8,0.12877658639808587,9.620403025684575e-15
Mrpl28,0.12870670749036053,9.961611118450005e-15
Mrgprf,0.12870437284161823,9.96610993503959e-15
Mob4,0.12843740132800222,1.1415249400870144e-14
Eif1,0.12841286144953834,1.1552870097913535e-14
Fibp,0.12839454948404772,1.1654381911247069e-14
Psmc6,0.12836065544650785,1.1843266943498133e-14
Ubxn4,0.12832479708232775,1.2056592302781966e-14
Actr10,0.12822454675706946,1.2671326414695933e-14
Casp3,0.1280932118175376,1.3543323751454858e-14
Tram1,0.12807482427347885,1.3652298434965075e-14
Vcp,0.12804156074583606,1.3879028389081354e-14
Mgst3,0.12791335337648066,1.4808781243268485e-14
Tmem107,0.12783451514143493,1.5401761894807564e-14
Bglap,0.12777142622543552,1.5889821106676533e-14
Psmb7,0.12775087144472455,1.604588995137505e-14
Chst7,0.1275458348470828,1.782377108335998e-14
Plat,0.12752434453591863,1.800890705600102e-14
Asap1,0.1274948907750393,1.8270797830720114e-14
Vps28,0.1274115724631784,1.9029696979476644e-14
Ube2l3,0.127350075140673,1.9627450128641535e-14
Rtn3,0.12733998871585517,1.9714949858803706e-14
Acta2,0.12724888740051657,2.062817661909588e-14
Il2rg,0.12724767453134267,2.062817661909588e-14
Slc16a3,0.12722173098445733,2.0889809430918055e-14
Moxd1,0.12720953241039967,2.100569149250724e-14
Gapdh,0.12715000725745212,2.1642539213014514e-14
Capzb,0.12703924661267893,2.2893126837665183e-14
Umps,0.12702745270714014,2.3015165824031577e-14
Sidt2,0.12696237138816954,2.3779650424998504e-14
Ccdc34,0.1269101139815095,2.4389944007029793e-14
Fam102b,0.1267546394952571,2.6355681944156677e-14
Utp3,0.12674601204815067,2.645295769813611e-14
P4ha2,0.12665636606112124,2.7675674873437117e-14
Fam189b,0.12662134900083255,2.815561608786475e-14
Swi5,0.1265807264852878,2.870493578980228e-14
Tmem128,0.12657276520581862,2.8800963176191646e-14
Dtnbp1,0.12648733890115274,3.006542706045471e-14
Efhd2,0.12632251577837067,3.2588104026450604e-14
Cfap36,0.12628333787988757,3.322232636786621e-14
Mpc2,0.1261606939908808,3.533713205228459e-14
Med30,0.12615954386517386,3.533713205228459e-14
Triobp,0.12601923276798402,3.7874320297225086e-14
H2afz,0.12596511651664646,3.8876247309342585e-14
Csnk1e,0.125898405900974,4.0190081086804753e-14
Fam89b,0.12580199252807195,4.211892068383982e-14
Nfs1,0.12579800546643208,4.2173851710287784e-14
Slc25a24,0.12572557090487868,4.3724278766500746e-14
Lamtor4,0.1255044897313835,4.888393645865489e-14
Col5a1,0.125489027407438,4.923331736526803e-14
Snx3,0.12543425982563228,5.058351770862398e-14
Aamdc,0.12536308682203193,5.2404046857031065e-14
Lamtor2,0.12530609289880998,5.3861659095701785e-14
Ttc1,0.12529408995602412,5.411215439892975e-14
Cdc42,0.12528537121378075,5.4312563550886344e-14
Sun1,0.1252396350661585,5.554516676698115e-14
Pgk1,0.12515522052311573,5.78864644168292e-14
Ahnak2,0.1249889804173661,6.287194317232827e-14
B9d2,0.1247547656757703,7.071161595935403e-14
Tbrg1,0.12470657707843899,7.234713505152122e-14
Mrpl51,0.12447694016606625,8.104348704587139e-14
Eif6,0.12411144718174663,9.730999466974399e-14
Tfg,0.12409960966070174,9.781983914004255e-14
Pxdc1,0.12407395726686675,9.901603392956785e-14
Use1,0.12403590942312247,1.0085147394716753e-13
Hspb1,0.12400561036986361,1.0232220561668287e-13
Amfr,0.12399948841000173,1.0256376440427027e-13
Fam114a1,0.12395924483620539,1.0457890842036041e-13
Aopep,0.12385919436171383,1.0971920041177216e-13
Gorasp2,0.12383987331925363,1.1070715550314956e-13
Borcs7,0.1237782778903843,1.140920229593443e-13
Hint1,0.12369338822220255,1.189560977562421e-13
Ap2m1,0.12364850182630856,1.2148360801259233e-13
Ube2j2,0.1235731753279937,1.260537858093807e-13
Cct6a,0.12354309889500419,1.2787127682879992e-13
Gatad1,0.12349495949904217,1.3079734454713475e-13
Psma2,0.12319705120761144,1.5152676135581154e-13
Chchd2,0.12314449209951164,1.55434597850933e-13
Mtmr6,0.12305522640831117,1.6237946978282908e-13
Mtfr1l,0.12304359803653005,1.6320672374425983e-13
Cgnl1,0.12303861903748729,1.6349667690143494e-13
Wipf1,0.12296093586948276,1.697757256753479e-13
Pex2,0.12295775102662765,1.69846282401861e-13
Tmem14c,0.12294928444631104,1.7044320431379461e-13
Fam111a,0.1229018773223951,1.7438345336567998e-13
Dync1i2,0.12289424280217208,1.7492384650610241e-13
Elfn1,0.12285675593788802,1.7808659026865734e-13
Dlc1,0.12284500481840004,1.7900387646615722e-13
Mrps18c,0.1228000279745718,1.8268168940407884e-13
Spop,0.12279982759205803,1.8268168940407884e-13
Ufc1,0.12278003781069977,1.8435646335040194e-13
Ppp2r5b,0.12275951826225545,1.8611375845272184e-13
Nme1,0.12268834339120578,1.9266767808489027e-13
2310011J03Rik,0.1226088263452284,2.001357955949126e-13
Npr1,0.12256562273181026,2.0432428850060168e-13
Aurkaip1,0.12254373347476621,2.0640868774484e-13
Gpr137b,0.12252383261299064,2.0830883741663377e-13
Fam174a,0.12251528512429019,2.0904779381770215e-13
Elk3,0.12247775135246813,2.1267469313765618e-13
Srp19,0.12246719374084636,2.1364155232858277e-13
Unc50,0.12245568206464086,2.147141707129568e-13
Cln5,0.12243709956579378,2.165485349813787e-13
Rbm8a,0.1224277496876884,2.1740298069655474e-13
Socs2,0.12236379338061422,2.2423657027569736e-13
Ndufa11,0.12221532540353466,2.411433696763899e-13
Csnk1g2,0.12215573089906932,2.481746703324898e-13
Sgta,0.12206584658768604,2.59075180592923e-13
2310039H08Rik,0.12193278025959332,2.7626364426315436e-13
Acbd5,0.12189911544659346,2.8069197503135604e-13
Ppp1r11,0.121895069577263,2.8105961213652283e-13
Mocs2,0.12188955430314398,2.8163162470801495e-13
Pdcl3,0.12188693022408216,2.8180327993168615e-13
Slc25a39,0.12187090123833075,2.838430982588974e-13
Kif13a,0.12178294464052768,2.95799247551734e-13
Adamtsl4,0.12177552604865685,2.9657982441805737e-13
Tsg101,0.12149169551332396,3.397106816689279e-13
Eif2s1,0.12145399600937246,3.458217280401268e-13
Cdon,0.12133254030408794,3.6655661774794886e-13
Emc9,0.12121196909588988,3.8860639057215155e-13
Cmklr1,0.12119882115282654,3.9085284407271133e-13
Tmbim4,0.12108932996201677,4.12096985872009e-13
Fam32a,0.12105815724768637,4.181481823727759e-13
Sf3b5,0.12101917380851415,4.2591062787500557e-13
Smim7,0.12100849019875771,4.278531821885749e-13
Jkamp,0.12098153503679109,4.3294610292196463e-13
Tmem126a,0.1209166076019884,4.4660528667294637e-13
Galk1,0.12077191317086369,4.783393668754922e-13
Samm50,0.12073210701898607,4.870677559199978e-13
Ppp1cb,0.1206838174302358,4.983429012299991e-13
Sec13,0.12064613623364967,5.072443007174974e-13
Pgam1,0.1206340844963219,5.098920367616555e-13
Adam15,0.12055418794382636,5.294283484348184e-13
Lasp1,0.12035233412416026,5.821432009907259e-13
Lypla1,0.12029911679169536,5.966089764366987e-13
Zfand2b,0.12024469806355924,6.117852892206875e-13
Rnft1,0.12019270695056464,6.266019617031458e-13
Tram2,0.12015372409786497,6.381537510211961e-13
Psmb1,0.12002165314771569,6.794912785362194e-13
mt-Cytb,0.11999233010569103,6.887667532445017e-13
Cops5,0.11984733991919864,7.384116935090371e-13
Ermp1,0.11967606059337968,8.011278701010043e-13
Dtx2,0.1196747977505223,8.011278701010043e-13
Homer2,0.11954244897645513,8.523612079628703e-13
4833415N18Rik,0.11952786809424529,8.57256756977434e-13
Eif1ax,0.11946084975341714,8.842886820310815e-13
Pir,0.11931733385619153,9.470607300812433e-13
Vti1b,0.11925285038599209,9.763182707893862e-13
Eif4a3,0.11923040531209302,9.862873927966456e-13
Tsc22d3,0.11919101797228744,1.0045206002437565e-12
Ubl3,0.11916651960379439,1.0157766656902662e-12
Inpp5a,0.11914454523579686,1.0259094277942578e-12
Ccdc3,0.11901797865380369,1.0881949159042257e-12
Sept7,0.11896799837499963,1.1139354684337494e-12
Ubr5,0.11880368238311595,1.2038565103108549e-12
Bad,0.11868049916307151,1.276321658890605e-12
Lmo1,0.11859156720091678,1.3301773571289872e-12
Sh3glb2,0.11856232534265798,1.347193292955493e-12
Mcrip1,0.11853610399200061,1.3633361212866583e-12
Tpi1,0.1184047423513864,1.4499371387769186e-12
Slc27a3,0.11831955185727104,1.507301364574356e-12
Mrpl58,0.11821685058662312,1.582099607725358e-12
Pycr2,0.11779961140294334,1.9253726703046767e-12
Rheb,0.11773205927951429,1.986986112559067e-12
Pef1,0.11772212977908338,1.993824060011117e-12
Suclg1,0.1177186444570978,1.995847856642511e-12
Isl1,0.11771483333090992,1.9981840566412528e-12
Scp2,0.11770130366943421,2.0097917459101257e-12
Bcat1,0.11767140145044827,2.0372646974424335e-12
Micu2,0.11765892911186823,2.0480664880430515e-12
Egln1,0.11758329958247032,2.1202993089752325e-12
Emc3,0.11745272481511683,2.2530352291666206e-12
Efcc1,0.11743576328429198,2.2697905557083715e-12
Wasf1,0.11735989996898455,2.351454255534499e-12
Tuba1a,0.11731127765376659,2.4047520826829693e-12
P4ha3,0.11725671642040979,2.466164905383347e-12
Adamts19,0.11706186185896227,2.6992989240522096e-12
Usp24,0.11697601614080572,2.809325076046846e-12
Ankrd40,0.11694105802687414,2.8524893867477456e-12
Lta4h,0.11693442982827339,2.8596186336965293e-12
Tspan5,0.11675549474519621,3.105767160544302e-12
Ercc1,0.11669914027579165,3.185380867516119e-12
Gpr1,0.116615896065611,3.306567950349773e-12
Tsn,0.11659183489425391,3.34215176710408e-12
Psmg3,0.11649439607929477,3.4968614984903693e-12
Plscr3,0.11639222957435225,3.666737056759524e-12
Pafah1b2,0.11639042232988425,3.667540815699812e-12
Psma1,0.11635421308328622,3.728155577806974e-12
Supt4a,0.11635287908697371,3.728155577806974e-12
Acp1,0.11634865277892395,3.733219207125016e-12
Rhoj,0.1162419893631416,3.922624918256597e-12
Gadd45gip1,0.11622367110294693,3.951545528072699e-12
Rapgef1,0.11616691523977664,4.055704609602182e-12
Chmp1a,0.11615477057200599,4.0763290548038346e-12
Tstd3,0.11613936466595239,4.103332327924464e-12
Ralb,0.11608365825870041,4.20670758047368e-12
Slc4a2,0.11604960364049204,4.269082265202518e-12
Cenpb,0.11601065966310614,4.3450226781381204e-12
AC149090.1,0.1160067400559175,4.350293792736135e-12
Manbal,0.11598730248028959,4.387365255523877e-12
Akap13,0.11596041464413424,4.4402203155450825e-12
Spsb3,0.11578474125755393,4.808845848976338e-12
Jag1,0.11574950048657434,4.885730063913387e-12
Ak6,0.11573382915856803,4.9186081887267815e-12
Lrrc59,0.1156452746682368,5.120113056213819e-12
Ncald,0.11551852974519297,5.418863199030726e-12
Sgms1,0.11550474193475607,5.45047076577544e-12
Commd3,0.11548645963439234,5.493770126905798e-12
Dynlt1f,0.11529606742761808,5.9963101495006014e-12
Snrnp48,0.115276888331762,6.046384463695805e-12
Car6,0.11524470177423435,6.133911262681844e-12
Grpel1,0.11523516181612041,6.157419755658831e-12
Hdac7,0.11517997382244186,6.3137546937990015e-12
Snrpb,0.11511980116455121,6.489009389799679e-12
Czib,0.11507146235676198,6.63244366696891e-12
Cdk16,0.11501487509879497,6.800839674379867e-12
Maf1,0.11498607995774066,6.888209509212604e-12
Sh3kbp1,0.1149578869228489,6.970870360965067e-12
H2-D1,0.11495601589515869,6.972228801722716e-12
Tmod2,0.1149179416559334,7.087916662639043e-12
mt-Nd4,0.11488636477368389,7.18818558567091e-12
Uba1,0.11487539065130874,7.2204750982754794e-12
Mrpl54,0.11484880098043705,7.305658800411758e-12
Cisd1,0.11479940297632563,7.470452157617352e-12
Yif1b,0.11479083355245892,7.495624682096043e-12
Arpc1b,0.1147003350925315,7.812036372103272e-12
Zfyve21,0.11465115060026076,7.98723429056599e-12
Timm13,0.1146360800550619,8.038284718358069e-12
Sptan1,0.11462715524748014,8.066664615575067e-12
Zmiz1,0.11462555003884076,8.067750451823112e-12
Stk16,0.11461429285244701,8.10498679107952e-12
Fzd6,0.11461194368573158,8.108876220789526e-12
Mrpl57,0.11460311712359851,8.137140138090348e-12
Pkd2,0.11453658892677683,8.386537372353783e-12
Edf1,0.11451785384422628,8.45442606922103e-12
Meg3,0.11445015900012043,8.712773007914452e-12
Uqcc3,0.11435073220156532,9.105975081484633e-12
Lamb1,0.11431981743223318,9.231369044631039e-12
Smim20,0.11427548109089279,9.416634608996021e-12
Srp14,0.11427092988624891,9.43074450714933e-12
D830050J10Rik,0.11425689236448054,9.486332414602001e-12
Eif4ebp1,0.11425056604092229,9.508338658494819e-12
Ppig,0.11422180048442523,9.62961452715484e-12
Mtpn,0.11415775177092731,9.906475143543054e-12
Dkk2,0.11397558469527216,1.0761137960338169e-11
Uba5,0.11395410549266426,1.0855042986779246e-11
Dst,0.11389945480680923,1.1118223382727777e-11
Tmx1,0.11385185111596975,1.1357614642245648e-11
Snx21,0.11384205895405422,1.140205202644772e-11
mt-Co3,0.11383590868525861,1.142750543920758e-11
Glul,0.1137472396604178,1.1895871286425965e-11
Sra1,0.11373403067759685,1.1961144294799236e-11
Etfb,0.1136428477600003,1.2465317262024787e-11
Golgb1,0.11362904464201576,1.2537073373322218e-11
Pop5,0.11350884793890081,1.3232159820075044e-11
Idh1,0.11346375807860257,1.3492483597925663e-11
Rnf187,0.1134254915928868,1.3723050940980242e-11
Krcc1,0.11337911394315502,1.4009441317535351e-11
Plod1,0.1133713224090197,1.405116904902531e-11
Pfdn6,0.11336329509707863,1.4094544660695854e-11
Chchd3,0.11330915051714693,1.4431217146521187e-11
Cdc42bpb,0.11329936004653864,1.4487440851661808e-11
Bak1,0.11317184548191567,1.5330493481830294e-11
Ppm1m,0.11306345733744186,1.6099527762551078e-11
Rab3il1,0.11304533479571652,1.6223750527569568e-11
Nrd1,0.11301216688733155,1.645189829381653e-11
Ankrd37,0.11296519982747474,1.6778713744594176e-11
Nras,0.11295894058901493,1.6816794794837783e-11
Clasp1,0.11294063372413221,1.6947889390763388e-11
Mrpl17,0.11291559039583957,1.7132564423691306e-11
Sh3gl1,0.11289354874142529,1.7295517274985216e-11
Ap2a2,0.11286497151793272,1.7512108658129496e-11
Vdac1,0.11284284904569851,1.7679255630780367e-11
Zbtb8os,0.11272136452821094,1.8670098191392572e-11
Krtdap,0.1127206031989192,1.8670098191392572e-11
Imp3,0.11270787714512999,1.876759812482291e-11
Hgs,0.11270292756645271,1.8798914959592727e-11
Slc39a13,0.11268456463308951,1.8934546965138125e-11
Mbnl1,0.11264339888538243,1.9281417654915436e-11
Pdzd11,0.11262375898780078,1.9443143897894397e-11
Mef2d,0.11261990149236077,1.9465912977641713e-11
Rsu1,0.11255336244204633,2.0020016950552864e-11
Naxd,0.11252434075708852,2.0271392080009488e-11
Tubb4b,0.11248401043732774,2.0622406836979735e-11
Rhoq,0.11230720648190584,2.2320531836490404e-11
Alg5,0.11219906175173176,2.3415412151454427e-11
Atp5g3,0.11216003640013596,2.381944777906785e-11
Vta1,0.11212202444128945,2.4219193085893654e-11
Slc25a3,0.11208554159701177,2.4608464517901357e-11
Gna14,0.11207130348863868,2.4753290474217515e-11
Znhit2,0.11206902140289621,2.476452710704979e-11
mt-Co2,0.11203115300152838,2.5178179845843936e-11
Kdelr2,0.11195785680151711,2.599718629531384e-11
Stub1,0.11191460651132935,2.6480105272974508e-11
Rabac1,0.11186301064739061,2.7073764592636498e-11
Commd6,0.11185453391037423,2.7162016731388746e-11
Rian,0.11169928376620047,2.908425792390461e-11
Smap1,0.11169803432731971,2.908425792390461e-11
Mrpl40,0.11168925048081291,2.918299215668108e-11
Tsku,0.11162393505803016,3.0003981880782056e-11
Insig2,0.11151742768567394,3.1461707986660534e-11
Tmem237,0.11149011764441975,3.18329530370048e-11
Ndufab1,0.11146377802069851,3.2194418754943406e-11
Fam162a,0.11142488615112822,3.27444477611437e-11
Plin2,0.1114063549278471,3.299986280206778e-11
Znhit1,0.11136406949074037,3.361466559919736e-11
Rdx,0.11134382189490043,3.390290694959659e-11
Ccn2,0.11134121568384323,3.3923286367135566e-11
Fh1,0.11129077922684172,3.4681838981758346e-11
Kmt2e,0.11121020885066221,3.594045905354165e-11
Hmg20b,0.1111046474309081,3.76640492648974e-11
Polr2e,0.11099313959107125,3.957394345584346e-11
Col6a2,0.11096377619148962,4.0075629350057946e-11
Nrbp1,0.11078620436388507,4.334469280844118e-11
Trak1,0.11077544520463628,4.352917785070229e-11
Cers2,0.11073980791649703,4.41787398868244e-11
Pkm,0.11059691942716321,4.7040334363714985e-11
Sarnp,0.1105771259373535,4.7431325991886626e-11
Rab5if,0.11056553814492451,4.76505035660277e-11
Exoc3,0.11050593258974906,4.890840874366976e-11
Eef1akmt1,0.11049309668206068,4.9156793461296286e-11
Ptpn22,0.1104920508990129,4.9156793461296286e-11
Mdh1,0.1104768376860677,4.946380271394344e-11
Dmac1,0.11045406061748385,4.9941017341209906e-11
Hoxc13,0.11043740577319289,5.0285179950358763e-11
Ppp1r12c,0.11036061955797738,5.200812846877316e-11
Sptbn1,0.11034633645123564,5.231089303269214e-11
Exosc4,0.1103362840425187,5.251624321258167e-11
Pbxip1,0.11015550336219782,5.688854069932039e-11
Micu1,0.110148897438745,5.6992580178705015e-11
Cox5a,0.11014886697139825,5.6992580178705015e-11
Tcp1,0.11013675013747821,5.726851772425874e-11
Rab5c,0.11003777828091844,5.977895541626046e-11
Med28,0.10996569324382967,6.169074328819119e-11
1110004F10Rik,0.10995703627014669,6.18937321384521e-11
Tmed10,0.10993558010662295,6.245149579814277e-11
Ngef,0.10989641467830753,6.344058793503455e-11
Srp9,0.10986118691260965,6.440461566896071e-11
Ndufb4,0.10981297300911977,6.568735344015066e-11
Rp2,0.1097892793154071,6.634447437621403e-11
Gm49035,0.10975088546749627,6.744635294828761e-11
Ttc9,0.10969335364052205,6.911842134472997e-11
Nfu1,0.10969313646026606,6.911842134472997e-11
Mrps12,0.10965072628946591,7.03121678942914e-11
Taf13,0.10962934492415222,7.090717476535381e-11
Trappc5,0.10962919446238978,7.090717476535381e-11
Med8,0.10958944460465966,7.212653248289225e-11
Smarca4,0.10949614453334136,7.512599629787558e-11
Tubg1,0.10949212359973251,7.521798632036115e-11
Rock2,0.10945025094176511,7.653926668349491e-11
Map2k2,0.10937342755869328,7.913979315731715e-11
Cap1,0.10933598207369198,8.041567095483613e-11
Ftl1,0.10932796045463021,8.065649084706642e-11
Myo1c,0.10932648529539124,8.066440877302279e-11
Dapk3,0.10915993540431888,8.672275120892799e-11
Mat2b,0.10902110265682087,9.209450104438615e-11
Yipf1,0.10901312356115529,9.231685069245448e-11
Gpi1,0.10884798097622218,9.911391971931677e-11
Tmem184a,0.10884484689480776,9.919602701437885e-11
Ccdc32,0.10883289925317169,9.96638248653746e-11
Fkbp2,0.10882800705306711,9.98235844622187e-11
1110065P20Rik,0.10866449002231238,1.0720200494990787e-10
Vsir,0.10865893581188817,1.0740477615892294e-10
Cop1,0.10860698595754105,1.0975860481771023e-10
Rab43,0.10860580498899382,1.0975860481771023e-10
Pde3a,0.10859800129445699,1.100748174602805e-10
Zfand3,0.10858723398357369,1.1053560921430438e-10
Nudcd2,0.10858272107408759,1.106941040607513e-10
Rab11a,0.10855503452406307,1.1198567571422426e-10
Caml,0.10849360047194892,1.1491824176782195e-10
Slu7,0.10845639711413455,1.1668030428902158e-10
Rad23b,0.10843340890648764,1.1779746965264114e-10
Mrps26,0.10813574734979439,1.3396684871581614e-10
Mff,0.10806671387836293,1.379184993239674e-10
Mrpl27,0.1080501655089229,1.3884327851054397e-10
Bcap31,0.10794919776578614,1.450200183456429e-10
Tln1,0.10788380265259158,1.4913468287897337e-10
Ctnnbip1,0.10773799245381266,1.5874447421045483e-10
Chrd,0.10772224747733161,1.597497647684192e-10
Nrm,0.10764629577013027,1.6485031273885592e-10
Ppp1r7,0.10758747688643211,1.690305030864275e-10
Nat8f1,0.10758082197955782,1.6942863631388213e-10
Msrb1,0.10756926177955323,1.7019029015919927e-10
Vwa1,0.10749796764617124,1.7535657104367883e-10
Kif1b,0.10745513300246752,1.785534499851364e-10
Sumo1,0.107412011261876,1.8180958392055701e-10
Trappc1,0.10741102763834452,1.8180958392055701e-10
Sf3b2,0.1073112672757878,1.8975018642890652e-10
Nelfe,0.10730530991771096,1.9013863655616276e-10
Hagh,0.10730107585906061,1.9028316055529715e-10
Ppp1r35,0.1072884828444728,1.912222652383429e-10
Hnrnpm,0.10723688642531355,1.954426587737364e-10
Snap23,0.10716624891902676,2.0130041612089004e-10
Abcf1,0.10713947038310735,2.0353928437227197e-10
Capza1,0.10713503671865357,2.0382107965003622e-10
H3f3a,0.10708265608378907,2.0838394912378117e-10
Dazap2,0.10704955266126692,2.1127729527425449e-10
Psmd10,0.10700836686368745,2.149600760478593e-10
Spryd3,0.10697595014781341,2.1787800904810589e-10
Fbxo17,0.10694697770593117,2.2050615462684268e-10
Dnajc4,0.1069398357562092,2.2106970066392527e-10
Reep1,0.10692680244421195,2.2219974390436523e-10
Angptl1,0.10685891790238196,2.2856890581599403e-10
Pdcd10,0.10683065633326226,2.312522076866836e-10
R3hcc1,0.10676539385880836,2.37606043370597e-10
Txnip,0.1066698404302361,2.4747195024972896e-10
Pqlc3,0.10666771253780533,2.4756726653601197e-10
Ccdc6,0.10666075516032544,2.481788782023464e-10
Hnrnpul1,0.10661033623268311,2.534962546920592e-10
Chst1,0.10658745358682381,2.557359939505475e-10
Ccdc68,0.10658584187903072,2.5577778976548716e-10
Fbxw2,0.10657922957087793,2.5637135053105655e-10
Wwp1,0.1065366396607806,2.6097903094660505e-10
Ift27,0.10650229093213048,2.647268840101221e-10
Got1,0.10649725180782792,2.6516122617430884e-10
Kera,0.10645642452525317,2.6957599003827136e-10
Ndufb8,0.10640210130128833,2.758039728015301e-10
Cbr3,0.10629751686231248,2.883338656913159e-10
Entr1,0.10627751423057578,2.9066870454145776e-10
Cgref1,0.10609155244088565,3.141558518841725e-10
Ppa2,0.10606930928784795,3.169993832233503e-10
Metap2,0.1059767641652273,3.2965090779349806e-10
Ptpra,0.10596658161378925,3.3091764203312626e-10
Slco2a1,0.10594814449621488,3.333656457019385e-10
Sypl,0.10594455980927024,3.337022661602141e-10
Mrpl24,0.1058889435656624,3.4138452214192623e-10
Mrps23,0.10588027139152313,3.424741391953286e-10
Gmpr2,0.10579857917621124,3.5446918220970215e-10
Phax,0.1057369164459723,3.637475718032417e-10
Rars,0.1055887448823813,3.871061702165185e-10
Psmd1,0.10557623506919767,3.8897476793672054e-10
Gm17018,0.10556904741357234,3.899655714801834e-10
Tmem198b,0.10556708997005562,3.9008732724214447e-10
Cyld,0.1055572546581137,3.9152315526718637e-10
Praf2,0.10548842884078359,4.0297738891313875e-10
C1qtnf1,0.10546251614143623,4.0724157582838795e-10
Rab12,0.10545721296377553,4.0795027755581806e-10
Il11,0.10530733935536346,4.3439229916188416e-10
Hectd1,0.1052123621205218,4.516009389633515e-10
Far2,0.1051661408899602,4.60085755655033e-10
Tnpo1,0.10516378649966279,4.603071280973981e-10
Cask,0.10516020932893697,4.6076817637503013e-10
Mrpl42,0.10515283591042791,4.6193151911788986e-10
Prdx2,0.10511016799455257,4.699404554462224e-10
Cebpzos,0.1050953285643868,4.726676388161186e-10
Htr2a,0.10503792885195708,4.838311920499963e-10
Ttll7,0.10503453968536225,4.842771828778897e-10
Psma3,0.10502643916154776,4.856942957574392e-10
Immp1l,0.10500521279376861,4.898374276754931e-10
Gemin7,0.10490486622393363,5.108715110771104e-10
Iqgap2,0.10490368293928921,5.108715110771104e-10
Tmtc2,0.10486210188186533,5.196898975349769e-10
Epn2,0.1048590735042245,5.200889894860441e-10
Atp5d,0.10477482167797268,5.384364428000817e-10
Pafah1b1,0.10475367259194242,5.430011442652025e-10
Gtf3c6,0.10471864865329014,5.50829961052335e-10
March2,0.10468165466232406,5.592351236961777e-10
S100a16,0.10458313378296447,5.824340688472538e-10
Snx4,0.10453680097896657,5.933437112930762e-10
Rit1,0.10452747683353399,5.95380557398786e-10
Mrps14,0.1044614606728918,6.119045992501548e-10
Vasn,0.10443246525701891,6.191249900767594e-10
Dok1,0.10437963536680728,6.32761806139905e-10
Wdr26,0.10426116604750307,6.64160041395104e-10
Gm10369,0.1042466806868724,6.678856696657366e-10
Ube2a,0.1042088384795519,6.779306467031548e-10
Mvk,0.10420882862630908,6.779306467031548e-10
Flii,0.10418984192272966,6.830259076257095e-10
Atp2c1,0.10416936901555715,6.885895275780276e-10
Lamb2,0.10414917580699216,6.941157325556792e-10
Sgcg,0.10410985279548278,7.053425336893831e-10
Slc25a4,0.10407878078147,7.14262563845124e-10
Prkag1,0.1039766966551021,7.444595583295199e-10
Mvb12a,0.10392422219109831,7.60286556519313e-10
Brms1,0.10389177514130744,7.699384905738754e-10
Ccdc28b,0.10386108089057876,7.795323000553311e-10
Coa3,0.10377373099728977,8.082343454968144e-10
Dusp11,0.1037356624386329,8.204128872165492e-10
Ndufs8,0.10363809042221088,8.538025495900072e-10
Bloc1s2,0.10359721814767463,8.681091720868427e-10
Cycs,0.10356577249621897,8.787282458481726e-10
Spata6,0.10354494743590148,8.855285573610776e-10
Fryl,0.10353892178637163,8.873171325430451e-10
Tmx2,0.10343407554094824,9.266436003394285e-10
Thop1,0.10336717401121243,9.5244807712977e-10
Eapp,0.10335058186643721,9.585921647121642e-10
Dusp22,0.10323398278671467,1.0059227734542919e-09
Palm,0.10318107897507736,1.027860637653361e-09
Rbx1,0.10312066820510134,1.0535583258838852e-09
Fmnl1,0.10311270476415238,1.056530694791944e-09
Btbd11,0.10307043045524272,1.0747737757900826e-09
Ssr1,0.1030374179671839,1.0891136524190826e-09
Cdk5rap3,0.10302148122964129,1.0958181624829569e-09
Hsbp1,0.10299897826435934,1.1055825939020833e-09
Eif3a,0.10299422427366109,1.1072179296213162e-09
Plgrkt,0.1029731363619225,1.1164237738077361e-09
Stk19,0.10280552072519474,1.1958596143571345e-09
Ccdc50,0.10278126429536345,1.2073732396930565e-09
Sh2d4a,0.10272318497364916,1.2356270534145818e-09
Sec24c,0.10271745018349933,1.2379546938266865e-09
Nkx6-1,0.10263073883434691,1.2807744086828267e-09
Pgm2l1,0.10262805078833784,1.281564523453728e-09
Usf2,0.10259179326842659,1.3003425760967657e-09
Gde1,0.10252521930500852,1.334750054561341e-09
Scfd1,0.10252385742974827,1.3348394855947683e-09
Emc2,0.10250701879731379,1.343521805587349e-09
Ndufv2,0.10249190502648645,1.3512930206869311e-09
Snapin,0.10248232603434519,1.3559944192662379e-09
Atg5,0.1024773760725041,1.3581042713604434e-09
Eif4g1,0.10244487492114496,1.3758342054364916e-09
Glrx2,0.10244348805774177,1.3759420719207488e-09
Tradd,0.1024299474301411,1.3829957321156994e-09
1700123O20Rik,0.10239715332426416,1.4012130308834692e-09
Serinc1,0.10233234882925611,1.4357545352529307e-09
Ghitm,0.10220905870780922,1.509372672718297e-09
Tspan17,0.10216690220578237,1.5351407940658782e-09
Rragc,0.10214135271299138,1.5506649439692506e-09
Daglb,0.10211504705342644,1.5668316032049613e-09
Vps36,0.10207914860385339,1.589445171438001e-09
Zfp637,0.1020171285827382,1.6298504962852707e-09
Napa,0.10200364060254356,1.6381381803360436e-09
Nectin1,0.10198143193570301,1.652400078096862e-09
Mical2,0.10194773825611765,1.6746952205241242e-09
Golga2,0.1019342011241396,1.6832399989974282e-09
Rer1,0.10187665027420072,1.7227948252710231e-09
Pomp,0.10184578082043638,1.743986583072516e-09
Cuta,0.10182630098426802,1.7571718177601127e-09
Magt1,0.101819962472905,1.7601424792952899e-09
Cnot9,0.10181981615345925,1.7601424792952899e-09
Wnt11,0.10174241748425039,1.815344061354725e-09
B230118H07Rik,0.10173186539108488,1.8223502833738675e-09
Timm22,0.10168351966091087,1.857135335686466e-09
Orai3,0.10167081271630324,1.8659522571758543e-09
Tubb4a,0.10164788623147908,1.882704052454988e-09
Pofut1,0.10160053492504892,1.9187668782302915e-09
Trim29,0.10157868152957994,1.9351280253447795e-09
St6gal1,0.10145707391954117,2.03023979623573e-09
Esyt2,0.10143936631485677,2.044048653568963e-09
Mdh2,0.10138734083830965,2.0871204712675053e-09
Rabif,0.10138198216749518,2.090693913548328e-09
Hint2,0.10135255512935647,2.1140135073894973e-09
Tsen34,0.1012108429772256,2.237108818699648e-09
Rassf3,0.10113074098714285,2.3094120652813433e-09
Fopnl,0.10112308719286398,2.3155305719520325e-09
Sac3d1,0.10107900357599832,2.3565101064283156e-09
Eif5a,0.10107632255458054,2.3579521350625727e-09
Slc49a4,0.10105825563437852,2.373342652302408e-09
Pde4dip,0.10105323587898565,2.3768581057807313e-09
Lsm8,0.10089379714581417,2.534338818820686e-09
Atp6v0b,0.1008400255831884,2.5893038993360496e-09
Serpinb7,0.10080955114482343,2.619157131995273e-09
Smarcb1,0.10077805788133704,2.651725773162482e-09
Fam20b,0.10070974971977598,2.7252647030360333e-09
5031439G07Rik,0.10063552595741736,2.8075449118919827e-09
Mrpl32,0.1005994995330013,2.84764468096514e-09
Ppp6r1,0.10058130239387665,2.8660488175850596e-09
Trappc3,0.10048607474937975,2.9763582032062787e-09
Immt,0.10047341918319351,2.9902714456622677e-09
Dgcr6,0.10043293943009407,3.0384075260455845e-09
Maged2,0.10043057796497538,3.0398646541072616e-09
1110012L19Rik,0.10037261402131396,3.1107875189296505e-09
St6galnac6,0.10024101225102366,3.278280435995253e-09
Ankrd46,0.10021023221921554,3.3178603598917067e-09
Vps35,0.10013584349438966,3.4144983708372376e-09
U2af1l4,0.1001176682927316,3.438085163583449e-09
Manea,0.10001643985447668,3.5801950949187186e-09
Actr1a,0.10000295098619925,3.596351428427489e-09
Msi2,0.09996365432904775,3.65096079026375e-09
Apopt1,0.09996333475825413,3.65096079026375e-09
Fgfr1op2,0.0998264489640996,3.854954814809341e-09
mt-Nd1,0.09978591410422509,3.914841109185358e-09
Sin3b,0.09968039065728437,4.079307727674017e-09
Rnf170,0.09965107730205684,4.125851504176557e-09
Gipc1,0.0996205182720031,4.173027234314231e-09
Prorsd1,0.09949696235209293,4.381815400450309e-09
Rbm43,0.09946184753105049,4.4399759674975725e-09
Cotl1,0.09944210456899064,4.4732703452489185e-09
Commd4,0.09941811776208105,4.514508809229216e-09
Ubtd1,0.09935658064085993,4.6254305829826755e-09
Chmp2b,0.09933220796173817,4.66655350446388e-09
Ap1m1,0.09930892689197278,4.705970504174644e-09
Pfdn1,0.09927100524299681,4.7737070040464645e-09
Egln2,0.09923931619783989,4.8325690619175394e-09
Bet1l,0.09918262565830095,4.9391502606700256e-09
Tagln,0.0991792335700298,4.943549937161999e-09
Angptl2,0.09917730659938417,4.94504610801972e-09
Adgrf5,0.0991503890097355,4.995850560442755e-09
Mettl9,0.09914948799344762,4.995850560442755e-09
Nosip,0.09910503455110359,5.083337699373748e-09
Ralbp1,0.09910330064578006,5.084484132364509e-09
Cby1,0.09906232800562442,5.165859117352131e-09
Lrch3,0.0990611730681001,5.165859117352131e-09
Anapc5,0.09902835651323073,5.229724584154192e-09
Sdk1,0.09900571062248673,5.274919137314119e-09
Eif4h,0.09899056766335937,5.304529066215235e-09
Med7,0.09894363456985636,5.402641195594138e-09
Gm45187,0.09892958337764726,5.430576237413538e-09
Rps19bp1,0.09888952816146022,5.513179549415768e-09
Mtch1,0.09885641505953498,5.584095703916231e-09
Gchfr,0.09875585786044265,5.80504540954113e-09
Zbtb7c,0.09869841224123864,5.9342764996022775e-09
Eif3d,0.09867517860906545,5.986802999915555e-09
Rtraf,0.09860233896802802,6.160554886126039e-09
Dnpep,0.09858184900596274,6.2041338140713945e-09
Nectin3,0.09858117181793184,6.2041338140713945e-09
Nsmce1,0.09852744090313872,6.335574092505947e-09
Mbd3,0.09849640748786,6.405510409313189e-09
Diablo,0.09846696918198486,6.47267927263369e-09
Nat9,0.09846674127076369,6.47267927263369e-09
9530068E07Rik,0.09846344662474035,6.478179160784891e-09
Gpd2,0.09846143843975959,6.480362114162154e-09
Tmem159,0.0983718952974259,6.709432236143929e-09
Chmp4b,0.09834347698833043,6.779485849583306e-09
Vamp7,0.09832996060397838,6.812902021968737e-09
Rbbp8,0.0982455789474834,7.042204061736338e-09
Oip5os1,0.09817468374144603,7.2334428373178164e-09
Cct2,0.09817327389496583,7.234159127452592e-09
Suds3,0.0981671839699058,7.248342250729551e-09
Tspan15,0.0980865807172106,7.480673053973174e-09
Amacr,0.09808276399213653,7.488566494896548e-09
Katnb1,0.09802315645517666,7.664291882742027e-09
Cenpx,0.09799474180476224,7.747601687511803e-09
Ppm1a,0.09795659537677513,7.86207098358443e-09
Glrx3,0.09795441864680958,7.865242576458237e-09
Ppp2r5a,0.09794995727587515,7.875546852090002e-09
Tbc1d23,0.09789290896049631,8.048244995420884e-09
Ndufb6,0.09783523931525406,8.226654899023248e-09
Snapc5,0.09781755802309282,8.280654197481555e-09
Slc35a2,0.09780505943733621,8.317916841236698e-09
Pdlim7,0.09778337157434548,8.384964276093764e-09
Adamts15,0.09778246320577216,8.384964276093764e-09
Sdhaf4,0.09775373994888266,8.476934590005583e-09
Mfsd6,0.09774277646411154,8.50989103275693e-09
Des,0.09773455017187671,8.533728175406008e-09
Yipf3,0.09762850124531006,8.895082316507358e-09
Atp5g1,0.09760890870511858,8.960117977839e-09
Cct8,0.09755656226837073,9.143131320116485e-09
Psmd11,0.09753956877381464,9.200487328129586e-09
Dnajc21,0.09739027552677947,9.745325411996825e-09
Dpm2,0.0973111761463241,1.0049296926690523e-08
Plekha1,0.0972921418738687,1.012031187543445e-08
Bmp8a,0.09722843904357852,1.0372621480560152e-08
Prelid3b,0.09719039729011893,1.0524276615650879e-08
Dock8,0.0971825008503757,1.0552223431980855e-08
Mrpl35,0.09716289400108225,1.0627112449313452e-08
Lage3,0.09711128644636413,1.083714597179069e-08
Ndufs7,0.09708819530736895,1.0923702502485135e-08
Sugt1,0.0970846486516292,1.0931363523533451e-08
Cat,0.09705016053963016,1.107549491572197e-08
Ccdc88c,0.09703306483160143,1.1140037025168788e-08
Svbp,0.09702880300246502,1.1153265429557844e-08
Akt1s1,0.09702774066759058,1.1153265429557844e-08
Plekho1,0.09699293946443922,1.1301635764086535e-08
Ptrh1,0.09698714892708585,1.132224410346718e-08
Ywhah,0.09694334623885585,1.150821059120566e-08
Cdk2ap2,0.09693831099212703,1.1525772809038666e-08
Armc1,0.0969186260820594,1.1609909135619359e-08
Knop1,0.09686106835602094,1.1869651664108117e-08
Aga,0.09685285363866346,1.1902582723121533e-08
Zmat5,0.09673788101999883,1.2439902301296466e-08
Wdr83os,0.09672523136362493,1.2496056553662852e-08
Slc31a2,0.09669121585526658,1.265789730779236e-08
Rnf152,0.09665337305371921,1.284099538418741e-08
Sf3b6,0.0966408290754121,1.2898380169823369e-08
Txnl4a,0.09661328425886904,1.302641635446455e-08
Prcp,0.09652001304234345,1.3504141817863487e-08
Fitm2,0.09651347991057146,1.3532590003178239e-08
Tmem45a,0.09649025994500875,1.3649798855015197e-08
Exoc1,0.0964446355114888,1.3888988839332603e-08
Nmt2,0.09637785953782232,1.422391665326629e-08
Sept6,0.09637078436272077,1.4256866701019785e-08
Zfp91,0.0963601476207074,1.4309763695830812e-08
Smarce1,0.09632753538983035,1.448003448079944e-08
Elmo1,0.09630407774639643,1.4606585908483781e-08
Mdp1,0.09628083021485973,1.473300743514565e-08
Grk5,0.09620551851589373,1.5165038206058274e-08
Rrp7a,0.09616907072212293,1.5374992432990634e-08
Pdrg1,0.09609941602417417,1.5783505210567387e-08
Igsf9b,0.09607875118230473,1.590384218678136e-08
Vapa,0.0959842528531547,1.6480308205897075e-08
Kcmf1,0.09597052101929016,1.6557934618444944e-08
Atp5g2,0.09593736943918053,1.676515017116909e-08
Brox,0.09586799474376369,1.7215320277536478e-08
Selenos,0.09572295124167024,1.820363380905987e-08
Rnmt,0.09568990069512134,1.8413812173737093e-08
Hypk,0.09560737920500063,1.9003478762163857e-08
Uba2,0.09539547791316623,2.059003821161554e-08
Ranbp1,0.09538734854244031,2.0645681084357135e-08
Golga5,0.09534575064266332,2.095229309860985e-08
Rraga,0.09529040450419426,2.1385898318716364e-08
Lgals7,0.09524738109074068,2.1719944200505286e-08
Timm17b,0.0952468099257011,2.1719944200505286e-08
Rab13,0.09520655323215842,2.205009277204905e-08
Lsm6,0.09515485287276321,2.2474186027612536e-08
Eif3l,0.09511405703788166,2.2820218304572734e-08
Cryab,0.0950165217302888,2.3672716839415714e-08
Commd9,0.0950052165991332,2.376549574275183e-08
Blmh,0.09496555666247143,2.412030675467905e-08
Snx17,0.09490918313901545,2.4616490567089313e-08
Ostc,0.09487921698320798,2.4890755586540963e-08
Bnip3,0.09485626149744683,2.5089313625490184e-08
Ndufa4l2,0.09483386359178926,2.5295062039484658e-08
Dagla,0.09481297120183102,2.5487711510228415e-08
Mcu,0.09478142863562564,2.5787016772085573e-08
Mrpl46,0.09477242744482767,2.5844954894775717e-08
Fam92a,0.09477217500889829,2.5844954894775717e-08
Clstn1,0.09477217088976277,2.5844954894775717e-08
Gprc5b,0.09468452046585021,2.6705653429103238e-08
Imp4,0.09457820282956858,2.7792271711502873e-08
Tnfrsf12a,0.09456632821253047,2.7906834028515245e-08
Ndufaf3,0.0945402856365204,2.817432476448786e-08
Mrps16,0.09451575644810721,2.8427832202773385e-08
Sspn,0.0943609164659329,3.0149547444577855e-08
Bsg,0.0943570050401504,3.018153668216077e-08
Clba1,0.09434261748462548,3.032104431569984e-08
Tgfb1,0.09434182308083418,3.032104431569984e-08
0610009B22Rik,0.09434153048322709,3.032104431569984e-08
Thap7,0.09432657628552081,3.0481588660826414e-08
Crabp2,0.0942522183983965,3.1332581432833626e-08
Tex261,0.09424714806871584,3.137969660647132e-08
Mindy3,0.0942106781314476,3.1804811901333644e-08
Mrps34,0.09416911952606885,3.2272308279670584e-08
Tcta,0.09411393772615152,3.293022177453151e-08
Gapvd1,0.09409698371375826,3.312944655845835e-08
Cul5,0.0940652351279424,3.351830744599139e-08
Acad8,0.0940624044164658,3.3540002889170145e-08
Ric8a,0.09405339568357733,3.3640821169473435e-08
Cnn2,0.09403132298602361,3.390278600235425e-08
Arcn1,0.09403077270333325,3.390278600235425e-08
Spcs2,0.09396862678627173,3.468484347532075e-08
Epn1,0.09389593051058559,3.56271427125313e-08
Ndufv1,0.09385315608109347,3.6195922192982326e-08
Txndc9,0.09382444891415273,3.657741341295154e-08
Nans,0.09378242575912257,3.715032313570021e-08
Timp2,0.09374505317049785,3.766536035547232e-08
Mapkap1,0.0937204668379192,3.800238238867269e-08
Nat8f5,0.09369276875356666,3.838258829149366e-08
Dnajc14,0.09369198628921022,3.838258829149366e-08
Commd2,0.09363091629163756,3.9232046648228476e-08
Il1rl1,0.09360181133562487,3.963361467569054e-08
Sult2b1,0.09357556244782138,4.001296798051158e-08
Ccnc,0.09353101549024495,4.067698558579775e-08
Rtkn,0.09349370316243097,4.122090736186452e-08
Pfn2,0.09348346975116857,4.136333910969093e-08
Mrfap1,0.0934791739918264,4.1413010056106614e-08
Jup,0.09340563900126411,4.2527808201135815e-08
Gm15706,0.09339299749608074,4.2713552040761823e-08
Xpa,0.09338476332445435,4.2828600924112976e-08
Nfatc3,0.09329174363419158,4.434335585425822e-08
4930453N24Rik,0.09328608434169543,4.441940801550017e-08
Plet1,0.09321412495872194,4.560501002839349e-08
Emc6,0.09318554103091706,4.607702872541119e-08
Hdlbp,0.09308044066133993,4.788395078230684e-08
Kcnk12,0.09306315553456157,4.817669788854769e-08
Leprotl1,0.09303946187151964,4.8588455687470695e-08
3110040N11Rik,0.09301780108617747,4.896609513617232e-08
Eif5,0.09299902745988883,4.929292085933772e-08
Shf,0.09295539987536235,5.008872190775967e-08
Ccdc80,0.09294402266215723,5.028254619457491e-08
Nr1h2,0.09288596865067665,5.13721167466755e-08
Mettl23,0.09286577973091038,5.172020189807702e-08
Timm10b,0.0928090878057908,5.281294371559052e-08
Rnf2,0.09276361932198247,5.370103580007659e-08
Hmgcr,0.09274495666853545,5.403344459726e-08
Cops3,0.0927348843220071,5.4215504261001465e-08
Fnta,0.09272845634075344,5.432371088910006e-08
Pop7,0.09271067178435045,5.464187869229791e-08
Tpr,0.09269539569891744,5.493324755960396e-08
Phospho2,0.09262410930563342,5.637628114798363e-08
Dnal4,0.09261101650429429,5.663020497154764e-08
Syk,0.09259289657069948,5.699267148071424e-08
Fam173a,0.09249988789278578,5.894177655732285e-08
Smim10l1,0.09249674994383668,5.896161425205885e-08
Taf10,0.09249031397115239,5.907925073995456e-08
Krt10,0.09247293030839002,5.944054841856168e-08
Bin3,0.0924577088362743,5.97555554004806e-08
Lyrm9,0.092415982922892,6.06462545607662e-08
Rabl6,0.09238961196893916,6.122258844801581e-08
Borcs5,0.09235232088315123,6.205742509188685e-08
Zfpl1,0.09232653697051837,6.260682076190873e-08
Tdg,0.09230752777409766,6.300105996560554e-08
0610010K14Rik,0.09229011600167458,6.335986082376841e-08
St3gal2,0.09227555929414472,6.367922793893647e-08
Scn1b,0.0922346541887541,6.46068990410742e-08
Cers6,0.09223204566498377,6.464298246918703e-08
Aebp2,0.09219024164636146,6.563367463233676e-08
Atraid,0.09212896893581118,6.71254516757753e-08
Ube3c,0.0921236236359173,6.723158378424223e-08
Snx12,0.09208706322469017,6.809894359472172e-08
St7,0.09205003844636919,6.901781793680595e-08
Uqcrfs1,0.09202885422581418,6.95365995218301e-08
Fkbp8,0.09202687463402996,6.955906292503609e-08
Ptprs,0.09192832118966271,7.213281424805732e-08
Atp6v1e1,0.09188658609533512,7.32328706890911e-08
Hnrnpul2,0.09184005037500705,7.448222444146445e-08
Rpl36al,0.09177109150579055,7.638696966148906e-08
Ikbke,0.09174786480162345,7.701792724595312e-08
Nqo2,0.09173277196791645,7.741939947261907e-08
Zfp365,0.09170262527961598,7.825973531746715e-08
Tpst2,0.09169141209671677,7.85216072753906e-08
9130401M01Rik,0.09166886191417041,7.914978548875963e-08
Cox6a1,0.09165269641339113,7.95937860095574e-08
Nsf,0.09161195209196009,8.074100222161373e-08
As3mt,0.09156933346080524,8.199514550150577e-08
Ccdc90b,0.0915501265659981,8.254778404629882e-08
Zfp462,0.09149725551402914,8.407922290021122e-08
D630033O11Rik,0.09142960881449831,8.616659808226403e-08
Pop4,0.09140544396229985,8.686019610980414e-08
Sec61a1,0.09140505525929665,8.686019610980414e-08
Mrps15,0.09140285040245633,8.689543034669148e-08
Nsrp1,0.09138931778745293,8.726049179746496e-08
Zfhx3,0.09133746448822698,8.8916382794393e-08
Wdr60,0.09131319142882781,8.968236128170683e-08
Ccser2,0.09126540703764592,9.124532586125795e-08
Acaa1a,0.0912451989795,9.189245483168405e-08
Ass1,0.09122079323402178,9.264983374413745e-08
Pfdn4,0.09118195847704186,9.391304131513616e-08
Bola1,0.09113409398226893,9.551118134296912e-08
Sfn,0.09105822438732566,9.814557899844174e-08
Gm32219,0.0910441920074778,9.857475044224514e-08
Itga2,0.09104118222217572,9.864402105581266e-08
Synm,0.0909999343792811,1.0011647825210409e-07
Ntmt1,0.0909890932998296,1.0046551938016679e-07
Frmd6,0.09098828992710283,1.0046551938016679e-07
Ik,0.09097226174277732,1.0097897352752115e-07
Ndufs3,0.09096320139114988,1.0127575142207233e-07
Gss,0.09095267165257076,1.016284520870948e-07
Mrpl15,0.09094324928479919,1.0194071149259309e-07
Vapb,0.0909092207186154,1.0318588082175519e-07
Scx,0.09090465597306562,1.0331760960751928e-07
Gdpd5,0.09086534759238216,1.0478277067073043e-07
Eml6,0.09083768270919776,1.0581325574541384e-07
Tiprl,0.09082502181249837,1.0622152077722825e-07
Srgap1,0.0907799906648091,1.0795383219500145e-07
Eif3g,0.09077704370008645,1.0802714488418058e-07
Arhgap44,0.0907677561300902,1.0835314518499176e-07
Cyth2,0.09071348070046605,1.104943392671445e-07
Itga5,0.09060867251182302,1.1474264723948716e-07
Actn4,0.09060748757028496,1.1474611184870958e-07
Ghdc,0.09058791115917246,1.1552770119253187e-07
Dusp28,0.09052439057662837,1.1820685377753668e-07
Sar1a,0.0905143562337755,1.1859512856177448e-07
Mrpl12,0.09050186059980535,1.1904404584693755e-07
Pja2,0.09049097473361804,1.1942408595172766e-07
Gm15902,0.0904707889701969,1.2026348961455866e-07
mt-Co1,0.09042529955495937,1.2223799859232437e-07
Ift46,0.09039848430842085,1.2339618615872814e-07
Ppp6c,0.09039138575109291,1.2366786919536851e-07
Dlk1,0.09038654964144355,1.23837384491125e-07
Exosc3,0.09034217878627117,1.2581717721684147e-07
Mkrn1,0.0903306682767161,1.2629806489501266e-07
Rab5b,0.09029728979928449,1.2780042509058972e-07
Camk1,0.09024587587421262,1.3012445120728508e-07
Anapc15,0.09022960480730217,1.3079650702661871e-07
Stx12,0.09018788107093619,1.3275544952258483e-07
Plaa,0.09014260382269158,1.3486385314556516e-07
Gm43154,0.09012998803748615,1.3543301502671258e-07
Ing4,0.0900893019214015,1.374071306820785e-07
Dync1li2,0.09006947105470038,1.3835097169297578e-07
Dnlz,0.09000051811700598,1.4182269950390806e-07
Atp8b2,0.08998225453710097,1.4271425761510188e-07
Nkiras2,0.08992948787043471,1.453725495264647e-07
Tma7,0.0899029845394727,1.4672606266914123e-07
Rnf126,0.08979582769010727,1.5244867330633118e-07
Zfp867,0.0897840286215779,1.5304413017269834e-07
Efnb2,0.08973474808115844,1.5569101517560853e-07
Nkap,0.08972548311519565,1.5615465210037948e-07
Txn2,0.08957280101502704,1.6494045021042454e-07
Washc3,0.08956056026179558,1.6560972877190372e-07
Stxbp3,0.08954124609278503,1.667095395326797e-07
Ap2b1,0.08951162963202315,1.6837846670773917e-07
Mdm2,0.08950692999788921,1.6859893828615036e-07
Dbnl,0.0895015544554669,1.688611546766337e-07
Nsdhl,0.08943745907428514,1.72698904437313e-07
Rec114,0.08941169151380644,1.7425188524578847e-07
Frmd4b,0.08940986928745523,1.7429781929773332e-07
Phtf1,0.08938907108945914,1.7554804646166534e-07
Nsmce3,0.08934319899970336,1.7842173151489466e-07
Glo1,0.08932087820073463,1.7979981860373394e-07
Map4,0.08931509629908012,1.8005563711652575e-07
Hoxc10,0.08927872113252332,1.8235041979058794e-07
Tnks1bp1,0.08926754445665415,1.8301766574958338e-07
Naa20,0.08919406982787262,1.8780331883342393e-07
Ube2b,0.08918661036802614,1.8816200854581225e-07
Cdc40,0.08918489309501224,1.8820451323357705e-07
Abhd8,0.0891830127291611,1.882581664068508e-07
Gtf2f1,0.08916611258091149,1.8933817128619076e-07
Mrgbp,0.08915119815142335,1.902874378192784e-07
Ap1s1,0.08913963793284478,1.910094286779054e-07
Car5b,0.08912250840216775,1.9212069339639218e-07
Klhl9,0.08906074939589859,1.963812969506333e-07
Rnf14,0.08899704110190616,2.0079558680776196e-07
Mycbp,0.08898363650159007,2.0169049243273766e-07
Ten1,0.08894893604768117,2.041528951165517e-07
Hook3,0.08887676260221614,2.0945714913586504e-07
Gm14055,0.08887281500941598,2.096730282170674e-07
Cyth1,0.08886888408515758,2.0980531965881461e-07
Cmc2,0.08883073097071066,2.1254458509428157e-07
Ccdc59,0.08882802204128534,2.1266866911559512e-07
Dag1,0.0888263389252388,2.1271417245204838e-07
Gng5,0.08879371629174482,2.1506125910655397e-07
Mrps24,0.08875356539506185,2.1808517158326492e-07
Bmp3,0.08875278601384962,2.1808517158326492e-07
Dym,0.08872366210074417,2.2021210097893605e-07
Tsen15,0.08867969828805838,2.235501679944331e-07
Tlr4,0.08863292946952304,2.2725529273301507e-07
Cilp2,0.08853279449887598,2.3549442075041494e-07
Uxt,0.08850996428472804,2.3734134893470914e-07
Pgm2,0.08849432924238472,2.385848905801566e-07
Rrp1,0.0883791521395092,2.4836520548501653e-07
Stk25,0.08831664991209336,2.536981940529376e-07
Atp1b3,0.08826030603774569,2.587725494475802e-07
Mthfd2,0.0882488169688051,2.5966716884802963e-07
Dnajc2,0.08824849769729003,2.5966716884802963e-07
Ndfip2,0.08824527651512057,2.598657572953933e-07
Vps37b,0.08816215038493863,2.6740466636871594e-07
Jade1,0.0881357580534643,2.6983726243670664e-07
Car8,0.08811534766671955,2.7128750165472865e-07
Psmb2,0.08806251435129187,2.763548695099482e-07
Atp6v0c,0.08804584745459942,2.778985846311247e-07
Wdr83,0.08802219717414485,2.8014896268860896e-07
Fez2,0.08796367819884122,2.8595656921737046e-07
Myo9b,0.08792235170660677,2.899826905541894e-07
Drg2,0.08788441748793206,2.936468964446653e-07
Cct7,0.08788391647473968,2.936468964446653e-07
Mrps36,0.08783747330811911,2.9843712137588374e-07
Otub1,0.08779420718850149,3.0287251941402747e-07
Papola,0.08779153294667638,3.0301445021013236e-07
C1galt1c1,0.08777952201767923,3.041970399214505e-07
Glis2,0.08777676205926609,3.043789444988124e-07
Cetn3,0.0877543334591725,3.067031775510347e-07
Tmem63b,0.08762198725510546,3.212541540027295e-07
Ccdc88a,0.08749551427882574,3.3590058002008143e-07
C1galt1,0.08748412295853024,3.3703081579965933e-07
Pak1ip1,0.08748389184191757,3.3703081579965933e-07
Thyn1,0.08746824690563548,3.3877869910713417e-07
Yars,0.08745979621813002,3.396663947569021e-07
Actl6a,0.08736645783073659,3.5083944253890716e-07
Dda1,0.08728333855543179,3.607805881928417e-07
Fam98c,0.08726736013110795,3.6269048698839474e-07
Ubap1,0.08724171533432441,3.658611608913884e-07
Rps27l,0.08721865851704337,3.6857922098219247e-07
Tpgs1,0.08718382152944129,3.730119088137048e-07
Slc41a2,0.08715010248007633,3.7734682586932717e-07
Nfic,0.08711885296384633,3.8139707263662634e-07
Sec11c,0.08711266553863457,3.819406220280912e-07
Tmc6,0.0870795538690174,3.8599953685205755e-07
Pip5k1c,0.08707954122305574,3.8599953685205755e-07
Ube2i,0.08700940800950172,3.955390211178496e-07
Frg1,0.08700753635739748,3.9564966718987147e-07
Sbds,0.08698069633030958,3.991151302895299e-07
Hmgb3,0.08696712854174031,4.005743856580208e-07
Faf1,0.08684979448397236,4.1735576295465384e-07
1810037I17Rik,0.0867643577757273,4.297931676845054e-07
Mfsd1,0.08675031361293829,4.3176139958056924e-07
Cyb561d2,0.08674361196412694,4.3261767013777423e-07
Chmp1b,0.08661879600536394,4.515405387883056e-07
Ddb1,0.08656445260384123,4.600807878597894e-07
Mark3,0.08655260961573064,4.6182547582993924e-07
1700021F05Rik,0.08652800185355213,4.6566155794461187e-07
Cyb5r4,0.08645339138365984,4.778498350720728e-07
Gpr35,0.0864302772661967,4.813794513648548e-07
Dpy30,0.08639632468198888,4.869673235892966e-07
Commd7,0.08634546112973215,4.955493867364604e-07
Thumpd3,0.08633919645378998,4.964516554287683e-07
Slc25a46,0.08630726991425598,5.01851970155291e-07
Hdac2,0.08629017089655787,5.044880876306403e-07
5033421B08Rik,0.08618448626549274,5.227295212018317e-07
Nt5m,0.08617598324862041,5.240904215716645e-07
Eif3c,0.08614695828940235,5.29243417158919e-07
Itfg1,0.08599423922148652,5.580695233561274e-07
Tomm7,0.08597161574714843,5.622863156014217e-07
Sae1,0.08595017989327787,5.662989699725371e-07
Lrrc42,0.08594773247299815,5.665697734721499e-07
Schip1,0.08593692821850235,5.684975211521576e-07
Cox17,0.08593524869356875,5.686169655181854e-07
Dnajc17,0.08592222664791416,5.709697895924146e-07
Tsnax,0.0858519415112778,5.845142581755089e-07
Gnl3l,0.08580682677711036,5.935618932483566e-07
Ndufs5,0.08577479640349457,5.99974989974951e-07
Rab1a,0.0857627293875,6.020790088551698e-07
Trappc13,0.08575510818109168,6.034539322688538e-07
Psph,0.08573735315672319,6.069715285997336e-07
Trim30d,0.08572638499458718,6.087453680166003e-07
Pdha1,0.0857037653637071,6.129663624721036e-07
Crabp1,0.08569969561020543,6.133767479044034e-07
Rfxap,0.08568249150386849,6.168321630266914e-07
Emc8,0.08561143908511983,6.320419573226283e-07
Zc3h14,0.08560200370329232,6.338834033411237e-07
Ddx24,0.0855626922352755,6.423706915090261e-07
Scml4,0.08555517315973199,6.438121057618724e-07
Cttn,0.08552408552713839,6.505654931187841e-07
Fam207a,0.08551440775128129,6.525141457690749e-07
Lsm4,0.08551315322182093,6.525553278606564e-07
Gmfb,0.0854244149792384,6.727342032416696e-07
Narf,0.08539845192636907,6.785724640464124e-07
Agpat3,0.08535582605520994,6.88428540609071e-07
Smim13,0.0853380057119289,6.919246402882248e-07
Actg2,0.08529333735104018,7.024652739675352e-07
Wbp2,0.08524281318954516,7.143440797747083e-07
Atp5a1,0.08518917813815685,7.266602809640596e-07
Vps4a,0.08515758240844605,7.343809402339493e-07
Pnpla8,0.0851170053147223,7.44491069491179e-07
Tom1,0.08509567282092156,7.49728239001529e-07
Plekhf1,0.08508690987744678,7.517257172471525e-07
Hnrnph2,0.08506954796048455,7.558326031167029e-07
Chchd6,0.08506286484367827,7.57161676324513e-07
Rnaseh2c,0.08500568856487023,7.717053219609379e-07
Slc30a9,0.08500096357554485,7.726806853113775e-07
Atp6v1d,0.08499515731398564,7.739464386153901e-07
Zfp706,0.08496309715514407,7.822774876849639e-07
Orc6,0.08492846976281757,7.911042422619633e-07
Col5a2,0.08490905049721974,7.958384804778487e-07
Ccz1,0.08490301026926007,7.972055457239952e-07
Zmat2,0.0848607129539439,8.083316634236332e-07
Cnbp,0.08482403459098715,8.177200111945007e-07
Rbck1,0.08479778479128311,8.245484387052652e-07
Mrps18a,0.08477965147063639,8.294140843528189e-07
Bckdha,0.08475181564556476,8.37101803497243e-07
Ccdc97,0.08470751606213253,8.493512014088302e-07
2610507B11Rik,0.08467552673187577,8.584441395687867e-07
Strap,0.08466200748277997,8.620878697615894e-07
Ttc7,0.08461295352322028,8.755255063408175e-07
Vps51,0.08453693478478463,8.983876249537392e-07
Cmtm8,0.08442301546307951,9.332184920917707e-07
Adgre5,0.08441383502505806,9.358219054618636e-07
Cmas,0.08440951696734468,9.368674151435244e-07
Cant1,0.08435421212890222,9.54468455080009e-07
Acadm,0.08433493926125403,9.604481849124949e-07
Smu1,0.08431098242721427,9.680175923705864e-07
Cpsf2,0.08428915488814386,9.749327319544613e-07
Btf3,0.08428041391700213,9.775013666249306e-07
Mydgf,0.08426447943050594,9.824958078361063e-07
Wars,0.08425329472906778,9.859090368744185e-07
Rcan1,0.08420918698905573,1.0005544688770029e-06
Degs1,0.08419892083375537,1.0037125148433635e-06
Tmed9,0.08419433778725634,1.0047897959020084e-06
Dhx32,0.08419366054480858,1.0047897959020084e-06
Rab22a,0.0841559780942699,1.0170954995513645e-06
Smurf2,0.08414967439289149,1.0189215215281292e-06
Maco1,0.08410672154769452,1.0336314686574578e-06
Tars,0.08407162143156036,1.0453546859486198e-06
Zfp651,0.08402075402332226,1.0633051326782716e-06
Rhog,0.08401213157890969,1.0656768457543876e-06
Cndp2,0.08397964456649215,1.0771719165466503e-06
Trim2,0.08395898122720391,1.0844076285107184e-06
Fam214b,0.08377722934853785,1.152522238269146e-06
Arhgap17,0.08377233364073848,1.154028633423935e-06
Selenot,0.08375110719121488,1.1619849276201326e-06
Sec14l1,0.08373980145671603,1.1656250951963143e-06
Hist3h2a,0.0837272140670344,1.170210326021018e-06
Alg3,0.08372579107415039,1.1703543714003713e-06
Ppp1r13l,0.08372339233747861,1.1708876431769128e-06
Klf12,0.08369657379849402,1.1812033507753448e-06
Ltbp1,0.08367562756278389,1.188797879135436e-06
Snrnp25,0.08363751018029383,1.2038857157125546e-06
Sike1,0.08363329565848744,1.2051784138517137e-06
Tax1bp3,0.08359868990696434,1.218570601298566e-06
Idh3g,0.0835942202824279,1.219984607541199e-06
Nagk,0.08358387899488154,1.2238415873982611e-06
Il17rd,0.08356709034821126,1.2304046404218034e-06
Gtf2a2,0.08355394580489789,1.2354703148568053e-06
Arpin,0.08352838024780224,1.2458041724600421e-06
Rab8a,0.08344084278307763,1.2820187655018128e-06
Gm7361,0.0834145417966248,1.2930508096397739e-06
Zdhhc18,0.08340745568122283,1.2956986332713442e-06
H2-Ke6,0.08340230431713039,1.2974701672270361e-06
Rbms2,0.08340131334162479,1.2974701672270361e-06
Ino80e,0.08339485742896231,1.299382851251735e-06
Ccdc115,0.08337144853457816,1.3092740565110895e-06
Phf3,0.08336778432326031,1.310432609210457e-06
Necap2,0.08336261315121025,1.3122628870154565e-06
Stmn1,0.08329385048249684,1.3422554758974083e-06
Col22a1,0.08328753113479129,1.3442903658348902e-06
Uqcr11,0.08328726858684615,1.3442903658348902e-06
Saysd1,0.0831908812953653,1.3874134327992074e-06
Derl2,0.08315111584625566,1.405207817186788e-06
Capn5,0.08314174147107423,1.409168729120334e-06
Gabarap,0.08303817407727744,1.4573276682102999e-06
Sox13,0.08299826506875162,1.476566697229013e-06
Pdzd2,0.08292130673095208,1.5148956567599933e-06
Tmem17,0.08291449950470722,1.517838944535251e-06
Dcaf11,0.08289966095143812,1.5249145644806905e-06
Ndufa9,0.08287801986307339,1.535541549308901e-06
Ube2z,0.08285895113522451,1.5448992238689485e-06
Cldn3,0.08285354938712806,1.5471655921702016e-06
Cyp20a1,0.0828483534367252,1.5493277879517961e-06
Bod1,0.08278783690757895,1.579572110383266e-06
Rrbp1,0.08277924548409393,1.583588959334483e-06
Tusc3,0.08274708521724396,1.6002701736885936e-06
Dlg4,0.08272314980300635,1.6126487996343694e-06
Ppp5c,0.08267772353483031,1.6369172902845116e-06
Exosc9,0.08264232896296886,1.6559406186662213e-06
Otud6b,0.08263331173762373,1.6603824420043127e-06
Psmd5,0.08254099133366205,1.7121158663264775e-06
Tnpo3,0.08249402087789834,1.7381121759382412e-06
Lgr4,0.08244680581619428,1.7640098528398958e-06
Farp1,0.08243950291549447,1.767713678761172e-06
Cav2,0.08241947965123858,1.778373982516721e-06
Cdc42bpa,0.08238233572698242,1.8000356430926736e-06
Mrps10,0.08237839163579562,1.8017820068754655e-06
Fbh1,0.08236668876475782,1.8075909307213601e-06
Cmtm6,0.08236067056558187,1.8106036276156795e-06
Ube2n,0.08230227676680539,1.844440297454442e-06
Smad5,0.08229506436374913,1.8482519146198414e-06
Lipa,0.08228282453118588,1.855193205215169e-06
Nr1d1,0.08225390480770854,1.8719329284730214e-06
Zbtb22,0.08224815527496247,1.874881098268204e-06
Sdf2l1,0.08224114324996706,1.8786278897620742e-06
Cela1,0.08223675814892052,1.8807271551971086e-06
Ssr3,0.08223394840509031,1.8818360443404683e-06
Cdk2ap1,0.08222919479581262,1.8837890304219936e-06
Wdr54,0.08222875268799393,1.8837890304219936e-06
Slk,0.08213063769713325,1.945292797026466e-06
Cks2,0.08211256631789998,1.956396735592167e-06
Creld1,0.08210478199774882,1.9601202735584664e-06
Mlycd,0.08210275643750042,1.960760998643098e-06
Eif3b,0.08209358053936247,1.9660958868995475e-06
Bet1,0.08208109207470418,1.9736287443602924e-06
Actr1b,0.08207865461067404,1.974447334996043e-06
Barx2,0.08203840997019728,1.9991782636610104e-06
Faf2,0.081956863387894,2.0536412656027256e-06
Gm16006,0.08195455000877594,2.0545095138026633e-06
Stx2,0.08181405750396925,2.1500441804839446e-06
Il17rc,0.0817922442148423,2.164215286710779e-06
Reep4,0.08176385005809418,2.1840167127562495e-06
Rad23a,0.08175616653195382,2.1888487372879e-06
Abtb1,0.08171989344047569,2.2131261203837325e-06
Zdhhc7,0.0816955823138571,2.23032671697467e-06
Spink2,0.08167522582844183,2.244570790883487e-06
Rpl7l1,0.08167435564043878,2.244570790883487e-06
Slain2,0.08165384530090236,2.259149623625671e-06
Clic5,0.08162981738298537,2.274900140272524e-06
Rtf2,0.08161025307092284,2.28815514499651e-06
Nipsnap3b,0.08156462489118385,2.321502531479037e-06
C1d,0.08151464805687128,2.3587212466860422e-06
Acot7,0.08146501711668139,2.3970692671770603e-06
Papss2,0.08146377244521825,2.3972294187745264e-06
Dhrs4,0.08144749310581595,2.4085451988829956e-06
Nmi,0.08144466028103171,2.4099761832353662e-06
Gm35167,0.08141689952845241,2.431429019414768e-06
Cdc27,0.08130199067486407,2.523193217410052e-06
Eif2b1,0.08124054593531983,2.5723826831367506e-06
Faim,0.08119268346562754,2.611641024766714e-06
Brix1,0.08116774456777053,2.6314562134611633e-06
Tjp2,0.08114925596500747,2.6466798622484657e-06
Mrpl36,0.08111302654084353,2.6776420859752277e-06
Gpn2,0.08110974591589011,2.679624056561875e-06
Mlec,0.08107559671795805,2.708163560747955e-06
Sec24b,0.08102231357450819,2.7543402188479897e-06
Mrps7,0.08100158860713647,2.7722935992438768e-06
Naxe,0.08094522723924699,2.8233558185626077e-06
Llph,0.08093030251072526,2.8363122887639805e-06
Ndufv3,0.08092347657292559,2.8417278388755197e-06
Vbp1,0.08088843137803184,2.8727766917656395e-06
Acbd4,0.08087554577488111,2.8840132302347304e-06
Oga,0.08086154930625815,2.8963521131220424e-06
Psmb4,0.08081686191625737,2.9362828162917733e-06
Chd9,0.0807936194369482,2.9578277147149697e-06
Adrm1,0.08077784717715958,2.972207772155017e-06
D5Ertd579e,0.08070639115419675,3.0387557133565155e-06
Trim3,0.0806935327893449,3.0505903364422344e-06
Def6,0.08059643362092805,3.1484330522862178e-06
Nemf,0.0805840566277772,3.160178622142962e-06
Kazn,0.08053973414025728,3.2043149468282387e-06
Akr1e1,0.08053552046362152,3.20765573901644e-06
Dusp18,0.08053131853517975,3.2109877856820706e-06
B4gat1,0.08053009442556666,3.2111836072183386e-06
Jtb,0.08052405146158476,3.2164625571776356e-06
Fkbp10,0.08050230101198635,3.2350933621732094e-06
Stat6,0.08049569354586462,3.2410115516156448e-06
Sec22c,0.08048394248913474,3.2524234564461356e-06
Blvra,0.08045028467982923,3.286289523129065e-06
Srp68,0.0804185566331516,3.319522397087734e-06
Tfip11,0.08041668855037912,3.3204280573800074e-06
Gtf3a,0.08031837770337844,3.4267724366632348e-06
Wbp1,0.0803000882364905,3.445012771679345e-06
Zfyve16,0.08029817356200293,3.446004248073494e-06
Med19,0.08029343881629465,3.4501793335361192e-06
Arfip2,0.08027961832497883,3.464645683198483e-06
Denr,0.08024308505751235,3.50511737512751e-06
C430049B03Rik,0.08023544610528563,3.512696745716127e-06
Dtna,0.08021350796383633,3.53679107496691e-06
Derl1,0.08015933570974755,3.597541684660812e-06
Dstyk,0.0801546564663831,3.600611933307984e-06
Uqcrc2,0.08014093065480998,3.6143530027795202e-06
Ppp2r5d,0.08003777641238152,3.736893080152011e-06
Morf4l2,0.08001368978653713,3.7651033208112813e-06
Fam124a,0.07999191773301552,3.7906561296635914e-06
Atp10a,0.07998095508667091,3.802948866371194e-06
Samd9l,0.07991456454619797,3.884830679252813e-06
Nifk,0.07989944316118473,3.902700624432822e-06
Glod4,0.07985911885779233,3.951629402114548e-06
Ykt6,0.07985452728096763,3.954878244293714e-06
Phf10,0.0798095413560502,4.01186499550245e-06
Cyp3a13,0.07979723060256028,4.026613394855527e-06
Ube3b,0.07972616824794489,4.1193722396252235e-06
Rorb,0.07962274028060108,4.254425169536964e-06
Tspan2,0.0796053664881364,4.277054226902425e-06
Hbp1,0.07955365307719867,4.347978678664413e-06
Snw1,0.07953464642270353,4.373401652263893e-06
Pmp22,0.07952764801362242,4.3818703175309e-06
Arl6ip4,0.07946448852683266,4.4710203185802085e-06
Aip,0.07945530082833122,4.482849637731733e-06
Tmem19,0.07944662451212665,4.493964621365898e-06
Arl16,0.07942160499364925,4.529020723376726e-06
Ywhab,0.07938747642747661,4.576290439590085e-06
Arl2bp,0.07934251378987713,4.641827814822327e-06
Pigp,0.07933046555520265,4.658401658269612e-06
Pnkp,0.07923290424904204,4.806102135089202e-06
Mirg,0.07922180608811633,4.821758453462731e-06
Dnajc30,0.07920362195753977,4.848551289690796e-06
Polr2h,0.07915771494568812,4.919333082554353e-06
Cops7a,0.07912151065110058,4.975503543153064e-06
Bri3,0.07908927981622932,5.0258436436595255e-06
Rrm1,0.07908274992522614,5.034762420646276e-06
Sept8,0.0790027007554517,5.162964252804522e-06
Psip1,0.07898346109376657,5.193343134648735e-06
Gm42047,0.07894007886516792,5.26292107431259e-06
Rab24,0.07891816874364223,5.2966556496593855e-06
Ensa,0.0788855927568217,5.3507091687642716e-06
Ppp2r3c,0.07887345527160455,5.369863585369833e-06
Dvl1,0.07879303232537531,5.5087450286130085e-06
Rnpepl1,0.07877633303071765,5.534715169870806e-06
Ech1,0.0787657000468578,5.551817305041414e-06
Ldlrap1,0.07876097431300551,5.558409135226038e-06
2610001J05Rik,0.07875581819938944,5.56577860111108e-06
Gcsh,0.0787241868372165,5.620043353393309e-06
Tomm5,0.07871482182118016,5.632089664045223e-06
Hspb8,0.07868384763999249,5.686503098603996e-06
Robo1,0.07865769419539186,5.7325453130075675e-06
Pcmt1,0.07861255626816376,5.81232560043362e-06
Gspt1,0.07861072622053944,5.813814203808684e-06
Slc44a1,0.07858652165923234,5.857184815921273e-06
Asna1,0.07857673397689202,5.87365373921136e-06
Tcf25,0.07857153069426051,5.881516269143287e-06
Ufsp2,0.07855628709654963,5.9064245660094845e-06
Clcn4,0.07852777750062535,5.958673944737587e-06
Baiap2l1,0.07852013701047078,5.9713085133557655e-06
Lars,0.07850828479984981,5.9920492871080434e-06
Rela,0.07849115688431187,6.023029404238397e-06
Rdm1,0.07844229973085086,6.113966245944766e-06
Atg13,0.0783752404156755,6.244522552910088e-06
Slc35a5,0.07835093719060741,6.289102216677075e-06
Hint3,0.07834846507649425,6.290386641184211e-06
Napg,0.07833723273213637,6.3104854483757876e-06
Megf9,0.07830656033797558,6.370566017258813e-06
Dohh,0.07827625719675596,6.430437284312342e-06
Prex1,0.0782738728823529,6.433221957520119e-06
Park7,0.07826765702495833,6.443890979692172e-06
Ehd3,0.07825962999857522,6.458312662806106e-06
Kif1c,0.07825711711359205,6.4613758529893e-06
Mpv17l2,0.07823647476788903,6.499844203572806e-06
Tbk1,0.07822247090559811,6.526831065149939e-06
Lztr1,0.07818534024916311,6.60248272086241e-06
Trabd,0.07817168623813436,6.628344940950832e-06
Mrps31,0.07813640028974711,6.697594175963169e-06
Hspa4l,0.07811096627387626,6.747717213427776e-06
Drg1,0.07809831385483337,6.772774510107758e-06
Fam192a,0.07808536581642127,6.796338758845431e-06
Sigmar1,0.07807730041258526,6.81160503855254e-06
Golph3,0.07800579730158817,6.966271598575548e-06
Nsfl1c,0.07796719336179683,7.045508785137544e-06
Gcnt1,0.07796497441709486,7.048185415461751e-06
Leo1,0.07795461264065594,7.0691597754379e-06
Phf5a,0.07794310275819835,7.092785074457288e-06
Homer3,0.07791682509037412,7.149998242828745e-06
Chac2,0.07788987447498502,7.206847979323634e-06
Nrbf2,0.0777901735496138,7.429169035317003e-06
Tmem30b,0.07777971417099676,7.451463129075491e-06
Mtx1,0.07769072835168754,7.657446343197499e-06
Lxn,0.07768619879949647,7.66596537734972e-06
Dctn1,0.07762921495900428,7.79814255205306e-06
Lztfl1,0.07761874068919658,7.821536601387929e-06
Itpa,0.07761670456074297,7.824047095582459e-06
Cnnm4,0.0776052074692348,7.85006054333307e-06
Ptpn11,0.07749610576420903,8.123390450169546e-06
Sh2d6,0.07743695063447534,8.271482031881832e-06
Zdhhc20,0.07741589178302803,8.32404806131191e-06
Cyc1,0.07734185232534013,8.513887130961925e-06
Serp1,0.07734146278449283,8.513887130961925e-06
Csnk2b,0.0773287871759065,8.545277092646832e-06
Angptl6,0.07731797315612617,8.56896751421788e-06
Atf5,0.07729605909841446,8.625675603209644e-06
Tmub1,0.07727373820796897,8.683858759236856e-06
Cox20,0.07725256766703331,8.736424903550091e-06
Cnot6,0.07722405085098744,8.812531382930279e-06
C030006K11Rik,0.07719475192426155,8.88859905092783e-06
Tm9sf3,0.07719138261343891,8.895178415466675e-06
Tbx5,0.07715725921864963,8.982690671241771e-06
Glrb,0.07715362523445088,8.987587764685491e-06
Prrc1,0.0770868327269622,9.17239510069502e-06
Tnni2,0.07708295953799632,9.180635767640663e-06
Stx8,0.07707235225107996,9.208387505468954e-06
Zmat3,0.07703202397961374,9.323024374561667e-06
Aifm2,0.07702507356278022,9.340435440381566e-06
Cd3eap,0.07702083792724063,9.349888519389333e-06
Mrpl23,0.07700141331070387,9.404180762730984e-06
Banf1,0.07698117019685437,9.461210551768633e-06
Vps41,0.07697680949501433,9.471154489401179e-06
Abca7,0.07697012267781174,9.488046575748297e-06
Babam1,0.07694870508192493,9.549089594476694e-06
Vkorc1l1,0.07693191913520124,9.596529808022856e-06
Nif3l1,0.076918854300801,9.626756671771612e-06
Npdc1,0.07689371211401183,9.699999423236288e-06
Triap1,0.0768756293152505,9.749011394408e-06
Nudt16l1,0.07686522759837901,9.77778319076672e-06
Pigq,0.07683851706868461,9.856979848808684e-06
Tmem214,0.07682683631454856,9.890027464232547e-06
Mgat2,0.0768247387420309,9.893379374178592e-06
Rmnd5b,0.07682371039641502,9.89341242075979e-06
Cpn1,0.07675605041322461,1.0099225877849729e-05
Ggct,0.07675268184433902,1.0106674687289221e-05
Ndufa13,0.07674668900868613,1.0122456288323078e-05
Snx9,0.07674381216278742,1.0128361254213315e-05
Lsm10,0.0767234055970527,1.0186874587898451e-05
Endog,0.07670794508573002,1.0233101945719509e-05
Dcun1d1,0.07664116822755523,1.0439471479937343e-05
Lamb3,0.07663886697827195,1.0443673864086733e-05
Oaz1,0.07656505272106533,1.0680994557538186e-05
Med29,0.07653630219074677,1.077406625780237e-05
Esrra,0.07653483207607485,1.0775596199939825e-05
Pyroxd1,0.07652841361012747,1.0793818947648478e-05
Ptpre,0.07647230851145304,1.0974357552665442e-05
Pde6d,0.07646999457098454,1.097737616258072e-05
Slc6a12,0.07645569335417006,1.102099303891083e-05
Taf11,0.07644660588966164,1.104882649168394e-05
Snapc2,0.07640942850297837,1.117104405574217e-05
Tm2d1,0.07635645537458487,1.1339108472956336e-05
Tmem184b,0.07633817585228315,1.140036617715287e-05
Haus8,0.07632181045415158,1.1448927644188179e-05
Ebf2,0.07632151235857466,1.1448927644188179e-05
Mfge8,0.07631506160068227,1.1468365961351725e-05
Bcl7b,0.0762928044272484,1.154460510363629e-05
Cox6b1,0.07628919569364613,1.1553956462534883e-05
Ikbkb,0.07628491286003483,1.156574668529942e-05
Etfa,0.07624375708247352,1.1707695685794023e-05
Nod2,0.076225901134994,1.1769309601721246e-05
Slc37a4,0.07622466117382642,1.1770147952264034e-05
Fbxl20,0.07621290353962594,1.1809621171528031e-05
Sar1b,0.07620087260507315,1.185023037666829e-05
Nat8,0.07618222902544187,1.191173686340666e-05
Arhgap1,0.0761805054594408,1.1914285804527522e-05
Rnf6,0.07617952162324736,1.1914285804527522e-05
Ndufa10,0.0761747483360777,1.1928256677146177e-05
Ergic2,0.07616696849027588,1.1953428503715452e-05
Coa4,0.07610915476521694,1.2162818121153453e-05
Nomo1,0.0760751982049397,1.228811011880413e-05
Pusl1,0.07598086185381045,1.264977287562892e-05
Pdcd5,0.0759040065062877,1.2951191838551243e-05
Srsf9,0.07589643216388882,1.2977597167291968e-05
Mvp,0.07588994954238049,1.2999650500516685e-05
Isoc2b,0.07586235545114682,1.3107301433586144e-05
Slc39a6,0.07584706759752179,1.3165469861473963e-05
Gins2,0.07576775627505783,1.3484685296304223e-05
Rpp21,0.07576097655080814,1.3508806881063248e-05
Arhgap22,0.07568946135696379,1.3802647381182681e-05
Tmem259,0.07565603028311212,1.394181635097276e-05
Npas2,0.07553981632591032,1.4438283876386327e-05
Hars,0.07553782607108782,1.4442650678321172e-05
Tmem230,0.0755279274322385,1.4482356254619976e-05
Htra2,0.0755190177752949,1.4517731812783278e-05
Smad1,0.07551292603164354,1.4540531424862164e-05
Mrpl2,0.07551143792848175,1.4542676421761384e-05
Ano10,0.07550956261658795,1.4546562364714355e-05
Ddr1,0.07550133146412863,1.4579036449471094e-05
Tmem147,0.07549055126906677,1.4623084738710756e-05
Atp6v1g1,0.07545936586766361,1.4759932280199448e-05
Phactr2,0.07543775574200565,1.4849433448692945e-05
Adcy7,0.07540352211802782,1.4997736846467267e-05
Nek1,0.07539962329024878,1.5011109135629149e-05
Rdh14,0.07539406233727963,1.5032196879075618e-05
Zcchc17,0.07536522981745464,1.5152283911901708e-05
Fig4,0.0753372776408259,1.5278638808907707e-05
Adamts6,0.0753264138954413,1.5325108901778288e-05
Shc2,0.07530798426293014,1.5407583928324425e-05
Dlst,0.07523015125553725,1.5771482252774795e-05
Ankrd13a,0.07515004292184707,1.6154902119178083e-05
Me1,0.07513316267620336,1.6228884033788272e-05
Dhcr24,0.0751312689777771,1.6233302516045954e-05
Bpifc,0.07511407284166838,1.6304168358634547e-05
Polr3h,0.07509396430693985,1.6400140001392636e-05
Kcnk5,0.07505784239499262,1.6572855044096795e-05
Slc1a4,0.07502553348277835,1.6732892682497358e-05
Nudc,0.07501124041610717,1.680126693465223e-05
Mif4gd,0.07487099867066471,1.75232807518115e-05
Polr2j,0.07481671286145555,1.7811550133913887e-05
Lyz2,0.07481184111712419,1.7832631264123434e-05
Ywhaz,0.07477693503162845,1.801861064686858e-05
Cops4,0.07477575197174999,1.8019576673038526e-05
Bola3,0.0747689484384489,1.805156205719597e-05
Ifi35,0.07476414139411061,1.8072560218499793e-05
Fbxo28,0.07476156806088742,1.8081222399381126e-05
Ormdl2,0.0747418398389126,1.8179470450569326e-05
Tfdp2,0.07471497764260207,1.8318147693713735e-05
Ube2v1,0.07467226506706981,1.8550274468512043e-05
Zfp358,0.07467177061674016,1.8550274468512043e-05
Rwdd1,0.07466705674244005,1.85713047406534e-05
Uqcrb,0.07459781559203683,1.8960183807824943e-05
Apol9a,0.07455349805362854,1.9208871370416983e-05
Akt1,0.07454837320618922,1.9233025981560735e-05
Utp11,0.07452678996686923,1.9354144274682463e-05
Ubl4a,0.07447912625665525,1.9625463261866818e-05
Map4k5,0.07442632017913003,1.993162190421212e-05
Laptm4b,0.07437321588527417,2.025038952322393e-05
Mfsd9,0.07434959875173804,2.039024867806439e-05
Crnde,0.07433517100046447,2.047370293286002e-05
Srcin1,0.0743234500288183,2.054056113497892e-05
Ap5s1,0.07430924376337156,2.0616904351284875e-05
Vps35l,0.07430759370253104,2.0620945661236424e-05
Gtf2h5,0.07425033738077146,2.0970290402463413e-05
Ak3,0.07421193621914272,2.1203488822169937e-05
Uso1,0.07420431642720232,2.1246140771959207e-05
Igfbp5,0.07417766881543286,2.1405733451247046e-05
Abraxas2,0.07413512333209005,2.1670806811603445e-05
Ulbp1,0.07412775305622694,2.1712715746379576e-05
Fmc1,0.0740894600100518,2.1953086114567796e-05
Slc35e4,0.07406557347544115,2.2099245770757366e-05
Nudt2,0.07406175361242152,2.211812358862861e-05
Anapc4,0.07383284979006673,2.3662403598162034e-05
Cbwd1,0.07381214915932202,2.380372494639205e-05
Chst12,0.07378660086090039,2.3973677145979966e-05
Stim2,0.07378292244429584,2.3993054645993448e-05
Fbxw11,0.07376684353915598,2.4102586361117956e-05
Gtpbp4,0.07375917611848318,2.4151152309805108e-05
Yrdc,0.0737506026579362,2.42064367928958e-05
Cetn2,0.07373802088070251,2.4291232119255747e-05
Ago2,0.07372733509614039,2.43623598125128e-05
Rock1,0.07372204950537359,2.4393879816290862e-05
Mapk12,0.07370747074357711,2.4494067437328724e-05
Gm11747,0.07367091428153696,2.4758322012831126e-05
Nadk,0.07364950603281242,2.4911212952242333e-05
Scrn1,0.07364551166021199,2.4933699242282836e-05
Nae1,0.07361948960523094,2.511495671028025e-05
Ift52,0.07361341997461349,2.5153357493706053e-05
Fech,0.07353381012189047,2.5748584859683925e-05
Glt8d1,0.07348115515838669,2.6136408251379658e-05
Mrps35,0.07345435882198405,2.6340098229128453e-05
Tmem60,0.0734086107107997,2.6697055712283442e-05
Ubac1,0.07340322736301405,2.6732246105989857e-05
Samd14,0.07337047377404378,2.6980523529429927e-05
Amigo3,0.07332903170730502,2.729396145954585e-05
Mcrs1,0.07330847140319668,2.745479148581409e-05
Fbxl2,0.07329562777579225,2.755260482931582e-05
Hdac3,0.07327750879073112,2.7686252155419594e-05
Bloc1s3,0.07327110005356859,2.773123216663971e-05
C130050O18Rik,0.0732031978981343,2.827658889428852e-05
Rsph9,0.07315845741930749,2.8641306236557386e-05
Rtca,0.07314624700563346,2.873770287730419e-05
Htra4,0.073074545117988,2.9344111454155267e-05
Cnot11,0.07306312392947396,2.942875056392899e-05
Il1b,0.0730629232872992,2.942875056392899e-05
Lipo3,0.07304324015385975,2.959380726784204e-05
Uqcr10,0.07298355190930886,3.010906940218655e-05
2210408F21Rik,0.0728941979745642,3.09056653695338e-05
Rabepk,0.07287890736780397,3.103787289346152e-05
Fam193a,0.07283061617226812,3.146046113326012e-05
Ndufaf1,0.07281870625693226,3.154420968355623e-05
Mrps22,0.0728027909980827,3.1666017982684655e-05
F13a1,0.07277368557316517,3.193267628585982e-05
Arap1,0.07277266096646484,3.1932908698270545e-05
Dnase2a,0.0727683388298211,3.1964570351684936e-05
Slc35g1,0.07273181537838956,3.229266093367859e-05
Espl1,0.07272096669136312,3.238069274595959e-05
Slc20a1,0.07271561975892467,3.241303565869383e-05
Spa17,0.07270007331824277,3.255350854175676e-05
Tdrd3,0.07268529973695642,3.267807350744712e-05
Smpd2,0.0726182781762794,3.332703917540277e-05
Ppp2r3d,0.0726025164754987,3.3467186441521235e-05
Gm6277,0.07260156514496052,3.3467186441521235e-05
Stk38,0.07255995355405453,3.386022997221932e-05
Exph5,0.0725514683616162,3.393573068002367e-05
Exoc7,0.07254695997079938,3.396110931925942e-05
Daam2,0.07250665794090598,3.436037264392192e-05
Zfp688,0.07245328341603363,3.489940243854778e-05
Gpr153,0.07243655264707173,3.506288698261002e-05
Dolpp1,0.07242252805513505,3.5198804344497675e-05
Mad2l1bp,0.07241305925256046,3.52874587194185e-05
Atic,0.07236869734292678,3.574463393790024e-05
1110038F14Rik,0.07232980372259534,3.614878486943021e-05
Cct5,0.07230943358511546,3.635706697682241e-05
Hps1,0.07228746886365826,3.6583784091152587e-05
4930404H11Rik,0.07228186551894333,3.6633763940267816e-05
Ppil2,0.07227769992453907,3.666818085394104e-05
Cnot8,0.0722594511238935,3.6845250952032006e-05
Cdc14b,0.07221792804541785,3.729029373038886e-05
Srxn1,0.07221455509610296,3.7316541039325666e-05
Fhdc1,0.07213331423547759,3.816846769860808e-05
Atp9a,0.07211651588882713,3.833600487839212e-05
Mvd,0.07210835500226832,3.841733085367233e-05
Pigx,0.07210015522182939,3.849926570500661e-05
Cdk9,0.07208825617443433,3.862359426453419e-05
Eif3e,0.07208112945556283,3.869367341031969e-05
Gga1,0.07207235298426058,3.878278594726736e-05
Rab37,0.0720671945406423,3.8830544470067664e-05
Asgr2,0.07204257057432441,3.909117744653073e-05
Nap1l4,0.07203483375126517,3.9169133758693694e-05
Evi2a,0.07201425240799322,3.939645240368928e-05
Fbxo25,0.07196366028902004,3.99542419124479e-05
Hoxc9,0.0719557123684211,4.003633775050012e-05
Xrn2,0.07194968033763026,4.009591607145924e-05
Proser2,0.07194264261572834,4.0167501358920597e-05
Aar2,0.07187572014759826,4.0956366122958386e-05
Uhrf1bp1l,0.07187285370597672,4.0978980820062314e-05
Bloc1s4,0.0718598083835345,4.112484387899611e-05
Rmc1,0.07182372903459368,4.154015779989833e-05
Gpcpd1,0.07180454920581285,4.176333805554218e-05
Lactb2,0.07178932234242251,4.1926530821796645e-05
Heatr5a,0.07176354184129896,4.2233697897649326e-05
Cdr2,0.07175633022054151,4.2298718646550655e-05
Pttg1ip,0.07174564054526654,4.2419639506410475e-05
Pik3ca,0.07173837258548245,4.2498067315444694e-05
Pex16,0.07171929330387562,4.2724891478435674e-05
Tbc1d17,0.07168538329166228,4.311549111692687e-05
Aggf1,0.07161260915427428,4.402223606048986e-05
Zhx2,0.07158687617612453,4.434340655915508e-05
Slc35b1,0.07155460923542209,4.475259775633415e-05
Gps1,0.07154672177367541,4.484329118549519e-05
Riok1,0.07154478378642916,4.485574136359156e-05
Aptx,0.07153849707720829,4.491243780476825e-05
Selenon,0.07153625682866213,4.4928902547228666e-05
Sdhaf1,0.0715219276373371,4.5105154508645904e-05
Tbc1d20,0.07150721365723553,4.528717980298227e-05
Luc7l3,0.07149152665217698,4.5469663401344744e-05
Abi1,0.0714855412682836,4.553634038442053e-05
Cdc42se1,0.07146072928373669,4.5855642293357505e-05
Kctd2,0.07136192361900372,4.714821828928277e-05
Rcan2,0.07134743007168735,4.733504247811413e-05
Grsf1,0.07134136186010057,4.740547627526915e-05
Egln3,0.07132832801752141,4.7572938066813116e-05
Med31,0.07132170946779273,4.763757748601074e-05
Trnt1,0.07129802463936376,4.7955086114421906e-05
Usp5,0.07127763878574388,4.8217907870849254e-05
Cep19,0.07127736684695511,4.8217907870849254e-05
Sf3a3,0.07127619383064286,4.8220494538632446e-05
Eif2ak3,0.07126436840079448,4.8373603524727745e-05
Arpc3,0.07124354708657285,4.865502276525667e-05
Ppp1r16a,0.07122812692416111,4.886077892684255e-05
Wdr74,0.0712106922740243,4.909626921301521e-05
Arvcf,0.0712066731810382,4.913977457824907e-05
Zfp771,0.07119659959471303,4.9270434331437e-05
Sec61b,0.07117783941079463,4.949838349327419e-05
Dctpp1,0.07109643066849779,5.066007060618334e-05
Slc12a4,0.07104929420766687,5.129089013553885e-05
Polr2c,0.07104809227618485,5.129089013553885e-05
Mark2,0.07103893611810265,5.141324746878553e-05
Samd4b,0.07101187785452157,5.1805622965523334e-05
Ubl5,0.07095679617362434,5.2591784847283144e-05
Eogt,0.0709552672621543,5.2591784847283144e-05
Ifit2,0.07095412662392059,5.259414350095026e-05
Csk,0.07091497522882259,5.316678689092673e-05
Rhno1,0.07084439452441614,5.423915849744561e-05
Aup1,0.07079482120744059,5.500821482637653e-05
Cerk,0.07079401034402266,5.500821482637653e-05
Ube2r2,0.07077237601031432,5.530764289591312e-05
Usp18,0.07076968348100851,5.5335078344730346e-05
Smc6,0.0707243143676097,5.6037233687122705e-05
Cct3,0.07064622014425061,5.728943074896787e-05
Tln2,0.07061899423650782,5.7727215261781224e-05
Myo1b,0.07059835542372978,5.805718340733714e-05
Lax1,0.07056511060969979,5.856920365692811e-05
Arl1,0.07054644924936732,5.885318891377067e-05
Fer,0.0705254110243107,5.9196133125074604e-05
Ppcs,0.07047294359786033,6.008533633305097e-05
Rhob,0.07043449798917739,6.0722998795697894e-05
Maf,0.07042884127978641,6.0791228088997946e-05
Phf14,0.07042864495366295,6.0791228088997946e-05
Btbd19,0.07038888929229892,6.145930231485098e-05
Arfgap3,0.07038105979176791,6.158105565330661e-05
Eloa,0.07037854322965618,6.160832598743035e-05
Copa,0.07037490868740288,6.165553898222333e-05
Itch,0.07037369587674364,6.16596014478193e-05
Cox7a2,0.0703670666481548,6.176030873229019e-05
Hand2,0.07035785277264761,6.190741275590979e-05
Kcnn4,0.070341415284885,6.218454505277833e-05
Plaat1,0.07027780280161708,6.326587296435847e-05
Apol7a,0.070242994256811,6.388669696360627e-05
Ciao2a,0.07023890297839314,6.394401615652922e-05
Hes6,0.0702308574129588,6.405627963842545e-05
Tipin,0.07021666287778858,6.430093916882395e-05
Myg1,0.07020891948283951,6.442647307668341e-05
B9d1,0.07012080379165674,6.602812578600562e-05
Ptprm,0.0700683093604316,6.695826899831362e-05
Mex3c,0.06999665975293204,6.831479801652905e-05
Fbxw9,0.06998773502429276,6.847104218243451e-05
Stac2,0.06995169753439315,6.91257053257889e-05
Sumo2,0.06991686663716323,6.978184413390643e-05
Sf3b4,0.06989741551625644,7.013334561075123e-05
Zdhhc16,0.06989132240476698,7.023639688713687e-05
Trip10,0.06985585271430741,7.089557433003122e-05
Lrrc20,0.06984785866127462,7.101844083363781e-05
Wnt1,0.06980703862776562,7.181499769111016e-05
Bend6,0.06980001582356231,7.193960337034262e-05
Unc119b,0.06979736239336384,7.197412820367298e-05
Arf3,0.06977706185345371,7.233344401880042e-05
Atp5j,0.06977345025000707,7.238805679657352e-05
Dyrk2,0.0697464409407977,7.293044338111338e-05
Ptpn21,0.06971626066251722,7.354350814177178e-05
Tmem97,0.0696623381637141,7.464661215249494e-05
Lmbrd1,0.0696589487317943,7.469812957407792e-05
Dnttip1,0.06964676267175347,7.493822725937781e-05
Zfp638,0.06964104229834892,7.504001099476602e-05
Kpnb1,0.06962638914358696,7.533434615092851e-05
Psme4,0.06960517245274854,7.577198885004409e-05
Pmaip1,0.0696008325265362,7.584488509901363e-05
Prkcg,0.06958459468611532,7.617675616753253e-05
Lamtor3,0.06954380676643714,7.702753582797095e-05
Stac,0.06953123628065724,7.726583107540691e-05
Pradc1,0.06953104511629665,7.726583107540691e-05
Arfgap2,0.0694850417380034,7.820092234082182e-05
Trappc2,0.069473081113504,7.844667842057302e-05
Anapc16,0.0694629798421731,7.863677669025043e-05
Pdxdc1,0.06946265155856417,7.863677669025043e-05
Slc25a13,0.06945303354203591,7.883107813113774e-05
Gm10522,0.06939085275828656,8.016883078014709e-05
Rad21,0.06937936969063721,8.03940968515842e-05
Prpf40a,0.06935802449737205,8.086260795986188e-05
Cops8,0.06935292192442785,8.095780659420529e-05
1810058I24Rik,0.06932231584778578,8.160796718995164e-05
Mcur1,0.06931709889068417,8.169795164435289e-05
Cpne1,0.06929816456939861,8.209600073589952e-05
Arl4a,0.06929569410158824,8.212933715038565e-05
Tmed2,0.06928433187152272,8.237279474956041e-05
Cmip,0.06928071245487095,8.243486303896632e-05
Kidins220,0.069256926453201,8.297234524879742e-05
Ahcyl1,0.06922249186898971,8.374349818947305e-05
Pnkd,0.06921768127117159,8.383498226722552e-05
Crot,0.06920115260935167,8.41836207761657e-05
Casp8,0.06919697841535172,8.426030726674885e-05
E130309D02Rik,0.06918543928663198,8.451403395211724e-05
Polr2g,0.06918268753511891,8.455677715269759e-05
Snx1,0.06917504562476044,8.470129826974373e-05
Lnx1,0.06917473709898196,8.470129826974373e-05
Ifit1,0.06912519936909484,8.585571636451073e-05
Yipf5,0.06911998617693638,8.59592606469972e-05
Ttc39c,0.06901939283291571,8.842731089857712e-05
Ngrn,0.06899919284131723,8.886208288484403e-05
Clint1,0.06899224630586234,8.901285128037319e-05
Crcp,0.06899105470628011,8.901833332736855e-05
5033406O09Rik,0.06898480770215175,8.912701044756678e-05
Emc4,0.06896695681805669,8.953057384997742e-05
Nat8f4,0.06896694119994239,8.953057384997742e-05
Mak16,0.0689628285580413,8.961035587711386e-05
Smim8,0.06894412084897077,9.006236327684833e-05
Adh5,0.06894093596501694,9.011888069454501e-05
Josd2,0.06892450622479615,9.051483109676001e-05
Adra1b,0.06891640689435465,9.069793847089212e-05
Trim47,0.06890698401017047,9.091551299539609e-05
5730409E04Rik,0.06885508774478258,9.221183921518349e-05
2810408I11Rik,0.0688307623605275,9.28238956843593e-05
Macrod2,0.06881483776959325,9.321779469561267e-05
Shld2,0.06880539817170715,9.344155111228075e-05
Exoc2,0.06879507079606821,9.368936506495642e-05
Wdr62,0.06878010550514152,9.406121022536417e-05
Rnf166,0.06874126410708781,9.502228801678121e-05
Phkg2,0.06872979083365617,9.530497660769588e-05
Polr2d,0.06872655185093828,9.536610385898454e-05
Itga10,0.06872501643858035,9.538130399509864e-05
Uckl1,0.06870712405314947,9.58388286595487e-05
Tsfm,0.06870512076160933,9.586679029681205e-05
Gsta4,0.06870095626407327,9.595338484412588e-05
Wbp4,0.0686828783301283,9.641857460696022e-05
Yae1d1,0.06867762783514653,9.653527749233182e-05
Ube2s,0.06866761129877423,9.678240206307054e-05
Zbtb46,0.06861092076270987,9.826406376698801e-05
Prep,0.06860552636751346,9.83868938312916e-05
Rgs6,0.06858814547478022,9.884383054417623e-05
Ezh1,0.06858480318876217,9.891003617478088e-05
Mink1,0.06857026199900003,9.928966781781966e-05
Pkn3,0.06854993779269093,9.983346980629266e-05
Rell1,0.06853356595218313,0.00010024079802911581
Cdkn2aipnl,0.06853222039268357,0.00010025142064667357
Smarcal1,0.06852771800256573,0.00010035137850116796
Bckdk,0.06850327193131965,0.00010096284009385632
Gm35853,0.06850122312307151,0.00010099358757808261
Tuft1,0.06849811569119069,0.00010105451204516247
Gm43848,0.06848679255676998,0.00010134997731352249
Sema3a,0.06848205114050664,0.00010145784118834077
Aarsd1,0.06845586244117324,0.00010218165945521376
Snrpc,0.06843978603618003,0.00010261760237438606
Mapk8ip1,0.06843070926874734,0.00010284109595049424
Sec63,0.06843012782321473,0.00010284109595049424
Rilp,0.06841543023501527,0.00010323961043666021
Tmem70,0.06839565900435984,0.00010378777168372106
Ciao1,0.06833537331183201,0.00010553520963748059
Vasp,0.06833050653166153,0.00010565102812998885
AI427809,0.0682891825562858,0.00010682152360160172
Stoml1,0.06827474820727152,0.00010720402018727355
BC005537,0.06823677532935918,0.00010832481734789408
Hadhb,0.06816230895138904,0.00011046387161699858
Cog4,0.06815182798343826,0.00011075922651066034
Rab11b,0.06813178632874183,0.0001112630398142227
Eid2,0.06811704928941792,0.00011169371874050399
Stoml2,0.06810268068325322,0.00011211439423363623
Pmpca,0.06801686888836636,0.00011478166020907706
Rab3gap1,0.06799562064200837,0.00011541026139579732
Ctsd,0.06799543645526762,0.00011541026139579732
Scoc,0.06793314385140269,0.00011734517619263176
Asl,0.0679256941370892,0.00011752643008708491
Oaz2,0.0679243214288549,0.00011753978547096141
Sars,0.0679144087167671,0.00011780250712823353
Ier3ip1,0.06790776507625368,0.00011798976215445702
2210016F16Rik,0.06789149775612592,0.0001184958246871984
Pstpip1,0.0678567404142506,0.00011958841836942639
Ube2c,0.06785568618605356,0.00011959137884886988
Hsd17b11,0.06783096584393906,0.00012038096096371386
Cars,0.06783020995510657,0.00012038096096371386
Cib2,0.06777903239341942,0.0001220813608495289
Gask1b,0.06776922795178217,0.00012238303047365945
Mars,0.0677565284014923,0.00012276645024273243
Timm50,0.06775609269334418,0.00012276645024273243
Lzic,0.06775381866582805,0.00012281131353229273
Stt3a,0.0677481545582914,0.00012297251184357629
Cdk5,0.06773292211496029,0.00012344263434930112
Kifap3,0.06773175603190495,0.00012344263434930112
Them4,0.0677105386756182,0.00012410302503325937
Cmtm7,0.06767906129566281,0.00012516375925417537
Abtb2,0.06767567300602596,0.00012524839843201712
Gon4l,0.06764607856512665,0.00012621821314547988
Ski,0.06760114689940865,0.00012767124028294693
Grk2,0.06755586496821529,0.0001292567055092856
Atxn10,0.06755343963164577,0.00012930931296349516
Mtor,0.06752984053566206,0.00013009170112350155
Tamm41,0.06750596156083288,0.00013092385624316157
Timm8b,0.06749476096894026,0.00013129723918897912
Ubqln1,0.067460263066773,0.00013249193844541943
Rnf168,0.06745843812865529,0.0001325236890151211
Spg20,0.06745135193046693,0.00013274948271468833
Nxt1,0.06743074670139983,0.00013344054179759797
Spryd4,0.06742177764551069,0.0001337276644971737
Zmpste24,0.06742108761704421,0.0001337276644971737
Rrp36,0.06740782318532718,0.0001341855670373333
Gm17501,0.06739323053021164,0.0001346946441130174
Tsr3,0.06737174205173808,0.00013546472421409168
Fbln2,0.06736444811319567,0.0001357031171542485
Polr3gl,0.06735996909419192,0.000135835707702049
Csrp1,0.06734905839690856,0.00013617507403042872
1700061G19Rik,0.06732705888552779,0.00013697259769412357
Paip2,0.06732215382401809,0.00013712259152396072
Dld,0.06729134999952992,0.00013826265203301227
Dsel,0.06726893405746828,0.00013908782128693384
Lrrc8d,0.06719250453919685,0.00014198987129549064
Nubp2,0.06718551822462214,0.00014222702243233283
Tmf1,0.0671703889987721,0.0001427481795595252
Anxa11,0.06715335583554465,0.0001433848612601234
Nhlrc2,0.06714843461119441,0.00014354214621419752
Gng10,0.06707436572657088,0.00014647547528919922
Phka2,0.06702488728974919,0.00014841397751338384
Ufd1,0.06698889985430447,0.00014981745267841375
Fam20c,0.06698623955815786,0.00014988775768511105
Gm44040,0.06697527157845932,0.00015026268517660398
Ntan1,0.06696716705303384,0.00015055941069956188
Plekhg1,0.06696357608699514,0.00015065682437161
Gm38403,0.06696290276349212,0.00015065682437161
Keap1,0.06696124568101698,0.00015068579834269435
Pgrmc1,0.06695804890199977,0.00015076370003581926
A430005L14Rik,0.0669422877599682,0.0001513561573335306
Spc24,0.06692996992856462,0.00015183143734022537
Oxct1,0.06691983191423238,0.0001521762238591872
Vps26c,0.06688912899690518,0.00015343024005789275
Eif2s3x,0.06687111947022624,0.0001541534935286631
Lsm1,0.0668681601157704,0.0001542385328173479
Nup43,0.06685634880905311,0.0001547007842206205
Rpn2,0.066847010968271,0.00015505857452026976
Zfp524,0.06682385239758053,0.00015601035198600265
Rgs4,0.06679604777315197,0.00015710133620658857
Ywhag,0.06679568587968315,0.00015710133620658857
Cinp,0.06673122109581799,0.0001597885577275861
Tcaf1,0.06672723115475637,0.00015992192439534967
Ctxn1,0.06669945358853528,0.00016106407578541238
Lgals1,0.06666911238818488,0.00016237117683635198
Lyrm2,0.06666726945405994,0.0001624106658251002
Fam45a,0.06664094020067653,0.00016350453328136004
Lynx1,0.06658487510916877,0.00016586874908962028
Prpf31,0.06658486750996823,0.00016586874908962028
Golga1,0.06657613701977788,0.000166223256112106
Armc5,0.06657003024760942,0.0001664584919202037
Mrpl9,0.06655922353405826,0.00016690933838526157
Ngdn,0.06654401093072897,0.0001675639202399759
Csf2,0.06651583252452785,0.00016882065148984937
Camk2n2,0.06650087854749555,0.0001694703011774877
Plb1,0.06649954974633152,0.00016948755871983216
Gm37494,0.06647912393645769,0.00017035046812772294
Snx11,0.06646295317970939,0.00017106276954960355
Tmem50a,0.0664358750056747,0.0001722471360739774
Klrg2,0.06642721295258222,0.0001725660590269444
Inhbb,0.06637805379879254,0.00017486045801721488
Bccip,0.06637202405778873,0.00017510358769477007
Arfrp1,0.06631324081712621,0.00017771161996145627
Mtln,0.06630972303059458,0.00017783623353071002
Anapc11,0.0662777878823843,0.0001793499553285843
Efr3a,0.06626115383343409,0.00018012065530147888
Phb2,0.0662150003158056,0.00018236011191325577
Npc1,0.0661835379938323,0.00018383845134556937
Cdipt,0.06615014360702995,0.0001854259297771967
Klhdc2,0.06613186804047969,0.0001863047840016141
Capn1,0.06612615884056045,0.00018654664402169575
Sh2b1,0.06610904029596305,0.000187371351934111
Fsd1l,0.06610672266470471,0.00018744096984849566
Mrps17,0.06609272464012123,0.00018810919813086493
Tgds,0.06608108531194132,0.00018865825335103334
Zbtb45,0.06606538048790982,0.00018941874544192372
S100pbp,0.06605235761010382,0.0001900431053544176
Urod,0.06604051089572621,0.00019055861819354238
Anapc10,0.06595663877565175,0.0001948114614805101
Bcas2,0.06593815600736598,0.0001957433894859385
Dus1l,0.06591512410500872,0.0001969232059274592
Rxrb,0.06590364207301148,0.00019748811991736592
Serinc3,0.06586860973805775,0.00019922385140537215
Cdv3,0.06585407140611357,0.00019990918844987708
Sft2d3,0.06581032738411094,0.00020224813520105443
Cep170,0.06579827876670626,0.00020280606093959737
Mettl21a,0.06579029072497533,0.00020319396256712936
Snrnp40,0.06578915460487543,0.00020320395372162527
Cct4,0.06577651032875441,0.00020385026764390784
Zfand1,0.06576918723724573,0.0002042031889641125
Gnaz,0.06575427814665438,0.00020497854282948603
Ube2d3,0.06574704660880054,0.00020532821397268973
Wapl,0.06572199509281511,0.0002066223031166253
Faap24,0.06571800207047293,0.0002067927911983836
Glcci1,0.06568874176777104,0.00020833338337036518
Cdc123,0.06568659398825887,0.000208400867003643
Sptlc1,0.06567529328462329,0.0002089116345225839
Psrc1,0.06567527961249638,0.0002089116345225839
Mrpl55,0.06567470952960672,0.0002089116345225839
Glrx5,0.06566568256257503,0.0002093696295657811
Ptcd2,0.06564871831945837,0.0002102806917111229
Rad17,0.06564593800739081,0.0002103849019078387
Gripap1,0.06561502265491288,0.0002120459126718484
Dlx5,0.06555405145604573,0.0002154106564450523
1600012H06Rik,0.06551481284624415,0.00021765495117525717
Rab10,0.06550690931112689,0.00021806474575870294
BC005624,0.06549554984162287,0.00021867966995375322
Hibch,0.06544569467257155,0.00022153426560883138
Ccdc141,0.06540342382426201,0.00022402231945523206
Nr2c2ap,0.06539775771682721,0.000224307780646827
Mrpl21,0.06536537389159863,0.0002261621832333304
Mapk9,0.06535021239919785,0.00022703163236689405
Selenoh,0.06534416850110257,0.00022734391778870812
Mtf1,0.06533351082922642,0.00022788173196667746
AI413582,0.06532486104686774,0.0002283557177171437
Cep152,0.06531748998888616,0.00022875167772391236
Irf3,0.06531502948067865,0.00022884480934947938
Dcaf13,0.06526512390427142,0.00023188731008781153
Cryzl1,0.06522737108690853,0.00023413950937690718
Dars,0.06521194222685156,0.00023505485529848647
Lonp2,0.06518930672342736,0.0002363339255142436
Klhdc4,0.06518894514114762,0.0002363339255142436
Ephx4,0.0651858740854544,0.0002364688777078771
Mturn,0.06517114067854445,0.00023728752597670458
Crnkl1,0.0651369877029273,0.00023941850359914568
Cbr4,0.06511103667662609,0.00024097323240996463
Ide,0.06502301668422722,0.0002465564420722813
Cep89,0.06495997134944131,0.00025063992917857873
Ehd4,0.06494578835731911,0.0002515319460958897
Wwox,0.06494215910299399,0.00025164843973257385
Map2k1,0.06492775298646533,0.0002524944527221374
Apol9b,0.06492570795723325,0.00025256856307793004
Recql,0.06488279823422821,0.00025542826394577017
Stk32c,0.06487425911298715,0.00025594864019663066
U2surp,0.06487013202596918,0.00025616672011519474
mt-Nd2,0.06482551963662612,0.0002591831335340077
Lcmt1,0.06480948955992685,0.0002602178914926034
0610010F05Rik,0.06480874902977823,0.0002602178914926034
Fbxo6,0.06479918255662119,0.00026081927203096527
R74862,0.06472527673324573,0.00026582946852095373
Rmi1,0.0647233987226312,0.00026589537993165785
Map1a,0.06471538600674223,0.0002663983491207613
Golt1b,0.06470895741557649,0.0002667891055279075
BC034090,0.06461686496566792,0.0002732323900205079
Pbdc1,0.06460927468642864,0.0002737175424729607
Nde1,0.06458781636796714,0.0002752213387272568
Dalrd3,0.06458603271318679,0.00027528251381607005
Mrpl45,0.06457863185164003,0.0002757571637055702
Tarbp2,0.06455442602120604,0.0002774225603245651
Ttc23,0.06455418276179821,0.0002774225603245651
Itgav,0.06451285828627142,0.00028021502007158036
Rufy2,0.06450927521631701,0.00028035214646361016
Arhgdig,0.06450274768093293,0.00028075830520471234
Lats2,0.06444575715364763,0.0002848417389989082
Ankmy2,0.06444436326770543,0.0002848754331139495
Dsc2,0.0644330927994209,0.0002856602513710008
Ccdc9b,0.06441707597844887,0.00028673708073775233
Sav1,0.06438393332338943,0.0002891338818614125
Nit1,0.06436960415737678,0.00029016604813352924
Nudt19,0.06435026211277246,0.00029151690320120764
Tax1bp1,0.06430573722418784,0.00029480223847437424
Tcp11,0.0643053078603416,0.00029480223847437424
Basp1,0.06429110426448678,0.0002958436103046353
Gmnn,0.06427626605241682,0.0002968636206586324
Zfp511,0.0642569414209859,0.00029831780006669625
Tafa2,0.0642530418610436,0.000298551926135942
Zc3h15,0.0642207067193565,0.0003010531092344336
Slc6a4,0.06414155302013323,0.0003072942302065047
Miip,0.06413201537900695,0.0003079955243432892
Gan,0.06412517560166894,0.0003084773926355874
Cep290,0.06412044795122782,0.0003087868594480806
Ccs,0.0640907939580627,0.00031101958440657137
Rnf25,0.06409044583863334,0.00031101958440657137
Tollip,0.06408222681019782,0.00031147615390182486
Csgalnact2,0.06408152887223692,0.00031147615390182486
Fam171a2,0.0640772854162441,0.00031171482848134314
Snx27,0.06403858248678031,0.00031485081121323416
St8sia2,0.0640173343069302,0.0003164697400140901
Tmem219,0.06398631224631988,0.0003189211281600702
Slc43a2,0.06395864060590285,0.0003211054586244151
Mapre1,0.06395765621691502,0.00032110857824443054
Sap30bp,0.06395501972848634,0.0003212521993412977
Eci2,0.06395311174639047,0.0003212555782643859
Dcaf12,0.06394665652998127,0.00032172215860981894
Rnd2,0.06392038348804294,0.00032388589117772856
Jmjd4,0.06391890961248138,0.0003239310677718409
Dpp8,0.0638417772928968,0.0003301931306525089
Abcf2,0.06380444791483425,0.00033329956328810584
Nudt5,0.06380158466518937,0.0003334128157118559
Ndufs1,0.06380126916369404,0.0003334128157118559
Tpgs2,0.06377340311466165,0.0003357917820063584
Gpx7,0.06376945130589948,0.0003360583856595069
Sept9,0.06373154043035356,0.00033935358420637726
Dennd4c,0.06371802295407546,0.00034048116355205537
Sept5,0.0637050728478431,0.0003414759077540017
Eri3,0.06369445339370366,0.00034234835886732016
Sc5d,0.06365706297755759,0.00034565419950134343
Cul7,0.06363069922566801,0.0003478908578410263
Trim8,0.06362497402532902,0.0003481556975655809
Prkaa1,0.06360940168709577,0.00034941296094758106
Alg9,0.0635886991561333,0.0003511486635316906
Hdhd2,0.06351359241027049,0.0003578036094218539
Cstf2t,0.06349672129536271,0.00035930569484875213
Ifit3,0.06348256472467087,0.0003605562615996617
Mettl5,0.06346283216973331,0.0003621030937195929
Zfp60,0.06346250376407327,0.0003621030937195929
Rgl2,0.06345914686322822,0.0003623328222777579
Ccdc42,0.06345347652068427,0.0003627832453446613
Fastk,0.06344688040746749,0.00036332259897632076
Morn2,0.06343861948733562,0.0003640219449158356
Mrps33,0.063405058479579,0.0003670638418850666
Mzt1,0.06338031811355893,0.0003693649886342118
Scamp3,0.0633429131099805,0.00037282484387212583
Arhgef10,0.0633093626892911,0.0003759349284906871
Dnajc8,0.0633009319860071,0.00037667389372025595
Atg4b,0.06328834750540885,0.00037782556271578525
Spns1,0.06326274204522785,0.0003801823611414067
Urm1,0.06325892548622877,0.0003804687846314514
Ccnb2,0.06325647261242882,0.00038061935772379645
Ppp2r5c,0.0632457799839718,0.00038159316501435543
Tm4sf4,0.06324409945783718,0.00038166692573752935
Gatd1,0.06313964406896908,0.0003917667541131163
Mfn2,0.06312181503252448,0.0003934661883067306
Zfp995,0.06312121375925543,0.0003934661883067306
Rab6a,0.06306999734474907,0.0003986730285572565
Tmem101,0.06306238718967264,0.00039936837537332047
Med6,0.06305372361093495,0.0004001750273353376
Hspa4,0.06301480344247203,0.00040406582166067136
Mtrf1,0.06296512444727717,0.00040924038343391294
Panx1,0.06295548595153735,0.00041017011598380623
Ublcp1,0.06293839003257592,0.0004118011628322074
Pgam5,0.06289968597911741,0.0004158771303723661
Bloc1s5,0.06288422810415985,0.00041745392701614357
Blzf1,0.06288018185873707,0.0004177917269713342
Crls1,0.06287908421363875,0.0004178085343294623
Ice1,0.06285978395444182,0.0004198124130020934
Zfr,0.0628500525037687,0.0004207749473116692
2200002D01Rik,0.06280806169688193,0.0004252565574779262
C77080,0.06279202263948323,0.0004268684213595654
Traf7,0.06278070580336906,0.00042802278098689925
Tusc2,0.06276316316568047,0.00042987605048547316
Nphp1,0.06275954301174914,0.0004301756395022418
Ncs1,0.06275198530747585,0.0004309167308683536
Rflnb,0.06275006379697762,0.000431026485922263
Ftl1-ps1,0.06273655543271808,0.00043243791965806236
Fjx1,0.06273314239502539,0.0004326576365012994
Lmna,0.06273271795177468,0.0004326576365012994
Churc1,0.06272568173491698,0.0004333440195679472
Atp6v1f,0.06270843389526619,0.0004351855919059799
Trappc11,0.06270466764861947,0.0004355053088539626
Ddx42,0.0626722676319511,0.0004390814555627051
Copz1,0.06266971870482876,0.00043915736429088947
Gtf2e2,0.06261679361932287,0.0004448900925204428
Ethe1,0.06259448622609186,0.00044727634666814426
Ccar1,0.06258615552511942,0.0004480256436906236
Dnm1l,0.06256723503553514,0.0004501211897350154
Napb,0.06255765974620339,0.0004510206559974092
Ripor1,0.06254466608802198,0.00045232282317473813
Srsf3,0.06252636390689846,0.00045436439129430004
Cuedc2,0.06252303994651072,0.000454645332535934
Pigyl,0.06251448232194065,0.00045554429343855715
Bag6,0.0625046552381688,0.0004565951906571891
Mettl2,0.06245522048530013,0.00046237018853259446
Hspa12b,0.062454051898682854,0.00046239749968892877
Cox14,0.06243337059040844,0.00046469076786340174
Ndufs6,0.06243307269487777,0.00046469076786340174
Lrrc14,0.062423309084585134,0.00046575384281623885
Plp1,0.06240430084103111,0.0004678240125409015
Macf1,0.06239979586323535,0.00046825598039848196
Syt11,0.06239205347619575,0.0004690812701800932
Zfx,0.06238245657287586,0.000470133534189158
Slc12a6,0.062367266659228066,0.00047175575345471786
Ptdss1,0.06234202301770226,0.0004747313235101665
Mef2a,0.06232648582351305,0.000476527002958128
Wrb,0.062303381748182514,0.00047914932708527396
Becn1,0.062290695082335694,0.0004806064994572796
Trim11,0.06228089794543731,0.0004817080047102483
Wasl,0.06227529747172705,0.0004822886050043576
Atp6v0a1,0.062270238165123705,0.0004828023613459392
Snrpa1,0.06226640446205011,0.0004831636239204108
Slc39a7,0.062263883233829254,0.00048336122655528833
Ttc37,0.0622624064992333,0.0004834284554936862
Mast2,0.062225546167442,0.00048769827443507894
Dip2c,0.06220151041214786,0.000490377668600275
Ints3,0.062191587059164034,0.000491516307662947
Tmem263,0.06217558305531426,0.0004934310549386416
Mageh1,0.06216731307957226,0.0004943654380233977
Def8,0.0621562870206403,0.0004956537607170539
Gnpat,0.062105909507555915,0.0005016492861604445
Zbtb7a,0.0620883271255355,0.0005036843332556417
Acan,0.06208530898900407,0.0005039545338402012
Snx33,0.06203826997477984,0.0005097290834857054
Acbd3,0.06203625775763362,0.0005098702673989767
Metrn,0.06203391593923983,0.0005100547996189687
Ptges2,0.06202880045028187,0.0005106039471742832
Fbxl8,0.06199874606310179,0.0005140565206387457
Adprhl2,0.06199584717894005,0.0005142098706959496
Lap3,0.0619935756711502,0.0005143867215768613
Sh3bp5l,0.061946022228848735,0.000520342363028482
Cpd,0.061941496012933084,0.0005206979123246697
Desi2,0.061937646383329104,0.0005210883449304072
Cox19,0.061919651185800624,0.0005233790030616759
Rasgef1a,0.06190868632091505,0.0005246041221239889
Plaur,0.06187594647189263,0.0005287822316130755
Rab8b,0.06187050411305121,0.0005292679485103954
Sirt2,0.06185829377827304,0.0005308031609295476
Fam104a,0.06184217648846948,0.0005327491341856061
Ndufc2,0.061837155354120925,0.0005333085649102057
Abt1,0.0618175172082038,0.0005358755754470004
Fhod3,0.06180945266440546,0.0005367538775940007
Ift74,0.06179687647949194,0.0005382059088422363
Clip2,0.06179218257187447,0.0005387255593945434
Ufsp1,0.06178856104766579,0.0005390973488517839
Pink1,0.061768640831782635,0.000541729686839459
Cfdp1,0.06173854453650902,0.0005457884661555291
Pwwp2b,0.061702292523799135,0.0005506280959954682
Arhgef12,0.061679409250423686,0.0005537334295295271
Nom1,0.06160883416203829,0.0005632914199463424
Ctnna1,0.06160448988646742,0.0005637833316033051
Zfp865,0.06157798470976006,0.0005674837670332938
Odr4,0.061559638311561,0.0005700166222833737
Rab15,0.06151609434184527,0.0005759846843630649
Stambp,0.06150357007182992,0.0005776931881754
Rrm2b,0.06148053611079363,0.000580722240376777
Tmem129,0.06148020290367908,0.000580722240376777
Ash2l,0.061479367255276106,0.000580722240376777
Exosc7,0.06147413155440929,0.000581222459541798
Nploc4,0.06144910643930692,0.0005848091379717586
Ppme1,0.061432096072911474,0.0005871051593689851
Sucla2,0.061431891759694504,0.0005871051593689851
Gm27222,0.06141834966820345,0.0005889976059707167
2610044O15Rik8,0.06141705430854195,0.0005890522451947709
Ttc13,0.061403585099563555,0.0005909395998825418
Pin4,0.061380361011830725,0.0005943094519003612
Rsph1,0.0613539775383994,0.000597894855851667
Ccni,0.0613327079737759,0.0006010024554045426
Nbr1,0.06132608799591938,0.000601874347230255
Rtn4rl1,0.06131614165092258,0.0006032585209788736
Atg12,0.061303743256501605,0.0006050235069575787
Ccnd3,0.061278302679062646,0.0006088121823429964
Foxn3,0.06120714822330213,0.0006194974803036951
Msl3l2,0.061205080611599454,0.0006196765199818814
Magohb,0.06119121340869033,0.0006217187363484588
H1fx,0.06112707498272375,0.0006317888113336543
Cdc26,0.06111769517833874,0.0006331462526310463
Krit1,0.06108861006516734,0.0006376898952762556
Mecr,0.06108139827144263,0.0006387075307430912
Qpct,0.06107391840775037,0.0006397702413594064
Ppp1r14c,0.06104847008968755,0.0006436117440249203
Rnaseh2a,0.06100485271974734,0.0006506196151035592
Irf7,0.06100092338633632,0.0006511143454889174
Ldha,0.060953504874817536,0.000658833232547933
Adam17,0.06094540280725048,0.0006598754089116688
Ppp3cc,0.06094040226037395,0.000660556014000354
Nudt21,0.060922898950620856,0.0006631784528135263
Parva,0.0609126347823679,0.0006646319774320761
Etnk2,0.06091239192749919,0.0006646319774320761
Cdca3,0.060894781446766966,0.0006671345028629289
Gpr108,0.060894757343135354,0.0006671345028629289
Zpr1,0.06089172776442328,0.0006673317549781415
Amn1,0.06086738646919271,0.0006712983833026499
C1rl,0.06080240608277448,0.0006822643494273919
Kti12,0.06073608692504076,0.0006936330265516456
Coq9,0.06073237990251192,0.0006941193856940298
Hspa14,0.06069880478513465,0.0006997003061860655
Enpp3,0.0606798135603448,0.0007028973696993855
Sos2,0.06067645733615805,0.0007033275555132332
Mrpl30,0.0606464791851814,0.0007083347838204821
Dctn6,0.060630381541057224,0.0007110496917438023
Ncbp3,0.06062072298200837,0.0007123986370441981
Mrps11,0.0606200709890225,0.0007123986370441981
Gm32369,0.06059144839560758,0.000717221253032693
Wdr45,0.06058102066982714,0.0007188182160197031
Rubcn,0.06056668602841303,0.0007208649282776553
Oxsr1,0.060565250658414636,0.0007209566154614521
Prpf38a,0.06056237154407174,0.0007213106925833645
Pcif1,0.06052623323926241,0.0007274423899167709
Spg21,0.060451534661141386,0.0007407889918608852
Ccne2,0.060450946858807794,0.0007407889918608852
Srprb,0.060449577171997226,0.0007408708355168783
Ascc2,0.06044850290896312,0.0007408976663875931
Rai14,0.06044553311784011,0.0007412778731251218
Commd8,0.06044336477119573,0.0007415088076519036
G2e3,0.060397509955672,0.0007497331700690033
0610012D04Rik,0.06039670425772194,0.0007497331700690033
Slc2a13,0.0603858259383612,0.0007514344643901659
Eif2a,0.06037863715048305,0.0007526172998679908
Zfp207,0.060362910921543805,0.0007554204125753941
Dmpk,0.0603292159987268,0.000761662391904998
Mrm2,0.06030513422660364,0.0007660919063326373
Polr1d,0.06030425769846201,0.0007660919063326373
Rnf13,0.060295269607195195,0.0007676428880688998
Atl3,0.0602865544831731,0.0007691441346591108
Fyttd1,0.060276706362138006,0.0007708672330216553
1810034E14Rik,0.06027466260199794,0.0007710828125863651
Abhd5,0.060243899222653774,0.0007768745242688415
Gin1,0.06022125484551106,0.0007811156969813829
Eef1akmt2,0.06021298135891789,0.0007825549786163701
Asb8,0.06019255447965833,0.0007863881145638818
Coq3,0.060185375707364874,0.0007876204416558244
Srpk1,0.06014433187927987,0.0007953886890472397
Cfap410,0.06013584204965675,0.0007968957434649546
Cbln2,0.06013155874010273,0.0007975651708272671
Bbs2,0.06011514660747641,0.0008002899598882632
2510009E07Rik,0.06009079827485883,0.0008049937453268909
Vma21,0.060088050912554314,0.0008053600839293703
Qk,0.060069929349452364,0.000808643327123102
Shmt2,0.060065777160119765,0.0008092955756209077
Pld2,0.06005750756964145,0.0008107827336978107
Tm9sf1,0.06003652860572538,0.0008148575363793628
Selenom,0.06000124555657517,0.0008216932875613696
Pycrl,0.059952187470943656,0.0008314375597847547
Ccng1,0.0599404739254397,0.0008336791621232392
Dmrt2,0.05993135015959265,0.000835386275811635
Fkbp15,0.05988483646488796,0.0008447461681626927
Arhgef2,0.05987217501652591,0.0008472215676836734
Bmp2,0.05986086909993589,0.0008494166320264033
1810055G02Rik,0.05985516380309632,0.0008504288172924803
Zfp560,0.059835523655462845,0.000854404667764017
Cdc42ep3,0.059812930241222605,0.0008590297629219417
Mrpl11,0.05978728028629728,0.0008643360134568847
Rbpj,0.05978405629821612,0.0008648302291785501
Shpk,0.05977309048569333,0.0008669945287170666
Lrrc47,0.059767120013104386,0.0008680836189004497
Tfb2m,0.059762823478566256,0.0008686290368617959
Cnp,0.05976274064472129,0.0008686290368617959
Arpc1a,0.05974827035070167,0.0008713609167417794
Myo5a,0.0597037743565643,0.0008802680326062839
Alox12,0.059702758361268746,0.0008802680326062839
Zfp523,0.05970172437163583,0.00088029138831599
Gm39090,0.059659842985024754,0.0008891989375035
Zbtb1,0.0596533669770284,0.0008903234936682814
Cdc42se2,0.05962378942852176,0.0008966846536426805
Rhot1,0.0596146871699293,0.0008983005558110078
Afap1,0.05958129670683252,0.0009053633975528737
Sugp1,0.059579377828829244,0.0009055863548010996
Anp32e,0.059576699696384745,0.0009059801583758173
Ccdc25,0.05956267360112544,0.0009087218753993502
Trmt112,0.059542678650672184,0.0009130323179283836
Thoc5,0.05953551439945272,0.0009144464950981873
Crat,0.0595338610811003,0.0009146114167758742
Wdfy1,0.05952422162108797,0.0009165905534145897
Cgrrf1,0.05951743073466199,0.0009179033518119103
Fibin,0.059516599395797426,0.0009179033518119103
Fahd1,0.05951486687946462,0.0009180870172977693
Slc22a4,0.05948775237497461,0.0009240588797185217
Rap2c,0.05948630095088806,0.0009240588797185217
Cdpf1,0.05948594360234457,0.0009240588797185217
Pitx1,0.05946748395990084,0.0009278711318493288
Ndufb11,0.05946329942104801,0.0009286209495156835
Ranbp10,0.05942955033919723,0.0009359894632080671
Dpm1,0.05937402399407971,0.0009481017272764058
AY036118,0.05937392150609901,0.0009481017272764058
Kin,0.05934385693715029,0.0009547439886377847
Timp3,0.059337538532679035,0.0009557999035117524
Banf2os,0.059335015305162206,0.000956177891523308
Birc5,0.05930302575251033,0.0009631111942176039
Dxo,0.05929423832323522,0.0009649851757034265
Prph,0.0592834597255864,0.0009673385301126531
Gtf3c4,0.05925327909547996,0.0009739121749194542
Cybc1,0.05922621228597692,0.0009802212199975717
Abl2,0.05922251682066728,0.0009808922398885425
Aldh3b1,0.05921860087238938,0.0009816171591361107
Snx29,0.059208436144433975,0.000983859310192752
Fads1,0.059186998520150406,0.0009884319251075265
Eny2,0.059170453560704016,0.000991994429970961
Grhpr,0.059153018589889486,0.000996043541887977
Cul1,0.059139480418590545,0.000999147444701518
Rex1bd,0.05912844654156492,0.0010016416806753311
Exosc5,0.05912226200400192,0.001002941906952959
Gramd3,0.05911337016015668,0.0010049142147716573
Cript,0.05910740780711666,0.0010060062225715827
Ddrgk1,0.05910711837956562,0.0010060062225715827
Kdm1a,0.059091838163008996,0.0010095724728391977
Rab14,0.05907893357378532,0.0010123274965180876
Dazap1,0.05907545348781202,0.0010129656199287212
Lrp3,0.059050182284405055,0.0010187809225218531
Ndufaf7,0.05904886501853823,0.0010187809225218531
Tmem106c,0.05904867121997894,0.0010187809225218531
Fastkd2,0.05904852581819411,0.0010187809225218531
Trpm4,0.05903760740458722,0.0010212519393403257
Dgcr8,0.059036844798080586,0.0010212519393403257
1110051M20Rik,0.05903527812211672,0.0010212690858665933
Pih1d1,0.05903493355192271,0.0010212690858665933
Fbxo8,0.05901459909893557,0.0010259290748370936
Atp5j2,0.05901028173345616,0.0010265355491559803
Api5,0.05900943540728589,0.0010265355491559803
Kctd20,0.05899136022724943,0.00103087847197137
Gps2,0.05897400057841836,0.0010350563465882313
Polr2i,0.05895898682090929,0.001038650609534693
2810029C07Rik,0.058926617671508884,0.001046713275015261
Mfsd12,0.05891122597102991,0.001050442892558817
Parl,0.0588386509487488,0.001068611048457841
Ubap2l,0.05882406992523203,0.0010722001141672754
Araf,0.0587864257175538,0.0010814159740604966
Ei24,0.058697194246101946,0.0011045820537753722
Rbl1,0.058686244697268075,0.0011072984873955146
Polr2f,0.05866819528967089,0.0011119526551363792
Star,0.05866258963692482,0.0011132285887565539
Sdc3,0.058631344798421386,0.0011215221130625639
Wdr11,0.058601238319327925,0.0011293040366135664
Memo1,0.0585996602954632,0.001129485287003345
Atg3,0.05859355099960715,0.0011306644144042223
Cox4i1,0.058580030179073574,0.001133642696211101
Akirin1,0.058565863424351924,0.0011373200288603586
Mmut,0.058561675444547975,0.0011382287322663032
Eef2k,0.058550543335482874,0.001141073298852213
Adcy1,0.05852492041625986,0.0011479820765628553
Ncaph2,0.05848521381864205,0.0011578668324183806
Mon1b,0.058479275027424504,0.001159286405061349
Hoxa9,0.05845485045185609,0.0011659568491892756
Sec23a,0.05843850722106783,0.0011703061292347174
Tmem209,0.05842260906269831,0.0011741102512662588
Mtch2,0.058409304621878995,0.0011776622187119079
Hadha,0.058390294273997924,0.0011828687351913517
Higd2a,0.05838390204190285,0.001184447868505446
A730035I17Rik,0.05837408208722014,0.001187020387212439
Timm10,0.05837207153079619,0.0011873359824174552
Hax1,0.05835906837134642,0.0011908378272363696
Fzr1,0.05832536152746886,0.0012001194564655907
Fars2,0.05829256606106775,0.0012094710884744467
Cplane1,0.058289249392560624,0.0012101769422124382
Cradd,0.058261729743217736,0.0012180370160491077
Wdr34,0.05824967010723691,0.0012213428288765662
Impg2,0.05824785228900856,0.0012216096141437088
Cdr2l,0.05820834948574098,0.001233126741274429
Elovl6,0.05816784959557493,0.0012447683854586275
Thoc7,0.0581325717437055,0.001255200681419485
Wdr47,0.05810411563956861,0.0012633380296149454
Pdcl,0.05807554338807439,0.001271844516772045
Vps72,0.05805649444360043,0.001277450273872231
Ccny,0.058047920098461665,0.0012798238475874508
Gsk3b,0.05804101857512328,0.0012816814974651635
Ogfod2,0.05802843948116063,0.0012853098951338272
Ttc7b,0.058002199775100086,0.001292934298350437
Rasa1,0.057976389785980416,0.0013001754225219566
Trp53inp2,0.05796523740684958,0.0013034020889138142
Fam98a,0.05795520781630341,0.001306280962231246
Gm12589,0.05792208490702536,0.0013165059183575499
Slc39a2,0.05791105933759283,0.0013191419634023972
Nsmce4a,0.05790679413290382,0.0013202103130174252
Sh3yl1,0.05781687911148143,0.0013480320689055036
Ptgr2,0.057806252055599236,0.0013511977275987687
Sipa1,0.057803707050684654,0.0013517282405701924
Sec23ip,0.057786202016618875,0.0013568534046323778
3110070M22Rik,0.057776875893705476,0.001359611132386808
Fdx2,0.05773953996714201,0.0013712367275983523
Colec10,0.05773327373692654,0.0013727795678133534
Sorbs3,0.057731605396804504,0.0013730276017507304
Ss18,0.05771644310716367,0.0013777549305181275
Tm2d3,0.0576934348292261,0.0013848092171388714
Gmeb1,0.057676363273306344,0.001390214244325476
Gt(ROSA)26Sor,0.05767431385394717,0.001390593057519601
Gmps,0.05757371649211466,0.001424079981746185
Dync1li1,0.057558043418882016,0.0014285134269744503
Aamp,0.05754188946380356,0.001433443100025496
Ntpcr,0.057525572511425184,0.0014387634522819524
Nip7,0.057519982601406006,0.0014403807638266935
Rbfa,0.05750993055363688,0.0014435483122866922
Snd1,0.057501742040873716,0.0014459339396125821
Prkra,0.057500678687926146,0.0014459339396125821
Zfp646,0.05749773474931679,0.0014465085230026672
Chtop,0.05748612059689045,0.0014499128588853145
Lgalsl,0.05748458145659048,0.0014501291129729564
Ythdf2,0.05748145823412186,0.0014508979221416424
Hist1h1c,0.057463443442111996,0.0014568728816629197
Stradb,0.05744224468516887,0.0014636672161515833
Adcy9,0.057431803103903695,0.0014666961962989183
Rpp30,0.057401333111263074,0.001477143216473643
Tssc4,0.05739590824593181,0.0014784163884982563
Sp1,0.057393725622525434,0.0014788653067218584
Pmepa1,0.057378422780219145,0.0014839810189854951
Eef2,0.057367778519953117,0.0014871216826581365
Lrp10,0.05735130038055575,0.0014926848288191177
Arl10,0.05734550878742064,0.0014941023458590738
Wnt4,0.057336244315599874,0.0014964384737436122
Ccdc162,0.05732316325418502,0.0015008108015016192
Pes1,0.05727853712135275,0.0015156592748961182
1700008J07Rik,0.05727843075422714,0.0015156592748961182
Gsn,0.05724069964859453,0.0015290869313263522
Nanp,0.05721701117380249,0.0015371104219068083
Clcc1,0.05720091877310374,0.0015427048505418713
Maea,0.057192292206729806,0.0015455458678266588
Pggt1b,0.057191397807896414,0.0015455458678266588
Coa5,0.05716169517287392,0.001555545493323734
Zranb2,0.057147035383421016,0.001560667452617318
Gal3st4,0.05712557457443587,0.0015683533816611647
B3galt6,0.057116012393504924,0.0015715976344074143
Map7,0.05711509753123092,0.0015715976344074143
Ube2g1,0.05708859845804887,0.00158054369622717
Hadh,0.05707937667004059,0.001583683338093226
Akirin2,0.05706711310655815,0.0015876347331201762
Bud23,0.05704842410468806,0.0015943882738840348
Mrpl44,0.057041579448095105,0.0015966470144614146
Aars,0.05704025666328906,0.0015968021314135812
Mapk1,0.05703860697155538,0.001597081983191135
Rbks,0.057031480615249236,0.0015994519319094973
Gosr2,0.05703036204559159,0.0015995294872144608
Fam122b,0.0569914423260832,0.0016137508315221013
Cactin,0.05698949243825345,0.001614149157429189
Zfp617,0.05698137702141788,0.0016169241641473518
1110032A03Rik,0.05697701980187344,0.0016178991369187492
4833439L19Rik,0.05696001452015188,0.0016237655990051537
Rhbdf1,0.05692816739688531,0.0016357391877687007
AW551984,0.05692736866272954,0.0016357391877687007
Cggbp1,0.056903870987885304,0.001644207360166396
Ndrg3,0.05689873911869884,0.0016458601970189407
Pan3,0.05689102787287554,0.0016485272479032005
Srp72,0.05688805963227566,0.0016486157409484553
Naa60,0.05688552003062438,0.0016492542571639257
Calhm2,0.05687524849225716,0.0016529341554771078
Ogg1,0.056837187729389504,0.0016676176349865787
Cbll1,0.056826177931073835,0.0016716292255547043
Eno3,0.056817398682944435,0.001674760712642623
Tbc1d10a,0.05679988537765224,0.0016813875333448263
Zfp260,0.05679368607022825,0.0016835026472905045
Galnt15,0.056767965655535484,0.001693095026805546
P3h2,0.05675768664896514,0.0016965284036722492
Gtpbp10,0.05675761669326375,0.0016965284036722492
Sltm,0.056739228186065846,0.001702849915710749
Zfp787,0.05671152787736101,0.0017129786902016883
Unc93a2,0.05669523325736765,0.001718875388299256
Hnrnpk,0.05669173821187966,0.001719929710112845
Ngly1,0.05665918911452655,0.0017325207607584488
Cfap97,0.056655201194854655,0.001733766577542636
Eps15,0.056654334920298054,0.001733766577542636
Mmgt1,0.05665217277756694,0.0017342808323895299
Pptc7,0.0566483132083068,0.0017354942404653568
Erbb3,0.056646135530008065,0.001736015486211378
Nab2,0.05664374128155788,0.001736626182675561
Lgi4,0.05663203008710885,0.001741081699733759
Spg7,0.05660253025535726,0.0017529277699092365
Mtr,0.056577442727503584,0.0017622417327041748
Pitrm1,0.056573754391418304,0.0017634018939758484
Pomgnt1,0.05656513261757776,0.0017666272548473366
Dusp19,0.05655000239446361,0.0017725896943216637
Tmem223,0.05652446763739854,0.0017829594827679998
Hebp1,0.05652197985398809,0.001783625100896513
Chst5,0.056509923816459244,0.0017883385495743981
Alkbh3,0.05650631821013241,0.0017894796769789831
Ddx47,0.05650212945119923,0.001790868777068309
Wdfy2,0.05649900225100627,0.0017918085409259414
Esyt3,0.056495846853952314,0.0017927607832347028
Mtmr9,0.05647410773230525,0.001801232394476677
Glipr1,0.056467259427025976,0.0018033762315715102
Ndufaf2,0.05644556555068735,0.0018118750887871726
Npnt,0.05643043635786151,0.0018179787210019927
Dut,0.05638695109063456,0.0018359741301490911
Atg7,0.0563302381399455,0.0018595355676784477
Pkig,0.056292214651935533,0.0018758973878369313
E4f1,0.056274228554320536,0.0018834700533846558
Rcan3,0.05625976714189112,0.0018890935151605536
Dok5,0.05623826332948357,0.0018982894335132594
Fam172a,0.05621647953243112,0.0019076528038233544
Pgpep1,0.05621366779832519,0.0019085073595432752
Wee1,0.05618345569948408,0.0019213168920399002
Cox16,0.05615095812415528,0.0019356627910265428
Lpin3,0.05614497398366649,0.0019379758668189883
Nrep,0.056135558386151904,0.0019418594939932924
Ap3m2,0.056132010498944784,0.0019430649278709086
Coasy,0.056106801277454786,0.001954207472756539
Ano3,0.05608513800053561,0.0019633498039280206
Stard3,0.05605313372966081,0.0019771237207877996
Dnajc9,0.05605267328618944,0.0019771237207877996
Tmed1,0.0560267474446813,0.001988782194101312
Fundc1,0.05600929000688342,0.0019956739441443047
A330023F24Rik,0.056008288085760395,0.0019957164769841716
Micos13,0.055965150876411386,0.002015174100109688
Stx7,0.055961759610933214,0.0020163476634431216
Trnau1ap,0.05595081367397031,0.002021102672909805
Ptrh2,0.05594786855257155,0.002022067768296477
Bpgm,0.05594598385843621,0.002022529940562672
Bpifb1,0.05594184985574114,0.002024060437734725
Fip1l1,0.05592686753529226,0.002030320838618467
Magoh,0.055910137307276474,0.002037434429980102
Pck2,0.05589930702841754,0.002042180223006866
Gm32618,0.05588995174583605,0.0020462284455777
L3mbtl2,0.0558812505502857,0.0020499697313838936
Zfp827,0.05585404525901063,0.0020626437864808608
Cc2d1a,0.05584997184346955,0.002063876653904412
Gjb3,0.055849674889435416,0.002063876653904412
Dnm2,0.05584519279722448,0.002065604882636597
Nup88,0.05584055884670911,0.0020674080553919052
Atp1a1,0.05580901989449029,0.002080963523428832
2500002B13Rik,0.05580457063311842,0.0020822457948812744
Chmp7,0.05580007870983596,0.002083993390747308
Lnpep,0.05575313808485926,0.0021056717283035042
Cep85l,0.055739247858864936,0.00211207612177756
Hoxc12,0.0557290000022625,0.002116694663977388
Cdc5l,0.055725788956302806,0.002117834562570625
Csnk2a1,0.05568749316681739,0.002136427675405682
Agbl2,0.05565613314247315,0.0021512262741337595
Lclat1,0.055651067802015175,0.002153315804407832
Tmem74b,0.05564681325049805,0.0021549991020160105
Pdcd2l,0.055629817247045896,0.0021631106722188385
Cep104,0.055621343353061785,0.00216693485318875
6430548M08Rik,0.05559760675836176,0.0021785127985875026
Thap11,0.05559268702073619,0.0021805528215697208
Ift43,0.05558975744615322,0.0021815812365101523
Tbc1d7,0.055587674994933056,0.002182178747218033
2210016L21Rik,0.05558189254715412,0.0021843617454432524
Lrrc10b,0.05558157261846871,0.0021843617454432524
Fzd10,0.055562923239633855,0.0021929565687371774
Txndc15,0.055556320534332626,0.002195406087064599
Tmco3,0.05554835812575549,0.0021990210311961965
Ddx56,0.055542048624867606,0.002201663968281725
Sik3,0.05554139147536554,0.002201663968281725
Habp4,0.05553520345197228,0.002204376369671839
Lsg1,0.055528375194689325,0.002207421357955614
Spcs3,0.05551482367689175,0.0022134689325125118
Nhp2,0.05550673785891036,0.0022167066085718554
Idh3b,0.05549914553211809,0.0022201627858916217
Prkaca,0.05549771304258194,0.00222043467575947
Mmaa,0.05547360109057921,0.002231528414376613
1110059G10Rik,0.055469968186456546,0.0022329459439848864
9130023H24Rik,0.05545473335505183,0.0022399367041882634
Gm50399,0.055426567555148375,0.0022541970909718836
Zfp444,0.055407428351285606,0.0022637822454702277
Sept10,0.055400443612708246,0.002266985985276709
Eif2b5,0.05537313383393373,0.002280951782503649
Tmem42,0.055355683541281696,0.0022897430341207894
Mcm3ap,0.05535047232865501,0.002292035550110827
Atrx,0.055339683554315434,0.002297306703144649
Gng11,0.0553284728578985,0.002302814868402679
Alyref2,0.05532080783108545,0.002306434293949289
Sirt7,0.05531764667047576,0.002307642916626249
Aspscr1,0.05530055539194613,0.0023163361369401636
Bmp4,0.05528765217448173,0.002322799413981493
Map3k7,0.055224937090081,0.002355373744527857
Fcho2,0.05521921455722481,0.0023575108309019112
Zfp709,0.05520817148323598,0.0023630606469967844
Wtip,0.055196503424542166,0.002368965881796862
Kif22,0.05519380365543052,0.002369453283797297
Paics,0.05519224413325205,0.0023698123541196748
Tmem109,0.05510148340824165,0.0024180708586915662
Mybl1,0.05510031941867078,0.0024180708586915662
Cluap1,0.05509805284971221,0.0024185457363538757
Zc3h7a,0.055085035476364695,0.002424828099655705
Naa50,0.05507409272809097,0.002430468060545757
Zfp664,0.055047994548237875,0.0024441654401846395
Fkbp11,0.05504591251518333,0.002444830676257613
Dcaf7,0.05503671001932318,0.002449527489230564
4933434E20Rik,0.055030406925033706,0.00245207395209799
Rnf145,0.05501928451877227,0.0024578746877341674
Tdrd7,0.055007770347240505,0.0024639112832938255
Pmpcb,0.05496705997982945,0.0024866836039003303
Msantd4,0.05496084524073755,0.002489214910664949
Cep63,0.0549476713102493,0.002495235897341895
Mrpl48,0.05494156985227403,0.002497595131112438
Olfm1,0.05494086531131342,0.002497595131112438
Cox5b,0.05491860277353645,0.002509943120000031
Uox,0.05490263854008715,0.002518683711883499
Tssk6,0.054900134255288016,0.0025196138094524885
1190005I06Rik,0.05489604529384419,0.0025212631273845193
Ddx49,0.054895490122355235,0.0025212631273845193
Pithd1,0.054864999298377605,0.002538003572216975
Smn1,0.05481844539841403,0.0025643248321381333
Acap3,0.05476407264914913,0.0025950275672250735
Usp4,0.054724359683522496,0.002617771089911926
Appl1,0.054701545175391456,0.002631001795725291
Rusc2,0.05469346354724877,0.0026353489887356914
Snrnp27,0.05468937063845337,0.002637282169073712
Lrwd1,0.054676608866446486,0.002643933567753013
Pola2,0.05467377436865558,0.002645107158662982
Grtp1,0.05466874490165737,0.002647577682641239
Lmbr1,0.054667905505037306,0.002647577682641239
Hmbs,0.054635848208945244,0.002666051668274181
Ralgds,0.05461459982087076,0.002677430740446006
Coq10a,0.05460172411831743,0.0026848039222113315
Numbl,0.05459733538249388,0.0026869535843301547
Fam50a,0.05459361219162639,0.002688135843228885
Rnf4,0.0545515089853198,0.002712556854581846
Arl2,0.05453125352079876,0.002724064002037554
Herpud2,0.054520048594311546,0.0027299431959977886
Mb21d2,0.05449681490501461,0.0027428232321598397
2610301B20Rik,0.054494993678998606,0.0027434006597924936
Gna12,0.054493233615807345,0.002743723031995324
Cntn2,0.054492675314123384,0.002743723031995324
Fxyd5,0.05448791540198129,0.0027461505634727135
Usf1,0.05442985979618138,0.002779478373769765
Prss23os,0.054423815514013395,0.002782753749105313
Cirbp,0.054405339433957506,0.0027939750257859703
Nkapd1,0.054402639776223206,0.0027951250285072784
B230219D22Rik,0.05439009040635099,0.002802587804355114
Lrrc73,0.05437769940523752,0.0028093870430962726
1600002K03Rik,0.05437409880363183,0.002811122625702051
Cdo1,0.054372873988460656,0.002811330416628037
Sptbn5,0.0543265183057946,0.0028395428890171017
Arpp19,0.054322360191819755,0.002841657988708141
Fbxo46,0.054313273521170324,0.0028469808152772513
Stx16,0.05429922852861761,0.0028555473940076997
Glyat,0.05426932402817746,0.0028739431496687118
Vps33b,0.054251622766127536,0.0028843987259683955
Zdhhc5,0.054218125892590854,0.0029059457114203177
Acadl,0.05421001474646267,0.002909926832025343
Dpf2,0.054209422642502454,0.002909926832025343
Nup35,0.05420721081121609,0.0029107972295487694
Akr7a5,0.05420204251919914,0.0029136331334668544
Foxo6,0.054193658631007814,0.0029186123612201242
2010315B03Rik,0.054190977193153585,0.0029197981861655087
Copb2,0.05417691213665982,0.0029279783757220094
Far2os1,0.054174000672042026,0.002929321586900263
Bclaf3,0.0541619213968822,0.0029367997517611793
Gskip,0.05413597948648342,0.0029517970331328735
Pclaf,0.05410054660645194,0.002975118765798857
Cd47,0.054091110837751706,0.0029809092319995605
Daxx,0.05406884588448092,0.00299544909313847
Nelfb,0.05403590154417653,0.0030167613529231995
Tcf7,0.054033787796590335,0.0030175942127190483
Tomm70a,0.05399597324368311,0.0030424201258032997
Megf8,0.05399114566848075,0.0030451384005963345
Crk,0.05398703135948536,0.003047364636770381
Slc37a3,0.05397692906074593,0.0030537475029120136
Hspb11,0.05395863710432259,0.0030658449985532382
Syt7,0.053926971468360306,0.0030873539146002637
Hip1,0.05392331737591722,0.0030892855084477472
Noxo1,0.05389753939072003,0.0031061544139128357
Gm50295,0.0538697157283229,0.0031232813171869944
Lin7c,0.053829397827156816,0.003150052870291476
Tecpr1,0.05381921125123293,0.003156694230510417
Ptov1,0.05377557977747979,0.0031854712712570074
Chchd1,0.05375633937500158,0.0031987364466765466
Ndst2,0.05374203940424725,0.003207498282004075
Bcl2l2,0.05374156259425707,0.003207498282004075
Tbcd,0.05371276327021577,0.0032271682164448207
Fam160b2,0.053686488347269,0.0032457563648464025
Trim35,0.05368434486661117,0.0032466694665742356
Zfp267,0.053672525483777156,0.0032547005859398332
Zbtb6,0.053670654679904665,0.0032554152820176013
BC017158,0.05366931882152811,0.003255736190665257
Strn,0.053656270103993806,0.0032646956447920364
Ccndbp1,0.05365400243080291,0.0032657056979145884
Afdn,0.05365194670484895,0.003266559548612741
Cs,0.05364984196890926,0.003267449923213675
Pinx1,0.0536312128487905,0.0032792415671443324
Stard9,0.053621904497858607,0.0032850393376796924
Cox4i2,0.05362160069872591,0.0032850393376796924
Nhlrc3,0.05361787884923273,0.00328713614501422
Zfp30,0.053616326318883155,0.0032876218274347315
Ift22,0.05360283804771847,0.003294981651682477
Qars,0.05360172537829843,0.003295141334111409
Cyren,0.053598333306714936,0.003296998938019759
Elmo2,0.053584875967131775,0.0033056974679422963
Ube2d2a,0.05358054383022405,0.0033082632160311262
Fadd,0.05353691491104366,0.0033396640073343055
Lman1,0.053518880803681904,0.003352605987421575
R3hdm4,0.053517439448121505,0.003353017104348981
Sec31a,0.05349641301905854,0.0033675974917061185
Smc3,0.053489080378359845,0.0033724892714947466
Ugdh,0.05344734429871421,0.0034029990651097447
Slc7a7,0.05344124714812604,0.0034069893016004074
Coa7,0.05343738339086252,0.0034092674469189408
Anapc2,0.05342315180837755,0.0034188350462705398
Rce1,0.05342180242508343,0.003419183082567369
Cpsf7,0.05340797641688617,0.003429156470920956
Cald1,0.053404355962073206,0.0034312604551433893
Acot8,0.053393025819169,0.003438637607113552
Sobp,0.05339116725919535,0.0034386875232410713
Saraf,0.05336863568110375,0.0034554790662258235
Tmem30a,0.053361134956842735,0.0034606195403505827
Tada2b,0.0533290335882145,0.0034850052274401915
Zc3h18,0.05332541502717234,0.003487139438913446
Gm49698,0.05328960230550254,0.0035146288646831568
Ppil1,0.0532879777382191,0.003515203495017426
Ganab,0.05328270309228569,0.003518664421693402
Manf,0.053281216800514244,0.003519130463612557
Gm41724,0.05326062502225226,0.0035333176655707793
Wdr92,0.053233772891710975,0.0035532657584857012
Mtx2,0.053210474253704246,0.003571186805529102
Ppp2ca,0.05320882227716253,0.003571792269727848
Hmgn1,0.05318211505443628,0.0035925465675086337
Eif1ad,0.0531690625815745,0.003602359349169558
Pml,0.05313823094158617,0.0036253476237184143
Mgat4b,0.05313801399978036,0.0036253476237184143
Rsrc1,0.05313126382418119,0.003630109339455669
Gatad2a,0.053122483795788926,0.00363653150083709
Tmem138,0.05308913749027862,0.003663077605627676
Inpp5k,0.05307706521618661,0.003672261056992681
Hip1r,0.05307468969958436,0.00367288281580723
2310061I04Rik,0.053074515475099796,0.00367288281580723
Zcchc9,0.053072921670278175,0.003673456378439467
Epop,0.053061758201506964,0.003681914230973771
Rtl3,0.05302688065726414,0.0037085468350125956
Kif3b,0.053023372379326694,0.0037107155263504
Csde1,0.0530207047285386,0.003712186930890131
Kpna4,0.05301154568744978,0.0037175666779983817
LTO1,0.05300972378188391,0.0037183371381909803
Irak3,0.052997100766766135,0.0037273602514660137
Raph1,0.05299047494132925,0.003732104074189276
Lamp1,0.05298962466661468,0.003732104074189276
Aimp1,0.0529862575244908,0.0037341683377420656
Ddt,0.05298440508475129,0.0037349680125319
Creb3l1,0.05298146511736677,0.0037366768530726012
Emd,0.05297521750950656,0.0037411532279748323
Ppil6,0.05295591807174152,0.0037565824395718087
Shc3,0.05294968462154034,0.0037610688355811895
Parp11,0.052943366850079415,0.0037656311782823383
Supt7l,0.05293032005889356,0.0037758732409055437
C530008M17Rik,0.05291256382667646,0.0037901270588054045
Ncln,0.05289293825244984,0.003806019217649295
Add2,0.052866994087617546,0.003827368434183115
Aph1a,0.052847324272770294,0.003842578894444155
Rpp25l,0.0528465404654269,0.003842578894444155
Ndel1,0.05274342308389641,0.003928037756522925
Slc35c2,0.05272157249021892,0.003945629319282982
Ahi1,0.05271758381593205,0.003948168559675682
Dnajc19,0.052716892793074885,0.003948168559675682
Kctd11,0.05269512664965781,0.0039665590989709796
F8a,0.05269022907191263,0.003970094622886981
Lhx8,0.05268650767478658,0.003972592914995227
Neu2,0.0526822725600685,0.003975547280851817
Ppp1cc,0.05267899638645085,0.003977654715658229
Btc,0.05267345754676009,0.003980974931729903
Zfp62,0.052669784582576123,0.003983437008302574
Dctn5,0.05265758475073709,0.003993469965339919
Lmbrd2,0.05265366363935787,0.003994197971916022
Grcc10,0.05265365626779161,0.003994197971916022
C1qa,0.05265359061732442,0.003994197971916022
Hnmt,0.05265318815856264,0.003994197971916022
Mrpl38,0.05263036049039918,0.004012933853447371
4933408B17Rik,0.05262266413102271,0.004019008650924127
Dnajc15,0.05258488716715566,0.004050484357046277
Nipal3,0.05258043509976822,0.004053688176685399
Foxd1,0.05253301232237907,0.004094985594877931
Mbd2,0.05252447532286508,0.004101158151448064
Jmjd8,0.05252443974377974,0.004101158151448064
Stk36,0.0525214971679729,0.004103023718804719
Vps13a,0.05249594956081287,0.004124716818820197
Arhgef3,0.05248432708381555,0.00413454668719382
Mrps28,0.052483384768000935,0.004134591223297828
Ewsr1,0.05247464045070502,0.004141797795333659
Mcts2,0.05246338161250029,0.0041505077344989256
Clpx,0.052449912109215666,0.004161176649407425
Gm32817,0.052440019777900505,0.004168758753874149
Xrcc4,0.05239103121368985,0.004209258787679929
Faah,0.052387014785463565,0.0042121721156476635
Uhmk1,0.05237001074501011,0.004226392261360648
Kpna3,0.05236283634866467,0.0042320612610906964
Wdr12,0.05236217177020418,0.0042320612610906964
Haghl,0.052338905570568174,0.00425307235429739
Thnsl2,0.05232842659907838,0.004260421692259983
Tctn3,0.05232597462947814,0.00426189246791286
Adamts18,0.05232413623666719,0.004262785088627214
Osbpl11,0.05231928702533257,0.004266103089931891
Abca5,0.05231883611248728,0.004266103089931891
Ccl28,0.05231262171049972,0.004270287470913268
Eipr1,0.05230305783612821,0.0042784871087927735
Irx3os,0.05228927985004588,0.004290697741522041
Ttc26,0.052285888372452814,0.00429307052278707
Alkbh7,0.05227004241805557,0.004305591474963547
Ints12,0.05224912611854168,0.004323838499376338
Nipal1,0.0522437337592819,0.004327690229830992
Pik3c2b,0.052243315069133885,0.004327690229830992
Pphln1,0.052233815361570395,0.004335929685948658
Plpp5,0.05221997608009314,0.0043474943496681125
Washc4,0.052214087293834394,0.004350835336084381
Hk1,0.05221394601018491,0.004350835336084381
Washc5,0.05221382735970636,0.004350835336084381
Fam160a1,0.052185069738922465,0.004375968521371432
Zfp955b,0.05217136218885543,0.004388365843798211
Serpinb9b,0.05216007352198874,0.004397583832710902
Fam3c,0.052153525395703865,0.004403077443405173
Bfar,0.05213136340832284,0.004423786455531159
Stam,0.05209816528689363,0.004455410877327198
Tmem167b,0.05209672892140478,0.004455947441956762
Traip,0.05208915933060978,0.00446251228859798
Wdr55,0.05208796070490556,0.004462816011673256
Cxxc4,0.05208418414216378,0.004465656136745632
Skiv2l,0.052080364939594684,0.004468539990856666
1700012D14Rik,0.05205023139900209,0.004496539613774287
Hmgcl,0.05202881274829672,0.00451602767078368
Rnf219,0.05198347267334947,0.004559529869148455
Mafg,0.0519805547475653,0.004561564602182725
Anks3,0.05196225858400892,0.00457906214898262
Mtdh,0.05195849511690693,0.004581060468047149
Gmcl1,0.05195683794399751,0.004581161895300082
Crhbp,0.05195661561574238,0.004581161895300082
Cog2,0.05194439867207923,0.004591688501589698
Lpcat3,0.05192715985831242,0.004607946067116805
Col6a1,0.05192654178878189,0.004607946067116805
Letm1,0.051922977288458703,0.004610656465426546
Ciapin1,0.05191659694298277,0.004616224006404448
Myrip,0.05191105266455244,0.004620948781170201
Appbp2,0.05190328201223061,0.004627037835247008
Acer3,0.051899448498474665,0.004630032546989501
AI661453,0.05189366941522915,0.0046350095928787815
Gramd2,0.0518762765320598,0.004650934253124117
Secisbp2l,0.051868420475292894,0.004657147631363408
Zdhhc12,0.0518642291271009,0.004660526731832677
Mettl24,0.05185233029574658,0.0046718060852406484
Hdac4,0.05184358209252017,0.004679873331151283
Tmem184c,0.051814807141242626,0.0047076806146675665
Lypd6,0.05179876633019726,0.00472335340019975
2700062C07Rik,0.05179327627986927,0.004728122890330008
Lats1,0.05178191314136832,0.004738995517035664
Luc7l2,0.05177376051422501,0.004745625679145866
Twf2,0.05177284700745863,0.00474565266371223
Ccdc33,0.051768875722470194,0.004747938313098226
Gm42788,0.051728840766152646,0.004787849693484333
Tmco1,0.051711873074447925,0.004803870703074135
Slc15a4,0.05170382441609146,0.004810475252445388
Clpb,0.051676986581346625,0.004837880892868939
Chrna1os,0.051648998941573904,0.004866653888381411
Fcer1g,0.05164472599550646,0.004870259268197077
H2afy,0.05164317771416367,0.004870963337590534
Ptk2,0.05163785901041159,0.004874740911574761
Slc2a8,0.05163366034950767,0.004878272905662688
Gstz1,0.051626572504178,0.004884892692028586
Polr3k,0.051601479198375086,0.004910813232988063
Snap29,0.051593006725141874,0.004918961750231425
Mphosph6,0.05157816800702228,0.004932553405695706
Insc,0.05157771897024466,0.004932553405695706
Cdkn3,0.05157069461100975,0.004939172231604673
Gm7607,0.051553014569891316,0.00495732383061558
Srp54a,0.05153082128251023,0.0049776236436178236
Pmm2,0.05153075364930657,0.0049776236436178236
Mapre3,0.05152484321853428,0.004983086117135906
Surf4,0.05151429730225721,0.004993604070152358
Rtcb,0.051484413130087954,0.005022386994420165
Grpel2,0.051455159691990104,0.005053556019561776
Slc6a13,0.05144914128009798,0.005059213911991869
Ccl9,0.05144720158762946,0.005060376002412061
Vgll3,0.05142589894990253,0.005081964646775059
Dr1,0.05141201193136278,0.0050963824133214795
Gpank1,0.051399792384540385,0.005107995428392187
Brd8,0.05139022642651974,0.005116674800940732
Map2k5,0.051359081835707525,0.005148789628870406
Dpy19l3,0.051327810095841656,0.005182671885032045
Vps11,0.05132391854390115,0.00518606196908013
Ulk2,0.051311071701674614,0.0051995733002347415
Mfsd11,0.05129300184783564,0.005219041151920727
Lims1,0.05128657808108232,0.005225329133899084
Tmem165,0.0512842871488983,0.00522692555308248
C1qtnf6,0.051273589625628384,0.005237077994331179
1700007L15Rik,0.05127157630360908,0.005238361901379996
Snrpd1,0.05125627957157857,0.00525479473761138
Alg8,0.051252745025572324,0.005257820457956022
Grid2,0.05125178360852993,0.005257907277082725
Tubgcp2,0.051243210137503326,0.005265684968514168
Klhl24,0.051240807354217405,0.005267421540895576
Dnajb11,0.051203225948942555,0.005308549404969885
Klhl20,0.05118871847312691,0.005323248341500049
Cdc42ep5,0.05117583105867055,0.005336108268025605
Dhcr7,0.05117026474776098,0.005340569495652682
Nr6a1,0.05117021033658108,0.005340569495652682
Enpp6,0.051164256083734413,0.00534644742934217
Taok3,0.05116147758715734,0.005348644850211794
Ercc5,0.05115758880675325,0.005352132260765444
Diras2,0.05114515888073495,0.005365553519588639
Jmy,0.05113237649468623,0.005378494152604993
Pstk,0.05110275039945618,0.005409929233078658
Ola1,0.051088877020580375,0.0054251796813590755
Snrnp35,0.05108320224068306,0.0054308141731670605
Gnai3,0.0510810518107299,0.005432304481232882
Rnf10,0.05107370568506676,0.0054388557401413564
Tet3,0.051072837217585244,0.0054388557401413564
Abcb7,0.05104953721108773,0.005463235435647595
Klk14,0.0510107955748163,0.005508192832394276
Fam160b1,0.05100407068143194,0.00551515940682879
Rbmx,0.05099194885601876,0.005528585533911266
Eloc,0.050979247893552834,0.005541676408092957
Tarsl2,0.05094663380894363,0.00557876267719682
Pias3,0.050943636791215115,0.0055813116845649146
Aen,0.050942634067945136,0.00558145536031174
Evi5,0.05093416854922515,0.005590609561025182
Zfp825,0.0509192321295519,0.005607612799520254
B3galt4,0.05091395450657077,0.005612939110315984
Prkag2,0.05091182671914854,0.0056144483025006055
Smco4,0.05089200911514004,0.005636382323202148
Lipt1,0.05087364469966782,0.00565554120036453
Slc7a1,0.05085641548063187,0.005672288925339494
Ntn1,0.05076856236831057,0.0057752896121929555
Hes1,0.050762392076561885,0.005780773680612862
Fbxo36,0.050751950122889786,0.005791590966869846
F2r,0.050699536295389334,0.005852882196130612
Mief1,0.0506840687721286,0.0058712836779227055
B4galnt3,0.050680990447521425,0.005872942593842264
Selenbp1,0.050673454279076977,0.005881356903358181
Prkar2a,0.05066572702688177,0.0058900243765890314
Cnep1r1,0.050651858528730165,0.005905379616217284
Nebl,0.05063979616161217,0.005918472460168839
Wdr18,0.05062922908604537,0.005930810148458708
Bglap3,0.050604629384071245,0.005959993413206602
Trpm7,0.050600414161868536,0.005964263911182042
Ikbkg,0.05059574831249049,0.005969115255104641
Rwdd2a,0.05058490828883972,0.0059807667405265275
Pex11b,0.050581659834235536,0.0059838082758400715
Nin,0.050561914213731546,0.006008102287869335
Lrp8,0.050553343055266695,0.0060170383729555195
Gm34006,0.05055322940753743,0.0060170383729555195
Ints11,0.05054872677691825,0.006021718248561052
Il16,0.05054690913692662,0.0060229286212895635
Acvr1c,0.05051537820129091,0.006061534514097176
Ap3s2,0.05051193014699683,0.006063040157735334
Camsap2,0.05051157655179086,0.006063040157735334
Asphd2,0.0505025525115994,0.006073641940632872
Dync1i1,0.050496302208620135,0.006080641690728739
Erich1,0.050494278362404825,0.006082132534279802
Eci1,0.05047668146390038,0.0061039766671216415
Chek1,0.05042574170687762,0.006169823772223782
Cfap20,0.0504195826905199,0.0061768035420571975
Tor1b,0.05039584190925459,0.006205948084613815
Tmem126b,0.05039071738932708,0.0062115891091334315
Atp5c1,0.05038775208342006,0.006213188764491041
Zfp518a,0.05038246817680872,0.006219048298849846
Ddx58,0.05036616887754209,0.006238749570968545
Tenm4,0.050365930460632834,0.006238749570968545
Iffo1,0.05036070377349884,0.006243377651597767
Ggps1,0.050358512691359415,0.006245128706857054
Dgkz,0.05035167708205771,0.006253092055180612
Tsta3,0.05031637219568845,0.006299308607154622
Upf3a,0.05031144515052184,0.00630476128068769
Dera,0.050300311123876736,0.006318597956519612
Rbfox2,0.050282993428175826,0.006339544923295618
Lin37,0.05027797069063292,0.006344064055841068
Zfp513,0.050276595387953295,0.006344136606146265
Stat5b,0.05027585094919433,0.006344136606146265
Ccdc189,0.05026984604257987,0.006350035658961426
Eif2s3y,0.05026916682660346,0.006350035658961426
Anks1,0.050243609159074075,0.0063812016510611125
Farsb,0.050235325351806,0.006390840244838809
Gsg1,0.05023478257194302,0.006390840244838809
Vangl1,0.05023194986316552,0.006393506403069494
Adck1,0.05021830487218678,0.006410956433331039
Oxld1,0.05020906688389692,0.006421200365836247
Scyl1,0.05019866224411949,0.0064342682716435045
3110009E18Rik,0.05017813270061741,0.006460091343621921
Vps53,0.050170623411469356,0.0064692347742325435
Gm17749,0.05015148581077152,0.006494475757082244
Dhx34,0.05014526923664189,0.0065006524494347715
Mios,0.050133130121772826,0.0065162767196733865
Cog8,0.05011578900415681,0.006536731337200962
Fbxw8,0.05009734290435473,0.006560016824361045
Gnb5,0.05007969071164653,0.006583497066741815
Slc39a3,0.05004564860142912,0.0066295615911749406
Eef1e1,0.050045184423292935,0.0066295615911749406
Rtn1,0.05003539350184944,0.006640905585870935
Plcd1,0.05002535556928251,0.006653861400911811
Ppp1r37,0.050020429588554655,0.0066595934979864916
Fcf1,0.049995866884371735,0.006693228589041456
Trip11,0.04997194612985248,0.006726100921387201
Ankrd13b,0.04996006155190943,0.006741853704622993
Kctd7,0.049951025175365975,0.006752289680864906
Mfsd8,0.04992656245861533,0.006784940203150842
Smad4,0.04992448356236786,0.006786669626883706
Glt28d2,0.049915222419172726,0.006798762682188027
1700125H20Rik,0.04990580572969373,0.006809829369458731
Tysnd1,0.049890909905858705,0.006830125492711187
Polg,0.04988679724975774,0.006834815808510891
2700049A03Rik,0.04988588092660723,0.006834870427802178
Tmem127,0.0498803089125813,0.006840407338033132
Pex3,0.04984639106047106,0.006884135126035261
Wdr19,0.04984588608765222,0.006884135126035261
Alg14,0.04983079345128887,0.0069049206460924
Pan2,0.04979999782215157,0.006946269100719051
Cog5,0.049784451986742785,0.006967894556532836
Slc17a5,0.04978147592520116,0.006970992675314903
Uevld,0.04977810607413566,0.0069746740773551945
Pdcd2,0.049757332157495435,0.007004131515366031
Eif5b,0.049753751378536853,0.007008141858979063
Cers5,0.04971057612636323,0.00707117699619261
Acox3,0.04967539251940168,0.007121358876893347
Gm49123,0.04965571180439498,0.007149728351840151
2610203C22Rik,0.049643681728889756,0.007166602683960364
Hpf1,0.04963491899229998,0.007178554664402989
Ubash3b,0.04962238273913929,0.007196260550859689
Ube2v2,0.049619324536049246,0.007198263655753616
Gtf2h4,0.04961930810489062,0.007198263655753616
Kxd1,0.049594833197376016,0.007234233097652947
Gpatch11,0.04959308184274002,0.007235566454856256
Gm49359,0.04958229884904869,0.007250715546826885
Gm26705,0.049572696212749214,0.007264083143758688
Mthfd1l,0.04956498471327129,0.007274568664289692
D430041D05Rik,0.049554682894666226,0.00728905180501582
Clptm1,0.049538925618657664,0.007310770713548777
Oscp1,0.049538826561631645,0.007310770713548777
Mrpl22,0.04953375175429888,0.007315890404313284
Pcolce,0.04951509286135747,0.007343380980831503
Kif1bp,0.049513716656123634,0.007344152132093604
Tada3,0.04950799454370261,0.0073516582165163375
Tacc3,0.04947803011757138,0.007394139252200793
Asah1,0.04946308206372444,0.0074160961531207995
Rfesd,0.04945957508194539,0.007420205174327565
Samd10,0.04944112719595337,0.007446343478659493
Eno1b,0.049438756955279405,0.00744868432000126
Psmd9,0.04942992349559036,0.00746117506754454
Uros,0.04942015564878865,0.007475155409521067
Tceanc,0.04941442500360713,0.007482796937255835
Lix1l,0.04939112694740901,0.007516804767023368
Cox7b,0.049382914016702424,0.007528416349531151
Apeh,0.04937848777805945,0.007534039464627856
Pigs,0.049363439965174706,0.007555226338693321
Thoc3,0.04936338388776588,0.007555226338693321
Rb1cc1,0.049345353737649006,0.00758253036925887
Jsrp1,0.049332351878407635,0.007601884290068948
Slc1a2,0.04931062516773385,0.007609998052913807
Kdm7a,0.04928668030807115,0.007645568901492937
Blvrb,0.049266326180926606,0.007675501392486723
Gpatch1,0.04925498888556683,0.007692381138237545
Cnot1,0.049193534064610446,0.007789358316361615
Ipo11,0.04917561808838982,0.007815805771709962
M1ap,0.04912979755649614,0.007885430290486937
Exosc10,0.04910225499710437,0.007929594184106773
Rnase4,0.04909476614320015,0.007940580946528235
Zswim1,0.04909192399281039,0.007943850392882512
Mprip,0.04909079036169726,0.007944279292312508
Adcy3,0.049082281725996685,0.007956983002551139
Itga6,0.049066971002585225,0.007979595769686612
Ccdc91,0.04905474858459452,0.007997098381541742
Asb3,0.049046462617239654,0.008009505808288547
Got2,0.04904276546049562,0.00801423491940064
Cdc37,0.04904127711666919,0.008015262794178099
Me3,0.04903881304911994,0.00801792714137352
Trappc6a,0.049032609580552715,0.008026867506372461
Lancl2,0.04899391048152333,0.00808911228582347
Slc25a14,0.04898911915867913,0.008094476501550157
Sipa1l3,0.04898771390659181,0.008094476501550157
Ptpn3,0.048987557569717996,0.008094476501550157
Rusc1,0.04898723846252339,0.008094476501550157
Ube2j1,0.048965860083291714,0.008127740497591034
3830406C13Rik,0.04896353644665596,0.008130200922491677
Spred3,0.04896189615959401,0.00813150148314144
Tns2,0.048946722668137196,0.00815582088002052
Ocrl,0.04894556062173675,0.008156310702556374
Uggt1,0.04894407248989094,0.008157356199727484
Nubp1,0.04892515968695156,0.008186640345730847
Sdhc,0.04891894557639125,0.008194275192989627
Ube2h,0.048900534972572615,0.008224317770741755
Hikeshi,0.048889631116185286,0.008241545171610805
Nudt1,0.048883610021655505,0.008250398528588668
Kcnip2,0.04884067642276377,0.008321553593445481
Hsd17b12,0.04883506951314696,0.008329765672331587
Wrap73,0.048819606358226485,0.008355126932240066
Kcna1,0.048788556639200356,0.008407807293329793
Nceh1,0.048784520316828534,0.008413344451193154
Slc25a38,0.048756561150549174,0.008457834825483937
Fam122a,0.048740673253419395,0.008482755980982831
Cenpc1,0.0487182220989525,0.008519365779179557
Inpp5b,0.04871603502967058,0.008521691819517448
Gm20712,0.04868681325345338,0.00857206649211657
Scnm1,0.04867600914629939,0.008588837831101205
Mmab,0.04867565992584204,0.008588837831101205
Nol11,0.04866141166838297,0.008612665597225351
Uxs1,0.04866057856700184,0.008612665597225351
Atp6v0a2,0.04864210104734805,0.008642647879018731
Odf2l,0.04863761983510049,0.008649124658944178
Exosc8,0.04862575200352122,0.008665746134299915
Zfp35,0.048613012326238214,0.008687120741735388
Slc37a1,0.04857474255365851,0.008751624042397184
Spag9,0.048573599490285,0.0087521123274785
Tfam,0.048571605379965306,0.008754146256786959
Adamts16,0.048565760779405734,0.008763177219776505
Atp13a2,0.04853904912518561,0.008808660406033784
Kat6b,0.048530281289354354,0.008821489230476877
Itgb7,0.048513522279491246,0.008850580892297837
Rae1,0.04848161805942057,0.00890766104672734
Wbp11,0.04847070481181991,0.008924583966628213
Dicer1,0.04846945544728611,0.008925277694731573
Serpinb2,0.048438989922708765,0.008978495841757802
Tor1a,0.04843233897784184,0.008987673681500247
Zfp148,0.04843230503641679,0.008987673681500247
Sync,0.04841124170315487,0.009022826308694614
Thoc1,0.04841081616504588,0.009022826308694614
Dad1,0.04840235291748708,0.009037001605235264
Zfp983,0.04839098199760144,0.009055004993875772
Aldh1b1,0.04837168060696541,0.009087928000355143
Sp3,0.04836877808846786,0.009090469954469703
Nfe2l3,0.04836858082335731,0.009090469954469703
Gm30373,0.04836141053612015,0.00910230905617048
Tm7sf2,0.04833429198303716,0.009151804014729809
Wdr48,0.04832325855440628,0.00917102997503517
Tmub2,0.04829659785705027,0.009219992787488742
Prpf6,0.04829331516436949,0.009224578933328004
Slmap,0.04827387169611701,0.009260000822970849
Gm10642,0.04825060481231783,0.009302880235357778
Stx18,0.048243290152574246,0.009315246608177964
Ppp1r8,0.04822625721094266,0.009344654059350269
Adamts8,0.04822115982998245,0.009351795012109676
Rpap2,0.048220804510608735,0.009351795012109676
Rpa3,0.04821941622600571,0.00935184362393375
Pigk,0.04821903224175974,0.00935184362393375
Setd6,0.04821594970023279,0.009356103636030016
Vldlr,0.04821409181487921,0.009356318919032703
Mob1b,0.048190225077910834,0.009399070602049388
Mrpl49,0.04818606305271462,0.009405442228688554
Kctd5,0.04818392288517004,0.009407898261105377
Herc1,0.04816669917417787,0.009439638906763179
Pla2g12a,0.04816523424869641,0.00944079003295603
Pex6,0.048151667842779376,0.009463799645829718
1810030O07Rik,0.04814105731030454,0.009481089158893416
Emc7,0.048126700935738925,0.009507440640716264
Acads,0.04809652651055328,0.00956321783020974
Arhgap29,0.0480931483228721,0.00956658811132482
Herpud1,0.048092080490856996,0.009566814992474765
Nipsnap2,0.048085574911394056,0.009577905742238569
2310022A10Rik,0.048081281144183724,0.009584647632175744
Lrrc28,0.0480781057026861,0.009589188480534985
Herc2,0.048073969500058364,0.009595626913060429
E130114P18Rik,0.048053021941383736,0.009631858120093479
Mapk3,0.04804143840770123,0.009651356677225855
Dlx4,0.04802967322002513,0.009672984418647779
Zfp330,0.0480287095041056,0.009673167278551746
G6pc3,0.04801856094787857,0.009691301240266317
Mpg,0.048017220928221256,0.009691301240266317
Rassf7,0.048008767268393794,0.009705922299691506
Crbn,0.0479940756611673,0.009733507577103617
U2af1,0.04799116414332216,0.00973758577990381
Ypel1,0.047988927379745874,0.009740316248160142
Gucd1,0.04798720393103835,0.00974202089540733
Scrn2,0.04797637088395878,0.009760219089083078
Lman2,0.04797150665874511,0.009768222466328897
Sympk,0.047954485653154785,0.009800650649716934
Tomm40,0.04795211980982578,0.009803657377169478
Fam227a,0.04791244862319526,0.009878457328665881
Gm867,0.04790681745044865,0.009888102926414007
Bag4,0.04789929602573442,0.009899825798839138
Safb,0.04789251744298203,0.009908285098576799
Chad,0.04782881255800815,0.01003127212761327
Ankfy1,0.04781460090606303,0.010056911358798316
Mfap3l,0.047813464678424004,0.010057458259921881
Smim11,0.047811444357677965,0.010059825535751302
Gfpt2,0.047803662244656646,0.010074065009523446
Lmx1a,0.04779956067448216,0.010080728261645258
Ppp4r3b,0.047798542123390145,0.010081034370263118
Map3k10,0.04779722382799671,0.01008195908422776
Popdc3,0.04779346073391158,0.010087928923752858
Ap3b1,0.047781131439657114,0.010108008561110871
Rbm17,0.04777765446441573,0.010111602734843773
Tspan3,0.047767812780368846,0.010130174840997397
Mcat,0.04776685614494077,0.010130355871094348
Pacs2,0.04776333644500095,0.0101358482188709
Smap2,0.047760867828946875,0.01013916406139436
Ndufs4,0.04775799168937012,0.010143326240862565
Mrpl33,0.047755981027808266,0.010143925119539822
Rasl11b,0.04775596549928747,0.010143925119539822
Tmod3,0.0477502795247764,0.010153920947974666
Surf1,0.04773815656753599,0.010175715246002269
Tex26,0.04773805372994035,0.010175715246002269
Wdr20,0.04770669067199747,0.010236838023347598
2810006K23Rik,0.04770613993432506,0.010236838023347598
L1cam,0.04770332060389317,0.010240918471726446
Senp5,0.047689315779518626,0.010268431770302537
Chac1,0.04768264281084173,0.010280610348651777
Trib3,0.0476754898395518,0.010293810762390583
Klhl28,0.047662041001342866,0.010320281168493924
Sil1,0.04764774772216507,0.010346762692304667
Ubl7,0.047644775228906845,0.010349373139199659
Racgap1,0.04762530776222723,0.010388719335098407
Ctif,0.04762095557908562,0.01039610479474797
Ppp3cb,0.047567207474103354,0.010505066230001818
Tmem115,0.04755443187629667,0.010530582723227598
Lipg,0.047549696235967095,0.010538881990461949
Nat8l,0.04751147225680095,0.01061372380586128
Pnisr,0.047510006249914936,0.010615015228152905
Ppfia1,0.047502390991726234,0.010629603146747256
Map3k19,0.0474772223460233,0.010676635269852767
Ufl1,0.04747154240708143,0.010687091726207952
Rnf215,0.04746121668352652,0.010705780646871287
Tsen2,0.04745826400718419,0.010710321159362787
Arg1,0.04744772109618972,0.01072952115164027
Dexi,0.047441647991087535,0.010740883372243009
Slc9a1,0.0474261240905189,0.01077103286317634
Zc3h6,0.04742439286053689,0.010772924245364031
Mtif3,0.04741860912847527,0.010783694002810849
Capn10,0.0473818905721133,0.010858696574748842
Tmem238,0.04737993472879744,0.010861097422722557
Sox6os,0.047376074403564034,0.010867701263959199
Spcs1,0.047374905054115096,0.010868368408779135
Maip1,0.047360061744225836,0.010899253713755564
Arhgef10l,0.04735145661185884,0.01091638771066705
Nfatc2,0.04734360799579554,0.010929944197469071
Ccdc166,0.047335650566572206,0.010943758055219025
Ctdnep1,0.047314970425780964,0.010985906947133367
Fam76b,0.04726964855802485,0.01108148440448934
Champ1,0.04725439030952856,0.0111118978990389
Plet1os,0.04723353898624944,0.01115524561233177
Strip1,0.04723343803150224,0.01115524561233177
Ank1,0.0471978198787141,0.011226133316330465
Acot13,0.04718616791207374,0.01124717044133916
Tubg2,0.047185633947159494,0.01124717044133916
Ppox,0.047183121242600615,0.011249711452929538
Pcgf3,0.047180599820735365,0.011253480383549211
Aldh3a1,0.04717165462512372,0.01126878141217264
6720489N17Rik,0.04717128690690619,0.01126878141217264
Urb2,0.047164143226165814,0.011281127174435846
Btg3,0.04716238393754584,0.011281661877423368
Cadm4,0.04711589364886985,0.01138375664798041
Rundc3a,0.04710700372225297,0.011402232989396011
Tubb5,0.04709681282517642,0.011423738882164474
Tdo2,0.04709588151620302,0.01142389045895844
Nono,0.04709387216510666,0.011426530890259731
Med9,0.04709219470656288,0.011428405774282382
Ost4,0.047086477152199345,0.011438081501279026
Ints5,0.047078189941394274,0.011454775671843316
Zfp943,0.04706311230881846,0.011487701422056441
Itga2b,0.04705110911355707,0.011513564353585186
Ttl,0.04703078615744467,0.011558872423422153
Itgam,0.04701018212105821,0.011602973668158443
Magee1,0.0470022901369404,0.011619431463679617
Cep83,0.046998806898249874,0.011625568515701115
Mcm6,0.04699288983803184,0.01163405274004769
Lypd2,0.0469925944023617,0.01163405274004769
Lima1,0.04697712462716719,0.011662263257949258
Tesc,0.04696828196929055,0.01168057149022521
4930447F24Rik,0.046964241216948574,0.01168648042631207
Spsb2,0.046963100890345215,0.011687130784744412
Mcm2,0.04695115050451618,0.011711233221093945
Cdc45,0.04694797646901467,0.011716686079288401
Rbm4,0.046938900510662004,0.011734046603100293
Opn3,0.04692368120419063,0.011763935005117647
Mrpl47,0.046903419055623195,0.01180998074751415
Cry1,0.04685952293439631,0.01190856810037152
Zfp180,0.04685763728541079,0.011911016163180197
Abhd14a,0.046842912690598475,0.011944271519549939
Dcaf15,0.04682629882192756,0.011982161424477576
Fkbp14,0.046810442285349835,0.012018330130245352
Cyp4f16,0.04680900076243586,0.012019725110683995
Gm49085,0.04680262662771049,0.012033044027030908
Mad2l1,0.0468016512309067,0.012033313627951452
AU041133,0.0467916266657195,0.012053787754649138
1700003E16Rik,0.046791441893159334,0.012053787754649138
Ogt,0.04679060039796787,0.012053787754649138
Snta1,0.04678533508874326,0.012064453093078511
Fam204a,0.04676307396760149,0.012113812109312463
Rps6kc1,0.046762418733392104,0.012113812109312463
Sox8,0.04675388212129327,0.012130389574158577
Hoxaas3,0.04675284804183987,0.012130805842627285
Gpn3,0.046703185623848405,0.012241716323650195
Katnal1,0.04669941008600783,0.01224887072767335
Ctcf,0.046685577628367364,0.012278650257581188
Naa38,0.04667518867807765,0.012301552572576355
Golga3,0.046674559065532036,0.012301552572576355
Zfp933,0.046668005540788926,0.01231346637127794
Kansl1,0.04666071048231595,0.012329355174746325
Setd7,0.04663581478548931,0.01238674186470218
Lysmd1,0.04662961180594442,0.012397859660866904
Trak2,0.046624691109906136,0.012407943393256049
2200002J24Rik,0.04660708352103429,0.012447479083938775
Slc44a5,0.04659745006101444,0.012469360713846404
Dis3l,0.04659116464074408,0.01248290712821814
Ndufc1,0.04658729028632325,0.012490436666569424
Azi2,0.04657700631678882,0.012509889626135985
Chpf2,0.046576929521625086,0.012509889626135985
Vamp4,0.04655736331068231,0.012554636789063895
Lmln,0.04653414331371001,0.012608738727811524
Fam114a2,0.04649871395982012,0.012696181205921354
Ankrd54,0.04648375989650583,0.012729791062141112
Dhx29,0.04644359432154301,0.012819075398223002
Ccdc60,0.04643210409498836,0.012846304617394113
Mcm7,0.046379593757409895,0.012977141428768402
Bmp2k,0.04637614483339778,0.012983836411049441
Zfp628,0.04636594161340484,0.013006441979772491
Gle1,0.046365695993687506,0.013006441979772491
Grk6,0.04635592764974452,0.013029555829241899
Dnajc5,0.04628967812146791,0.013193596179249348
Btbd3,0.046224291541132494,0.013357202054612428
Capn7,0.046218455191595974,0.01337041782526266
Fbxl7,0.046214277677756516,0.013379231851106958
Irgq,0.04620557398186278,0.01340010388036182
Ift57,0.046196490013898556,0.013422019646812935
Slc16a6,0.046171371741786454,0.013484845135734677
Vopp1,0.04617126404174404,0.013484845135734677
Nfkbil1,0.046169352509695186,0.013487653757123123
Gm37529,0.04616823631043259,0.01348833180078192
Casc1,0.04614592330198209,0.013541277997465967
Natd1,0.04612740410777449,0.013584176743054453
Sart1,0.04608549594354518,0.013690582395765866
Mtpap,0.04608365956444485,0.01369215999343751
Thumpd1,0.046083189158500196,0.01369215999343751
Micall1,0.0460656293172228,0.013728889652848443
Rbm6,0.04606536827806249,0.013728889652848443
Rpf2,0.04606238051977166,0.01373467685135106
Atxn3,0.04603951440343345,0.013792360582301497
Wdr35,0.046033356067148874,0.013806844618482684
Rmnd5a,0.04602394929648223,0.013830241538658375
Wdr53,0.04601796016531685,0.013843354636919285
Tmem267,0.04601248175068736,0.013854597510007555
Afg3l1,0.04600908579123459,0.01386155375483566
Tmem175,0.04599824693009955,0.013888972567724183
Il1a,0.04599692792644301,0.01389022998052033
Tmem69,0.04599278064309975,0.013898017768892656
Exd2,0.04598932785179992,0.013904031592999723
Nat2,0.045982180413150345,0.013921347691686337
Tmem222,0.045975135989967664,0.013938398918511815
Cenpu,0.04595415038142813,0.013989790794781323
Nenf,0.045916234947851416,0.014092173068609317
Xrn1,0.04589047256849026,0.014159305320236504
Ilrun,0.04588669726344718,0.014167461122118407
Oasl2,0.04587899028378383,0.014186639714455985
Toe1,0.045877727664123576,0.014187763648342034
Tufm,0.045874907329946354,0.014193256091725125
Ccdc173,0.04586511256972043,0.014218329632033391
Uhrf1,0.045858923514216575,0.014233301677473945
Prkd3,0.045855065622344045,0.014241728730925992
Tyro3,0.04584188120415091,0.014274004166342238
Ralgapa1,0.04583672993951888,0.014286101220915967
Hbb-bs,0.045829610554334696,0.014303764627809674
Mphosph10,0.04582489424794165,0.014314655225559029
Cdc73,0.04581120763062438,0.014348501436743214
Bco2,0.04580206475284413,0.014369530153978577
Tex2,0.045798018635456864,0.014378564562408097
Tbl3,0.04578037763077738,0.014426243308844174
Ptar1,0.045778271257569066,0.014429787696058401
Ddx46,0.045754975363709476,0.014488850311331961
Abcb8,0.04575053213814967,0.014499087264872234
Rcn2,0.04574844482911274,0.014502593817747749
Iws1,0.0457465816469389,0.014505460507720036
Knstrn,0.04574499665970095,0.014507532396240789
Aknad1,0.045724319106219824,0.01456430527444518
Ttc36,0.04571615535242871,0.014585278170597257
Ttll1,0.04571123211156562,0.014596956909056685
Nat14,0.045696371826358086,0.014634784660316461
Katnbl1,0.045693650162091336,0.014637670136109017
1810008I18Rik,0.04569057211976742,0.014642378727932281
Fbxo32,0.04568450419975543,0.014654126986945511
Eif3i,0.04568359162638982,0.014654279577473997
Ino80,0.04567581791363442,0.014671759118140339
Rrp8,0.04567046837330263,0.014684733833628017
Ccdc167,0.04566105302641545,0.014709485655619204
2900076A07Rik,0.045643878986335706,0.014756786745941688
Raly,0.0456286268289369,0.014798629078010474
Mcm5,0.045620809441984427,0.014813886094144399
Ccdc107,0.0456199278188943,0.01481395128205071
Ikbip,0.04560461307376326,0.014853611426663185
Tor1aip2,0.04560369225590868,0.014853791755222256
Scrn3,0.045587360537228803,0.014896525019756862
Rnpep,0.04557929894126494,0.014917489709120376
Nfkbib,0.04557848697564018,0.014917489709120376
Smg9,0.04556784319212149,0.014946199865544008
Galnt7,0.04556353905597594,0.014956320591438203
Serp2,0.045561828287283536,0.014958824438892888
C030037D09Rik,0.045557125638461954,0.014970125047414037
Mrpl1,0.04554901282412481,0.014991471657819543
Ptprf,0.04554241117430073,0.015005860744783642
Slx4ip,0.0455389058899336,0.01501366301633694
Fbxl3,0.045516194759311436,0.015075676205836693
Car5a,0.04550179029084827,0.01511326441984525
Fam193b,0.04549887171173557,0.015119376079659925
Syn1,0.0454824989270918,0.015165468974179879
Cenpa,0.04547285058314402,0.015186526398783262
Sart3,0.0454652878920526,0.015206508787179773
B4galt2,0.04546072549660584,0.015217559347876601
Gm3776,0.04544795425793505,0.015250581049982535
Gm20342,0.045434725918248806,0.015285036418452837
Cr1l,0.04542394056045143,0.015314803643203145
Ube2f,0.04540535340548643,0.015365511150574834
Decr1,0.04539672749534351,0.015388908726667181
Thap4,0.04536809831320295,0.015472818567064348
Ptprg,0.04536480137424954,0.015480207132738044
Anxa4,0.045357819842361265,0.015496169992714595
Xpo1,0.04535114218388958,0.015513829763640888
Pctp,0.04533548364087319,0.015556211596130838
Gm45924,0.04533397439057836,0.015558194539715678
Smagp,0.045327270838953826,0.01557599662979577
Ppp2r1a,0.045321306552648294,0.015588947742200834
Glmp,0.045303159451229,0.015641743507169473
Esco1,0.045287194623262264,0.015685377161280885
Ints8,0.04524240867733098,0.01581527814583074
Ctss,0.04522850868555782,0.015852952097428437
St3gal6,0.045223094239829155,0.015867061880850707
Vps13d,0.04521290499851804,0.01589599179300241
Psenen,0.0451792570998665,0.015995348072251395
Cacna2d1,0.04516598465276226,0.016031443144157595
Tpcn2,0.04516346374875298,0.0160366433700569
Zbed5,0.045145712776254836,0.016089552187485062
Clec2l,0.045140612047078796,0.01610286518921079
Gria2,0.04513695625355007,0.0161116498601454
Pam16,0.04511417508410334,0.016177926223824596
Pmf1,0.0451062752240301,0.016200136181300118
Exoc6b,0.0450943541680334,0.016235083775579206
Ankrd13c,0.04508845531828321,0.01625103011457919
Mterf3,0.04508456717249275,0.016260622778497106
Txlna,0.045020967727825635,0.016457634903946902
Zfp334,0.04501332829617747,0.016479352956389918
Dhrs7,0.045007232375818516,0.01649614501043114
Pfkfb4,0.04498889653277979,0.016552290881277718
March5,0.04496036573287303,0.016630439250736817
Tbrg4,0.044919849413598036,0.016753428070646365
Atp6v0d1,0.04491181875607524,0.016771179026379795
Clec4e,0.04490834191351835,0.016779705288824418
Swsap1,0.0449050356266655,0.016787679927758054
Med18,0.044899024244501665,0.01680447722904423
Mterf1a,0.04489488243929712,0.016815188598385666
Lrrc41,0.044888357803339746,0.016833656723002296
Mtmr2,0.044887509180263914,0.016833656723002296
Clptm1l,0.044881861930581766,0.016849305213958072
Ddx19a,0.044871257453077094,0.01688119032556683
Clns1a,0.04486788511478583,0.01688942530863874
Rftn2,0.04484104326771071,0.016966898776624446
Hace1,0.04484085059384981,0.016966898776624446
Gm49700,0.04480816410862614,0.017069034388921843
Dlat,0.04478899892424533,0.01712966701284816
Vps13b,0.04477728430131138,0.017165714795129086
Fam8a1,0.04477317036506719,0.017176538976992207
Mrpl41,0.04477038969480995,0.017182933956279893
Rgs10,0.04476653634515823,0.01719290090926238
Ncor2,0.044764207151754346,0.017196342568966464
Foxk2,0.04476378708577023,0.017196342568966464
Synj2bp,0.04475960873639764,0.017207399491841115
Fbxo4,0.044729930150294805,0.017295018426958766
Ubr4,0.044706678496024894,0.017370084982780302
Atpaf1,0.044688919993611936,0.017418268414186016
Ubn1,0.044683747228713704,0.017432803201318074
Prpf19,0.04467589945734202,0.017453479356030244
Dtymk,0.04465898113816151,0.017507725449491106
Sharpin,0.0446427333334514,0.017559848413070348
Cdadc1,0.044630825617790554,0.01759735834271242
Rbp2,0.04460251034146273,0.01768209442602573
Fam136a,0.04459408011349467,0.01770502369629575
Ptk2b,0.044589875055054996,0.017716464123704468
Spast,0.044565934611601125,0.017795522192345453
Mettl27,0.04456341523557293,0.017801227143492634
Clpp,0.044557878551742376,0.01781729705511859
Icmt,0.04454371369133282,0.017863067494551577
Sbf1,0.04450121954089266,0.018001008393096266
Slc25a17,0.04447097217125208,0.01810017845180079
Meak7,0.04445728754093744,0.018143356778499178
Osbpl5,0.04445687771163282,0.018143356778499178
Zfp1,0.044421471619925955,0.01826133582078091
Mtg1,0.044412848833982214,0.01828862451381275
Gm19325,0.04441153508236493,0.018290227922229403
Mrpl4,0.04440493839717427,0.018307402190343224
Iqcg,0.044385742388068326,0.018369023292493066
Hbs1l,0.04437929959944355,0.018388750412164975
Acad9,0.044376974765188024,0.018393936083509338
Wwp2,0.04436850347614577,0.018420865140559812
Gnpda2,0.044338069332643205,0.018516659178215735
St3gal3,0.04433518963256475,0.01852385091175627
Dolk,0.044332415254099124,0.018530670662350916
Krt79,0.04433122364369615,0.018531860656552844
Ralgapb,0.044326108408199116,0.01854701669713279
Cklf,0.04432321260456389,0.01855427727294164
Mrpl13,0.04431971225752669,0.01856369470599665
Srebf1,0.04431702266845586,0.018570226524058424
Sephs1,0.04430158430130595,0.018616144610194476
Gm5617,0.044287762676690726,0.018662509512343356
Ptprn,0.044280898798949565,0.018680957746506504
Pars2,0.044270900792128656,0.018712400674766833
Paxip1,0.04427041737619356,0.018712400674766833
Klc4,0.044257156800952165,0.01875696083701888
Drp2,0.04424430925537556,0.01880012720385021
Ganc,0.04422633664065292,0.018858801282904732
Gigyf2,0.04420451987512947,0.018931572839695376
Gtf2f2,0.04419955345689736,0.018943372997076227
Ctnnbl1,0.044197600285792726,0.018947352581846703
2410004P03Rik,0.04417498683995183,0.019026447841114277
Frmd8,0.044148383352126896,0.019117296319381746
Atp9b,0.04412777408309097,0.01918966828557376
Ppp4c,0.04412536971817993,0.019193423091087743
Gdf5,0.04412503760056108,0.019193423091087743
Ddx41,0.04410219813033552,0.019268706602909382
S100g,0.04410199401050221,0.019268706602909382
Srsf4,0.044080459258596966,0.01934500873977271
Rab3ip,0.04406321062066062,0.019402510707594252
Erc2,0.044056992516051885,0.01942035554087249
Btbd1,0.04403226423058761,0.019507935473984474
Mbnl2,0.04402972050467438,0.019514218831605153
Mpp1,0.044027804647750635,0.01951816476670809
Apol7d,0.0440261864952546,0.019521002386079258
Chchd4,0.04401070134194172,0.019572381817564776
Borcs6,0.04400768647958737,0.019580444934354683
Idi1,0.04399894213322895,0.019609936896614666
Gper1,0.04398404384856554,0.01965932386305243
Clock,0.04398050757345469,0.01966937512171327
Cenpt,0.043977072992560734,0.01967873480205854
Sema4d,0.04397630067979792,0.01967873480205854
Gm17655,0.04397156761436315,0.019693289495056644
Kat7,0.0439683588384452,0.019702126693763783
Qsox2,0.043931728078147936,0.0198253497978405
Faap100,0.043930414714483126,0.019825725280129065
Rxylt1,0.04392506396043719,0.019842712361380157
Paqr4,0.04392072593411867,0.019855881303973182
Prpsap1,0.0439134643167599,0.019880126389908114
Zfp740,0.04390554448583534,0.019906893162322796
Acsbg2,0.043902683451091405,0.01991449790540678
Vps9d1,0.043897454445471634,0.019931090912817327
Usp13,0.043892763905641834,0.019945651238004136
Uck1,0.04388907307253744,0.019956422375201895
Gm16536,0.043884930498849735,0.019968916160049057
Taok2,0.04386348745222691,0.020042752728807043
Psmg1,0.04386325231065627,0.020042752728807043
Mapk1ip1l,0.04384762747697402,0.0200943393928906
Zfp626,0.04384604429239037,0.0200943393928906
Osbpl2,0.04382667157374755,0.020165238682552388
Mcee,0.04382253419730125,0.020177829192665694
B4galt7,0.043814025653126254,0.02020659195261343
2310009A05Rik,0.043812622850882575,0.02020659195261343
Sdhaf2,0.0438124778212981,0.02020659195261343
Mfap1b,0.04380214466831511,0.020243033333760565
Atp5h,0.043799818262494454,0.020245408033672786
Ints1,0.04379410465226805,0.020262772618221007
Cd200r4,0.04373889702665806,0.020461120877788556
Hist1h4i,0.04373764676143456,0.020462657844980758
Tmem241,0.043733282465052564,0.020476296354017955
Ip6k1,0.04372709421525203,0.02049703801740123
Cenpf,0.04371370666241721,0.02054251834124663
Umad1,0.0437043390260384,0.020574210012336953
Wdtc1,0.04370035720419787,0.020581268212418763
Nr2f6,0.04368539096065911,0.02063309211047744
Samd11,0.043680784682995515,0.020647780099610064
Fads3,0.04367834397207226,0.020653994226038808
B3gat2,0.04364623211973492,0.020773382081659002
Pomt2,0.04364356162919722,0.020780534161869677
Gm45397,0.04363772083506079,0.020800180421066454
Naca,0.04363610456437032,0.020803185277045153
Zfp994,0.04357932899020244,0.021021263298739348
Rnf135,0.043548382681872354,0.021137877979634387
Tbc1d10b,0.04353032292555504,0.021206771250801493
Gemin6,0.043524201839580376,0.021227898572408924
Cds2,0.043512377058192324,0.02127196833184829
Trmu,0.043509519522300436,0.02127658468107348
Zfp235,0.04349870522779833,0.021313230151628133
Ppp4r1,0.04349706036354466,0.021316413676141177
Rhbdd1,0.0434777082215665,0.021391043453709454
Cir1,0.043469889131719654,0.0214192023383005
Pex12,0.04346517104638106,0.021434837393843414
Bcl2l12,0.04345984208287046,0.021452957347800623
Stfa3,0.043430859737731205,0.021567179088308498
Elf4,0.04342466567310457,0.02158892204336479
Clp1,0.04341289865716909,0.021629931570479138
Txnrd3,0.04340406294481311,0.02166252317110033
Ipo9,0.0433989323058665,0.021680002451529738
Serhl,0.04339543095581334,0.02169082790318903
Erfe,0.043394044428304766,0.02169300431595338
Efcab1,0.04337838769236017,0.021746632580630296
Tmem199,0.04337489191836631,0.021757465599327085
Dyrk3,0.04337005526958939,0.02177030121137562
Shld3,0.04336842044257054,0.02177350591534747
Lbp,0.043366329464402505,0.02177507925741515
Grin2a,0.043358838841601285,0.021802336620436447
Polr2k,0.04335469800464938,0.02181584794269379
Xpot,0.04334882655563398,0.021836487020407754
Lca5l,0.04332313328828738,0.021938912340587462
Ccdc71,0.04331770929901643,0.02195164880750559
Parvb,0.043317490574116095,0.02195164880750559
Tent2,0.04331248748323191,0.021968809283954147
Nars,0.04328460964700696,0.02207731289365182
Mannr,0.04328332579700912,0.02207910059923673
Impa1,0.043277335091608665,0.02210045638320442
BC003965,0.04325680264124788,0.022170053836909502
Ccdc92,0.043256218537091065,0.022170053836909502
Myom2,0.04325580762311744,0.022170053836909502
Sergef,0.043255503507175684,0.022170053836909502
Tchp,0.0432494831403622,0.02219161203950902
Cobl,0.04322236185456739,0.022297915866704196
Has2os,0.04320003373075756,0.0223880926475187
Nedd9,0.043199081206358396,0.02238850981139495
Dnaja3,0.043189823112905895,0.022423891563899744
Tent4a,0.043187649956403715,0.02242945240409305
Tmem8b,0.043180609262129174,0.022455536997254538
Onecut2,0.04317293400025095,0.02248072578738793
Atxn1l,0.04316706980671047,0.02250189156255454
Leng9,0.04314265589640141,0.022601643969084845
Pdpk1,0.04313859019177183,0.022613325477492573
Tmem41a,0.04313819651640145,0.022613325477492573
Rabl3,0.04312814045162739,0.022650554354505543
Hecw2,0.04312772476903529,0.022650554354505543
Pdik1l,0.04312603319011119,0.02265411905302074
Atp6ap2,0.043111025631241036,0.022714357440922987
Dcaf17,0.04310590743448093,0.02273253709152457
B3galnt1,0.04309441148667623,0.022777956614372534
Pebp1,0.04308336740321727,0.022821523163008235
Mapk11,0.0430762165153485,0.022841678201046735
Rrm2,0.043076099882377615,0.022841678201046735
Klhl40,0.043060257610444574,0.022902279958392568
Mlx,0.04304770956325731,0.022952523097174177
Tm2d2,0.04304620216088605,0.022955338476236858
Tubgcp3,0.04304033001562414,0.022976934264610567
Neurl1a,0.04299210925404181,0.02317792320552042
Sem1,0.042981585096340084,0.023219907530029105
Nacc1,0.04295859064828379,0.023305123763809894
Chrna1,0.04295708702623441,0.023307204680507478
Prkrip1,0.04295116880758606,0.023326329475499282
Slc25a10,0.042928208628235286,0.023419208188590588
Gm43050,0.042901300664304726,0.023522265633268497
Necab3,0.042895572721220444,0.023543698448733556
Llgl1,0.04287959833459325,0.023606527962122256
Lipc,0.042877662423138126,0.023611303870269232
Ilkap,0.04287522611208124,0.023618287809416064
Rnaseh2b,0.04285504502227826,0.023703668306321996
Get4,0.04284642052227883,0.023730523682793544
Slc25a29,0.04283484946811956,0.02377575543309136
Gm41307,0.04282595958842089,0.02380614605435764
Gm26879,0.04282009983068706,0.023826233383483084
Ltv1,0.04281973388453653,0.023826233383483084
Znrd1as,0.04279747829143902,0.023921526039536442
Taf15,0.04277990182074221,0.023996221721018448
Prickle3,0.042733480180823964,0.02418543855346053
Brd7,0.04269716097225665,0.02434564339091682
Aimp2,0.04268813756733525,0.024382683647977483
Trub2,0.04268573941838328,0.02438969429266051
Brap,0.04267239187742598,0.024446448443952568
Zfp946,0.04266915592160506,0.024455588704927034
Nuak2,0.04266515009019952,0.024463871423908108
Nrde2,0.04265424607871579,0.024498780025741556
Dcps,0.042650352580668474,0.02451184482957004
Orc2,0.04264162752623421,0.024544273179729483
Ramac,0.04264153668110072,0.024544273179729483
Kmt5b,0.04263667148916137,0.02456258920978707
Pilra,0.04263284371822854,0.02457617847792857
Lrp11,0.04260902200722789,0.02468129511726581
Ddx54,0.04257539329446773,0.02482019940055649
Dap3,0.04256996344622387,0.02484130053565134
Med11,0.04256209446920732,0.024869742481067377
Gm19412,0.04255695176425052,0.024885130822258777
Edn1,0.042556206013232026,0.024885130822258777
Vpreb1,0.042553402937742714,0.024894144302037617
Mrpl19,0.04254157133569192,0.024944913121702893
Fzd10os,0.042529528388350155,0.024996753371150357
Plxna4,0.042524645207186,0.025015451398979743
Aldh2,0.04248540166635039,0.025182205673973942
Rspo2,0.04248157206699653,0.025196106293270456
Irak1,0.042456375468822125,0.025306009711197057
Srrd,0.04245545947981471,0.02530631063593764
Gm14966,0.04243694172895469,0.02538122723068593
Exoc4,0.042432653155045685,0.02539738313068237
Abi3,0.042429739990978606,0.025407078360687948
Exoc5,0.04242714260617976,0.025415133182313938
Fam180a,0.0424263249165128,0.025415133182313938
Cops7b,0.04241961067474365,0.02544272947728529
Ctu2,0.04241476736901599,0.02546153473057137
Osgep,0.042412136235597295,0.025468684276457026
Tars2,0.042406165539691024,0.025490050405557334
Naa16,0.04238483802594874,0.025586793613883756
Sgsm1,0.04237721892160878,0.02561884114575926
Bfsp1,0.0423719660096976,0.025639703365958423
Stk10,0.042355506238832205,0.02570975585102975
Psma5,0.04234969276290598,0.02572924316138754
Abca6,0.04234885430596464,0.02572924316138754
Capns2,0.04234686966158666,0.02573262930382151
Gm48604,0.04234644090372636,0.02573262930382151
Gm27216,0.042335837361937384,0.02577803071810177
Birc6,0.04233520102709119,0.02577803071810177
Edn2,0.04233233018267674,0.025787656013330124
Fktn,0.042328715980475856,0.02580082810371155
Fra10ac1,0.042322103534774454,0.025828308650099545
Rfc2,0.04232070254699417,0.02583093647067646
Topbp1,0.04228011453907079,0.026021176711144227
Gm41442,0.04227821875293544,0.026024959566627086
Ubr2,0.04227422252836647,0.02603722413995641
Brdt,0.042269271087384166,0.026056938155209847
Dhx58,0.042267723021743066,0.026060293456959413
Rwdd2b,0.04226416424876626,0.02607278088247044
Rab2b,0.04225003802108751,0.02613316587942853
Vamp2,0.04224904110142804,0.026133873581714318
Lzts2,0.0422347916706975,0.02619443533741091
Tmem104,0.04222693239190803,0.026228314966334394
Ube2e3,0.04222198995143394,0.026248113786874413
Timm44,0.042217650082399194,0.02626466093592719
Fam129b,0.042216871892695164,0.02626466093592719
Atpsckmt,0.04221156670483321,0.026286242078504416
Scaf11,0.04220984139234065,0.026290485159392602
Rmdn1,0.04220607346388237,0.026304631066796084
Zfp449,0.042203161796807595,0.02631463074218715
Odf3l1,0.04217452273084983,0.026449716623680918
E2f1,0.04217316381216172,0.026452197300102804
Fyco1,0.042140652972341264,0.026602702612197552
Alas1,0.04213106915180245,0.026641335292737562
Triqk,0.0421215333171954,0.026683954908970915
Dop1b,0.042113053059738975,0.0267214446375224
Stil,0.04210634732376173,0.026750247170230626
Tchh,0.04209400088720971,0.026806873794419615
Slc35b2,0.042085901072164374,0.026841096361816787
Retreg2,0.04204595405173817,0.02702356812331622
Lgr6,0.04202836297540979,0.027102573286625267
Mal2,0.042015862147941854,0.027160626958883726
2410022M11Rik,0.042009222533440575,0.027189515644312216
Enox2,0.041995852234141165,0.027252082572747933
Mefv,0.041987641943853245,0.02728892234992568
Psmd3,0.04198007015571866,0.027322604464321297
Mipep,0.04196336852492952,0.027402182526474514
Gm28875,0.041953627330725864,0.027446906515413934
Col2a1,0.04191710820168885,0.02761837129018184
Guca1a,0.0419145664209735,0.027626932759375233
Cops2,0.04191220997982467,0.027634558279368192
Ndufb3,0.041897303293735026,0.027692877704062868
Optn,0.041894728043370494,0.027701631142725173
Chic2,0.04188579148451817,0.027737054486393388
4732491K20Rik,0.041885201706831306,0.027737054486393388
Selenow,0.04187957301342604,0.027761342190207094
Gsta1,0.04187248167371131,0.02779309176696214
E230016M11Rik,0.041869599699933126,0.027803436023733506
Ahsa2,0.041855354779461604,0.027863035527410825
Sptssa,0.04184630708433518,0.02790487753323109
Tmem35a,0.041824565437650806,0.02800305160478484
Rwdd4a,0.04182167443623664,0.02801351177608921
Nt5dc1,0.041815554885084406,0.0280405304513914
4931440F15Rik,0.04181076808676623,0.02806073141321774
Trmt6,0.04178341107255984,0.028192686821113422
Lysmd3,0.04177552601051647,0.028224582185779192
Prox1,0.041761158282771584,0.028294393152917603
Ctu1,0.04172751446365385,0.02845555343885987
Aftph,0.04172218588018605,0.028475526782531103
Flot1,0.04172197221575,0.028475526782531103
Mavs,0.04172053532194534,0.02847622615155351
Pycr1,0.04172013879000464,0.02847622615155351
Zfp780b,0.04171791309130712,0.028483382702632874
Impdh1,0.04168965800464958,0.028617336437183512
Opa1,0.04167322467794854,0.028698810834810025
Sec22b,0.04166567590960267,0.028733898455438698
Setd3,0.04165337384987223,0.028789509526751758
S100z,0.04165141989015378,0.028795308290112332
Ebag9,0.041620962810539536,0.028942160693838266
Tut7,0.04161129503058225,0.02897972914841738
Atp6v1c1,0.04160900081985894,0.028987359210374496
Krr1,0.041603162737425994,0.029013714766898673
Gm15991,0.04159591226367,0.029047562441759666
Wdr75,0.04158273757313274,0.029112832434371714
Erh,0.041574941992486694,0.0291496741755364
Zfp768,0.04157243419269479,0.029158477433872815
Zfp213,0.041568397764063826,0.029175400359912496
Cnot2,0.041566633865967574,0.029180259716922088
Kpna6,0.041560608436472954,0.02920776545122369
Cdiptos,0.04154526744332799,0.029275846859797845
Glce,0.04151549983985902,0.02942569901320518
Cul4a,0.041508069629366595,0.029460405499571875
Zfp414,0.041478928822588815,0.02958998224811698
Hopx,0.04147728657137427,0.029594249623979715
C2cd3,0.041462260505671165,0.029670571295946132
Cdk13,0.041457456063660386,0.029691897509750258
Raf1,0.04144925509011668,0.029726989459996734
Pacsin3,0.04142776445432063,0.029834010552658944
Gm43138,0.041426729843507856,0.02983501823212369
Gstp2,0.0414144579738652,0.029892335082721454
Grip2,0.041404016386860115,0.029939622336315395
Serf2,0.04140320172636135,0.029939622336315395
Sp2,0.04139568117548827,0.029971273783363134
Zfp647,0.04136480647874415,0.03013028490986475
Ddr2,0.04136361736936066,0.030132146639907903
Relch,0.04135180288261107,0.03019210340144685
Mmp14,0.04134434536592729,0.03022364314106028
Vars2,0.041341723527003604,0.03022860844200055
Haus3,0.04131700545008866,0.030355054811574078
Mpv17,0.04129796346297052,0.03045522925167911
Zfp317,0.041282532098773306,0.030532274643468634
Lancl3,0.04128230967072998,0.030532274643468634
Ctdsp2,0.04127916945271968,0.030544942782308276
Hdgf,0.04125343939366018,0.030682768281248666
Ube4b,0.0412467901643815,0.030706288111212218
Thbs2,0.04124665799406074,0.030706288111212218
Ap2a1,0.041242621251055926,0.030724000957654582
Gm12743,0.041236301463583175,0.030754417456475096
Mrpl10,0.04123527115214541,0.03075543077860268
Cpped1,0.041233104242003236,0.030762766516357978
Cog1,0.04123180181421346,0.03076529490160222
Ttc33,0.04121024226769844,0.030875968597102406
Dhx40,0.04120001248897568,0.030928362452250564
Lhfpl2,0.04117116568816907,0.03108043056347754
Eda2r,0.04113563982261744,0.03127304951819888
Kat8,0.04113524632704136,0.03127304951819888
Pus10,0.04109951781326761,0.03147045438218624
Ssb,0.041095653966240264,0.031487568800491944
Ctdsp1,0.04108992066350588,0.03151531298307333
Ncdn,0.04107069643582843,0.03161207621987391
Qrfpr,0.04106953570045522,0.03161207621987391
Sco1,0.04106951931004005,0.03161207621987391
Zic2,0.04105761354071436,0.031675129019104305
BC106179,0.04104869120476166,0.03172123826589258
Jcad,0.0410430270550991,0.03174876737089317
Hipk2,0.041040921533654795,0.03175595555238473
Alyref,0.04102296024525595,0.03185397592568157
Srebf2,0.04102032484196409,0.03186422457943323
Snx13,0.04101083434030221,0.031908962749006106
Arl5c,0.041006013970217504,0.03192690709130909
Vstm5,0.0409950934213521,0.031984836997190354
Nectin4,0.04098184254571343,0.03205629674553985
Setx,0.040978057221558485,0.03207323784849249
Gm46658,0.04096883263491962,0.03211669755949065
Gpr20,0.040961376676558456,0.032154887812425384
Gm16793,0.04095801258435346,0.03216453049885239
Hmgxb4,0.0409547758719453,0.03217834828715547
Actr8,0.04093146935103301,0.0322985755440826
Mettl26,0.04093063911376736,0.0322985755440826
Gm39323,0.04092867050190347,0.03230015786825912
Stx5a,0.040916604260910094,0.03236040977145835
Mrps21,0.040898864976355136,0.032453342894681624
Recql5,0.040898098212017946,0.032453342894681624
Tmem202,0.04089143186534856,0.03248233048577745
Rab42,0.04087635224682203,0.03256049204395996
Atp6v1g2,0.04087263839909811,0.0325772515725842
Prpf3,0.040869256035768915,0.03259207938559558
Tonsl,0.04086320799155719,0.03262251896889581
Hells,0.04082759391157024,0.03281667523190194
Tgfbr1,0.04080934517531655,0.03291423783653957
Tkfc,0.040791853463005255,0.03301259151878031
Selenok,0.040780208819513844,0.033073625099593315
Mis12,0.040779851184293114,0.033073625099593315
Cstf3,0.04076540148384111,0.03315432409285161
Zfp668,0.040745846855331676,0.03326559330284452
Eif2b4,0.04073842173323147,0.03330479201101054
Pi4ka,0.04073661828507239,0.03331048911014702
Szrd1,0.040725852837928025,0.033369681169405016
Cipc,0.04071588865592241,0.033424172023770016
Nudt3,0.040712695173675026,0.03343820386396467
Elp1,0.04069513728504475,0.03353323629887199
Ro60,0.040687339736943835,0.033574946961010994
Ankra2,0.040683456419243424,0.033593178585473886
Slc30a1,0.04067362718087142,0.03364717620196215
Hdac1,0.040661689331499565,0.03371395632837256
Nme7,0.040658741562466814,0.033723709558448806
Cep57l1,0.040658375109248884,0.033723709558448806
Drc1,0.04064749095770797,0.033779139595829406
Zfp830,0.040633486400964196,0.03385351887671518
Wwc2,0.040622255855455335,0.03391637033797983
Gm15987,0.04061643447545566,0.033941373055147675
Ears2,0.04061277810353063,0.03395840310068663
Riiad1,0.0406079299706614,0.033982672428458885
Sec24d,0.040595386293491284,0.03404856179367978
Tomm34,0.04058265416551187,0.03412087231837578
Ptgr1,0.04057318029816466,0.034173442132136675
Negr1,0.04056620553235615,0.03421082471881479
Ints7,0.040528974576877555,0.03442313960606638
Slc2a12,0.04052556681826214,0.03443885332810698
Usp8,0.04049968737709011,0.03458239148454245
Atp6ap1,0.0404932988575383,0.03461654832826933
Dixdc1,0.04047380058808522,0.03473174287606636
Mindy1,0.040468287708026775,0.034760607565632866
Otub2,0.04046194273651862,0.03479464802212563
Pnpla6,0.040441263017208406,0.034917702854242914
Dusp7,0.040437836401613254,0.03492907738810203
Zbtb43,0.04041108401873074,0.0350845138101279
Aco2,0.040409552242973955,0.03508877932419375
Osgin2,0.04040558082139847,0.035108276376954906
Ctdp1,0.04040449673677945,0.035109749725468736
Yeats4,0.04039883670690389,0.03513980801257732
Osgepl1,0.040392731161289025,0.035172674938076263
Yme1l1,0.0403830865856792,0.03522772580590358
Stx17,0.04037621230835568,0.035265482832580804
Zfp952,0.04034683721155716,0.035440632976195284
Pard6a,0.040345906446891136,0.035440632976195284
Zfp410,0.04034493857859273,0.035440632976195284
Arrdc1,0.04033832002600243,0.03547697752593229
Snrpa,0.04033199762423965,0.03551148687156393
Ip6k3,0.040322266459317704,0.03556754674281262
Pqlc2,0.04031779387686115,0.03559044272703701
Eea1,0.0403152453695004,0.035595830784108114
Psme2,0.0403117173653615,0.03561277143695883
Vps52,0.040306576768321264,0.03563327597600461
Tango2,0.04030555645690203,0.03563327597600461
Phf7,0.04030509232074809,0.03563327597600461
5530601H04Rik,0.040305084479011835,0.03563327597600461
Lrrc17,0.04030319925213662,0.03563984101350597
Ttc30b,0.04030037170540273,0.03565236966620207
Hnrnpa1,0.04029835977470346,0.03565680550460373
Plpp7,0.04029688431878705,0.03565835797440674
Bbs4,0.04028745616764045,0.03570733175180972
Gusb,0.040283921316385744,0.03572338680573074
Gpalpp1,0.04028322918396481,0.03572338680573074
Ddx28,0.040278550116050076,0.035747683937924
Ap1g1,0.040274131289479,0.035764974207225846
Kdm2a,0.04026325767806349,0.0358281227721779
Rbm10,0.040260406778879064,0.03583599780582595
Pigc,0.040244843460474904,0.03592049825767701
Ccdc102a,0.04024458503345981,0.03592049825767701
Prr14,0.04023236200944261,0.03599300908390906
Map7d1,0.04022453737327802,0.03603361864569621
Cd300lf,0.04022430687722977,0.03603361864569621
Pcid2,0.04022054212708999,0.03605225974320472
Tpp1,0.04021546788658636,0.036079279219135695
Ppp2r3a,0.04021368584925557,0.03608526361079433
Gm46603,0.040207547371750266,0.036115266925298435
Ccdc174,0.04019890698070044,0.03616359786562514
Aldh18a1,0.04018498395970157,0.03624744367230312
Efcab5,0.040181059100428525,0.03626720994084694
Hcn2,0.040151444189225685,0.03644689694188521
Nrn1l,0.04013821888914098,0.036515876688589514
Trappc12,0.04013128050770459,0.036555249853089444
Zfp266,0.040123245122994096,0.036601760020136084
Serpinc1,0.04010084912867021,0.03673930188501253
Dnajc25,0.04010033879527562,0.03673930188501253
Hba-a1,0.040095685910075084,0.03676403124034724
Plcxd3,0.04009401264464101,0.03676853533039122
Gak,0.040087027658253324,0.03680382037015311
Acsl5,0.04008489779420691,0.036806672888445136
Ranbp3,0.040041027613902644,0.037081902751735556
Atg4a,0.040023036674431724,0.037188741574481876
Inka2,0.039976547100761047,0.03748377976417622
Garem1,0.03996113184934557,0.03756895852448178
Msantd3,0.03995642165980793,0.037594551523811866
Il34,0.039931980052021386,0.03773107172476441
Sgcd,0.03993161796234753,0.03773107172476441
Dhx57,0.039919625321792884,0.037805220926410095
Crybb3,0.039913303802868116,0.03784169027424308
Aktip,0.03990808692099737,0.03787082382309767
Taf2,0.039894860865042514,0.03794779761089048
Smug1,0.03988206426905129,0.03801275609372035
Tspyl4,0.03988175878881218,0.03801275609372035
Ipp,0.03987628053295662,0.03803997197374594
Gstp1,0.03987599972060879,0.03803997197374594
Rnf5,0.03987203504584401,0.03806085293880857
Agk,0.03987078288622927,0.038063574753029926
Ppp2r2a,0.03986734359517285,0.03808094759173494
Btbd2,0.03985003339655003,0.038185712216822876
Bin1,0.039842194959931965,0.03823269789590282
Nbdy,0.03982296247457786,0.03834721453147811
Slc6a20b,0.039822645968139905,0.03834721453147811
Ckap2l,0.039819841851346,0.038360417411178765
Hba-a2,0.039807019167538045,0.038441243392388406
Cmc1,0.039803580111501535,0.0384587645281562
Taz,0.03979194604932667,0.03853172487456361
Taok1,0.039789264116203024,0.03854415560713455
Ran,0.039778961529452025,0.03860822823852498
Zfp24,0.03977192763746124,0.03865020502741928
Paip1,0.03976856516207689,0.038667289087354006
Farsa,0.03975962506272089,0.03871281632958399
Lrrc40,0.039759124318333346,0.03871281632958399
Cox15,0.03974488891658438,0.03879952286821772
Gtf2b,0.03973817492090906,0.03883950021684425
Dedd,0.03973690926265792,0.03884236530658367
Tmem120a,0.03972180713250439,0.03893386436668781
Csad,0.039712098651170674,0.03898865574529028
Gm34922,0.03970728184156616,0.03901582061140286
Pbx3,0.0397007828028144,0.039054519655134935
Pxn,0.039682640875379926,0.03915608298840479
Alkbh2,0.039681164718516425,0.039160047885853894
Atp11a,0.039676562521435026,0.039185843523348626
Rap1gds1,0.03965274706662004,0.03933804322896801
Zmynd8,0.0396494609593236,0.03935486760354557
Hoxb2,0.039641316972645196,0.039399379310113426
Creld2,0.03963963606927536,0.03940444497435595
Zc3h10,0.0396346746254469,0.03942773513411471
Zkscan17,0.03963017502570621,0.03945297603604787
Gtpbp2,0.039613088913960426,0.03956177455940036
Epgn,0.03960953191631299,0.03957585307209107
Nudcd1,0.03960903237982027,0.03957585307209107
Ptrhd1,0.0395725787168403,0.039805517189930736
Nudt6,0.03954134285315621,0.040011658125729314
Tnrc6b,0.0395395229001572,0.0400184784141453
Fam49b,0.03952297675896333,0.040122497548995634
Ncoa4,0.03948915551739002,0.04033637283362652
Wdr6,0.039482623995420976,0.04037643537681314
Fbxw5,0.039447914192675286,0.040609744773566436
Usp7,0.03942113039169286,0.040790186976601805
Krtcap2,0.03942079981373215,0.040790186976601805
Ubald1,0.039404379071688596,0.040895051091411144
Taf12,0.039386385362698756,0.04100534669816687
Rnf220,0.03936514847717009,0.04114518391045271
Trp53inp1,0.03935861537699986,0.04118595277107736
Ppp2r2b,0.039351525848295,0.0412251128022616
Pcsk7,0.03935146601982602,0.0412251128022616
Abhd16a,0.03932733090079963,0.0413742926965112
Edem3,0.03929774095103257,0.04156945902945534
Cln8,0.0392285474356071,0.04204757620494886
Ptx4,0.03919183989498433,0.04229149702927969
Slc29a3,0.03918192097233538,0.04235812092285519
Fkbpl,0.0391638650758694,0.042472280195831234
Snhg20,0.03914663562572626,0.04259309933868907
Btbd6,0.039139229729936956,0.042641557376747116
Rpap1,0.03908672161590729,0.042999666815242005
Dcaf4,0.03908250115945394,0.04302479159964837
Poc1b,0.03907600750344531,0.04306687307707777
Zfp326,0.03905621729310242,0.043201970644642394
Lig4,0.03902317329076251,0.043436882645345516
Vps16,0.03901645916360756,0.043480969500705055
Spopl,0.039004894460780766,0.04355522752326955
Prss12,0.03898598228162262,0.043672240418053586
Tirap,0.03897751054914071,0.043723413687464116
Zfyve19,0.03897401748627708,0.04374340689819856
Clcn6,0.038963767989888314,0.04380852898197124
Ccar2,0.03894183553323946,0.04394861460992687
Prkch,0.03891661731621352,0.04412396745310071
Dnajb12,0.03891584959493901,0.04412396745310071
Hand2os1,0.038915376244472145,0.04412396745310071
Mthfd2l,0.03889562264142932,0.044250782473621436
Zc2hc1c,0.0388925366294205,0.0442658214295715
Letmd1,0.03886249294274629,0.04448270534905553
Sf3a1,0.03886105112895138,0.044483057699368035
Ccl21a,0.03886075430346504,0.044483057699368035
Creb1,0.0388561098150908,0.044512183639119185
Thtpa,0.038835875077028424,0.04464809810753979
Raet1d,0.038829745662964564,0.04468223351401649
Hapln1,0.03882876026373406,0.0446833064095586
Utp18,0.03882444821747997,0.04470347499192585
Dnajc7,0.038821481359602186,0.044719806537863456
Lrrc27,0.0388196236601123,0.04472760053573534
Gemin2,0.03881320770864724,0.044770519219459265
Itprid2,0.0387909395985902,0.044918833303941655
Golph3l,0.038779810628036704,0.04498275573092914
Nupl2,0.03876679470943748,0.045070478315103926
Zfp518b,0.0387255411208874,0.04536490175955721
Fam3a,0.038715856040717624,0.04543386186117874
Aven,0.038697277398048846,0.045565859043619115
Lsm3,0.038694284028750796,0.04558267027061715
Ppip5k2,0.03869216662596708,0.04559262802185875
Mlh1,0.03867689922864042,0.04569903702960041
Ciz1,0.0386553934943966,0.04585472606434938
1700037H04Rik,0.03864549325574335,0.04592602372472625
Pbx4,0.03864394317686053,0.045931574565151366
Cnot10,0.038642285189987254,0.04593797707222154
Hoxa7,0.03863985282088787,0.045949389100208446
Hacl1,0.0386391464692316,0.045949389100208446
Rab11fip1,0.03862574321925075,0.04604846946637083
Sgsm3,0.038620894173534,0.04607341740549191
Ticam1,0.03861964725628304,0.04607659121815838
Apoh,0.03860378262795294,0.0461953945602034
Rack1,0.03860243266471575,0.04619939125852878
Klhl42,0.03860061092257205,0.046207125506086105
Dmap1,0.0385893289135936,0.04628314964845258
Wfikkn1,0.038587164043685805,0.046293618856392924
Fbxo38,0.03856131178972576,0.046471375287413505
Ifi30,0.038560568872344644,0.046471375287413505
Dguok,0.03855642136182473,0.04649766776282232
Gm8883,0.03854563526142686,0.04657015060220044
Fbxo5,0.0385409212808748,0.046601010720126665
Lhx2,0.038531232099003464,0.04667161796865397
Zbtb14,0.03852073753442397,0.04674163550512781
Haus6,0.038519849568463264,0.04674163550512781
Ap3d1,0.03851821688841608,0.04674189883464616
Cit,0.038514060511528767,0.04676839586373569
Ube4a,0.03849506695232079,0.04690704983384125
Gm45620,0.03849295353494075,0.04691723188163111
Mfsd7a,0.03848814222987831,0.04694907269025253
4930430F08Rik,0.0384725980131663,0.04705363803908834
Socs4,0.038469640634310805,0.047070639329375434
Fbxl6,0.03846356194461103,0.047112775184036705
C130021I20Rik,0.03845904282872935,0.04714237667416395
1110019D14Rik,0.03845685787759943,0.04715318133803954
Bysl,0.03844989036431405,0.04720254948020451
1700052K11Rik,0.03843676050325706,0.047301733533554546
Baalc,0.038429595490132924,0.04734600681147648
Gigyf1,0.0384198943946658,0.047405970517164484
Mri1,0.03840183943100533,0.04752982197640643
Gzmn,0.03839943679241131,0.047542471727921
Zbtb41,0.0383980685119182,0.04754672962657158
2410004B18Rik,0.03839381651703126,0.04756755033828143
Rab40c,0.03838206171343232,0.04764934867903096
Efs,0.03838077544688031,0.047652950203476985
Kat5,0.03837681957586225,0.04767826449365953
Rnf34,0.03836165487503222,0.0477948872662835
Ncf4,0.038358320055741614,0.047815201283028956
Gm15851,0.03835404748820774,0.047843173440176426
Lrrc57,0.038330518202088125,0.048028577083422425
Kat14,0.03831517338496254,0.048140497469197525
Gm15674,0.03830968835903113,0.0481785838371519
Ankrd16,0.03829037291126018,0.048295716597536203
G430095P16Rik,0.03828678421772067,0.04831136723195144
Tti1,0.038274549009607584,0.048398224472865445
Gm13470,0.03827126790218349,0.048418318177664094
Col18a1,0.03825666267583213,0.048531871803529525
Ss18l2,0.03824675194823741,0.04859984452507716
Trim41,0.0381981327517455,0.048975257056342404
Mplkip,0.03818867602814952,0.04904700672013908
Mypop,0.03818094878585533,0.04909737871024736
Cenpm,0.03816682577653109,0.0492012244750369
Myh10,0.03815051046820518,0.04933068226880772
Top2b,0.038149520085594184,0.049331913561138384
Nbn,0.03814114743699686,0.04939502022004298
Cfap298,0.038135458012001515,0.049428597764836636
Rars2,0.03813303915612043,0.04944182031199583
Arl8a,0.03813037695630727,0.04945708915719184
Gm30025,0.038123249841446126,0.04950986629909438
Tk2,0.038121589021108175,0.04951673804739918
Msmo1,0.03809944747898668,0.0496817849049593
Ntrk3,0.03809182855552422,0.0497318059640367
Kmt5c,0.03807192391630408,0.04987854991996692
Tubgcp4,0.03806814613945898,0.04990337243558249
Sphk2,0.038063775118621045,0.04993322664610243
Olfr889,-0.038080933515727354,0.04980953397636169
Sh3rf3,-0.03808804622743509,0.049756604096997246
Lactb,-0.03809195622597305,0.0497318059640367
L2hgdh,-0.03810876265446188,0.04961043050155329
E030030I06Rik,-0.03811011442947565,0.049606148490742186
Zfp608,-0.03813991615348495,0.04939827378284689
Gm42702,-0.038178300805032886,0.04911243673279173
Tekt2,-0.0381831480302466,0.04908606786733284
Zfp661,-0.03821562892807625,0.04883679604791241
Gm43689,-0.038221311208996224,0.04879662481362659
G630016G05Rik,-0.03824390265621723,0.04861643822436127
1500026H17Rik,-0.03825075376486849,0.04857372896595448
Shox2,-0.038279669268145834,0.04836299130350649
Lrfn3,-0.03828857980877596,0.04830353082382325
2610020C07Rik,-0.03829166709560609,0.048292007367630944
Ubald2,-0.03829341355490384,0.04828457962569037
Mir100hg,-0.03830308718083438,0.048212009000574874
Psme1,-0.03830439033534661,0.04820823269507858
Rcl1,-0.038305928508947165,0.04820252740622898
Pomc,-0.0383228325239346,0.04808461798829148
Pde3b,-0.038386229584639775,0.04762232532594778
A730011C13Rik,-0.03839561576034442,0.04755979111111454
Atp6v1b2,-0.038403280339445976,0.04752497746443849
Atf7ip,-0.03841640691992814,0.04742541912194913
Rgl1,-0.038419652714458005,0.047405970517164484
Gm15050,-0.03842478238220656,0.04737811366099826
Abcd2,-0.038430854415897026,0.04734265176864093
F830016B08Rik,-0.03847668500451289,0.04702755924568093
Fhad1,-0.03847809269272592,0.047023029636940494
Hist1h1b,-0.03849680567432584,0.04689987587454502
Srrm2,-0.0385190942442638,0.04674163550512781
Tacc1,-0.03852455209636752,0.046718252695591496
Gpr173,-0.0385466900664049,0.046568476179792
Mn1,-0.03856688934600027,0.046434532109986215
9430002A10Rik,-0.03856870109601202,0.046426843571411795
Tspyl1,-0.038581177123797994,0.046334425123051186
Crygs,-0.03859918531553598,0.04621172362077428
Bmpr1a,-0.038622565119081013,0.04606689462031348
Gm49602,-0.03866259468333048,0.0458047383588534
Stat4,-0.03868961601391738,0.045605980871055364
2810403G07Rik,-0.03870739275482515,0.04549336296061408
Best1,-0.03874208864267498,0.04524262951579332
Dnd1,-0.0387602602121478,0.04510804350918572
4933433G15Rik,-0.03876516297004428,0.04507657572185528
Gm20878,-0.03877740949674209,0.044994798200364144
Hhex,-0.038781724297228655,0.044974488396717624
Vps13c,-0.03878852254604769,0.04492844507000744
Nod1,-0.03879061133061456,0.044918833303941655
Mdn1,-0.03879710020961033,0.044881759657095
Arfgef2,-0.038801164927333556,0.04485689948438086
Tmem136,-0.03882648499458458,0.04469430728760123
4930449E18Rik,-0.03883416221740863,0.044654764138624264
Metap1d,-0.038849880856518325,0.044546993165380654
Usp49,-0.03885276124812062,0.04453138144614796
Kcns1,-0.03887608988915676,0.04438504978984536
Sncaip,-0.03889535320582951,0.044250782473621436
Cep85,-0.03890558171095422,0.04418568161238767
Tti2,-0.038914359403035094,0.04412526548849802
Adh7,-0.03891553791672687,0.04412396745310071
Gclm,-0.03896117241773809,0.04380852898197124
Gm48427,-0.03896150716729234,0.04380852898197124
Pura,-0.03896227615990296,0.04380852898197124
Eya4,-0.03896355834897619,0.04380852898197124
Ripk2,-0.03898394560585102,0.043681220339867016
Naip6,-0.038998089693682715,0.04358734145619844
Arhgef5,-0.039001478725872604,0.043568193620448364
Gm33055,-0.03900257064159089,0.04356634779915873
Fbxl19,-0.03900514367588752,0.04355522752326955
Tmem178b,-0.03902794820116389,0.04340738909642563
Hexa,-0.03907179955939088,0.04309193870894416
Slc11a1,-0.039097534778663165,0.04292552104831805
Nfatc4,-0.03910108273200539,0.042905443432233695
Kdm6bos,-0.039120110081808004,0.04277052925589986
1810013L24Rik,-0.03913263656908269,0.042684050638985026
Cpa1,-0.039164716812055085,0.04247223939525466
Plch1,-0.03917662320796106,0.042390843459590696
Col4a3bp,-0.03919907157239471,0.04224466079165491
Prrc2c,-0.03922363032338321,0.04207113063106282
Runx2os1,-0.039227292333335634,0.042050563604047506
4933407K13Rik,-0.039230082148365326,0.042042548263542694
Uaca,-0.0392521570908591,0.0418878100376556
Ccr7,-0.03927056902652477,0.04176014759251286
Syce1,-0.039317774236729275,0.04143095711736901
1700120C14Rik,-0.03931981231779532,0.04142235955289223
Nr5a2,-0.039329080265746844,0.04136778400715404
Arid1b,-0.03933244007640615,0.041349687251062396
Dclk1,-0.03934254442112464,0.04128310976377563
D630039A03Rik,-0.03937416164623157,0.04108669943562637
L3hypdh,-0.03939068802408738,0.04098065510656047
Palm3,-0.03939683836208376,0.04094279302265138
2700038G22Rik,-0.039405891175626206,0.04089029953696988
Aspa,-0.039468160156739866,0.04047252056031805
Zc2hc1a,-0.039510828493799534,0.04018993737585053
Gm46560,-0.039511357657318925,0.04018993737585053
Dcst1,-0.03952125207258669,0.04012866672638778
Crygn,-0.0395358555265063,0.040038223778682
Rasgrp3,-0.03956081914919337,0.03988156060713833
Plxnb1,-0.0395830259869653,0.03973872059724806
Phf11d,-0.0395872256609023,0.03971540452764932
Slc50a1,-0.03958736300721567,0.03971540452764932
Usb1,-0.03961275412986021,0.03956177455940036
Zfp189,-0.03963889356257635,0.03940444497435595
Kcnab3os,-0.03964189411792305,0.039399379310113426
Rab38,-0.03967560606915532,0.03918661100812633
4933412E12Rik,-0.03968258727639893,0.03915608298840479
Pus7l,-0.03968425722653243,0.03915608298840479
Fam187b,-0.03968685467734313,0.03914419602922958
E230013L22Rik,-0.039719121634586525,0.038946434160152546
Fam43b,-0.03972628720889792,0.03890904774254525
Galnt5,-0.03975848088467094,0.03871281632958399
Pard3,-0.03975897447215069,0.03871281632958399
Zfp442,-0.03983860370829491,0.03825115987094697
St6galnac2,-0.039857501563644766,0.03814126073184759
Adamts17,-0.039884531173975286,0.03800553054426962
Gm10451,-0.03988858196511145,0.037984101691827116
Sycp2,-0.03990624868176746,0.037877438969007186
Crisp2,-0.03994284072819025,0.03766777419404863
Pdlim5,-0.03994630273506398,0.03765041756401896
Parp10,-0.039954234807082344,0.03760343392769245
Rps6,-0.03996621949211702,0.037540882837965604
Jade2,-0.03997538237880007,0.037485882457429495
Rpl36a-ps1,-0.039988084096568496,0.037413184364260284
Mlxip,-0.04003287368470688,0.03712977276515806
Uprt,-0.04006286484143487,0.03694470147967699
Pcdhga3,-0.04008593476951407,0.036805428091757436
Asxl1,-0.04009330102738466,0.03676853533039122
Tor2a,-0.040143148207929365,0.03648950794800681
Klhl15,-0.04014922699577677,0.03645574077608353
Gimap4,-0.04015178127138132,0.03644689694188521
Slc22a23,-0.040207302847081114,0.036115266925298435
Ccnd1,-0.04025884573257882,0.03584054112742561
Dip2a,-0.0402624923373598,0.0358281227721779
Tcp10b,-0.040275952987018394,0.03575878723020849
Rpl18a,-0.040290202848365576,0.03569529660249662
Peli3,-0.04029797655593523,0.03565680550460373
Ctsk,-0.040315435764638204,0.035595830784108114
Trmt61b,-0.0403457709624649,0.035440632976195284
Stx6,-0.04042692962721534,0.03499103147863312
Faim2,-0.040437736494229756,0.03492907738810203
1700029H14Rik,-0.040503670875611145,0.03456307450395361
Miga1,-0.040522156091269815,0.03445459181008178
Gm29101,-0.04055656479230228,0.03425935418345743
Myo16,-0.04056099411795003,0.034237470428326734
Supt6,-0.04060085623063436,0.034020473961323024
1110046J04Rik,-0.040621164347148284,0.033917846256185914
Esrrg,-0.04063617094762904,0.03384241146580417
Fgfr1,-0.04064832142052311,0.033779139595829406
Tmem87b,-0.040706460306181996,0.03347045130037254
Chn1,-0.040812224219447905,0.03290225210986683
Enah,-0.04084629499128473,0.03271173506266567
Fmn2,-0.04085407804585517,0.032671048670476634
Wdfy4,-0.040884177292154544,0.032519725045916915
Car12,-0.04089344374038245,0.03247553958282469
Gcnt4,-0.040904807413834475,0.0324241293919884
Ccdc157,-0.04092755136633196,0.03230173274585974
Gm15640,-0.04092893032923638,0.03230015786825912
Snhg15,-0.040942976330965226,0.03223685470370508
Scn9a,-0.04094446251608399,0.032233157619002514
Tmem64,-0.040958956210290956,0.03216397953745788
Polr1a,-0.04097672404662713,0.03207603415470874
Bcl2l10,-0.041006079206372954,0.03192690709130909
Syt15,-0.04101648913727165,0.03188136555441445
Dnah14,-0.041078604737467446,0.031574839882416446
Zfhx4,-0.04117489676403744,0.03106425273776101
Rbm46,-0.04122875333087205,0.030777538961074522
Rab19,-0.04124740175231143,0.030706288111212218
Gm26682,-0.04134089485219763,0.03022860844200055
Gm44386,-0.04134117976658416,0.03022860844200055
Vegfb,-0.041344828208547714,0.03022364314106028
Smg7,-0.04138749745219927,0.03001118019090067
Gm32364,-0.04139777777883876,0.0299644866142119
Gal,-0.041410709267983035,0.029908071674757376
Bahcc1,-0.041424118256171254,0.029844567872123223
Hspa2,-0.041447298752817364,0.029732970686528915
Ttc12,-0.04145304667207203,0.029711105602940765
Acsbg1,-0.04148253089757055,0.02957518160494353
Pprc1,-0.04148817113284921,0.029549440566841053
Zfp59,-0.04150102298102694,0.029485043492250142
Rpl7,-0.04150295707577581,0.029479226513872088
Tgif1,-0.041507318884177455,0.029460405499571875
Cfap206,-0.041540351737113575,0.029297516686490166
Trim59,-0.04155791806274705,0.029213043673886902
Dynll2,-0.04155813144734281,0.029213043673886902
Gm43259,-0.04161285881156991,0.028975956916179588
Cdc37l1,-0.04161678048407165,0.028959742033520194
C1ql2,-0.04164949887787724,0.028796477164764862
Ankrd11,-0.04165043283400436,0.028796031813062405
Kcnt2,-0.04166296162671068,0.02874367234613901
Gm3896,-0.04170495435548706,0.02854198866959271
Spata5,-0.04170669255496542,0.028537358104001747
Tedc2,-0.04174294452808868,0.028379884885088007
Rcbtb1,-0.041756977922071774,0.02831161758066592
Gm10425,-0.041778092124962404,0.028215728118936346
Itpkb,-0.04178571888340816,0.028185172924072393
Lrfn2,-0.04183431601816931,0.027957484214084175
Atm,-0.04184210720054234,0.027921992929862714
Phactr4,-0.0418648139258192,0.02781915298610916
Klf11,-0.041864958539359474,0.02781915298610916
Ptprd,-0.04189010226532655,0.0277207980217078
Piga,-0.04189861599421928,0.02769053157479416
Rspo1,-0.041905279379905555,0.027661054416471598
Mir17hg,-0.04190776170632044,0.027652783972179726
Chdh,-0.04192972490112884,0.027558870183706438
Lrfn1,-0.041931665743728426,0.027553362736285204
Gpr176,-0.04204037922736635,0.0270470369686387
Cav3,-0.04204900834156651,0.027012625710222345
Gabrg3,-0.042067262843533564,0.026926359236003183
Ccdc159,-0.042085363434920295,0.026841096361816787
Slc23a2,-0.04213950823848088,0.026604146249773124
Ddx17,-0.0421469108203216,0.026576231541127582
Pum1,-0.0422466089817126,0.02614150179812225
Zfp583,-0.042263426563741754,0.02607278088247044
Nxph1,-0.04227762571793659,0.026024959566627086
Mylip,-0.04235282528225218,0.025718453868752947
Sp100,-0.04237096576191714,0.02564041078773265
Ehmt2,-0.0424115481052413,0.025468684276457026
Insr,-0.04245093587907385,0.02531953282192268
Rtn4r,-0.04245204538318458,0.025318323441622943
Nxpe2,-0.042456725739575214,0.025306009711197057
Susd1,-0.04248861752406589,0.025171175049346826
Rpl17,-0.04250019454703698,0.025121184841632147
Abca4,-0.0425170275651535,0.025046859584603967
Alg11,-0.04255732161637545,0.024885130822258777
Qtrt2,-0.04256483833810009,0.024861011343831146
Cacnb4,-0.04259323865056223,0.024742007193825966
9330162012Rik,-0.042594614236714574,0.024739601726046244
Gm37584,-0.042604837412454646,0.0246965787558561
Zfp516,-0.04265407226263026,0.024498780025741556
Gm5084,-0.042656577921626,0.02449513154517267
Gabarapl1,-0.042661480796365676,0.024476689438315692
Topors,-0.042667823507807116,0.024455588704927034
Plin1,-0.04266788100030863,0.024455588704927034
Tcof1,-0.0427410978327999,0.024154986931914344
2010204K13Rik,-0.042759421820998296,0.02407650047008764
Gm26531,-0.04277227111564375,0.024022738663970207
Ucp3,-0.04277227111564375,0.024022738663970207
Slc19a1,-0.04283212367421232,0.02378256597937845
Cyba,-0.04283451102889598,0.02377575543309136
Ifitm2,-0.04284723565017126,0.023730523682793544
Chrm3,-0.042850784512388294,0.023718750365674852
Dtl,-0.042881436297876725,0.02360218502715133
Lrrc36,-0.04290188524782744,0.023522265633268497
Gm16538,-0.042911520849149364,0.023484874151018593
Ccn4,-0.042918866635161666,0.023456395849189404
Ucp2,-0.04294905436502544,0.023331833940172287
Insig1,-0.0429564074465183,0.023307204680507478
Arap3,-0.04296454110202795,0.023282914648382596
Gcat,-0.04297481956867459,0.023241897983813497
Adgrl3,-0.04297886318340461,0.023228028092206983
Obsl1,-0.042995464758178614,0.023167070911976805
Hacd3,-0.043071761126607724,0.022856608998884576
Gm28932,-0.04307642501131194,0.022841678201046735
Rpl21,-0.043175890248364164,0.02247184780906827
Fgf12,-0.0432269372609607,0.022282318663037152
P2ry6,-0.043268057245870996,0.022131962625772897
Inha,-0.04327047676328722,0.022125442211090703
Ppp1r26,-0.04329929149556044,0.022019921715001025
Gpt2,-0.04332179551139776,0.02194091220376279
Dipk1b,-0.043367388567617654,0.021774236452746107
Dek,-0.043373825948054424,0.02175833429323827
Acyp2,-0.043382046497091285,0.021735136391755828
Asic1,-0.04338319912505104,0.02173391448284765
Pla2g4c,-0.04341665189711184,0.021618105939170934
Wfdc21,-0.043504066165842244,0.02129508636199937
Gm44170,-0.04351097015697303,0.02127418824793581
Mapk8,-0.04357048765631256,0.021053062174834672
Gm14698,-0.04361204469017166,0.020894837106231117
Wdr89,-0.043666749542341704,0.020696099111023353
Cdk18,-0.043696210079513687,0.020594129565718967
Rapgef5,-0.04370301929025652,0.020574210012336953
Grhl1,-0.043703395809510305,0.020574210012336953
Depdc5,-0.04371845198547483,0.02052735607696942
Cpne2,-0.04375089184532642,0.020417887334826797
Gsdme,-0.043770770080574256,0.020344247611376497
Slc29a2,-0.043784668128592046,0.020293893698896632
Sox17,-0.0437935985001951,0.020262772618221007
Nedd4l,-0.04380122496714933,0.02024328348125757
4931428F04Rik,-0.043846384579261294,0.0200943393928906
Mybbp1a,-0.043847250475782265,0.0200943393928906
Jmjd1c,-0.0438629743972335,0.020042752728807043
Egr3,-0.0439313699011014,0.0198253497978405
Spaca6,-0.04395162108395149,0.019755424400183356
Ntf3,-0.043954715644514634,0.019746995500771854
Gm40117,-0.04395885690046446,0.019734631692358437
Egr4,-0.0439897599174604,0.019641108862248388
Lepr,-0.04401137630236997,0.019572381817564776
Nnmt,-0.044056684431724266,0.01942035554087249
Arxes1,-0.04406801421046219,0.01938788755466729
Dreh,-0.044114459946860994,0.01922913539872996
Prex2,-0.04415639301124038,0.01909114851623399
Cacng1,-0.04420135846483659,0.018939931941006398
Scarletltr,-0.04422347358295695,0.018866053438372707
Cfap74,-0.044242871955334565,0.01880222038892624
Itga3,-0.0442849514751144,0.018669508335897114
Bckdhb,-0.04430637493463611,0.018602096249106026
Iqank1,-0.044315901990448194,0.018571167496307505
Adi1,-0.04434249565086155,0.018503973698965444
4833438C02Rik,-0.04435566917196538,0.018460256039353005
4930558K02Rik,-0.044358144692725955,0.0184545192978232
Slc12a7,-0.044399207641956276,0.018324561909014166
Tmem258,-0.04440578230822133,0.018307402190343224
Frem1,-0.04442156256850102,0.01826133582078091
Rplp0,-0.044493828954575834,0.018023672569169227
Gja4,-0.04453043757360189,0.017902918228269296
Ctsf,-0.04454201251477936,0.01786597402415133
Map3k1,-0.044596782581009194,0.017698720790305104
Fam217a,-0.044623441401099036,0.017613716651578168
Bcl10,-0.04462349037465587,0.017613716651578168
Plxnb2,-0.044627415001905035,0.017606035562743844
Phf21a,-0.04467632109765855,0.017453479356030244
Acot1,-0.04469124905561917,0.01741331396522002
Gm35229,-0.044692867585032894,0.017410752261810568
Rcsd1,-0.04469977821620104,0.0173903905985449
Dzip1,-0.04473843373229895,0.01726945452182065
Stat2,-0.044739512972567584,0.01726871327306112
Clec1a,-0.04475613727611507,0.017216107480486558
E130308A19Rik,-0.04481259037046362,0.017057238304668872
Fam110c,-0.04485125948857528,0.016938327437026945
D930030I03Rik,-0.044853239343704866,0.016934642624827148
Tmem98,-0.044913611805852495,0.016768136391566907
Acat3,-0.04491397619422592,0.016768136391566907
4921508D12Rik,-0.04492250639201633,0.01674758004621936
Tbata,-0.044933316940606385,0.016715251036956234
Gnao1,-0.0449619611326379,0.016628058166941007
Ccl27a,-0.04497047047681642,0.016603358269185704
Kcnab3,-0.04497965322527819,0.016576521625885632
Slc25a30,-0.044984182177675996,0.01656470068714614
Sord,-0.045080735627042644,0.016270041356849785
Ppl,-0.04512584807369051,0.016143869130077294
Slc39a10,-0.04517734821475758,0.015998627588382653
Gm20631,-0.04519117158810393,0.01596088279148573
Il3ra,-0.04523670701631185,0.015830245682310146
Atp5e,-0.04527767921375389,0.0157093086002443
C1qbp,-0.04527988612770803,0.015705166214661816
Gm14764,-0.04529592015780979,0.01566127139365532
Cmtm4,-0.04532632518778461,0.01557626502692756
Tmem47,-0.04534794479278293,0.015520934164660032
Gm21917,-0.04536358876687659,0.015481281758019804
Gm47123,-0.04541668538626288,0.01533401330579182
Rnd3,-0.045435238861018114,0.015285036418452837
Bmp5,-0.045457847833673765,0.015223587433783313
Arsk,-0.045472885337378345,0.015186526398783262
Malat1,-0.045479001073911784,0.015173323547943735
Cfap47,-0.04551048377556775,0.015090042504360001
1810073O08Rik,-0.04552733416632268,0.015045279469019578
Calm3,-0.04554270701412196,0.015005860744783642
Zfp473,-0.045588045119177925,0.014896525019756862
Gm266,-0.04561498959812297,0.014825839752078386
Snrpf,-0.04562159015158377,0.014813886094144399
Nrxn2,-0.04562721841772573,0.01480022679438816
Arhgap15os,-0.045679059937206126,0.014664878656694028
Tmsb15b2,-0.04568745316976277,0.014648099828524707
Fndc3b,-0.045690296841347,0.014642378727932281
Saa4,-0.045694534677077514,0.014637600214127772
Rasal2,-0.045699931642899816,0.01462700619557242
Atp11c,-0.045771921360579816,0.01444296612100876
Nfkb2,-0.045773702582443516,0.014440344392248365
Kmt2c,-0.04580470573059303,0.014364483663692045
Man2b1,-0.04581420302348339,0.014342458564260205
Ctsz,-0.04584818592405204,0.014258667813352681
Il17d,-0.04591208717182634,0.014101332900337497
Uck2,-0.04595395738582583,0.013989790794781323
Siae,-0.04597001010386014,0.013950170246019621
Car3,-0.04599237412290051,0.013898017768892656
Slc52a3,-0.04601744167896569,0.013843354636919285
Lrrc24,-0.046053708945806765,0.013755958856284802
Ppp1r3a,-0.04607055487159215,0.013719468712694704
Plpp2,-0.04607146856596932,0.013719329811466579
D10Wsu102e,-0.04607254229739233,0.013718755858058394
Dhx35,-0.04611798580642417,0.013604935710118051
Pea15a,-0.046118452225554336,0.013604935710118051
B3gnt3,-0.04613040404950854,0.013578414887589459
Smim4,-0.04613911911647414,0.013557262820844199
Paip2b,-0.04615042521818435,0.013531495892417847
Tekt3,-0.04615315843524059,0.013526471108863913
Rps6ka1,-0.0462365870218238,0.013326865542381114
Cdr1os,-0.04624996661746802,0.013293723277867035
Lgals2,-0.04625915389828378,0.013271723010080796
Casp1,-0.04632509040230216,0.013103118611453775
Mtmr10,-0.04633303590095812,0.013084639416328748
Exoc3l4,-0.04635055624758476,0.013041272152481414
Sp140,-0.046418714625585694,0.012878466565387076
Pard3bos3,-0.046450126570109676,0.012804569843186715
Bcl9,-0.04646527036800606,0.01276809905654635
Phactr1,-0.046473531649531497,0.012749240799244336
6330403L08Rik,-0.04648111008332022,0.012732144629242258
Lrrtm3,-0.04648246322608889,0.01273089581674536
Rftn1,-0.046491155013483124,0.012713184246314256
Camp,-0.046555471794038635,0.012557223256846035
C4a,-0.04657361451275755,0.01251603318910997
Nrbp2,-0.046579819568623185,0.01250697083442399
Gm43672,-0.04661112733137718,0.012439550890784272
Apbb2,-0.04663125415435448,0.01239592292340007
Tnk1,-0.04663811204838109,0.012383182000470101
Apcdd1,-0.04667305239288034,0.012303140854341543
Rpl11,-0.04668743423389705,0.012276203804364935
Tsc22d1,-0.04670400725616547,0.012241716323650195
Slc7a6,-0.0467159395718403,0.012214660898450178
Lpcat4,-0.046719281618542954,0.012208586781476873
Asxl3,-0.04673660685235984,0.012168316215049711
Phpt1,-0.04675873559926301,0.012120673819669416
Cacna1c,-0.04676409664369473,0.012113812109312463
Fzd3,-0.046887069665072424,0.011844796010069164
Ripply1,-0.04689903188473416,0.011818361745691109
Znrf3,-0.04693476068078012,0.011739751102767362
Zc3h12c,-0.04693762992280283,0.011735008472345992
Ggt7,-0.04694422248125312,0.011723511300627935
Slc22a5,-0.046958879601679146,0.011695041578531244
Vipr2,-0.04696761458637916,0.01168057149022521
Bcl6,-0.04698404160014835,0.011648040205493234
Nup62cl,-0.046985432396267054,0.01164680453220387
Rybp,-0.04698917702117178,0.011640042908755225
Pigt,-0.04699407211124627,0.01163405274004769
Eid1,-0.047013427287436196,0.01159740458778843
Gm49164,-0.04708627523809489,0.011438081501279026
Npy2r,-0.047150238088337314,0.0113069616604649
L3mbtl4,-0.04716217807150804,0.011281661877423368
Cbfb,-0.04716831674088773,0.01127358033141733
Cd320,-0.04717577384171872,0.011262501270802625
Prcd,-0.04718510375138763,0.01124717044133916
E2f5,-0.04718918169780834,0.011243805658526259
Gm36988,-0.04720571745495108,0.011210166714276102
Tpbg,-0.04721677434586282,0.011187061882149352
Airn,-0.04722626251436913,0.011167547479882993
Pi4k2b,-0.04722709173627701,0.011167547479882993
Rprd1a,-0.047255530065749826,0.011111283684519854
Gm15886,-0.04727726779952336,0.011066328041317179
Plekhb1,-0.047302228797315674,0.01101239855600257
Ets1,-0.04732564380256933,0.010964072770377527
Fmnl2,-0.047339129491123795,0.010937958425083586
Sp4,-0.047346120418333,0.010926294594482928
Plcxd1,-0.047387985639674925,0.010847173358561491
Gm13212,-0.04739892013366523,0.01082501387316926
Phkg1,-0.047440242780841455,0.010742057826949147
D230025D16Rik,-0.04745267968425447,0.010720599276992185
Txndc16,-0.04746725517847913,0.010694527535537379
Pdk3,-0.0474821541093628,0.0106678118856144
Fam49a,-0.047490489249643414,0.01065161609622872
Serpina3m,-0.04749829973532496,0.010636578204433584
Sema4a,-0.047518088009533895,0.010601312709660448
Atxn2,-0.04752339248285465,0.01059174228569609
Tceal3,-0.047544694773059025,0.010547758352752469
B930036N10Rik,-0.047574305576137045,0.010491738637222013
Ppp1r10,-0.04757700962078559,0.010487814658802951
1700029J03Rik,-0.04764657214927777,0.010347411712360614
Rnf38,-0.04765417044505257,0.010335041063152106
Eepd1,-0.04770695028907936,0.010236838023347598
Fhod1,-0.047779784756704066,0.010108995199575938
Rap2a,-0.04778249450805836,0.01010698839567823
Plxnc1,-0.0477892360860824,0.010094855259119037
Gm43566,-0.04781488016290413,0.010056911358798316
Gm11808,-0.047849819771690824,0.00998999592922751
Slc15a2,-0.04787052872711536,0.009949481792902998
Mycl,-0.047884463627438194,0.009922882929937666
Nav2,-0.04789567357479634,0.009903644188092838
Vwf,-0.04789617501922877,0.009903644188092838
Cntn1,-0.047904488016298874,0.009891060154085167
Gla,-0.047930943529427464,0.009842820366605831
Gm44686,-0.04793790104399763,0.009830539807796013
Fxyd2,-0.04798364975097559,0.00974738881211218
Adgrl1,-0.0480169782065652,0.009691301240266317
Adam22,-0.04804343300389818,0.009649129988977637
Crem,-0.048054155603679226,0.009631340001250854
Hlf,-0.04807169923881604,0.009598386187228025
Camkk2,-0.04809306823198592,0.00956658811132482
Cbarp,-0.04811603340246413,0.009526624557868896
A730020M07Rik,-0.04814776291796653,0.009469710136442221
Zbtb11,-0.048155992600647825,0.009457074998367744
Fcgrt,-0.04819892774615057,0.00938391841442437
Mtus1,-0.04821481313298263,0.009356318919032703
Gm42699,-0.04823427124752067,0.009330906528594928
Mgarp,-0.04837661640825073,0.009080299661842718
Cxcl10,-0.048399308930965244,0.009041058931177352
Gm10134,-0.048430596319792206,0.008989226616387621
Ndufa3,-0.048462576207196344,0.008936382723783885
Nfix,-0.0484768812170629,0.008914789862752367
Ptges,-0.04853528952635632,0.008813931812250283
Slf2,-0.048551978845201654,0.008786668488898867
Adap2,-0.048577031959806206,0.008749055064129053
Eef1akmt3,-0.048606015603499926,0.008698168743937931
Gm15839,-0.04862861457235988,0.00866216878196322
Gm47136,-0.04863514286182554,0.008652004000367688
Atp5l,-0.04865092382405073,0.008628390505432055
Zfp428,-0.04873093286202465,0.008498416954936836
Gm26532,-0.04875343851685861,0.008461792913964483
Gm15283,-0.04876820605314809,0.008438895533903567
Pstpip2,-0.048775201856577514,0.008428148701304627
Sdc4,-0.04885693794200398,0.008294904087162063
Gm10516,-0.04892412035320865,0.008186922651425094
Ltb4r2,-0.04893672456252435,0.00816838981390269
Foxp1,-0.0489805355652438,0.00810434027504192
Ier5l,-0.049021845499248824,0.008043483874924207
2310010J17Rik,-0.04906488802675859,0.007981612265239102
Gm13293,-0.04908024890711168,0.00795891062511641
Adnp2,-0.04913572661016622,0.00787708660873134
Dact1,-0.0491523492227811,0.007851137890780293
Atxn1,-0.04917403657301666,0.007816962618822433
Tmem170,-0.04917695626077663,0.007815048002528961
Garem2,-0.04922387300163046,0.007741362156125599
Arnt,-0.04927423961439216,0.00766416466584476
Abat,-0.04930238274405894,0.007621788804720332
Gm33906,-0.04931186555510348,0.00760941387980149
Odaph,-0.04931186657731893,0.00760941387980149
Ldhc,-0.04931186794760579,0.00760941387980149
Ccdc177,-0.04931186794760579,0.00760941387980149
Gm50163,-0.04931186794760579,0.00760941387980149
Olfr1260,-0.04931186794952929,0.00760941387980149
Gm13613,-0.049311868076829,0.00760941387980149
Clec12b,-0.04931186903396877,0.00760941387980149
Aldob,-0.04931186959880239,0.00760941387980149
Slfn14,-0.04931187031842557,0.00760941387980149
Glipr1l1,-0.049311870774476865,0.00760941387980149
Gm37035,-0.049311871391764385,0.00760941387980149
Kcna7,-0.04931187212954153,0.00760941387980149
Celf6,-0.04931187212954153,0.00760941387980149
Kcnj12,-0.04931187217593626,0.00760941387980149
Gm47769,-0.04931187302244742,0.00760941387980149
Tlr8,-0.0493118730841615,0.00760941387980149
Dnmt3l,-0.0493297167488358,0.007604693408025603
Tmem39b,-0.049392881191952356,0.007515418588731362
Ing5,-0.04944401970443649,0.007443184591027374
Krt12,-0.0494927357048963,0.007372618423356984
Pip4k2b,-0.049500962521996934,0.007361204229786951
Thsd1,-0.04953713888503889,0.007312019065547727
Phf13,-0.04968419381702269,0.0071094356099829685
Gm12940,-0.04980082620168624,0.006946269100719051
Fignl2,-0.0498277898137238,0.006908033703587144
Cpeb1,-0.04984822895546436,0.006883278793759957
Astn2,-0.04985346870686319,0.0068769132742795246
Lypd1,-0.04986806288225698,0.006856929641593711
Lpin1,-0.049883367968022604,0.00683724202783833
Cpne7,-0.04991025285695679,0.006804671387778368
Shank1,-0.04993486142879083,0.006774254189496754
Fbxo21,-0.049957737839330676,0.006743923815545961
Reps2,-0.050037526808269735,0.006639133118301657
Maged1,-0.050111811298376996,0.006541049510308646
Gm38004,-0.05012395357208868,0.006526589178647452
Pdp1,-0.0501287007845565,0.0065212101130766075
Nrp2,-0.05014739872453565,0.0064989196127702535
Gramd1a,-0.050193472222638764,0.006440190211903319
Shank3,-0.05020936803496875,0.006421200365836247
Postn,-0.05025222143675835,0.006370670867573608
Ces2e,-0.05025698956223139,0.006365381422845723
Ric1,-0.05027527619244606,0.006344136606146265
Map1lc3a,-0.05028218560262758,0.006339544923295618
Rbm47,-0.05029859339566024,0.006319728595082981
Neu3,-0.05036305370971635,0.006241414998980003
Atxn7l1,-0.05038947860210451,0.006212064421903412
Gm8773,-0.05039971523016097,0.006201973430921966
Rarres2,-0.050514102528513974,0.0060620471724657995
Hic1,-0.05051841746332551,0.006058728730985098
Tma16,-0.050589394331705194,0.005976137477574806
Fuca2,-0.050606956065735204,0.005958143655552798
Carmil1,-0.050647889958425105,0.005909300769970845
Fgd6,-0.05066145783163222,0.005894317280183064
Slc9b2,-0.05068274379598699,0.0058718423437777185
Sptlc2,-0.050723809299754424,0.005823481021241878
Plagl1,-0.05073447697534964,0.005811221606383736
Rgs7bp,-0.050735138579027395,0.005811221606383736
Ptbp1,-0.050757954785590094,0.005785202989462521
Rasa4,-0.05076322982776135,0.005780773680612862
Plppr2,-0.05078041119957569,0.005761655845205954
Ch25h,-0.050785233856650014,0.005756765021880129
Ctnnal1,-0.0508070974832124,0.005730781855304216
Neurl1b,-0.05082426050236628,0.005710694129546937
N4bp2l1,-0.05086357447861662,0.005664609626633585
Hook2,-0.05086865163282287,0.005659482898964737
C1rb,-0.05086877572381512,0.005659482898964737
Gnptab,-0.05087444672117705,0.00565554120036453
Oplah,-0.05088792704006118,0.005640277399501062
Irf8,-0.05089804409254468,0.0056301145008487725
Amot,-0.05097121983111647,0.00555024579448783
Cyyr1,-0.050980528145171344,0.005541201179916154
Lst1,-0.05104954075813622,0.005463235435647595
Sqstm1,-0.05106038199493941,0.005452505576734908
Ypel4,-0.05107793872360259,0.005434928722778141
Ndst1,-0.051111735812500204,0.005400437563750589
Tshz3,-0.051116334594353455,0.005396090580401368
Ythdc2,-0.05113228307090237,0.005378494152604993
Lhfp,-0.051180699512397565,0.0053314971874628
Rdh5,-0.05120008052050768,0.005311155081851161
Cox7c,-0.05123516391595626,0.005272869549867943
Slc2a2,-0.05124713650058979,0.00526220678681484
Hc,-0.05127630127642101,0.0052349997567571974
Zfp652os,-0.05135883435580899,0.005148789628870406
Gm42941,-0.051376889681507734,0.0051305678165554265
Slc22a17,-0.05139707895768966,0.005110029255113386
Lars2,-0.05140984542620817,0.0050978043621622915
Ephb3,-0.05143467592464553,0.005073232076320566
Akap7,-0.05148967943855488,0.005017589996599416
Gm26621,-0.05149343252386554,0.005014452593642251
Glrx,-0.05150567324140434,0.005002044052972009
Krba1,-0.0515327559090537,0.004977374763820103
Gm47601,-0.051540714719472636,0.004969694925211519
Ppp1r3b,-0.05158506935223463,0.004926546565495945
Fbxo10,-0.051639382995041484,0.004874061979158828
Lratd2,-0.051709124507157485,0.00480582912619807
Igtp,-0.051728012757086134,0.004787849693484333
Dhdh,-0.051730542053439035,0.004787058541871423
Olfr1389,-0.051771382339972735,0.0047462532273382175
Akr1c19,-0.05177849123608582,0.004741629163805865
Kif1a,-0.051836162333351206,0.004686586906438329
Fosl1,-0.05186969037858716,0.004656757162304129
Gm50012,-0.0518830709422051,0.004644905604060852
Adam28,-0.05190700454952159,0.004624157734773449
Phgdh,-0.05194880087698249,0.004588143354875555
Fzd7,-0.05196111388959476,0.0045793188531633175
Lacc1,-0.051994894667617815,0.0045489766361391645
Slc6a2,-0.05204604566918899,0.004499804980071644
Tmem106a,-0.0520564765303645,0.004491238790307985
Htra1,-0.0521655667905545,0.0043931190369008504
Pcdhgc3,-0.05219091037967917,0.0043711887377343335
Gm26632,-0.05220462307913658,0.004358831006206621
Atg101,-0.05222658421224837,0.00434200723118881
Fgfrl1,-0.052261649044621085,0.004312737547594258
4930402H24Rik,-0.05227201828100325,0.00430455898567305
Colec11,-0.05227345470646614,0.004304040082433255
Plaat5,-0.05231394626395591,0.004269878276883575
Psmb9,-0.05233353690337962,0.0042564469290289845
Actn3,-0.05233451846768883,0.0042563628344694255
Chn1os3,-0.05237019324940903,0.004226392261360648
Gas2l3,-0.052393337579415555,0.004207941052243063
Gli2,-0.05241062659422694,0.004192683776448413
Nufip2,-0.05241136565453552,0.004192683776448413
Serpinb1b,-0.05241480620196021,0.0041904605938767985
Naglu,-0.05242012767258801,0.0041863504873006835
Rpl18,-0.0524491242601167,0.004161176649407425
Sema5a,-0.052451004568598567,0.0041610901756865505
Cstad,-0.05247240186420686,0.0041430336185594475
Rpl23a,-0.05250042491251932,0.004121440162272483
Pgap1,-0.05256004643058508,0.004071282840282936
Pde12,-0.05259522325526469,0.004041993796893822
Cfd,-0.05259776897207807,0.004040510242544336
Snhg11,-0.052644847040792836,0.004000820446716198
Gm10605,-0.05267790568931585,0.003977828008369362
Uba7,-0.05272291265896648,0.00394523876878026
Phf24,-0.05275545737428079,0.003918300579616679
Kank4,-0.0527800246448336,0.003897681044049223
Pcgf2,-0.052811343596231915,0.0038713272511692186
Togaram2,-0.052823623008501276,0.003861508258871793
Smad6,-0.0528592741155184,0.003833204240073041
Ar,-0.05299941687405256,0.0037261758852427003
Tub,-0.05301757281956089,0.0037132999811025635
Pdgfd,-0.0530184151988602,0.0037132999811025635
Reg1,-0.05303564253507226,0.0037020226959362415
B4galt5,-0.05304625269898166,0.0036939799912488335
Ttc19,-0.053161178456993204,0.003608011005139225
Fgd4,-0.05325578419001728,0.0035364505144543416
Klhl4,-0.053261944016093,0.003532982536883808
Plscr1,-0.05326947188058337,0.003527721627493254
Gm12059,-0.05339188196675518,0.0034386875232410713
Gm36584,-0.053398624714897466,0.0034349983819292797
Pou6f1,-0.053425519312546924,0.003417703017650039
Evl,-0.05348543629653528,0.003374579036522701
Casd1,-0.053514957062797505,0.003354216265982446
Gm14061,-0.05356782276500977,0.003317110233942751
Slc6a7,-0.05359649086299068,0.00329770268255268
Son,-0.05360546346235091,0.0032936958921363727
Usp51,-0.053605995857771496,0.0032936958921363727
Dnah8,-0.05360974296355429,0.0032918486222898087
Saa2,-0.05363704038198625,0.003275589677149248
Trpc3,-0.05363985405217919,0.0032741722312861236
Eng,-0.05372555486748322,0.0032184911411562178
A730049H05Rik,-0.05374725358622555,0.003204673222861294
Lrrc8e,-0.05377809999882107,0.0031843022366912564
Aldh1l1,-0.05378509349520248,0.003179908005862424
Pja1,-0.053787721974974896,0.0031786629930910136
Lgals9,-0.053842248788604316,0.003141524890649357
Rrp1b,-0.05384485575622418,0.0031403090076853684
Tbxa2r,-0.053872408668729166,0.0031220110018813745
Mapk6,-0.05388885140250528,0.0031110150922997923
Loxl4,-0.05388934314274719,0.0031110150922997923
Dnah2,-0.05391851859437868,0.003092022187000099
Adcy5,-0.05402525611219681,0.0030228389829673914
Slc16a4,-0.05406027414748412,0.0030006856886324357
Rpl13,-0.05414131075865064,0.002948816904425553
Lrpap1,-0.054147040117595746,0.00294557223105949
Prkx,-0.05415665886907079,0.0029397224777629586
Shisa9,-0.05417802039695601,0.00292783993294021
Cdk14,-0.054213956286758895,0.002908114023941146
Otulinl,-0.054265068119728914,0.0028761461987340453
Pum2,-0.054281235572917155,0.0028667228081791993
Ddx27,-0.05435703923242143,0.0028203708744445888
Gm49077,-0.05435985531370322,0.002819135838014209
Gab3,-0.054386019131625454,0.002804621546155458
Raver2,-0.054437392812440255,0.002775259967631463
Fam102a,-0.054451159156202675,0.0027670927529596344
Pex5l,-0.05445993903539995,0.002762102393956376
Gad1os,-0.05446435993433532,0.0027598761938548494
Gpld1,-0.05447001911067605,0.0027568691584018866
Hnrnph1,-0.0545073393798537,0.0027367782967827005
Dnah1,-0.054510200337284646,0.0027355498664960063
Ddah1,-0.054528096791990284,0.0027254724648034458
Gda,-0.05454584932284016,0.002715519111507549
Gm5148,-0.05457272380948744,0.0026999395405631716
Marc2,-0.05458764900213707,0.002691261044540001
Bcam,-0.05459579346296409,0.0026873472968591476
Serpina3i,-0.05463002763951039,0.0026685108559968327
Bmpr2,-0.05463339251643456,0.002667002329225564
Atp7a,-0.0546530797630054,0.0026560652607363735
4930578G10Rik,-0.05468531013774014,0.0026391970451919507
Slc7a8,-0.054736368315236074,0.002611089373186324
Gm15609,-0.05476470642954825,0.0025950275672250735
Gm16152,-0.05481452046944574,0.002566110657252387
Tomm6,-0.05484278383266604,0.002550508423681216
Ptbp3,-0.05486639110809196,0.002537718225238348
Arhgap24,-0.05494659479869536,0.002495334807643714
Luzp1,-0.05494826588763841,0.002495235897341895
Prkar2b,-0.054953971684580535,0.002492649262669046
Cand2,-0.05496536207080425,0.002487138877333985
Ubqln2,-0.05503207480761663,0.0024516415467535756
Klf16,-0.055055026684889825,0.0024407035401132573
Eda,-0.05508505214922854,0.002424828099655705
Gbp6,-0.055099807046620965,0.0024180708586915662
Picalm,-0.05511538322501354,0.002410882146511532
Fkbp5,-0.055123696711077266,0.0024067496774943216
Rbpms,-0.0551614621164649,0.00238628287993964
Matn4,-0.05519447830478643,0.002369453283797297
Col6a5,-0.0552197649794533,0.0023575108309019112
Eif4e,-0.05523684740632801,0.0023493678322451645
Mxd1,-0.05523688958993908,0.0023493678322451645
Bbx,-0.05546404533415858,0.0022355563398223574
Dedd2,-0.055485079789512316,0.0022260393832743246
Elobl,-0.05549665524575398,0.0022205127996153067
Gm3830,-0.05551002662189848,0.0022154765735828844
Fkbp9,-0.055523704964135286,0.0022093585295193596
Ttc21b,-0.05556083263461031,0.0021935614037916656
Nrn1,-0.05556423218808054,0.0021927517489236437
BC024978,-0.055656945816229104,0.0021512262741337595
Ssr2,-0.05575401133405223,0.0021056717283035042
2810433D01Rik,-0.05577608848262682,0.0020952844192086515
Olfr56,-0.05580583393204515,0.002082073187626533
Plod2,-0.05580937506674612,0.002080963523428832
H19,-0.055823097773884334,0.002074997509058195
4931406P16Rik,-0.05583173459201977,0.0020712450265170366
Mknk2,-0.055921703057622736,0.0020323481766461146
Cldn12,-0.05593442886845481,0.0020271550077726043
Chd3,-0.055974670692539405,0.002011105361511448
Gbp7,-0.05602048522530587,0.0019908578554631547
Fut4,-0.05602511889307061,0.0019891173120128733
Tle1,-0.05608332415473159,0.00196376655376224
Relt,-0.056087646453012764,0.0019626125238285485
Suclg2,-0.05620415601796765,0.0019123795339971844
Lonrf3,-0.056263174006272246,0.0018879819589752642
Tlcd2,-0.056366716575034295,0.0018439796069921973
Gm20721,-0.05637674470104516,0.0018400115761156364
Eml2,-0.05639767716287323,0.0018317198964878368
Yy1,-0.05646028794742706,0.001805964309684785
2810454H06Rik,-0.05647205384258118,0.0018017196515989146
Clca2,-0.05647869062584227,0.00179966782404363
Zfp512b,-0.05658063106109153,0.0017612910795981142
Rpl10a,-0.05658746893981428,0.0017588185396561389
Nsg1,-0.05667206311506887,0.0017276087065660338
Fnbp1,-0.05669856506292985,0.0017178883145861756
Gprasp1,-0.05672207870607848,0.0017090612198452982
Nuggc,-0.05672499196460284,0.0017082493213345696
Mga,-0.056744289363995205,0.0017011721751547147
Prkag3,-0.05674689170955727,0.0017004895104089565
Gm44691,-0.05676886196298758,0.001693095026805546
Gm48045,-0.05688869541268667,0.0016486157409484553
Trps1,-0.0568887775005324,0.0016486157409484553
Rdh10,-0.056904224411175035,0.001644207360166396
Slc39a1,-0.05697075130831834,0.0016199664478947673
Gm43086,-0.05697911116828397,0.0016174452136062585
Amigo2,-0.057008500293871736,0.001607546747582923
Dse,-0.05707742410074499,0.001584075513580054
Camk2d,-0.05709581215760094,0.0015781670293673559
Elf2,-0.05709941722076111,0.0015771533484419482
Fat4,-0.05717290075702855,0.0015517211360653598
mt-Nd3,-0.05717839836483007,0.0015500212626853378
Slitrk6,-0.05722696772017364,0.0015337869808315753
Chd7,-0.05729328180779706,0.0015109377044287213
Unc93b1,-0.05732178668410178,0.0015009762512223268
Retreg1,-0.057342404962371425,0.0014945573414310099
Plekha5,-0.05734355400398103,0.0014944742312973842
Prkg1,-0.05734581006580447,0.0014941023458590738
Cblb,-0.057368128645249344,0.0014871216826581365
Prkcb,-0.05739890873003958,0.001477677444346152
Hmox1,-0.05743877246235667,0.0014645655645671473
Dnmt3b,-0.05744507846206943,0.0014629938419877494
Gm15564,-0.057486399958345806,0.0014499128588853145
Cdt1,-0.05750030609653663,0.0014459339396125821
Trip6,-0.05754806689010141,0.0014316306235982847
Dpp7,-0.05756281519293372,0.001427189635945134
Ppic,-0.05756563482837947,0.001426537265170246
Lrrn1,-0.057576059862117515,0.001423592245066665
Gm11131,-0.0577097023182158,0.001379691402925217
Man1a2,-0.05773885257563583,0.0013712367275983523
Bcl11a,-0.057765258375592335,0.0013631281445717852
Dipk1a,-0.0577932317682431,0.0013548523265209903
Coq10b,-0.05783946307723014,0.0013409917316718214
Dlgap1,-0.057878579715617565,0.0013286620212733507
Arhgap10,-0.057904838257750446,0.0013205413142146423
Cyp2f2,-0.057911895961480456,0.0013191419634023972
Rps14,-0.05791253434458655,0.0013191419634023972
Pcdhga1,-0.057988782665438596,0.0012965664142485657
Dcun1d3,-0.05799084694276139,0.0012962071567216226
Trim56,-0.05802097573497278,0.001287350446833471
Sik2,-0.05811855085402879,0.0012591998899230761
Pvt1,-0.05819241223445888,0.0012376367421953398
Malt1,-0.05834839232155467,0.0011936722858907928
Kctd10,-0.058430588283463855,0.0011720901078726958
Rtn2,-0.05843775177137958,0.0011703061292347174
1700017B05Rik,-0.05849917945255883,0.0011541842239956917
Lrch2,-0.058513880671694454,0.0011503058330175361
4933421O10Rik,-0.05852210332412229,0.0011482556889516307
4932438A13Rik,-0.058523417649874766,0.0011481452791315904
Armcx2,-0.05858176141372338,0.0011334181579012114
Larp6,-0.058588455680328784,0.0011318191828311554
Plekha4,-0.058596224327255565,0.0011301800906966374
Adora2a,-0.05860736177827072,0.001127868082285698
Sectm1a,-0.058749075673340485,0.0010908734626994651
Stbd1,-0.05876872631822985,0.001085875276083875
Tasp1,-0.05881229423611526,0.0010748170966046434
Pcyox1,-0.05882088348705464,0.0010727963635607427
Scg2,-0.05885127892325112,0.0010655440759865728
Sh2d4b,-0.058887803078666,0.001056267104878878
Gm6225,-0.05901223003041117,0.00102629479462012
Folh1,-0.059032241144435345,0.0010217145619900332
Atp1b2,-0.05908256808062948,0.0010116512868254112
Rnf24,-0.059173150932320714,0.0009915603399404086
Sfxn5,-0.05918687990969661,0.0009884319251075265
Nadk2,-0.05920477876052174,0.000984523476358703
D16Ertd472e,-0.059259713294502254,0.0009725872915380405
Sqle,-0.05926280470887977,0.0009720666762875234
Cntn6,-0.059305417196194116,0.0009627619745884263
Sema6d,-0.05932804620947923,0.0009576084896708153
Frmpd4,-0.059339017084312745,0.000955669027218854
Svopl,-0.05935939784635067,0.000951297704744949
Sema6c,-0.059375429885151265,0.0009481017272764058
Rasgrp2,-0.05938225629387387,0.0009467982373329284
Satb1,-0.059439228755104954,0.0009339620806911836
Zfr2,-0.05948205451628773,0.0009247380529232431
Calca,-0.059570417787124984,0.0009071853766066668
Smarca2,-0.059609604238650256,0.0008992283381629517
E130102H24Rik,-0.05961529656073607,0.0008983005558110078
Tmem256,-0.05965937913418621,0.0008891989375035
Ginm1,-0.0597034854064042,0.0008802680326062839
Arl4c,-0.05971168362940216,0.0008789241128120074
Ssx2ip,-0.05974335083617152,0.0008722270643322847
Tob2,-0.059749342709167375,0.0008713295976565109
Fabp4,-0.05989599458320509,0.0008425934724173013
Gm26724,-0.05995225069746175,0.0008314375597847547
Cenpl,-0.06000576136009449,0.0008209571035388989
Ear2,-0.06007840923609779,0.0008071174101939762
Boc,-0.060117201336488506,0.000800064477101296
Nrk,-0.060126660907328114,0.0007983579514431796
Clasp2,-0.06016598343173196,0.0007912717248681609
Ppm1l,-0.06038961698038069,0.00075089430998107
Tmem38b,-0.06042459590805376,0.000744842785773219
Hid1,-0.06052469867725139,0.0007275059512695104
Ppp1r2,-0.06052597573975829,0.0007274423899167709
Tnfsf8,-0.0605267300347542,0.0007274423899167709
Dnajc3,-0.06056954947951967,0.0007205139594072623
Sox12,-0.060572026286312315,0.0007202333503324762
Gm13889,-0.060580761607106556,0.0007188182160197031
Sema5b,-0.060614180086114904,0.0007132901268864519
Rapgef6,-0.06062562553624157,0.0007117357978792331
Ccdc30,-0.060665834392441255,0.0007050497869235547
Sntb2,-0.06069939042020757,0.0006997003061860655
Ampd3,-0.06089341742690202,0.000667203562405996
Ftsj1,-0.0609059467351065,0.0006655607208639173
Gpc4,-0.06092842566337313,0.0006624069873211917
Tmem121,-0.0609518176684841,0.000658959254484471
Man1a,-0.0610677006842535,0.0006406293278693417
Bnc2,-0.06125157310717086,0.0006126788838711248
Arhgap32,-0.061263800435343845,0.0006109195558319951
Hexdc,-0.06136260218092866,0.0005967233055463355
Atxn7,-0.06137624616978529,0.0005947921015019062
Rbm26,-0.06147814611633655,0.000580765078104336
Atp6v0e2,-0.061480215368931175,0.000580722240376777
Sec61g,-0.06152305157751902,0.0005750986211462096
Sgip1,-0.06153998434400022,0.0005727515093778848
Scamp1,-0.061617404146581255,0.0005621916206970648
Tcirg1,-0.061624511179993895,0.0005613039889436175
Llgl2,-0.061670538498548685,0.0005548604393138431
Bche,-0.06173766791081131,0.0005457884661555291
Mcpt4,-0.06180330653166286,0.0005374472389342038
Epb41l4aos,-0.0618092698570743,0.0005367538775940007
Klhl5,-0.06184779636655687,0.0005321084500712731
Clu,-0.06187062190493739,0.0005292679485103954
Gxylt1,-0.06189657906401405,0.0005261126727030918
Snhg3,-0.06191485900294903,0.0005238982572400694
Fscn1,-0.06194240648434116,0.0005206979123246697
Tmsb15b1,-0.06196927842257552,0.0005173635369430228
Maoa,-0.061987250152403334,0.0005151007333361572
Mapkapk2,-0.06199794165717223,0.0005140565206387457
Kcnb2,-0.06200103577420365,0.0005138948088621847
Twist2,-0.06200178430593245,0.0005138948088621847
Zbtb34,-0.062017546454297086,0.0005119621005343212
Gm49774,-0.06204263889004564,0.0005092787804292596
Pqlc1,-0.06205840020220967,0.000507337992348521
Ly6e,-0.06209888032725769,0.0005024376105353431
Has1,-0.06211102622226808,0.000501109128973107
Castor2,-0.06213069286578502,0.0004986951795809684
Psmb10,-0.06215068052837394,0.0004962510719379805
G0s2,-0.062201859582008814,0.000490377668600275
Ak2,-0.062212281211955545,0.0004892529514758624
Gsr,-0.06224274747990162,0.000485654243378474
Cacna1d,-0.06225635482369302,0.0004840675033400403
Ikzf1,-0.062315916268652446,0.00047771510349898665
Zfp9,-0.06237696668354248,0.00047068750029994987
Pcdhb9,-0.062407845398181984,0.0004675086716154206
Pdpn,-0.0625553939934768,0.0004511757329667748
Espn,-0.06256319906592514,0.0004504828280899994
Man2a2,-0.06259231450724251,0.00044741922127406256
Utp14b,-0.06261602991843888,0.0004448900925204428
Mat2a,-0.0626250916204184,0.00044406146517726367
A530013C23Rik,-0.06264705639915422,0.00044164302474864863
Fam13a,-0.06267108088433868,0.0004391093858767105
Tcf21,-0.06280749508591368,0.0004252565574779262
Gm36738,-0.06294529615119693,0.0004111609845359091
Larp4,-0.06305217620452314,0.0004002382363170289
Stim1,-0.06314486144036534,0.0003913288313558612
Palld,-0.06316073329038843,0.0003898028786649508
Col4a3,-0.06316962588030821,0.0003889926180207842
Car13,-0.06320429079156362,0.00038557299899618844
Arhgef25,-0.06328022332552156,0.00037853761342298404
Azin1,-0.06332514427202991,0.0003744744555300977
Mbp,-0.06335300482327315,0.00037193081751335917
2900089D17Rik,-0.06342918031695377,0.0003648355006991026
Jak1,-0.06346818057587886,0.0003617427039968398
Ifitm5,-0.06346988208087126,0.00036167075100267137
Naga,-0.06352414834611149,0.00035690001562905925
Ldlr,-0.06354546801053391,0.0003549915372184071
Gm48302,-0.06355644225359018,0.00035405564987032133
Rev3l,-0.06359601893934907,0.0003505595996923054
Trhr2,-0.06361414522586091,0.00034906349708757546
Csf2rb2,-0.06362626594116143,0.0003481239254284586
Dok6,-0.06362805739146159,0.0003480463584968408
Cd7,-0.06363684123274069,0.0003474148268664249
Dcun1d4,-0.06371526437508426,0.00034064401423021756
Tst,-0.06383094988271173,0.0003310565578183086
Serpine2,-0.06387294310137086,0.0003275656274214521
Ece2,-0.06387403261006314,0.00032755323720476973
Prom1,-0.06391004503128297,0.00032452915159238306
Sirt1,-0.06391196414770195,0.0003244456439948642
Ubtd2,-0.06395308568835986,0.0003212555782643859
Rps5,-0.06397031166321572,0.00032019503342609697
Epb41l5,-0.0640097528690904,0.00031702647892127697
Prrg1,-0.06403081389012454,0.00031542049981098623
4921524J17Rik,-0.06408112150448839,0.00031147615390182486
Per1,-0.06408230702877928,0.00031147615390182486
Ell,-0.06411767010896713,0.0003089367463240257
Gm12296,-0.06414561981644964,0.0003070400630006454
CR974586.4,-0.064286510338595,0.0002961305779417195
A830019P07Rik,-0.0643157660645677,0.0002941315846151012
Rai2,-0.06436574720612344,0.0002903907972942151
Tmem268,-0.06441550983027387,0.000286784193962833
Arap2,-0.06441879477646936,0.00028667832833658417
Tyms,-0.06444908627154299,0.00028466115532171525
Eno2,-0.06450026320065011,0.00028087326354840365
Tmem53,-0.06450912358741916,0.00028035214646361016
Kcnip3,-0.06452799911164286,0.00027915583297352567
Hnrnpa2b1,-0.0645471156332197,0.00027780540105909094
Itih2,-0.06455320837745572,0.00027742428091612935
Shc1,-0.06464352606478799,0.00027136115364914307
Rpl3,-0.06466985129488835,0.00026952623501501246
Pax1,-0.06472642431700548,0.00026581555157338785
Ergic3,-0.0647331906256517,0.00026540218294430747
Calml4,-0.06494068501837832,0.00025168371506701834
Map3k20,-0.06494337566169205,0.00025163058132781073
Foxs1,-0.06499712239576673,0.000248214621700809
Prl6a1,-0.06505330530633154,0.0002446195198791897
Atp1a4,-0.0650683563578902,0.00024369377144478627
Dclk2,-0.06512661530062046,0.0002400264360190382
Mtf2,-0.06517941112503126,0.00023682020446940568
Dcbld1,-0.0652101645662708,0.00023510713027373
Gm48832,-0.06525723483329281,0.0002323215041482154
Arhgap36,-0.06534237646380683,0.00022739542784622145
Ptpn13,-0.06539389953401023,0.00022448391078653504
Tshr,-0.06547173179100409,0.00022003654656020425
Kif21a,-0.06556061437816162,0.00021508365119976704
Erlec1,-0.06556432316305484,0.00021492319747192995
Ankrd10,-0.06562662400521337,0.0002114347758715687
Hdac5,-0.06571609059592963,0.00020684653063705345
Irgm2,-0.0657295181332298,0.0002062542201577081
Vnn1,-0.06579833698104123,0.00020280606093959737
Ranbp3l,-0.06585800310568732,0.00019974745648604
Cbx6,-0.06587491474459223,0.00019893419180320494
Syt16,-0.06589282848574417,0.00019801855178377714
Mfsd10,-0.06602035353238983,0.00019150881881007184
Fubp1,-0.06602797169138463,0.00019116133388776528
Sele,-0.06604075111013125,0.00019055861819354238
Syp,-0.06616519765103211,0.0001847134516845264
Btaf1,-0.06620094708169322,0.000183013940162801
Siah2,-0.06631861192433385,0.00017749704079357402
Gabre,-0.06632044997647658,0.00017745423494903366
Fry,-0.06635375634254158,0.0001758895967817434
Foxd2,-0.06637024709568347,0.00017514292291098614
Ikzf2,-0.06642778938009983,0.0001725660590269444
Spty2d1,-0.0664388303461423,0.00017215281067405508
Socs5,-0.06647930329772007,0.00017035046812772294
Sema3f,-0.06660508464545144,0.0001650368573178994
Mitf,-0.06661070067139785,0.00016482576924519216
Adamts7,-0.06665893175594803,0.00016274057966012668
Cdh17,-0.06671591201868572,0.00016037858269071824
Zfp395,-0.06673826808159097,0.00015952100146004788
Maml3,-0.06675440821165897,0.00015885565693649057
Cilp,-0.06680892021247158,0.0001566122643118622
Eid3,-0.06692601665529511,0.00015195693359488013
Hnrnpdl,-0.06695745321758095,0.00015076370003581926
Rsbn1,-0.0669765492946442,0.00015024956384817418
Arsb,-0.06700526251114053,0.00014918136725319738
Rps7,-0.06703383703714616,0.0001480866784979678
Ppp1r18os,-0.0671843071314824,0.00014223685196435923
Col4a4,-0.06720410230850542,0.00014157211043532616
Wfdc1,-0.06734950580391345,0.00013617507403042872
Samd5,-0.06744061790312357,0.00013311054682264536
Il18bp,-0.06749156138058826,0.00013137894114662195
Plcb4,-0.06753661618110107,0.00012988143509787013
2610300M13Rik,-0.06761364712991451,0.00012726155781807796
Helz2,-0.06762036921079426,0.00012705753391662635
Tbl1xr1,-0.0676218504447094,0.00012703921699301962
Senp7,-0.06766268253119276,0.00012566910070671404
Unc45b,-0.06772446292563239,0.00012365507661184102
Zfp281,-0.06773158912126664,0.00012344263434930112
Gm20186,-0.06788066572004395,0.00011882321945465094
Ythdc1,-0.0679155267385536,0.0001177975038023563
Slc44a3,-0.06792705049843596,0.0001175136214807616
BE692007,-0.06794780963199992,0.00011689617395550988
Tanc1,-0.06796063206189569,0.00011650890910921628
A530020G20Rik,-0.06809488858185087,0.00011232921691497715
Prickle1,-0.06814228269035962,0.00011096591805945503
Nkain3,-0.06814379135547582,0.00011094905597995304
Ube2l6,-0.06814473178985776,0.00011094905597995304
Sde2,-0.06821324787716324,0.00010892467332036038
Gnai1,-0.06822938915254238,0.00010846134267066583
Swap70,-0.06823146315267979,0.00010842763100729218
Fgf13,-0.06823222172698103,0.00010842763100729218
Enpp4,-0.06828842902955083,0.00010682152360160172
Cnmd,-0.0683256679814582,0.00010576613206363618
Map3k5,-0.06850478437914884,0.00010094737581052352
Gk5,-0.0685161940589221,0.00010065057931310227
Tmc7,-0.06853436660189795,0.00010024079802911581
AC160336.1,-0.06861161343874886,9.826406376698801e-05
Pds5b,-0.06864943707596757,9.725405564949712e-05
Pigz,-0.06874570860220501,9.492899572968132e-05
Arhgap31,-0.06877636130310219,9.413502984293037e-05
Myo18a,-0.06890395212770589,9.096860621225112e-05
Dctd,-0.06898813333290517,8.906754328391767e-05
Phip,-0.06900729156153444,8.868254518688429e-05
Lrp4,-0.06901169399245473,8.859629153838355e-05
Rxrg,-0.06914329801841253,8.543860386372701e-05
Fgl2,-0.06920342754675707,8.41524909613344e-05
Pygb,-0.06924463094339607,8.32403056398567e-05
H2-T23,-0.06929809509423074,8.209600073589952e-05
Apoc1,-0.06932194131171979,8.160796718995164e-05
Fgd5,-0.06933061976901828,8.145166391878868e-05
Plaat3,-0.06939018066020759,8.016883078014709e-05
Nisch,-0.06941080584560749,7.974278882794136e-05
Mbd4,-0.06944729778549268,7.893826769650466e-05
Gnl3,-0.06949625694656746,7.797250840170293e-05
Col4a5,-0.06950100358579557,7.788859891855623e-05
Fmr1,-0.0695063771015396,7.779083971664966e-05
Arl13b,-0.06957574300348217,7.634851467164819e-05
Ankrd55,-0.069710054398964,7.365374201206711e-05
Spp1,-0.06977914376544814,7.231059873502455e-05
Gm16685,-0.06978834771784669,7.214021711884104e-05
Sod3,-0.0698273466205248,7.141775409779273e-05
Kcnq1ot1,-0.06985137838205967,7.096670590525143e-05
Gm42397,-0.06987329520344975,7.056122402762557e-05
Hoxa3,-0.0698760237451114,7.052584036815943e-05
Ccn1,-0.06990384271099463,7.00237189413059e-05
Bmf,-0.06992116791382252,6.971532846315895e-05
Eml4,-0.06995923208449328,6.899561089845731e-05
Khk,-0.06997034251125056,6.87949686233676e-05
Gm49643,-0.07002111089959853,6.785505147525814e-05
Unc5b,-0.07008002756125421,6.675158376943954e-05
Ldhb,-0.0700869189321231,6.663809320321525e-05
Akr1c12,-0.0701012358484328,6.638263516253151e-05
Lgmn,-0.070156538716621,6.537005063837872e-05
Alkal2,-0.0701860788577048,6.483396270174827e-05
Gpr85,-0.07023476852232749,6.400218538628124e-05
Catsperz,-0.07028109749287259,6.322367569661077e-05
Snx10,-0.07028667490855432,6.313987087954069e-05
Rffl,-0.07029945769626023,6.292508074462409e-05
Meis2,-0.0704059711505752,6.117385148004335e-05
Mcam,-0.07047170292833287,6.008976329269141e-05
Ckap4,-0.07056077965381558,5.8626014896651814e-05
Sntg1,-0.07057854921157125,5.8358162234980806e-05
Saa1,-0.07058925863607292,5.819387973865785e-05
Hs3st3b1,-0.07065316553517317,5.719045526930462e-05
Pgm5,-0.07074963971640742,5.56423899544731e-05
Gprasp2,-0.0707743248003016,5.52921757546194e-05
Bmyc,-0.07077937795338657,5.522685939977936e-05
Sema6a,-0.07084623858442118,5.4225635635508885e-05
Myd88,-0.07094066650092085,5.278561116466705e-05
Pdcd4,-0.07095538945335224,5.2591784847283144e-05
Tcf7l2,-0.07100171124088812,5.1929502627692644e-05
Hvcn1,-0.07100963413839886,5.1824602763596154e-05
Stard5,-0.0710484844089459,5.129089013553885e-05
Ank2,-0.07105725127339518,5.119827855940188e-05
Prr7,-0.07107196964928865,5.099358732256413e-05
Traf4,-0.07109382623363286,5.068396993061677e-05
Rps4x,-0.0711417914657803,5.000796044334783e-05
Pakap-1,-0.0711829365244153,4.943898920340218e-05
Pvr,-0.071193472999467,4.93012299664621e-05
Tpt1,-0.07132342411415125,4.76274755611391e-05
Igfals,-0.07138511274157143,4.684260746584499e-05
Dgkd,-0.07139150107485291,4.676858708033821e-05
Amer2,-0.07143007816370966,4.6256197637017895e-05
Vegfc,-0.07149380490064605,4.545249573297439e-05
Fgfr3,-0.07154215775687219,4.487726286094993e-05
Lsm7,-0.07161788263815656,4.3966890764973974e-05
Srgap3,-0.07168893356355595,4.3083063416502465e-05
Ldb2,-0.07169008649998607,4.308103266543301e-05
Ptk7,-0.07175870475067588,4.2281520339692467e-05
Rims1,-0.0717988871736119,4.18208106593873e-05
Il15ra,-0.07182404831299591,4.154015779989833e-05
Per3,-0.07199598668857098,3.9586310832968864e-05
B3galt1,-0.07200637070082236,3.947668058798946e-05
Rpl27,-0.07204522712862417,3.907198892571193e-05
Batf3,-0.07212847322177936,3.821190391654722e-05
B130024G19Rik,-0.07215973740433013,3.788236686401603e-05
Tmem140,-0.07217007110168237,3.7777821344090594e-05
Il31ra,-0.0721833230302601,3.764101887287693e-05
Fxyd6,-0.07219500048008354,3.752217872094416e-05
Sh3d21,-0.0722597900605173,3.6845250952032006e-05
Smim41,-0.07255029522315563,3.3937501549316134e-05
Camk2n1,-0.07259911245995082,3.3477903482975884e-05
Irs1,-0.07260118610812634,3.3467186441521235e-05
Tm7sf3,-0.0726991139447091,3.255350854175676e-05
Mapk4,-0.07271928747944752,3.238725847904758e-05
Tgfbr3,-0.07273109741791435,3.229266093367859e-05
Uhrf2,-0.07274600415899116,3.216861340699881e-05
Vill,-0.07280333931283359,3.1666017982684655e-05
Trac,-0.07281251690590475,3.159309787758187e-05
Tgif2,-0.07282412410003236,3.150264960130254e-05
Ces2g,-0.072824587797677,3.150264960130254e-05
Lrg1,-0.07284918859190712,3.129585078136193e-05
Cnksr3,-0.07286771442246495,3.11324965528668e-05
Ccdc85a,-0.07297105297867208,3.021278726339806e-05
Trpm3,-0.0730171752933685,2.9816637353606365e-05
Plekha3,-0.07310181647744558,2.9114131620841555e-05
Bdkrb2,-0.07319924322514644,2.8301646773061078e-05
Kcnq4,-0.07322300956708823,2.8117475303749374e-05
Peli2,-0.07323709836306146,2.8007277024758562e-05
Eif4a2,-0.07328372964909005,2.7642902658302258e-05
Psmg4,-0.07333172015218156,2.728014092555586e-05
Ikzf4,-0.07333317679978547,2.7276422430856226e-05
Pear1,-0.07339660724433254,2.677743907968388e-05
Brd2,-0.07349034890606318,2.6072042008622587e-05
Fndc3a,-0.07350864310856883,2.5936657185628688e-05
Atp8b1,-0.07355490331597012,2.5593213163009576e-05
Mlf1,-0.07364103620061505,2.4959828377028213e-05
Atp1b1,-0.07378866529893201,2.396600304188944e-05
Dock6,-0.07392392608153625,2.3026282508240826e-05
Oxnad1,-0.07395249135741408,2.283492996459108e-05
Ror1,-0.07398713053301692,2.2603467269600752e-05
Pde1a,-0.07401091447670705,2.2447982322856186e-05
Cdc42ep1,-0.0740411409365466,2.225002091759719e-05
Ankrd28,-0.07408319935744934,2.198811649930049e-05
Rps26,-0.07408993821843839,2.1953086114567796e-05
Capn6,-0.0741602778659245,2.1512510260761483e-05
Apobec1,-0.07419381449843614,2.1307522275834025e-05
Sh3bp5,-0.07424023657586132,2.1028344229052177e-05
Fzd5,-0.0742933842348272,2.070393106145611e-05
Cdh3,-0.0743163850706372,2.057845937273888e-05
Cacna1a,-0.07446153604326483,1.9724925197289372e-05
Kcnip4,-0.07451922558567617,1.9392899843592387e-05
Acvrl1,-0.0745971973825207,1.8960183807824943e-05
2410080I02Rik,-0.0747182551891487,1.830543135861418e-05
Gng13,-0.07474806903330711,1.8150452887947946e-05
Stau1,-0.07495310338812793,1.709305625871402e-05
Zfas1,-0.07497541159367815,1.6981742404629674e-05
Arrdc4,-0.07507531424070024,1.648926427591749e-05
Cpne3,-0.07511694620012084,1.629482154741156e-05
Stox2,-0.07512016443558513,1.6283755170064312e-05
Npm1,-0.07514029609258127,1.619835755273405e-05
Odc1,-0.07520763040324738,1.587622715361004e-05
Lrig3,-0.07523529439513725,1.5751425776704626e-05
Pla2g15,-0.07537671529382343,1.5103420933825301e-05
Ccno,-0.07539033061431305,1.5044825416060424e-05
Col9a2,-0.0754201953054459,1.4925450980163536e-05
Prdx6,-0.07544647139005846,1.4814166208337538e-05
B230311B06Rik,-0.07564015540402882,1.4001692583923174e-05
Snai1,-0.0756438625506004,1.399001894979399e-05
Crispld2,-0.07570159322444332,1.3755216409154792e-05
Sertad2,-0.07582979728281215,1.3232016675192377e-05
Dlg1,-0.07612102027378237,1.2121803595438895e-05
Adam33,-0.07619107329484831,1.1882712285456143e-05
Pak1,-0.07628010763911892,1.1579435095089413e-05
Hilpda,-0.07633002045207095,1.1425798141622602e-05
Nav3,-0.07637186605029375,1.1288270566190593e-05
Gm10076,-0.07638767259701096,1.1236262654180813e-05
Mir155hg,-0.07640062797129,1.1194446587730073e-05
Sipa1l1,-0.07640834370458427,1.117104405574217e-05
Hpgd,-0.07640886062763193,1.117104405574217e-05
Dzip1l,-0.07646939816196355,1.097737616258072e-05
Tcim,-0.07647664772536651,1.0962963982912475e-05
Fndc4,-0.07649427914064214,1.0906173913403205e-05
Suco,-0.07659599238173435,1.0581441405303866e-05
Ppm1h,-0.0766622236354254,1.037415259229956e-05
Nab1,-0.07670338893555473,1.024446171662913e-05
Sntg2,-0.07673454779381261,1.015458755187855e-05
Tapbp,-0.07678066836686678,1.0024741665207296e-05
Ninl,-0.0768923980566374,9.700899187837626e-06
Slc1a6,-0.07692536592302661,9.610154504289172e-06
Dusp6,-0.07692567474308516,9.610154504289172e-06
Rnf149,-0.07714661929823909,9.004161505149634e-06
Kcnk2,-0.07715348670393016,8.987587764685491e-06
H2afy2,-0.0771627809708542,8.969960379013931e-06
Il33,-0.07718057346518187,8.922667227493493e-06
Arhgap8,-0.07721410397933035,8.837370448282293e-06
Pcdh11x,-0.07726115148923955,8.715606605610387e-06
Slc36a2,-0.07731886576057223,8.56896751421788e-06
Ptprb,-0.0773490495896102,8.499006420953473e-06
Ptn,-0.07744617840782497,8.250050342677029e-06
Emp2,-0.07763397496089913,7.788912898710265e-06
Elovl7,-0.07767141918402559,7.69948440501287e-06
Amy1,-0.0777294593640703,7.566376960940233e-06
Gbx2,-0.07773670060256832,7.551462324953777e-06
Slc27a1,-0.07779371447123086,7.423234194738344e-06
Ltbp4,-0.07780434377717674,7.400622453770211e-06
Echdc2,-0.07787931858414068,7.228722759991355e-06
Uba52,-0.07789356811827698,7.200734262935193e-06
Chka,-0.07797679707268367,7.026297897443417e-06
Fxyd1,-0.07799533352458583,6.9872375443429e-06
Rab11fip2,-0.07809505314938647,6.777600526868288e-06
Stk40,-0.07812472994527282,6.720367243048036e-06
Chd4,-0.07816582419850451,6.637197180548616e-06
Emid1,-0.07817103417393044,6.628344940950832e-06
Gm29686,-0.07823711465938937,6.499844203572806e-06
Gm37800,-0.07834823911388858,6.290386641184211e-06
Artn,-0.07835893460835054,6.2751054768678465e-06
Jarid2,-0.07846782845078006,6.066196720556871e-06
Ephb4,-0.07855836132633287,5.9044490876333685e-06
Plk2,-0.07861999259040214,5.80039657937628e-06
Gm2a,-0.07871768406554121,5.628780129734763e-06
Arih1,-0.07872355264933031,5.620043353393309e-06
Anpep,-0.078776393118829,5.534715169870806e-06
Scarb1,-0.07893104687038321,5.276493896359533e-06
Nlgn2,-0.07894417561256949,5.257732679826216e-06
Dock10,-0.07903495542213548,5.111264881403193e-06
Hs6st1,-0.07939971038518755,4.5597234028668295e-06
Casp12,-0.07967095987701174,4.189722812502481e-06
Noct,-0.07967193977953016,4.189722812502481e-06
Frat2,-0.07969166401848359,4.164429607340711e-06
Gm48025,-0.07985565950271713,3.9547512694579195e-06
Usp25,-0.0798797405652453,3.926503959051812e-06
Plvap,-0.0801440941218683,3.6118388772363575e-06
Mafk,-0.0801548348720589,3.600611933307984e-06
Hspd1,-0.0802013336815336,3.5496961065639322e-06
Cdc14a,-0.08030248796349339,3.443475175458759e-06
Adamts2,-0.08038857711280525,3.350021072586885e-06
Gm29683,-0.08045781057694464,3.279303550512551e-06
Adcy4,-0.0805098086180613,3.2282321940821986e-06
Adgrg6,-0.08051967820079795,3.218889330867357e-06
Ltbr,-0.08052004091055495,3.218889330867357e-06
Slc41a1,-0.08056605815101861,3.1778267806925333e-06
Tut4,-0.08071407219888355,3.0321245552565663e-06
Rabgef1,-0.08073902263733708,3.0083676651582094e-06
Rad51b,-0.08075662062958669,2.9920209093077307e-06
P2ry1,-0.08082396987152705,2.9304207371727105e-06
Siva1,-0.08082710394740836,2.928400413425049e-06
Ifi47,-0.080899702154806,2.863106067230075e-06
Soat1,-0.08103160775559622,2.7468460952079086e-06
Rasd1,-0.08110118556163537,2.686289980336565e-06
Npm3,-0.08116876623604034,2.6314562134611633e-06
Irf2bp2,-0.08121107748512797,2.5966930146520124e-06
Gm21860,-0.08124708990325434,2.5677030728382527e-06
Maml2,-0.08125687407452656,2.5602843657986456e-06
Erp27,-0.08134179153292968,2.4910038956565757e-06
Fkbp1b,-0.08140461002279022,2.4405146284989285e-06
Maob,-0.08145637870500355,2.402286193130941e-06
Errfi1,-0.08151599023045195,2.358487301947362e-06
Clmp,-0.08158072524302869,2.3099181311658926e-06
Sowahc,-0.08161643549167463,2.284250047897207e-06
Rhod,-0.08163973749416922,2.2681965613458968e-06
Acsl3,-0.08164377790531352,2.265938119367443e-06
G530011O06Rik,-0.08173035039090189,2.2062045323117522e-06
Phyhd1,-0.08175373815541556,2.1898564446507373e-06
Cnr1,-0.08180662104092806,2.154626130406004e-06
Rgs17,-0.0819031693197156,2.087843426400132e-06
Neto2,-0.08191228178436744,2.0822338160114557e-06
Garnl3,-0.0819520183066842,2.0555280924338193e-06
Nup98,-0.08204792212681909,1.9935323413860107e-06
Fzd1,-0.08207775742609996,1.974447334996043e-06
Tnfrsf1a,-0.08210758726455569,1.9589692586328627e-06
Rab29,-0.08221388505498638,1.8925238953432915e-06
Kcnj2,-0.0822804396071438,1.8560226760738418e-06
A330076H08Rik,-0.08230490886485026,1.843463626522978e-06
Parp14,-0.08231295309189576,1.839149089108839e-06
Rpl6,-0.0823668842260311,1.8075909307213601e-06
Ugt1a7c,-0.08243675880231045,1.7687171565260933e-06
Nop14,-0.08247456339584458,1.7482675034395428e-06
Rasl12,-0.08249158374945176,1.7389197190777939e-06
Efnb1,-0.08250474818738114,1.7324748947492853e-06
Srpx2,-0.08280286733098856,1.57214995985309e-06
Cpne8,-0.08281912750284207,1.5641130145695405e-06
Mif,-0.0830381391075776,1.4573276682102999e-06
Cx3cl1,-0.0830656060359543,1.44489149458081e-06
Ralgps2,-0.08310713974581238,1.4252506283905885e-06
Rrs1,-0.08317889192381128,1.3925579060549718e-06
Olfm2,-0.08326889709750028,1.3517180527865524e-06
Gpc6,-0.08328190896158547,1.3462525894026488e-06
Hipk3,-0.08330964823645581,1.3355654093926584e-06
Cry2,-0.08339507995429715,1.299382851251735e-06
Vwc2,-0.0834614685919463,1.273529609714674e-06
Zfp503,-0.08350700578689774,1.2544339579056547e-06
Atoh8,-0.08361855514309872,1.2108007506997177e-06
Naf1,-0.0836872878747418,1.1845158458343957e-06
Map4k3,-0.08374152545005122,1.1653623430737037e-06
Armh4,-0.08386518739968607,1.1188747123967656e-06
Rps17,-0.08387806242719957,1.114374604565466e-06
Rxra,-0.08401210924169819,1.0656768457543876e-06
Npc2,-0.08408849836276698,1.0397164431456416e-06
1110038B12Rik,-0.08416020913105107,1.0159932932439893e-06
Gcnt2,-0.08444668641549799,9.26003045516998e-07
Mrps6,-0.08445555859132592,9.235238806599437e-07
Nfe2l1,-0.08463704080749976,8.686169197582388e-07
Synpo,-0.08463768959996353,8.686169197582388e-07
1200007C13Rik,-0.08466109194469769,8.620878697615894e-07
Epha2,-0.08471372964221847,8.478467248881192e-07
Osr1,-0.08480217390957637,8.236044880645373e-07
Slc6a8,-0.08484282774774511,8.127357385735382e-07
Nog,-0.08485144477550552,8.106218249189559e-07
Ogfrl1,-0.08487014404231553,8.060025019814763e-07
Rps27rt,-0.08492668545495825,7.912996873196535e-07
Agrn,-0.08495033798128752,7.854424400252201e-07
Nme4,-0.08504096934951556,7.626334975439844e-07
Fam78b,-0.08506901549357897,7.558326031167029e-07
Erap1,-0.08520545544281798,7.228435342779966e-07
F730043M19Rik,-0.0852188496124075,7.197647277908182e-07
Pag1,-0.08522738385601654,7.179064144414193e-07
Jph1,-0.08526082688648841,7.101624934643409e-07
Foxo3,-0.08534241222442718,6.911248948840905e-07
Gdpd2,-0.08535075723149609,6.893835215610196e-07
Tap2,-0.0857009261278775,6.133432925948966e-07
Nfe2l2,-0.08571598277129176,6.105917921444471e-07
Msi1,-0.0857257510130262,6.087453680166003e-07
Tgm1,-0.08573288915557659,6.076884951151879e-07
Pxk,-0.08577384939208871,5.99974989974951e-07
Nt5dc3,-0.08586980156814931,5.811013899613897e-07
Dusp5,-0.08592126845031119,5.709697895924146e-07
Gm17025,-0.08620265882073305,5.196093683511687e-07
Dhrs3,-0.0862463093075277,5.119169595288886e-07
Mcoln2,-0.08627767447036877,5.065115620325552e-07
Pkdcc,-0.08629746738966286,5.033894510102433e-07
Tnrc6c,-0.08644856155071516,4.784796817171986e-07
Apln,-0.08667544961527572,4.427934483674495e-07
Rps9,-0.08673751784176625,4.3338284641961523e-07
St5,-0.08676664739516492,4.2960994455029e-07
Mapkapk3,-0.08697403014345309,3.9975125012225925e-07
Chrdl2,-0.08697734136746191,3.994361292711965e-07
Shisa3,-0.08699281851860464,3.9756100350810294e-07
Rpl26,-0.08710763284140054,3.824750382630861e-07
Galk2,-0.08711309245435168,3.819406220280912e-07
Ing2,-0.0872269338174813,3.6764119096392805e-07
Fas,-0.0872957000399009,3.593409374668826e-07
Tcn2,-0.08735225127896862,3.523413555962866e-07
Ppp1r14a,-0.087358807300346,3.516578740050122e-07
Col11a1,-0.0873990866138615,3.469338898071841e-07
Rnasel,-0.08768519973468382,3.142280909312856e-07
Bri3bp,-0.08779393057978552,3.0287251941402747e-07
Heph,-0.08791665490984388,2.904605349263644e-07
Slc25a37,-0.08794618887781545,2.876366520603643e-07
Slco2b1,-0.08811535932279772,2.7128750165472865e-07
Actr3b,-0.08812278149347992,2.7077714357584604e-07
Ly6k,-0.08812652357281639,2.705199282431998e-07
Plekhg5,-0.08812803949679973,2.70478329010123e-07
Abcb1b,-0.08820102612668217,2.638115538373386e-07
Hdx,-0.08823756113553224,2.604835413747446e-07
Fzd2,-0.0883254490350203,2.529977624835202e-07
Calhm6,-0.08836278256636297,2.4973044964456157e-07
Fbln5,-0.08837998874405827,2.4836520548501653e-07
Tnfsf15,-0.08847921512359466,2.3978988810372503e-07
Cryzl2,-0.088682641548124,2.2340093296048866e-07
Pik3r3,-0.0887471472451462,2.1844292446608232e-07
Ncoa1,-0.08881375407102922,2.13597488444889e-07
Paqr6,-0.08884986742137986,2.1116608410459995e-07
Hmcn2,-0.08886927249739808,2.0980531965881461e-07
H2-DMb1,-0.08899738182518944,2.0079558680776196e-07
Aff2,-0.08919010404687626,1.879986296707646e-07
Aldh1a1,-0.08921774017385445,1.8627474406315606e-07
Pdxk,-0.08931476560777404,1.8005563711652575e-07
S100b,-0.08944146185961845,1.725168346353818e-07
Dpyd,-0.08951710075772754,1.6811118100385192e-07
Klf2,-0.08959773151620545,1.635177807419514e-07
Gm12216,-0.08976223769940522,1.5420197872327364e-07
Agt,-0.08989425207755485,1.4713520746660068e-07
Grb10,-0.08995006289090822,1.443430835573292e-07
Cttnbp2,-0.09016875924846005,1.3363361484106903e-07
Slc39a8,-0.09023633791065028,1.3052704128333231e-07
Gm15247,-0.09025611069767471,1.2968998544463744e-07
Isyna1,-0.09050075460293895,1.1904424844771017e-07
Nox4,-0.09051048662544192,1.1871568303403572e-07
Cpeb2,-0.09064235943899278,1.1337660312795788e-07
Crlf1,-0.09082583591732436,1.0622152077722825e-07
Lmcd1,-0.09098541293105705,1.0053119356464402e-07
Carmn,-0.09105372943914596,9.826840664025052e-08
Gm14636,-0.09110825493859082,9.638800114412589e-08
Snhg18,-0.0911517125719377,9.493012892908571e-08
Clk1,-0.09118855107126173,9.372279957662027e-08
Marc1,-0.09124208019268279,9.196080246235427e-08
Rps10,-0.09138972083515322,8.726049179746496e-08
Tle2,-0.09142890646465981,8.616659808226403e-08
Foxd2os,-0.0915335069033246,8.299003285552014e-08
Akap1,-0.09153583455029872,8.295259240288028e-08
Rpl35,-0.09162832627096228,8.028455821907e-08
Eva1c,-0.09169683168353499,7.839601022218985e-08
Serpinb9,-0.0921163431497194,6.73865669399691e-08
Mid1,-0.0922530274737401,6.419132736809904e-08
Hspa5,-0.09229619684066281,6.324229054575095e-08
Gsto1,-0.09231836701655062,6.277227777873851e-08
Itih3,-0.09233779917162831,6.236956699148237e-08
Angptl8,-0.09243886719826502,6.015372867547835e-08
Ubc,-0.09249700252297453,5.896161425205885e-08
Pth1r,-0.09252814944782317,5.834494414802363e-08
Gclc,-0.09257239840111504,5.7408600387309044e-08
Klf15,-0.09266986755781054,5.543920741640655e-08
Slc43a1,-0.09272620218533514,5.434682047864267e-08
Rnaset2a,-0.09274943720240829,5.3965305070577626e-08
Fcor,-0.09288192356866952,5.142862903915309e-08
Il18rap,-0.09310585038071573,4.744726749253672e-08
Mex3a,-0.09318460994822915,4.607702872541119e-08
Nr2f1,-0.09326838075548718,4.4698619855150285e-08
D030045P18Rik,-0.09344838592082115,4.18629688344123e-08
Slc11a2,-0.09346659824908352,4.159297852170381e-08
Etnk1,-0.0935008148156201,4.112757179694688e-08
Tnik,-0.09360352737223587,3.962479052518279e-08
Extl3,-0.09365149378338393,3.894361829167777e-08
Frmd3,-0.09368782636247092,3.842676355988671e-08
B2m,-0.0939206773369301,3.5308461435845e-08
Impact,-0.09399292651662786,3.4380213055315314e-08
Arhgef17,-0.09413236317501757,3.271380193249966e-08
Prtn3,-0.09417162892192182,3.22553783818464e-08
Ddit3,-0.09420962815618059,3.1804811901333644e-08
Mgat4a,-0.09425637445689497,3.129646378889968e-08
Ifitm3,-0.09462028977251277,2.7359559471107764e-08
Rac3,-0.09472385366364067,2.6317197374998562e-08
Igf1r,-0.09486779918588621,2.498926587852519e-08
Nexn,-0.09493452628978412,2.4388482483071643e-08
Pabpc1,-0.09494892205243972,2.4264476942614588e-08
Ptpn2,-0.09506626932022409,2.3233898082874735e-08
Nfkbia,-0.09517604822864162,2.2301136945266464e-08
Gucy1a2,-0.09524886316684938,2.1719944200505286e-08
Sema3d,-0.09530334997172374,2.12886967225597e-08
Gm11627,-0.09535925087091619,2.085254337041487e-08
Isg20,-0.09538366315806432,2.066596645628067e-08
Epas1,-0.0955396982070088,1.9481987643869575e-08
Ncam2,-0.09557491360348366,1.922679577466019e-08
Rps24,-0.09559178307641544,1.9110108681389595e-08
Ctla2a,-0.09569114871815333,1.841306373432883e-08
Rpl9,-0.09569322059785153,1.840644153237872e-08
Runx1t1,-0.09598375535446191,1.6480308205897075e-08
Mest,-0.09603473633566018,1.617125998980325e-08
Fbl,-0.09610288526583737,1.5769230189976253e-08
Lrrn3,-0.09634877158936657,1.4366996258410945e-08
Adam12,-0.09638990739861876,1.4163529970909273e-08
Podxl2,-0.09640091375484172,1.4109128757659786e-08
Hsp90aa1,-0.09640966954389113,1.4067285379668845e-08
Fads6,-0.09641307621668238,1.405488246823166e-08
Slc16a12,-0.09661525824132841,1.3022206932002298e-08
Spock2,-0.0967569909389247,1.2352696734632423e-08
Igf2bp2,-0.09696819216791148,1.140167161096589e-08
Tns3,-0.09704375454196064,1.109837718804601e-08
Grn,-0.09708758560672165,1.0923702502485135e-08
Tmed5,-0.09709946406217128,1.0882687055770502e-08
Cd38,-0.09716221260832021,1.0627112449313452e-08
1500009L16Rik,-0.0974724629571461,9.438809499705462e-09
Sult1a1,-0.09752226672253544,9.259322214504146e-09
B3gnt2,-0.09786184743816737,8.144153358473132e-09
Actn1,-0.09794704617260742,7.881020796366251e-09
Plscr2,-0.09819559195476102,7.176904617321464e-09
Pcnx4,-0.09821714489309023,7.11897284992516e-09
Serpina3f,-0.09836485048099362,6.725163261211349e-09
Tent5a,-0.09843506189449185,6.545789742712178e-09
Gm1673,-0.09849273185499989,6.411925191739275e-09
Dtx4,-0.09850589578214364,6.384292913863362e-09
Ifi211,-0.09852078497379145,6.349457927459133e-09
Whrn,-0.09860084165443553,6.161366899962158e-09
Sphkap,-0.09871948636318366,5.887276340789199e-09
H2-Q10,-0.09877760556912289,5.757493274825954e-09
Tnc,-0.0988514171319534,5.592657593392263e-09
Ptprk,-0.09889875200261428,5.495436033403206e-09
Tnfaip8,-0.09906018520932235,5.165859117352131e-09
Ghr,-0.09921099114606519,4.88553661792892e-09
Inpp4b,-0.09927348764878942,4.771199941932567e-09
Jdp2,-0.0993293259420462,4.669755091502688e-09
Ak5,-0.0993459785418253,4.6429897336442486e-09
Med13,-0.09946239782809303,4.4399759674975725e-09
Igf2,-0.0996145320317986,4.181123432868599e-09
Hexb,-0.09962387981822496,4.169355727809556e-09
Klf9,-0.09970888351964138,4.03461139415207e-09
Gcc1,-0.0997315203170709,3.99983325536936e-09
Myo1d,-0.09979055168011128,3.909378904976432e-09
Plxna2,-0.09992022994931372,3.713379499426444e-09
Pygm,-0.10000596160062596,3.5936889417797664e-09
Traf3ip3,-0.10015246611362862,3.3932036011872897e-09
Ifitm1,-0.10018662475335756,3.3481590706275285e-09
Rbp4,-0.10029622490525075,3.20721277176166e-09
Zbtb10,-0.1005538530851932,2.8968397264869213e-09
Ano2,-0.10058467224949594,2.863499131026196e-09
Col24a1,-0.10083645956924851,2.5918214511520594e-09
Dot1l,-0.10095298762433687,2.4750298908351034e-09
Itgb8,-0.10105804019116703,2.373342652302408e-09
Mpzl1,-0.10117839960147769,2.2659145290877557e-09
Elmsan1,-0.10121690388338438,2.2326486600783067e-09
Tfpi,-0.10134661260426803,2.1181398047488094e-09
Ripor3,-0.10137394966751256,2.0965710439844537e-09
Tenm3,-0.10147005143025646,2.020440676868787e-09
Grb14,-0.10148748065250918,2.0070172517251364e-09
Tgfb3,-0.10156873286196709,1.942104969981914e-09
Pkia,-0.10172267632542432,1.8283576154773346e-09
Hotairm1,-0.1017779370968075,1.7898765257860136e-09
Prrg3,-0.10221459619509599,1.506665762996621e-09
Rpl24,-0.10233690710054208,1.4337573779622876e-09
Pi15,-0.10235404439306793,1.4243282224013735e-09
Galnt9,-0.10236985013184133,1.4157399794012147e-09
Adhfe1,-0.10239245323253864,1.4032474170303688e-09
Lncpint,-0.10255645601895211,1.3182289156254266e-09
Atf3,-0.10258170159535823,1.305147284412136e-09
Hhip,-0.10263763455305377,1.2777516878763488e-09
Zcchc14,-0.10264290600581642,1.275595887206192e-09
Adamts10,-0.10268095400790667,1.256232884715876e-09
Myo7a,-0.10274305848190556,1.2260809358733827e-09
Yap1,-0.10286409683904246,1.1676676002248478e-09
1010001N08Rik,-0.10354739570551717,8.85068340548462e-10
Prxl2a,-0.10358562180178454,8.71894728592463e-10
Cish,-0.10369056582125451,8.356515523224419e-10
Il20ra,-0.10373642009490969,8.204128872165492e-10
Marcksl1,-0.10391870185601482,7.616648433421866e-10
Ttyh3,-0.10395559758253708,7.507094366889102e-10
Lrmda,-0.10398901873842593,7.409900516274497e-10
Mef2c,-0.10405409163876618,7.213532397719473e-10
Fam43a,-0.10428375784223552,6.582014645955002e-10
Gnas,-0.10433918767509,6.433231295175831e-10
Zfp385b,-0.10454062615958704,5.926896752151697e-10
Gch1,-0.10462760195711147,5.718775023861325e-10
Pknox2,-0.10480389233977994,5.321204201500962e-10
Draxin,-0.1050447774360149,4.826761366056138e-10
Dipk2a,-0.1051518346696684,4.6193151911788986e-10
Bcl3,-0.10519562419431017,4.5459045185081085e-10
H2-M3,-0.10529804449080554,4.356601562349076e-10
Ctps,-0.10529957454812275,4.3560338295155314e-10
Ephx2,-0.10535317228773741,4.262194204460978e-10
Stk17b,-0.10566229111217051,3.753357103663422e-10
Tnfrsf21,-0.10589994245827167,3.399596008024571e-10
Hmgcs2,-0.10610141826289313,3.1299446259670796e-10
Tra2b,-0.10615468633462215,3.06084782320611e-10
Tmem123,-0.10621368973710277,2.9858822580324444e-10
3010003L21Rik,-0.10647627476573678,2.67424516654263e-10
Gm50143,-0.10659193174432964,2.5537869933410425e-10
Kcnma1,-0.10680972237974688,2.3322739884203015e-10
Dab2,-0.10691713566771828,2.2301080756089204e-10
Taf4b,-0.10723475086344145,1.9551857909683948e-10
Tmem150a,-0.10730169352202881,1.9028316055529715e-10
Layn,-0.10752892663547356,1.7310686555099155e-10
Dact3,-0.10764730647704833,1.6485031273885592e-10
Hspa1a,-0.10765874095193806,1.641378503369035e-10
Gadd45a,-0.1077665210493424,1.5686960440474457e-10
Asap3,-0.10811974476472173,1.3483350951922457e-10
Arxes2,-0.10816791349271355,1.3216854190625918e-10
Dbi,-0.10826979520207489,1.2647757462965034e-10
Lonrf1,-0.1084803362285903,1.1552535377175071e-10
Pdgfra,-0.10853922035510531,1.1270358407181114e-10
Fem1b,-0.10865351111073028,1.0760183091554017e-10
Elovl5,-0.10888598417139814,9.752426414274398e-11
Edn3,-0.10891069401388898,9.652269184160905e-11
Angpt4,-0.10901529399773781,9.227952153627444e-11
Spry4,-0.10914899071463857,8.709429316089606e-11
Map3k8,-0.10931239954393727,8.112302203752973e-11
Scarf2,-0.10948848515878612,7.529736356637979e-11
Slc43a3,-0.10966874503257927,6.979184327423454e-11
Ppp3ca,-0.10967835760424162,6.95338883677873e-11
Zeb2,-0.10981412642550409,6.568735344015066e-11
Itm2b,-0.10985619955136962,6.451124763122738e-11
Sfrp4,-0.10989829173861039,6.342325866882103e-11
Csnk1a1,-0.10990593166136355,6.324388343426581e-11
Cxcl2,-0.1100747647292202,5.883678105736138e-11
Aqp5,-0.11068539707519497,4.524159888996911e-11
Dnm3,-0.11077334629048577,4.354532273575607e-11
Rps12,-0.1109176614992675,4.0889406555535915e-11
Txnrd1,-0.11162992987915911,2.994015079986465e-11
Mgst2,-0.111678446424268,2.930876851971813e-11
Ltbp2,-0.11171782882403337,2.885876934286005e-11
Etv6,-0.11172616910717156,2.876689135668352e-11
Rnf144a,-0.11190098165150002,2.662836322117761e-11
Map1b,-0.11195348775964849,2.6033560799396523e-11
Tifa,-0.1120033076814686,2.548275566941538e-11
Osmr,-0.11222276727087771,2.3178561884923436e-11
Man2a1,-0.11237017546645293,2.170422340975188e-11
Mdfi,-0.11251546240519403,2.0341520322637458e-11
Egfr,-0.1125530650499606,2.0020016950552864e-11
Smpdl3a,-0.11256748844900262,1.991235552100096e-11
Tnrc18,-0.11258213584808213,1.979169145197928e-11
Tfr2,-0.11269246810184695,1.887759101883884e-11
Rps25,-0.11297961783752841,1.6678491362194252e-11
Cnn3,-0.11300799681063756,1.6473518167271104e-11
Itgbl1,-0.11302442123901331,1.6369767264123518e-11
Bace1,-0.11318618827014075,1.523930006620776e-11
Eif1a,-0.11319471005537719,1.5189026432504135e-11
Rnaset2b,-0.11335025935231412,1.417052300820538e-11
Usp37,-0.11347934111249099,1.3404419833081267e-11
Sparcl1,-0.11359675331841862,1.2716699259644566e-11
Fgf23,-0.1139141451505379,1.1049936147407613e-11
Ccl8,-0.11395656909778085,1.08492531104045e-11
Man2b2,-0.11412299406179137,1.0060491297224608e-11
Fbln7,-0.11421773065482539,9.641905930910617e-12
Ggta1,-0.1143988409497967,8.911156431063138e-12
Smoc1,-0.11443957995168104,8.750195098026951e-12
Cldn22,-0.1144676506578018,8.64781945048354e-12
Tsc22d2,-0.11495469783569141,6.972228801722716e-12
Aff1,-0.1149577574658,6.970870360965067e-12
Cdkn1b,-0.11504359752170583,6.714785034504143e-12
Spry1,-0.11544565145612266,5.595902598533639e-12
Rplp1,-0.11553583062711431,5.378609172705037e-12
Ptch1,-0.11553655642603208,5.378609172705037e-12
Hsph1,-0.11559831671331731,5.230426049919068e-12
Csmd1,-0.11571893349329966,4.9499090979488535e-12
Fign,-0.11583219850755486,4.706166829249502e-12
Ly6h,-0.11583828290192309,4.695708357554214e-12
Gm19522,-0.11586500454202134,4.640231087135391e-12
Cd200,-0.11606081777219433,4.249350034650555e-12
Gria3,-0.11611276836183522,4.152255001976888e-12
Qsox1,-0.11622427215252479,3.951545528072699e-12
Gli1,-0.11664144020350703,3.26907110175701e-12
Apobec3,-0.11666165849681237,3.240116259486025e-12
Tmeff1,-0.11674694952152792,3.1163357280152325e-12
Nfkbie,-0.11678210176655048,3.068969690904553e-12
D130058E05Rik,-0.116890123706977,2.918245246776134e-12
Nt5dc2,-0.11694410350179874,2.850199567750303e-12
Itpr1,-0.11712280439006659,2.6242541390602587e-12
Zbp1,-0.11724190233172516,2.4819497188324773e-12
Mmp19,-0.11756209869817018,2.1403908872578167e-12
Phyh,-0.1175999527856238,2.1049371149407003e-12
Cd63,-0.11772454915797255,1.9928132254689958e-12
Abi3bp,-0.11784564403779811,1.8848528447113125e-12
Vegfd,-0.1178673705845911,1.8666563531617932e-12
Gm42418,-0.11789607009934365,1.8425025366582025e-12
Abca1,-0.11834708286696752,1.4885525518182444e-12
Pbx1,-0.11838394715238114,1.4634849087370772e-12
Snhg1,-0.11851352255051963,1.377266409707863e-12
Ifi207,-0.11857801763783819,1.3379715952347542e-12
Prr16,-0.1186123388661518,1.317858747318608e-12
Gm43707,-0.11890912179006202,1.1451585118657103e-12
Ptpn1,-0.119095132103175,1.0492299280425718e-12
Snrpg,-0.11914098002732892,1.0270001172368854e-12
Por,-0.11948662101573695,8.739286677968456e-13
Tceal9,-0.11953055318760467,8.567089621367675e-13
Notch3,-0.11962609059849225,8.191371896009904e-13
Crtap,-0.119628345627625,8.187841426111349e-13
Bcl2l11,-0.11969590818537446,7.940377749514889e-13
Gng12,-0.12011473116351785,6.499179542399613e-13
Avpr1a,-0.1202057834667826,6.230478534773263e-13
Foxc1,-0.12025678463966868,6.086067866377726e-13
Smad7,-0.12034976887631449,5.824821184586649e-13
Ell2,-0.12041588922648128,5.647960362754292e-13
Creg1,-0.12048628302098408,5.461356026220699e-13
Dnajb4,-0.12048745235776515,5.461356026220699e-13
Skap2,-0.1205198610847106,5.37995651059372e-13
Gm12840,-0.12059419852872866,5.195541717988951e-13
Spidr,-0.1207580622702027,4.81260681174477e-13
Dcn,-0.12081305993836428,4.691425616756048e-13
Pde11a,-0.12090107966604405,4.497041721581644e-13
Fdxr,-0.1210043982064877,4.284214811109499e-13
Serpina3g,-0.12134753125323092,3.641182973664884e-13
Rpl22,-0.12149194150552223,3.397106816689279e-13
Rps13,-0.12154608469975796,3.312061938003081e-13
Gstm2,-0.12163818805767578,3.1676545740673764e-13
Dleu2,-0.1216939220844932,3.084122306377095e-13
Smarca1,-0.1217748234043214,2.9657982441805737e-13
Mafb,-0.12179964011944956,2.9357845413642304e-13
Frrs1,-0.12186913895623325,2.8389578471692167e-13
Spry2,-0.12199684067257391,2.678601260112387e-13
Nop58,-0.12215167306794247,2.4850165303818036e-13
Gucy1b1,-0.12250658102472876,2.0980567713084924e-13
Xdh,-0.12263272622226254,1.9791645607189422e-13
Chil1,-0.12280974039731528,1.8203827650194844e-13
Klf6,-0.12295999475611068,1.697757256753479e-13
Cbx4,-0.12336499705506941,1.3946056163310595e-13
Clec2d,-0.12353271374552796,1.284455650805766e-13
Sh3bgrl,-0.12365384515936023,1.2124517995299419e-13
Rpl32,-0.12387715396412677,1.0881410288409452e-13
Vtn,-0.12389682175324279,1.0782410745629258e-13
Ddit4l,-0.12450119945949162,8.011730520861249e-14
Bhlhe22,-0.12470363204019552,7.24028663010223e-14
Shfl,-0.12471202201560529,7.220043373370032e-14
Stat3,-0.12504270823727368,6.123166518430347e-14
Pdgfrb,-0.1251982874995376,5.6679258115438294e-14
Abca8a,-0.12529528685233726,5.411215439892975e-14
Masp1,-0.1253120457642138,5.373819972680882e-14
Fblim1,-0.1258376005333991,4.13929171922022e-14
Gata6,-0.12585662893218377,4.102387431417569e-14
Lgals3bp,-0.1259725167094518,3.87581790259786e-14
Gzme,-0.12602557490475788,3.777963366017629e-14
Cebpa,-0.12613941782448787,3.5675691963550106e-14
Pfkfb3,-0.12636351192609283,3.193612585542443e-14
Pik3r1,-0.12636462807317017,3.193612585542443e-14
Gng8,-0.12640431304812785,3.132304274859947e-14
Snhg12,-0.1264819939250974,3.0125614971749794e-14
Pdgfrl,-0.126611091027214,2.8283045000248268e-14
Hfe,-0.12677778989356825,2.6064032579281175e-14
Pik3c2a,-0.12687003983980327,2.4878195008383493e-14
H3f3b,-0.12691171064978157,2.438799486367982e-14
Thsd7a,-0.1273316869968961,1.9784654901403437e-14
Dnaja1,-0.1274271309605386,1.8891865009640818e-14
Gzmb,-0.1274488044473407,1.8696015984404816e-14
Ifi205,-0.12777124246581228,1.5889821106676533e-14
Lmo4,-0.1278410205783414,1.5361596650314407e-14
Mmp13,-0.1280261505572614,1.3979668270534113e-14
Birc2,-0.1280870668164807,1.3576245309353063e-14
Neo1,-0.12812654606895316,1.3321518561287165e-14
Acsl4,-0.12823284664692908,1.2626460269928834e-14
Dnajb1,-0.12830245652807842,1.2187926333524402e-14
Pcdh18,-0.12836707963088406,1.181280149452703e-14
Atp2a2,-0.12851592434733722,1.0967263200751764e-14
Ogn,-0.12860969162803798,1.0453393137363512e-14
Nxn,-0.128637430309747,1.0311509743555502e-14
Gnb4,-0.128742477118224,9.785311952995633e-15
Sox9,-0.12879685678850183,9.526660572128645e-15
Tbc1d2b,-0.12882931551575674,9.387941628212274e-15
Tpm1,-0.12914627008056698,8.000725225788757e-15
Nfkb1,-0.12958708219218437,6.387297907549868e-15
Tent5c,-0.1298546567475419,5.563649373633165e-15
Cyp4v3,-0.12992838118213512,5.360612485893533e-15
Hspa1b,-0.1300165167425652,5.1218946918118e-15
Dio3,-0.13009426333527685,4.924321551907207e-15
Psap,-0.13033489875165652,4.348318128744095e-15
Foxp2,-0.13050767738568314,3.9819626964006975e-15
A630023A22Rik,-0.13050867365914787,3.9819626964006975e-15
Smim1,-0.13080115350352767,3.4259914814180493e-15
Gdnf,-0.1313202604577251,2.624479141059132e-15
Cfh,-0.1315032987278491,2.392547309258234e-15
Pld3,-0.13150480931758243,2.3925378144610893e-15
Cda,-0.13175233512567935,2.1021155900204366e-15
Rpl28,-0.13178201108003207,2.0707821914166448e-15
Rgs3,-0.13181555756807997,2.0389789674524952e-15
Pawr,-0.1318494297510957,2.004085384376165e-15
Nhs,-0.13186386025028332,1.9903193726111723e-15
Kdm6b,-0.13208540603291227,1.7725530481305563e-15
Bgn,-0.13237640679571455,1.5256238867849542e-15
Ube2ql1,-0.13246666156807627,1.4547848979307372e-15
Vmp1,-0.13251949401012683,1.416462307492466e-15
Galnt10,-0.1326111932820699,1.3506770279686278e-15
Bambi,-0.13275814463193367,1.24922894409976e-15
Kcnj8,-0.13299404520333474,1.104927122826053e-15
Rps16,-0.13312201359437134,1.0347525031511998e-15
Gng2,-0.1335728250676792,8.139882189988869e-16
Dkk3,-0.13358148583306587,8.108552676431726e-16
Tmem173,-0.13404678298356948,6.3390915986693675e-16
Gm43560,-0.1341654246979067,5.953649960143434e-16
S1pr1,-0.1347541919677023,4.36133970903857e-16
Fos,-0.13482928205835976,4.1968434439695533e-16
Cers4,-0.13493133175422933,3.9794596620991435e-16
Adgrb3,-0.13494443104522963,3.95442604496853e-16
Lum,-0.1349814743170006,3.8784810240960904e-16
Col27a1,-0.13521030759935468,3.430975248086328e-16
Fchsd2,-0.13536005723618136,3.168891024653298e-16
Grem2,-0.13578305559597634,2.5317381103982545e-16
Rps18,-0.1360192282010428,2.227054964261874e-16
Bex3,-0.13609865874186206,2.139051788589127e-16
Acp5,-0.13625931686269885,1.9611042537349008e-16
Bdkrb1,-0.1363343378238156,1.8848240108007793e-16
Rnd1,-0.13669899492612259,1.5501257696498148e-16
H2-K1,-0.13674703605161345,1.510755305664627e-16
Wdr66,-0.13705982552545876,1.27691438692205e-16
Jak2,-0.13707022090418777,1.2717916852904095e-16
Tnfaip3,-0.13734095109998695,1.099962470195166e-16
C1s2,-0.1373841096432793,1.0757639326197999e-16
Ncam1,-0.1374676966298236,1.0286822687436446e-16
Rpl27a,-0.13747106007231885,1.027665774797347e-16
Enc1,-0.13752153230412154,1.0009569123147276e-16
Myh11,-0.1375764248225471,9.716747621317707e-17
Sh3pxd2a,-0.13773567151915553,8.929162945896289e-17
Prokr2,-0.13778972531552816,8.673313483426349e-17
Cldn2,-0.13795808273130608,7.909208657082225e-17
Impdh2,-0.13851233212643688,5.825169604875519e-17
Wdr86,-0.13870399689540977,5.2497222816075016e-17
St3gal5,-0.13885787689367157,4.8233713168746584e-17
Ssbp2,-0.13900719126489003,4.4426307103536666e-17
Gstt1,-0.1390275701976985,4.399887285451588e-17
Lgr5,-0.13923452784184986,3.9296968974388713e-17
Cdkn1c,-0.13933072424726567,3.725470487848036e-17
Zfpm2,-0.13935771329030358,3.672480956405458e-17
Cemip2,-0.13937011111828607,3.6501863949711e-17
Tmtc1,-0.13977822971472226,2.916550655799541e-17
Ddx3x,-0.1398538178523723,2.8020111653564656e-17
Entpd2,-0.14006933708982847,2.484231389213847e-17
Dnm3os,-0.14051381569344262,1.940299832146339e-17
C1qtnf12,-0.14056519572617712,1.8895985407770354e-17
Rsrp1,-0.14058621895402948,1.868839977276801e-17
Tra2a,-0.1408543352716067,1.6083705425483536e-17
Porcn,-0.14097760637337617,1.501843821859888e-17
Bcl2,-0.14100348919628072,1.4811803867995475e-17
Arrdc3,-0.14132947784079802,1.2337875634807053e-17
Gbp2,-0.14150610138686276,1.1181511457937246e-17
Col16a1,-0.14180642745923297,9.455038353781439e-18
Ppp1r15a,-0.14181424497279707,9.421553795512743e-18
Ddit4,-0.14194811985670094,8.731682591711688e-18
Prdm6,-0.14205360528290922,8.225099947707475e-18
Ahr,-0.1425615732432685,6.176930228646433e-18
Fgf10,-0.14286398056013058,5.220349396549056e-18
Eif4e3,-0.14291522718832375,5.077406405659102e-18
Erf,-0.14324035754758221,4.220932287093989e-18
Taf1d,-0.1433283867741579,4.022158230235572e-18
Csrnp1,-0.14346895287167488,3.71370508941752e-18
Rps19,-0.14352465093936914,3.6057863551983495e-18
Fau,-0.14355264447493607,3.5544370243511745e-18
Bace2,-0.1436809658611093,3.3081910988293397e-18
Gpnmb,-0.143871596840578,2.9660220138164954e-18
H2-Q4,-0.14391082039153374,2.9017562207973015e-18
Igsf3,-0.1443448854782342,2.258189363921618e-18
Mcl1,-0.14488302181669935,1.6567559250174334e-18
Oat,-0.1449097116279263,1.6325879304014942e-18
Emilin1,-0.1455019683816289,1.162169555902527e-18
Rpl30,-0.14561671532394585,1.087121308585218e-18
Mark1,-0.14580569462980628,9.76125719726816e-19
Gns,-0.14593219938413005,9.066294741231066e-19
AU020206,-0.14617759279782014,7.871000568794463e-19
Fzd4,-0.14673654006552397,5.675128697923843e-19
Fbn2,-0.14707399790215703,4.650408699432448e-19
Ctsc,-0.1471030246168195,4.575182967746778e-19
Ecscr,-0.14753085199834376,3.568040361145514e-19
Eya2,-0.14765227658444546,3.324548255536253e-19
Brinp3,-0.14783347074517988,2.9914761010282347e-19
Aprt,-0.1478545568697752,2.956910351699073e-19
Rgs2,-0.14864322151727202,1.85681934752022e-19
Agtr2,-0.14878276353106035,1.710357643851859e-19
Peli1,-0.14887046164161855,1.6271817017620994e-19
Olfml2b,-0.1491695237339285,1.3635641757407641e-19
Tpst1,-0.1492167221308755,1.330310027532482e-19
Inmt,-0.14922223511700594,1.3276916615619816e-19
Snhg8,-0.14980621031492283,9.333377497641689e-20
Auts2,-0.15018145446069855,7.457556298018708e-20
Litaf,-0.15056216870962458,5.967713712204477e-20
Arl5b,-0.15154529591132626,3.303472798731375e-20
App,-0.15165972526221425,3.0820010439404654e-20
Kctd12,-0.1518331448619658,2.778539464823075e-20
Irf1,-0.15213584201487043,2.3123636216108905e-20
Icosl,-0.1524205886693623,1.9430501563177058e-20
Il1r2,-0.15251512788669688,1.8365319560207046e-20
Tnfaip6,-0.1527372619253885,1.605440936925995e-20
Itga1,-0.15279184003929405,1.5588326934569523e-20
Stc1,-0.15296391197109915,1.4054417173591458e-20
Egr1,-0.15307516992518796,1.3129381989430562e-20
Rpl41,-0.15332293230785066,1.1289963304212539e-20
Dapk1,-0.15340682646680326,1.07266477809413e-20
Mctp2,-0.15380876084848938,8.39262223784179e-21
Acvr1b,-0.1541063239486327,7.021691994984599e-21
Col1a1,-0.1543372709729544,6.088844602321414e-21
Comp,-0.15437561385578755,5.9576059470857515e-21
Gm6093,-0.1546175631430578,5.135072794142346e-21
Cdh2,-0.1547831971851453,4.642859460798911e-21
Spink6,-0.15483013324147962,4.518041670179273e-21
Cntfr,-0.1549634896223531,4.1587925632994975e-21
Col15a1,-0.15503380755893834,3.987656715955014e-21
Ndrg2,-0.15505514740899368,3.938902098518634e-21
Egr2,-0.15526136802041537,3.470297805162087e-21
Slc8a1,-0.1553314202595798,3.3239487930787196e-21
Fgfr2,-0.1553687752971888,3.250183756940427e-21
Rps27a,-0.1558711874891574,2.3813788464844814e-21
Alpl,-0.15592164610229856,2.3090830317564757e-21
Csf3,-0.15618483161731006,1.962981899113395e-21
Mbd1,-0.15656156242584113,1.5519383798785555e-21
Egflam,-0.1565886325795735,1.5272092940328825e-21
Rasl11a,-0.156814383635281,1.3265808588128046e-21
Dio3os,-0.1579527002961669,6.501956919602121e-22
Glis3,-0.1580520669834951,6.106798528270126e-22
Frmd5,-0.15822499912950055,5.4766822514706705e-22
Slc44a2,-0.15858705439760895,4.37870339843351e-22
C4b,-0.15870469518754374,4.078261768995034e-22
Efemp2,-0.15889889772396804,3.619255024789115e-22
Pim3,-0.15920208154009297,2.985101682904884e-22
Lrrc32,-0.15977367927319397,2.0696067418198068e-22
Lmo7,-0.1599808700769055,1.8129235624905182e-22
Gpr39,-0.16042482439438652,1.3603460670784806e-22
Angpt2,-0.16058490199746295,1.228239708858586e-22
Tcea3,-0.16063146048611357,1.1928868263564477e-22
Rps23,-0.16104862631222214,9.110063735052494e-23
Kif26b,-0.1617516133570516,5.78872924655695e-23
AW112010,-0.16195325887847373,5.0872180202029754e-23
Nap1l5,-0.16268158630717655,3.182680176766956e-23
March3,-0.16288456024366957,2.7888230375575865e-23
Naalad2,-0.16309243639159765,2.4448885984187125e-23
Pdlim3,-0.16321900734424172,2.2505541315042365e-23
Zim1,-0.16322747491439088,2.243630942447924e-23
Nfasc,-0.1634981577410789,1.8858394555907264e-23
Ier3,-0.1637180701417594,1.6349710233745712e-23
Serpine1,-0.16397027085966323,1.3850889067424162e-23
Fstl3,-0.16460247708352815,9.140597836609358e-24
Klf5,-0.1646119659762852,9.094734874144415e-24
Pltp,-0.16466916582578156,8.763738702246385e-24
Chrdl1,-0.16474214875009185,8.355589800895447e-24
Socs1,-0.1651397454642326,6.424205856800964e-24
Adgrl2,-0.1651606822077615,6.3472983498418e-24
Col1a2,-0.16538924523311183,5.462854291766071e-24
Serpinf1,-0.1656989922984525,4.443574499839268e-24
Susd2,-0.16582365365780705,4.1010110186102744e-24
Casc4,-0.16586001888809757,4.006798581721756e-24
Cstb,-0.16588751342380567,3.9383163933906164e-24
Bach1,-0.1659340263748516,3.826730670088354e-24
Ednra,-0.1659428286467984,3.809234281477787e-24
Csgalnact1,-0.16597731885108366,3.731160125381788e-24
Arhgdib,-0.16621427986229825,3.1910649751995484e-24
Gpc3,-0.16625868650518086,3.100659281513424e-24
Wnt5a,-0.1664503291128388,2.7375595240262998e-24
Lgi2,-0.16730554135298573,1.5416670883888007e-24
Rplp2,-0.16750186525973143,1.3557115693435638e-24
Ntrk2,-0.1675378686424405,1.324609891951136e-24
Rnf125,-0.16769530034228994,1.190988120178173e-24
Mndal,-0.1683239970315798,7.781005176835217e-25
Gzmc,-0.16861510932516766,6.405095888751562e-25
Midn,-0.1686275551385873,6.359571195388802e-25
Hgf,-0.16906718986114866,4.709539705792127e-25
Setbp1,-0.16933490431244588,3.9308549104543445e-25
Nr4a3,-0.16941493765974522,3.724452631110128e-25
Ltbp3,-0.16945185222109363,3.6357566713853834e-25
Chst2,-0.16983460365012107,2.804756041687915e-25
Phlda1,-0.16989396007280183,2.6954801199193774e-25
Ksr1,-0.17011299647525216,2.325178300359938e-25
Slc5a3,-0.17025694955200252,2.109842821222383e-25
Chsy1,-0.17063441442050567,1.62915955530129e-25
Epha4,-0.171028239204648,1.2429362410164316e-25
Trf,-0.1710701979414722,1.2087950727714497e-25
Peg3,-0.171326465010209,1.0133146452332425e-25
Birc3,-0.1713692149708039,9.848875208812182e-26
Adra2a,-0.17157467734268605,8.553086178033313e-26
Lcn2,-0.17161895305614652,8.303917057993549e-26
Ereg,-0.17180163461512216,7.337306100598479e-26
H6pd,-0.17188026433807047,6.953361056247934e-26
Pappa,-0.17237308664277012,4.929776359827323e-26
Gucy1a1,-0.17248507790530346,4.562271967058703e-26
Ndrg1,-0.1726364452018552,4.1250280743390697e-26
Ptch2,-0.17280350598513824,3.682634370297285e-26
Rps8,-0.1732948109309713,2.6289454106141226e-26
Runx1,-0.1738067824401803,1.8447266279749563e-26
Adcyap1r1,-0.17387595727501629,1.7588904207265327e-26
Rps15a,-0.17403492155221245,1.5731372661811837e-26
Arhgap15,-0.17452137310590024,1.1171282459346998e-26
Pde4b,-0.17457985949669552,1.0748011668216462e-26
Dusp1,-0.17515380040494613,7.148914743857766e-27
Hsd11b2,-0.1751819159760406,7.017356038341364e-27
Aqp2,-0.17530504239813002,6.4444574685549945e-27
Svil,-0.1753778569322592,6.125960758733105e-27
Mgst1,-0.1756240451503028,5.1406861306745924e-27
Nectin2,-0.17592307918513234,4.158307816794578e-27
Nedd4,-0.1759342077555136,4.1317460585244775e-27
Ank3,-0.1762851118915202,3.228500221660498e-27
Camk4,-0.17651436980692553,2.744457495619194e-27
Plxnd1,-0.17682824538314856,2.200986481666975e-27
Nid2,-0.17701139581543546,1.9336473114747122e-27
Ptgfr,-0.17791061310223613,1.0137022974873562e-27
Arid5a,-0.17811644455830242,8.766771194286374e-28
Enpp5,-0.17817748114630771,8.412577626849763e-28
Rpl34,-0.17823454559406565,8.082557563101655e-28
Kng2,-0.17828318104162644,7.826520777643023e-28
Ets2,-0.17858887946053975,6.279073521619793e-28
Rpl22l1,-0.17862246718419822,6.136845667094964e-28
Il17ra,-0.17974933790202594,2.7036606703997258e-28
Fmo1,-0.18073478225125153,1.3270515613451576e-28
Ecrg4,-0.18129771736602035,8.780133117767531e-29
Map4k4,-0.18141001227874484,8.090024373879829e-29
2600014E21Rik,-0.18162932430799308,6.882212603237865e-29
Klf7,-0.1821039782364518,4.84519791938351e-29
Gm17167,-0.1824178311950265,3.8442627452235255e-29
Rpl35a,-0.18290692356312135,2.672866658261707e-29
Lamp2,-0.18373311721650504,1.4473591294018783e-29
Igsf10,-0.1840286213855329,1.1597662894873084e-29
Psmb8,-0.18405079586428708,1.1425166594950299e-29
Cmbl,-0.1840799501686328,1.1195970040604452e-29
Phldb2,-0.1843269872518686,9.33630668087842e-30
Rps20,-0.18500820066243537,5.60684709203134e-30
Sept4,-0.18544975387570978,4.0274540890650514e-30
Pros1,-0.18562825540901567,3.527492667800347e-30
Plppr3,-0.18684043632763242,1.4090970182548672e-30
Nrip1,-0.18721303603390935,1.0597454640064725e-30
Cpxm2,-0.18727716742221218,1.0105191578282652e-30
Gas1,-0.1887247072613661,3.3582358151556273e-31
Tnfaip2,-0.1888179304434478,3.1293842531094983e-31
Id4,-0.18884362128882967,3.0733117668089367e-31
Deptor,-0.1889323896720203,2.8737002622029317e-31
Myo10,-0.18894614175188132,2.8485365167027044e-31
Igfbp3,-0.1892435379492791,2.2682133913536733e-31
Zfand5,-0.1894628002352479,1.9189886625697463e-31
Agtr1a,-0.18953471662028024,1.8224181624448453e-31
Itpkc,-0.18971704828077735,1.5855447543101373e-31
Lox,-0.1902281889168637,1.0689037507271839e-31
Rpl23,-0.19049248279846537,8.738456423300605e-32
Lif,-0.19164739537382627,3.546125392038443e-32
Atp1a2,-0.1918462105159854,3.036236986004518e-32
Mmp2,-0.1922182389078179,2.279394325119211e-32
Fosl2,-0.1923122548713053,2.124097406463085e-32
Sik1,-0.19232537172668743,2.1063298440686635e-32
Phex,-0.19255109853755056,1.764311900038051e-32
Spon1,-0.19260957436278306,1.6876139844235954e-32
Runx2,-0.1936914989544918,7.211710614310907e-33
Gxylt2,-0.19399700254191699,5.6708332780786374e-33
Podn,-0.1940298945031274,5.5347287662197125e-33
Acvr2a,-0.19490609271385254,2.761309814009796e-33
Slc3a2,-0.19519286066429012,2.2008171752227125e-33
Jund,-0.1952683299068268,2.0751817743864657e-33
Tmsb10,-0.19586951615843823,1.2820846877144558e-33
Ndnf,-0.19627550629043528,9.285180442827964e-34
Slfn5,-0.19666729941900743,6.769145141345688e-34
Smim3,-0.19676684063350167,6.256022145412377e-34
Sphk1,-0.19716263041682247,4.542056690675863e-34
Cyp26b1,-0.1982063529616112,1.955708235727638e-34
Adh1,-0.19852371070960131,1.5105392658886146e-34
Adamts4,-0.19868902001289593,1.3215142783698854e-34
Ifi203,-0.19896920774381643,1.0539780804006016e-34
Ptger4,-0.20010384127704864,4.164924648918145e-35
Ctsl,-0.20011316996906076,4.141881049682656e-35
Penk,-0.20018450368639465,3.912670503424859e-35
Sult5a1,-0.20047383757223938,3.0913003287264316e-35
Steap3,-0.20072074353603148,2.5403503309450263e-35
Ace,-0.2008840122346288,2.227671076203599e-35
Art4,-0.20098002866121387,2.0611689077845065e-35
Gpr88,-0.20119042024304612,1.7336953626277427e-35
Btg1,-0.20136315242283892,1.5078814510711677e-35
Id2,-0.20196098961081138,9.19109122222901e-36
Aldh1a2,-0.20215571652399858,7.825801592432935e-36
Ism1,-0.2034888276814675,2.6037999924013326e-36
Arid5b,-0.2037014764183925,2.180848994067287e-36
Pten,-0.20387607580795128,1.8947538312423516e-36
Col14a1,-0.20493091580869133,7.817656617537217e-37
Slpi,-0.2053250314482703,5.642150242327836e-37
Adamtsl3,-0.206155132068891,2.7895848941547263e-37
Hspa8,-0.20626080039453557,2.5543182656423867e-37
Cxcl16,-0.20639543749916536,2.281423824816574e-37
2410006H16Rik,-0.20684088961136454,1.567816536335094e-37
Gm14964,-0.20687107603193378,1.5313657135899936e-37
Ctsb,-0.2071296821177341,1.2289563036246413e-37
Sbno2,-0.2071357237356631,1.2255571125585901e-37
Col23a1,-0.20737036138371676,1.00621551570525e-37
Cyp1b1,-0.2079488821084082,6.15226223100452e-38
Hif1a,-0.20836469850363004,4.3249081286691425e-38
Gfra2,-0.20909891045999096,2.3211433941486946e-38
Adamts12,-0.20950493565052336,1.6340534737735746e-38
Nek6,-0.21037689043455943,7.706247559684704e-39
Rgs16,-0.21071346442202,5.752312387192656e-39
Rpl38,-0.210870120109685,5.02630949765131e-39
Sned1,-0.21159427488281599,2.685908794809961e-39
Rnf122,-0.21167139692610407,2.5159043781600754e-39
Adamts1,-0.2117220800447643,2.4122077112739602e-39
Clec11a,-0.2123382240835929,1.4107711144971557e-39
Nr4a2,-0.21255853107213915,1.1638533250578123e-39
Olfr1033,-0.21260487831083313,1.119982958533498e-39
Rpl37a,-0.2126303794237705,1.0978573279632891e-39
Nfil3,-0.21284794976932395,9.07655697322195e-40
Bag3,-0.2131458439710292,7.0044233831254766e-40
Rpl37,-0.21314598685517291,7.0044233831254766e-40
Nrp1,-0.21329286524762134,6.179337167689525e-40
Grasp,-0.21374052970697022,4.170624347713761e-40
Col4a2,-0.21407367572104805,3.106773588558606e-40
Rasa3,-0.21415202764939828,2.9046789406700404e-40
Ephb2,-0.21423382202084623,2.7073321445612376e-40
Adamts9,-0.21470728960789376,1.7772887941205916e-40
Top1,-0.21476527903001724,1.6919208997648624e-40
Ccl7,-0.21576679276702618,6.918446217771672e-41
Rpl36,-0.21591653273838732,6.061859652752971e-41
Slc10a6,-0.2160404551635464,5.435946762780402e-41
Hs2st1,-0.21629154348248517,4.345635950215612e-41
Ms4a4d,-0.2165295229136443,3.5144318977072875e-41
Ccnl1,-0.21716619819245161,2.0020692185457998e-41
Pcsk5,-0.21733347473164596,1.7249064167015948e-41
Gaa,-0.2173411285997299,1.7178121040199977e-41
Sorcs2,-0.21762855253936278,1.3342751267690993e-41
Dennd4a,-0.21771734264540685,1.2342735604213218e-41
Scpep1,-0.21820325561444434,7.950840449730762e-42
Gabra3,-0.2186652492338338,5.229201221442013e-42
Il4ra,-0.21987304964826568,1.752529548313413e-42
Slc7a2,-0.22001124226366092,1.552314433691619e-42
Rpl39,-0.2208477442675416,7.238717453336464e-43
Eln,-0.22190591147055275,2.7632957857757182e-43
Med13l,-0.22283535031468113,1.1693827555023295e-43
Cst3,-0.22353478590271728,6.133859903009606e-44
Aoc3,-0.22469399936108572,2.088603205808076e-44
Rpl36a,-0.22482854698880925,1.851204848960566e-44
Lifr,-0.22545993123958866,1.0226232258876229e-44
Col4a1,-0.22594286151664889,6.574206652698375e-45
Gbp5,-0.22680403177853234,2.908353930683842e-45
S1pr3,-0.22695061814668674,2.5372189271486627e-45
Cpe,-0.2286199955349833,5.163863551288705e-46
Angpt1,-0.22936877774995248,2.5431388040807436e-46
Slit2,-0.2302031641461425,1.1423192917990537e-46
Ier5,-0.23130306627531563,3.949067328249972e-47
Slc16a1,-0.2315951109984113,2.99028807995344e-47
Gpx3,-0.23175000652139396,2.579288014633021e-47
Nfkbiz,-0.2330227450947426,7.464079525288943e-48
Usp53,-0.23323906831860167,6.054487834567273e-48
Susd6,-0.2336435533153675,4.079255923368506e-48
Cyp7b1,-0.2337009555154053,3.8679555996395513e-48
Rab20,-0.23427958532588464,2.199610327933933e-48
Srgn,-0.23506043463673718,1.021903671548902e-48
Aebp1,-0.23531954602963837,7.95541462246885e-49
St6galnac5,-0.2356113787740242,5.972266799307525e-49
Rrad,-0.2361121060040186,3.651815297163234e-49
Rnf19b,-0.23611864819433545,3.6408349132114045e-49
Pnrc1,-0.23845077929078964,3.5455834547743767e-50
Tiparp,-0.23857967557021978,3.1242073681760694e-50
Gadd45g,-0.23880623834958753,2.4940455329955906e-50
Gadd45b,-0.2396955911128784,1.0205478342094964e-50
Ptgir,-0.2425177492413121,5.854046732264749e-52
Adm,-0.24337230028673548,2.443897060510046e-52
Kcnj15,-0.24606062270773238,1.5279355413294926e-53
Ifrd1,-0.2465683253806046,9.046042259688581e-54
Pnp,-0.24725656362196072,4.4240495166438217e-54
Casp4,-0.24939345208971506,4.708787984969145e-55
Rspo3,-0.25086205683454516,9.911659945768127e-56
Rps29,-0.2509765264607847,8.803699172419867e-56
Tspan4,-0.251254155065367,6.591295536469982e-56
Ptgs2,-0.2513816889591516,5.772008085479267e-56
Cpz,-0.2526816231169798,1.436814780001079e-56
Dpep1,-0.25306945684502785,9.567653196936998e-57
Olfml3,-0.25382606988690837,4.2335741511633823e-57
Hsd11b1,-0.25480139827949266,1.484321010606917e-57
Cfi,-0.2552691877739379,9.023514516796009e-58
Mme,-0.25571939693646856,5.562943080065514e-58
Lrp6,-0.25639431640309934,2.677499221242227e-58
Slc39a14,-0.2571781951223205,1.135444917315357e-58
Rps27,-0.25751175852150116,7.928870549494469e-59
Ggt5,-0.25795525327725005,4.879172513408258e-59
Saa3,-0.2589067062060199,1.7149554146986213e-59
Mfap4,-0.2591776012603861,1.2805103747416061e-59
Mycbp2,-0.2597482652934017,6.813563536400576e-60
Zfp36,-0.26155755875403347,9.111462515555495e-61
Brinp1,-0.2623326413013183,3.859285623842992e-61
Mylk,-0.26450035541866906,3.3521267644940863e-62
Sod2,-0.26576614740385984,8.00626797481623e-63
Fth1,-0.26602069790801647,6.096052754186896e-63
Plac8,-0.266632094116733,3.080172001638528e-63
Kitl,-0.2685115650494207,3.566678925690121e-64
Zfp36l2,-0.2685192717286183,3.552790619825824e-64
Gm26771,-0.2686794494743565,2.9651574620889795e-64
Chl1,-0.2688294196555713,2.5039680985389303e-64
Ccn5,-0.270460055350432,3.7799794867000683e-65
Megf6,-0.27185230134006827,7.453117505797221e-66
Kcne4,-0.27207963130502694,5.762282717220598e-66
Gria4,-0.27256779388850155,3.256639982487736e-66
Gas5,-0.27505211130539947,1.750427789507654e-67
Rps21,-0.2752341909829,1.4237410290306273e-67
Pim1,-0.2761908266073666,4.603830828833361e-68
Mgp,-0.2777988573678763,6.790512340566382e-69
Sgk1,-0.27842185895029964,3.2318936984904145e-69
Prlr,-0.2792659567297679,1.1665647712910916e-69
Tnfsf11,-0.2805129840782873,2.5943396352597687e-70
Jun,-0.2805218184499902,2.581737398779275e-70
Myc,-0.28474523983214284,1.4144971961009144e-72
Hk2,-0.28745174308551774,4.821629044654623e-74
Fst,-0.28751542210056297,4.4769132579416054e-74
Rps28,-0.2886576522958697,1.0702370092788514e-74
Hivep3,-0.2890717197615375,6.410423968355135e-75
Socs3,-0.2899774383284571,2.065395521053583e-75
Mlana,-0.29252050073246655,8.15936286283564e-77
Cxcl1,-0.29258436296356477,7.56456385601881e-77
Nr4a1,-0.293440612952196,2.539050525863817e-77
Btg2,-0.2947044087063416,4.96730636148719e-78
Dram1,-0.295263014491517,2.4339238920040243e-78
F3,-0.29580512952855753,1.208354553868833e-78
Srpx,-0.29800651732241945,6.87084476046605e-80
Trib1,-0.2982850895849018,4.825976919535996e-80
Bmper,-0.2990590358666272,1.7476161113190533e-80
Tnfsf13b,-0.3011357795858667,1.11274793627001e-81
Epha3,-0.30140319703619256,7.898025157044294e-82
Irs2,-0.30198724590539866,3.6407797756839775e-82
Bicc1,-0.30285914230601024,1.1461851691469134e-82
Nfib,-0.3031115331014498,8.284753201071279e-83
Cd302,-0.3057126657748027,2.486875157137695e-84
Igfbp7,-0.3085080252950373,5.6329705405796606e-86
Nudt4,-0.3119851299991751,4.6080709595824327e-88
Colec12,-0.3125262529908426,2.179966608756894e-88
Fmo2,-0.3126488125775038,1.8513757232267143e-88
Slc38a2,-0.3127199923842515,1.6896482950220194e-88
Bdnf,-0.3137287607026437,4.13412646507167e-89
Serpina3n,-0.3141244990292396,2.3882053846488806e-89
Rbp1,-0.31474053328767254,1.0099700250842462e-89
Gfra1,-0.3149903527360107,7.218629306619217e-90
Ccl19,-0.3159314081656955,1.9195997411089753e-90
Cfb,-0.3170995610835669,3.674218634052919e-91
Scn7a,-0.31882871271205815,3.1767174920624144e-92
Cygb,-0.3217100987226084,5.081711229407102e-94
Sfrp2,-0.3220579749154948,3.122423974372689e-94
Gpm6b,-0.32227011202872796,2.3148021489791705e-94
Rnf150,-0.32295855236173115,8.562825263176556e-95
Ugcg,-0.32928997913305014,7.858071316679328e-99
Fbln1,-0.33033093211458414,1.6638469808128286e-99
Cxcl5,-0.330784567230193,8.492442285619788e-100
Nr2f2,-0.33175999544550333,1.967548430333334e-100
Cpxm1,-0.3324768673417714,6.712077385209892e-101
Ccl11,-0.33373878728895795,1.0061621779067417e-101
Cebpd,-0.33461831871329417,2.654260352438222e-102
Id3,-0.3360555444719638,2.9569025740353827e-103
Slc16a2,-0.33647947433631537,1.5565936222002095e-103
Zfp36l1,-0.34108293989238514,1.279785559747263e-106
Apod,-0.3418072170247571,4.200178149644786e-107
Tmem176a,-0.34212478723505213,2.5788320744280444e-107
Tspan11,-0.3428511370540922,8.296684243398317e-108
Lpl,-0.3431607304585859,5.149796094224453e-108
Mdk,-0.3443189617554599,8.305339626937858e-109
Junb,-0.3443843435721676,7.584871457347971e-109
Gem,-0.3454896049203025,1.3380937269713327e-109
Mt2,-0.3462427743065714,4.122952302830735e-110
C3,-0.34981943771564583,1.3218375851096693e-112
Apoe,-0.35333256848728795,4.278420897889515e-115
Emb,-0.3574821890766303,4.551044920664942e-118
Selenop,-0.3578847390425645,2.354767429667993e-118
Cp,-0.3602519282636956,4.437638739644392e-120
Ccbe1,-0.36104655385389933,1.1728931387144101e-120
Serping1,-0.3669703788254392,4.801589539932971e-125
Slc1a3,-0.36778965293290067,1.1752318252594372e-125
Ptx3,-0.36931512204473427,8.325237813078463e-127
Abcc9,-0.37016534402193985,1.906307109552091e-127
Mt1,-0.3724466001835889,3.592095725387801e-129
Mfap2,-0.3823779855787629,6.805647461625954e-137
Icam1,-0.3889673622277788,3.365063173962852e-142
C1ra,-0.3891836700514786,2.292295925638024e-142
Fosb,-0.3898619590220537,6.514725997299614e-143
Il11ra1,-0.3904140761113374,2.3465583340864336e-143
Tmem176b,-0.3904786385134823,2.131940707147494e-143
Svep1,-0.3937633295400634,4.238141815938569e-146
Vcam1,-0.39393689643394453,3.1245885697228225e-146
Igf1,-0.3945575234410067,9.740989159689122e-147
Hp,-0.3993157401925978,9.884903991981066e-151
Cdh11,-0.4098442770956064,7.921808846567497e-160
Angptl4,-0.4113496747108625,3.769755207598841e-161
Il6st,-0.4135343505746128,4.333645262748689e-163
Mmp3,-0.4251781480975413,1.0274696241833238e-173
Il1r1,-0.42615758648788343,1.2927312062622445e-174
Fgf7,-0.4264592517465342,7.068102620469046e-175
Gdf10,-0.431564688268038,1.0220089331432804e-179
Cebpb,-0.4392248241294422,3.877045442428522e-187
Smoc2,-0.4549042139504498,4.7133661877194383e-203
C1s1,-0.46448077482618527,3.588825345244373e-213
Il6,-0.46693131187000886,8.344935071582936e-216
Sfrp1,-0.4773879152955643,1.884708306738565e-227
Igfbp4,-0.5003119524756643,1.0992428240892468e-254
C2,-0.5086812773914378,3.4547339999474064e-265
Steap4,-0.524722137721964,2.549940155832465e-286
Cxcl14,-0.5596090772319567,0.0
Gas6,-0.5623145931291271,0.0
Cxcl12,-0.5712136799385233,0.0
