,T-FAP_1_corr,T-FAP_1_qval
Gdf10,0.7092168249656288,0.0
Fmo2,0.5481418222929185,0.0
Abcc9,0.5451011454124907,0.0
Ccl11,0.5231104037898349,5.907939301849869e-284
Apoe,0.5208919207481737,4.628624744388341e-281
Il6,0.5032517946276606,3.121029713575311e-258
Mlana,0.501853813254283,1.5081003668607302e-256
C2,0.4938184409834354,1.0209082848911813e-246
Steap4,0.4865060565520828,5.029883784982513e-238
Lpl,0.46976978513848555,6.200722404185162e-219
Cygb,0.4605298320301965,6.557286859212272e-209
Gria4,0.4516518711308754,1.2462490878752303e-199
Icam1,0.4502498226615091,3.25295759089578e-198
Selenop,0.4452368915620328,3.5240671417508384e-193
F3,0.412817632164168,2.50991575479785e-162
Nr2f2,0.40974097764585016,1.3205560355999663e-159
Fbln1,0.40888440777241525,7.206963958475432e-159
Prlr,0.40380505552107393,1.762443694247677e-154
Col15a1,0.39964219144558843,6.206666250189556e-151
Epha3,0.3978085305141228,2.1696181710513403e-149
Ccl19,0.3973153518842055,5.474071640075687e-149
Nfib,0.39507239866331767,3.966255802558283e-147
Tnfsf13b,0.38676120963120314,2.818089610853293e-140
Gabra3,0.3857616210286795,1.7680448595193488e-139
Cpe,0.3852612611443667,4.35612540253431e-139
Eln,0.3849562092052407,7.458575379185367e-139
Cst3,0.384185727766669,3.030025039706755e-138
Id3,0.3754973163415858,2.18767857675947e-131
Slc38a2,0.36576812661098124,5.7321359916113635e-124
Junb,0.36555315271183664,8.102635248035465e-124
Gem,0.3619833338272679,3.520666895685749e-121
Cebpb,0.3614955298337555,7.887552971150067e-121
C1s1,0.3573359188894008,8.587867165455845e-118
Cebpd,0.35066185454447774,4.724647938051498e-113
Il11ra1,0.34814681333869957,2.738789208471291e-111
Art4,0.3455798685753507,1.595493288504514e-109
Smoc2,0.3427252283546028,1.4357304874816158e-107
Mylk,0.34106388554319383,1.9308822028059547e-106
Mt1,0.3398617917609221,1.2252531302505382e-105
Kitl,0.33935432757560297,2.659713352429957e-105
Cxcl12,0.33889091078549116,5.383995689393874e-105
Olfr1033,0.33681771899184637,1.2961699916229188e-103
Atp1a2,0.335801975175555,6.100967730421657e-103
Id4,0.3337189406821399,1.4583957093363796e-101
Cd302,0.3334186503689943,2.2693649822123123e-101
Ccbe1,0.3308745620663238,1.0403159016888189e-99
Mgp,0.32898986279158193,1.7387759409964064e-98
Fosb,0.325548240993434,2.812048052268462e-96
Zfp36l1,0.32147950006824777,1.0271498405749093e-93
Srpx,0.3213292905618369,1.2603466456845741e-93
Id2,0.32051563670544164,4.042322079313821e-93
Mfap4,0.3188636845147855,4.31582034690054e-92
Phex,0.31772952123396814,2.1648594486701856e-91
Gm14964,0.3151909821144905,7.8126932484004055e-90
Zfp36,0.31445341351868894,2.1613455473398172e-89
Fgf7,0.3136009820678498,7.094145215549817e-89
Pltp,0.31291927490728105,1.8040868883214143e-88
Hk2,0.3111227152617243,2.1935517622620115e-87
Ms4a4d,0.31101925529011987,2.504098449071299e-87
Lrp6,0.3055120339749069,4.7195376655789415e-84
Gadd45g,0.3047674971787042,1.2827819300079689e-83
Socs3,0.304684875444785,1.419203415152055e-83
Ptch2,0.3043818999956298,2.1162355514828965e-83
Col4a1,0.3038693732606945,4.1868151563976185e-83
Gbp5,0.30252790492977044,2.497121767017611e-82
Dapk1,0.30234608179396827,3.154716249605199e-82
Sparcl1,0.3019647967306191,5.102679218676537e-82
Adcyap1r1,0.30080614158424485,2.3775428844307446e-81
Nr4a1,0.2980799285452616,8.659315373778782e-80
Dcn,0.2950939069842579,4.2069204826857396e-78
Il6st,0.29470071149266114,6.950408753043375e-78
Tspan11,0.29459643909726285,7.885222589372185e-78
Colec12,0.29348480155771633,3.2406179112874286e-77
Chrdl1,0.2914992034497485,4.1039103734785826e-76
Angpt2,0.2909741545125203,7.969096557037597e-76
Igfbp3,0.2905634375590695,1.3238718317455537e-75
Cpxm1,0.29043806049463666,1.5404076890845334e-75
Ltbp4,0.28948660972869966,5.004663902836264e-75
Gucy1a1,0.28883555752855306,1.1160072228665952e-74
Rgs16,0.2885726885275181,1.544602155352523e-74
Rbp1,0.2880558244726056,2.877768365679914e-74
Igfbp7,0.28724382268889437,7.772606293168318e-74
Col4a2,0.28723360500449296,7.814485120291339e-74
Adamts1,0.2869610595609816,1.0929598083517626e-73
Mmp3,0.286899479123337,1.1722645268649709e-73
Sfrp4,0.2862099156585067,2.7655367690581803e-73
Inmt,0.28526541971774494,8.883783077992941e-73
Serping1,0.284837438089053,1.5042021266521062e-72
Gpnmb,0.28306662574420904,1.3454197924178354e-71
C1ra,0.2816548444168871,7.406100036183916e-71
Pdlim3,0.2791585990106155,1.5344347430136234e-69
Fmo1,0.27807810066972893,5.651905047014787e-69
Cpz,0.2761763061484911,5.516914964379279e-68
Gm42418,0.2736684307591995,1.0651717997474223e-66
Naalad2,0.27363396827957565,1.1026140234269292e-66
Sult5a1,0.27362177137178467,1.1116520514115157e-66
Btg2,0.2719613593962621,7.673988395642633e-66
Dpep1,0.2710100264017803,2.333467032399977e-65
Mfap2,0.27029416017744445,5.237324948193309e-65
Egflam,0.27023218086143547,5.5979507465431985e-65
Slfn5,0.26961979660564284,1.130885738190476e-64
Ptgir,0.26825823971379625,5.4715160747482694e-64
Ifi203,0.2680749378754951,6.726892385960758e-64
Gpc3,0.26697823449528696,2.3336344682941047e-63
Gsn,0.2648419944817079,2.6429554482237916e-62
Cd200,0.25938295538018513,1.189686759043491e-59
Lmo7,0.25857084123242857,2.8874470730653677e-59
Arhgap15,0.25786816408476854,6.222037460161135e-59
Icosl,0.25758119291006415,8.499554918325364e-59
Nr4a3,0.25485122164125434,1.6564086360920644e-57
Vcam1,0.2543176957596637,2.946505027513412e-57
Rps28,0.2535332884157011,6.770501432269572e-57
Bicc1,0.253259467677697,9.06352797777565e-57
Scpep1,0.25316157540344864,1.0027908962951864e-56
Cfh,0.2527037429503099,1.6367381787278124e-56
Kcne4,0.25182461289745084,4.179487104950838e-56
Myc,0.250625515305842,1.490237925864522e-55
Nap1l5,0.2504548724050256,1.7800365945740347e-55
Rnf122,0.2497104115291271,3.900884557561887e-55
Cmbl,0.2493982694481809,5.38745141278644e-55
Pim1,0.24888053360219628,9.250049996860156e-55
Aldh1a2,0.24805446534886244,2.197310022502166e-54
Abca8a,0.24797302757064743,2.3839880080499306e-54
Mt2,0.24792336513697327,2.5011874176809374e-54
Gas6,0.24773584809066387,3.034934877763955e-54
Acp5,0.24756579682953755,3.6148690934008457e-54
Sept4,0.24740239081666907,4.275068987314073e-54
Adamts9,0.24707023846080495,6.036968096665623e-54
Zbtb20,0.24706606588299973,6.0372585297055e-54
Wdr66,0.24675579604418002,8.29178459832364e-54
Sema3d,0.24674369413924502,8.361901426182352e-54
Rps29,0.24605430792542465,1.7147776851686673e-53
Gadd45b,0.24493742524286027,5.4306329978715655e-53
Rps27,0.24435160670000253,9.899872673525166e-53
Usp53,0.24374332243664112,1.8441724358581197e-52
Bcl2,0.24357371287142573,2.1888058792649035e-52
Podn,0.24278884980212176,4.900280692038679e-52
Fst,0.2426034625426504,5.906746950468757e-52
Cp,0.2419438812579958,1.1586289843388706e-51
Peg3,0.2413285098836079,2.1502001273232106e-51
Enpp5,0.24117910998839578,2.495108775771228e-51
Rspo3,0.24108020596101776,2.7495065484369847e-51
Spock2,0.24099412593653005,2.9903223139207556e-51
Ndrg2,0.24027990183113934,6.169663389703546e-51
Deptor,0.23810640716016487,5.507092575358909e-50
Svep1,0.23744013554778412,1.0637722981601855e-49
Entpd2,0.23560805461556375,6.489509035801361e-49
Stc1,0.23541192853206047,7.828274946419357e-49
Hmcn2,0.23534188547817092,8.3614014921288e-49
Adm,0.23483214124491072,1.3714588780010596e-48
Camk2n1,0.23366393395725035,4.2579341421765056e-48
Rps21,0.2334729999092834,5.120733222319935e-48
Bace2,0.23320369518232684,6.650815502682867e-48
Ism1,0.23251996130609573,1.292175746490647e-47
Cxcl16,0.2309663829254777,5.787407536269203e-47
Irs2,0.23064843422940137,7.801225159815566e-47
Klf7,0.22998287234801848,1.4771627123064433e-46
Igf1,0.22853422443519947,5.892797016114817e-46
Jun,0.22740973912296156,1.7195553056839162e-45
Ndnf,0.22704359379800668,2.4310068173409148e-45
Gstt1,0.22662856968475287,3.5862779453738746e-45
Prdm6,0.22595998276990684,6.659147779985929e-45
Adamtsl3,0.2243240806533155,3.0836880823687933e-44
Mbd1,0.2239016517623619,4.557433599957086e-44
Nrp1,0.22321928135750027,8.58480401215176e-44
Bag3,0.22314667362714177,9.15898611293162e-44
Gata6,0.22194218946551314,2.7896470788733508e-43
Zfp36l2,0.22168617657388992,3.527654985436514e-43
Fzd4,0.21725354543396563,1.9657881758352768e-41
Myh11,0.2162937094509478,4.632274163360636e-41
Adamts4,0.21511398515506328,1.332175893847945e-40
Mdk,0.2140616996543907,3.3483078101938457e-40
Apod,0.213980554090106,3.5791890114302544e-40
Hspa1b,0.2138926655062923,3.86007781447841e-40
Casp4,0.21369074591956738,4.608241835777755e-40
Adamts12,0.21168045167269786,2.6766605981165863e-39
Gm19522,0.210838549742117,5.567259810818686e-39
St6galnac5,0.21041008397452404,7.99537173430919e-39
Gucy1b1,0.21034129813899086,8.44572233964125e-39
Wnt5a,0.20828195379477563,5.006525131963125e-38
Pdgfrb,0.2081513532697416,5.561177259594549e-38
Wfdc1,0.20812494032604262,5.659718584930512e-38
Nrip1,0.20801131266101,6.211468819930764e-38
Hgf,0.20785767273457784,7.075074494137762e-38
Sik1,0.20753674931702878,9.260898398552337e-38
Agtr1a,0.20708977124704323,1.3471017664140656e-37
Pi15,0.206637650923193,1.976637854804742e-37
Pnp,0.2064703538402672,2.2701336601045626e-37
Fstl3,0.2053916585716763,5.624519544729004e-37
Slco2b1,0.20417162793687296,1.5667039470195275e-36
Ednra,0.2040613276504312,1.7158479277644607e-36
Gstm1,0.2038986532829356,1.964223681488094e-36
Cers4,0.20368305611688642,2.3339118424284798e-36
Rab20,0.20339322931060658,2.966391680640121e-36
Spry1,0.20273319445422824,5.146207701165854e-36
Mndal,0.20243292701592053,6.606256074572403e-36
Epha4,0.2021118220489272,8.523921270148076e-36
Cxcl14,0.20177973349930536,1.1175268415262206e-35
Steap3,0.20131083848302952,1.6338834847169257e-35
Cntfr,0.20121801292810368,1.761259807109145e-35
Lars2,0.20115001479302436,1.8553268956204433e-35
Pkia,0.20111545668624883,1.9051153876732912e-35
Hsd11b2,0.2011104165379827,1.9087236415647633e-35
Ntrk2,0.20074328226765992,2.5848957443388694e-35
Acvr2a,0.20053465869082066,3.053132960807509e-35
Bmper,0.20014159882772786,4.201398952095231e-35
Zim1,0.19938505074698554,7.766223564357487e-35
Slc10a6,0.19891910014513428,1.1376798466517061e-34
Kctd12,0.1982802947684507,1.9144332920382928e-34
Dtx4,0.19817605677523822,2.080632150459024e-34
Klf5,0.19756203292402785,3.4237453561645807e-34
Ifrd1,0.19598988886609023,1.2033151107477088e-33
Ccnl1,0.19541039036487912,1.9060189643560357e-33
Fosl2,0.19515683271960493,2.3236481314935274e-33
Rpl37a,0.19412259160525736,5.246275015760007e-33
Itpr1,0.19284271621932667,1.4338429944838133e-32
Tifa,0.19243436112949874,1.9735562675299542e-32
Penk,0.19155108880383526,3.9433856091550867e-32
Eya2,0.19117586584787816,5.269913775955968e-32
Scn7a,0.19073545194447677,7.379029784200863e-32
Rasa3,0.19058833906352718,8.266865460064903e-32
Igfbp4,0.1903545869896233,9.833650645464619e-32
AW112010,0.1900588336483261,1.230183966865915e-31
Slit2,0.18961974394631104,1.724174571747873e-31
Sult1a1,0.18950795712176038,1.870506848656085e-31
Il1r1,0.1890622156334808,2.627498245700326e-31
Cldn22,0.18902330446622798,2.7031166899654588e-31
Pik3r1,0.18832665815698946,4.574227016473294e-31
Rpl38,0.1881988363633131,5.022135766729049e-31
Jund,0.18696776123424852,1.2823992439491533e-30
Itpkc,0.18671534429333564,1.5512924051010028e-30
Pawr,0.18618731631854474,2.3173844839670163e-30
Tmtc1,0.1860467579669231,2.566471331984942e-30
Nr4a2,0.18601853461344037,2.617700275021754e-30
Arid5a,0.18590036633923784,2.8600927930258438e-30
Ppp1r15a,0.1853514228316463,4.309541444924359e-30
Hhip,0.18521085286403668,4.788037887533303e-30
Htra1,0.1841863925172978,1.0201470219059913e-29
Aldh1a1,0.1834808675145861,1.726152003439385e-29
Setbp1,0.18208423068986854,4.866054346362904e-29
Zeb2,0.1818522103404683,5.777190628638467e-29
Tnrc6c,0.18173249981326123,6.306256185567197e-29
Wdr86,0.180961570297691,1.1118152269411742e-28
Tmsb10,0.1808653178626008,1.190098719420871e-28
Tcea3,0.18070242506270362,1.336128498473453e-28
H2-Q4,0.17998818401395222,2.236279779218601e-28
Ppp1r14a,0.17997497994874018,2.2544023599006183e-28
Clec2d,0.17979437599905082,2.5715214920450014e-28
Pygm,0.1794835055010549,3.2067228568038755e-28
Fgf23,0.17933043940654142,3.5712735511569137e-28
Arhgdib,0.17929554379023988,3.6470496983933053e-28
Cxcl1,0.1791304562099358,4.102954026792032e-28
Irf1,0.17899037052083674,4.5252773000542815e-28
Aff2,0.1787871235215116,5.227358255227394e-28
Slc43a3,0.17857706771070989,6.0480468961885785e-28
Gng8,0.17836809939207462,7.013523736279213e-28
Smarca2,0.17817071701558698,8.050382963843845e-28
Grasp,0.17795107712229283,9.405458738267247e-28
Frmd5,0.17745553298355451,1.3325222362316297e-27
Serpinf1,0.17688752450653875,1.9817323737268973e-27
Paqr6,0.17671546156853804,2.2379239115822577e-27
Adamts2,0.1766231120981747,2.388975033559443e-27
Arl5b,0.1765261463553654,2.558660822771207e-27
Hivep3,0.17637872211852956,2.829091678538299e-27
Olfml3,0.17602161345877362,3.627839873778467e-27
Susd2,0.17569763524183926,4.5471424214540796e-27
Xdh,0.17557064447938028,4.974646874606024e-27
Igsf10,0.17458658139872135,9.968628320309193e-27
Socs1,0.17435727725077524,1.1725312843150901e-26
Trib1,0.1742710585547396,1.2432626441525264e-26
Ets2,0.1742125964628766,1.294295319072322e-26
Nfkbiz,0.1739929211980984,1.5092046741388514e-26
Prxl2a,0.17273749244960213,3.62435405486248e-26
Dhrs3,0.17260071307714175,3.9747883893729454e-26
Tnfaip2,0.17241124658986337,4.530366782271637e-26
Clec11a,0.1721165538906916,5.567915024034893e-26
Arrdc3,0.17184072020887184,6.702505603271604e-26
Ace,0.17077574325650982,1.3915034705517722e-25
Rpl37,0.17077176992515844,1.3934200143122932e-25
Grem2,0.1702417779066226,2.004893787458505e-25
Foxd2os,0.1697310801341804,2.846903669759368e-25
Ano2,0.1689706124143887,4.726941860191265e-25
Sbno2,0.16818738486587526,8.051600543940635e-25
Bdnf,0.16784151370187667,1.0167205794234705e-24
Crispld2,0.16740828033825722,1.3622139690017219e-24
Litaf,0.16682363447724222,2.0138018957914348e-24
Atp6v0e2,0.16670570449851493,2.1792555417503537e-24
Rpl35a,0.16649604439696208,2.509901625946861e-24
Foxc1,0.1661987507619286,3.0511147388556768e-24
Adamts10,0.16616561136965544,3.11637679704501e-24
Tent5c,0.16615566858553651,3.133349211602302e-24
Notch3,0.16603676606392273,3.383062634182905e-24
Cyp4v3,0.16593509165010054,3.619560620515836e-24
Ifi207,0.16557961630733845,4.567721076749999e-24
Lama2,0.1653978062631887,5.151054189390411e-24
Svil,0.1653605905716697,5.275244242920628e-24
Gbp2,0.16434280388379552,1.0352776818654109e-23
Lgi2,0.16419995262341652,1.1349223746631221e-23
Ephb2,0.16417730423145996,1.150804560879517e-23
Itm2b,0.16391954435523715,1.3622249813321076e-23
C7,0.1638070853427468,1.4666907456323393e-23
Slc3a2,0.16357307706974766,1.7060428963658063e-23
Col4a4,0.16333356544382094,1.993815671640185e-23
Pbx1,0.1632855218956289,2.0560587888114645e-23
Smpdl3a,0.16312773126124172,2.2751559708224515e-23
Gli1,0.16308953723702832,2.330782163985622e-23
Col4a5,0.16289133429664146,2.6490154356418804e-23
Gm11627,0.16283790268126855,2.741284988890782e-23
Inpp4b,0.16247779904078866,3.459198192305961e-23
Thsd7a,0.162009100875302,4.687305209054579e-23
Rarres2,0.16199397951392155,4.7285575989860757e-23
Ptgs2,0.16069968555287098,1.0835454418137386e-22
Adh1,0.1595949380425576,2.213825628600951e-22
Nfil3,0.15959343030867665,2.213825628600951e-22
Rasl11a,0.1591304101051942,2.9582052252137638e-22
Foxs1,0.15896466905376777,3.281838685097191e-22
Ctsl,0.1589000045853954,3.418085620273752e-22
Il17d,0.15866866421707732,3.960244170369117e-22
Fry,0.15866407637394966,3.967374469121086e-22
Smim1,0.15827600506499495,5.084218548898696e-22
Gaa,0.15823736472468294,5.194272113333625e-22
Ptprb,0.15813743318914172,5.520343227878956e-22
Tiparp,0.1579590426828627,6.163245694550728e-22
C1s2,0.1569281472780136,1.1836169919197284e-21
Tpst1,0.15600569973905418,2.11248608320673e-21
Kcnj8,0.15548180661215338,2.914346225360508e-21
Itga1,0.15479255891579477,4.462068865699308e-21
H2-T23,0.15466927664153565,4.805990905919933e-21
Phlda1,0.15466210653486506,4.822384131832397e-21
Gucy1a2,0.15454637694245008,5.174899652503688e-21
Maob,0.15442960784646945,5.56263356344001e-21
Nr2f1,0.1542113473346133,6.351133125000721e-21
Dnaja1,0.1541832321519075,6.4570033583411916e-21
Vwc2,0.15366870312361575,8.83252941338395e-21
Aoc3,0.15348933424679143,9.857760269234767e-21
Kcnq4,0.15286563580838447,1.4426111748127983e-20
Hexb,0.1527341962524288,1.563626730083701e-20
Ank2,0.15258277493237954,1.715801980425367e-20
Pdgfrl,0.15238550188111402,1.932698142806085e-20
Ggt5,0.1522446846654961,2.0962192013681616e-20
Zfand5,0.15174831784663972,2.8259645687500715e-20
Olfm2,0.1517112681192696,2.888211042098097e-20
Mef2c,0.15134531440948346,3.5953293918903585e-20
Frmd3,0.15129014618918804,3.7115892001759144e-20
Abca1,0.15111042308668426,4.1275668456399377e-20
D030045P18Rik,0.1506784670031664,5.3454203766533415e-20
Edn3,0.15032260158661384,6.610275315344869e-20
Foxp2,0.14961763580663806,1.0072373956212413e-19
Rpl39,0.14961169604605418,1.0098493703043337e-19
Ksr1,0.14940361604204003,1.1400218171073492e-19
Mcl1,0.1491869570940449,1.2947815418398016e-19
Csmd1,0.14914053289260173,1.3303606856866e-19
Dpyd,0.14865866632731597,1.7677769393433476e-19
B2m,0.14827385052615752,2.2159158678966106e-19
Rpl36a,0.1473847791768084,3.7295125784839575e-19
Sfrp1,0.14731676424664722,3.8691295437716805e-19
P2ry1,0.1468241935065457,5.136156861045457e-19
Rpl36,0.1466637839221004,5.640021979998176e-19
B3gnt2,0.14662693128264798,5.759502765002597e-19
Gas5,0.1462913894452869,7.016901102015345e-19
1010001N08Rik,0.14608791002683896,7.8865976243385745e-19
Fgf10,0.14453950512615787,1.91497752496671e-18
Pcdh18,0.14440843037671083,2.0639818941778378e-18
Rbp4,0.14428595309732914,2.2132658228655343e-18
Mitf,0.1441275937780092,2.4212573635225077e-18
Gpm6b,0.14406543102744263,2.5084940600922183e-18
Plcb4,0.1438212487736667,2.8740849236423308e-18
Cdh11,0.14336832655944126,3.713938488050757e-18
Egr1,0.14329497856484377,3.865051828236873e-18
Gpc6,0.14327526906823473,3.9059946581680485e-18
Mctp2,0.1424817216139546,6.129356321175237e-18
Arid5b,0.1424555436829136,6.217106484802569e-18
Agtr2,0.14236915648167678,6.523236603196913e-18
Auts2,0.14232979827956932,6.667069475869961e-18
Ak5,0.14210214601470483,7.574743509478013e-18
H6pd,0.14196347940677037,8.182207918326006e-18
Nfia,0.14169344011877807,9.522157913694518e-18
H2-K1,0.14166602135783682,9.656041743001067e-18
Fads6,0.14162959120403298,9.842592096104754e-18
Hmgcs2,0.14131039112030686,1.1735868120276602e-17
Pappa,0.14090683415621852,1.470434215342824e-17
Mtus1,0.14089029629065733,1.4817829596462354e-17
Mapk4,0.14076480880590767,1.587615643672555e-17
Pnrc1,0.14067185889794165,1.6681998063579957e-17
Adhfe1,0.14050505651660558,1.8249570286363107e-17
Sord,0.1402254162070639,2.1303337113825383e-17
Plvap,0.14016063415463054,2.2063792412760004e-17
Heph,0.14007618007689873,2.3127522495744994e-17
Slc16a12,0.1400615822623591,2.32998663365092e-17
Fam78b,0.13991885990579708,2.5221069040717373e-17
Boc,0.13955165646673906,3.086343433840801e-17
Nid2,0.13903424980285575,4.111731688319565e-17
Pcdh11x,0.13902343233837225,4.133348907946491e-17
Fgl2,0.13890720149725644,4.4090914529601885e-17
Gxylt2,0.13870487327885192,4.931954633986801e-17
Phldb2,0.13824487453486542,6.346058427206845e-17
Nexn,0.13753030286164905,9.379264443100177e-17
Slc8a1,0.13734461813270357,1.035723827057026e-16
Oxnad1,0.13720009419139798,1.1214340522112778e-16
Cebpa,0.1368717858386319,1.3355522302011726e-16
Pgm5,0.13662866532491438,1.5217385809735783e-16
Pde4b,0.13654661824720746,1.589769826799918e-16
Col14a1,0.13644615271190752,1.6777871260987587e-16
Pknox2,0.13591391895696806,2.2263143364987587e-16
Runx1t1,0.13567253983871477,2.5340347945296835e-16
Nhs,0.13553417417892918,2.729607449810563e-16
Enc1,0.134907143528836,3.822692356497786e-16
Hspa1a,0.13468898189383563,4.284787868312589e-16
Msx1,0.13468775814990702,4.284787868312589e-16
Tnfaip3,0.13447322471909523,4.796860620966779e-16
Peli1,0.1343129565254207,5.225523470716267e-16
Nedd4,0.1341956127489044,5.55343895110506e-16
Rnf125,0.1340930645168032,5.856008174829375e-16
Tmem140,0.13401212364877302,6.114083841648961e-16
Alkal2,0.13393386154426076,6.364103473315962e-16
Ogn,0.13381582183494772,6.779092428977298e-16
Gng13,0.13368144433250836,7.279139189790733e-16
Foxd2,0.13341605345368218,8.36251841078582e-16
Birc3,0.13294831629550496,1.06686522799162e-15
Emid1,0.13285355778188315,1.121528942179493e-15
Gpr39,0.1326943648255922,1.2163066856925495e-15
B3galt1,0.13247078231612308,1.3629294716579714e-15
Il17ra,0.13246226257018548,1.3681230424862366e-15
Plppr3,0.1324589717965615,1.3694935278248555e-15
Kcnip4,0.13231745777755097,1.473970900126639e-15
Ly6k,0.132053203922576,1.6938593506639578e-15
Per3,0.132042733115989,1.7020700561074748e-15
Susd6,0.13190287691359248,1.8284935825374295e-15
Usp37,0.13184914620084373,1.878830612366219e-15
Klf9,0.13178429860070254,1.942011816668156e-15
Hvcn1,0.13175224761994564,1.9725059533314958e-15
Rgs7bp,0.13156450137995812,2.173419776087974e-15
Lamb2,0.13130397268568225,2.485166561108894e-15
Il31ra,0.1312353601589285,2.573542589279442e-15
Gcc1,0.13099218250650052,2.9147987624449748e-15
Birc2,0.1302576586118109,4.252784404428382e-15
Gm15564,0.13023549443281648,4.2995749647463746e-15
Creg1,0.13014687533183197,4.4950772953760005e-15
Sned1,0.1301133058888962,4.565174481529618e-15
Ppl,0.1301117190126015,4.565651155052212e-15
Ralgps2,0.1297868259263773,5.388281537378377e-15
Smarca1,0.12933607795358207,6.7795007972068e-15
Itgbl1,0.12927018988295624,7.00199944654273e-15
Gas1,0.1291957699982255,7.264016487230516e-15
Ddit3,0.12890958040493766,8.374044405527593e-15
Kdm6b,0.12888611016875404,8.471080292413648e-15
Nudt4,0.12864615406553745,9.564447105438767e-15
Espn,0.1283678076515525,1.0979241878971114e-14
Gm12216,0.12824875648073092,1.165786089828309e-14
Kcnt2,0.12795061572516328,1.3547458458890661e-14
Gnb4,0.12776340689758922,1.490332851959205e-14
Ephx2,0.12752642577623527,1.6807058061668068e-14
Alpl,0.12747999596774237,1.7202194369699286e-14
Ces2g,0.1273839747687377,1.804947136585855e-14
Sntb2,0.12701252092191084,2.1727727499306586e-14
Dact3,0.1269854299071655,2.200155448648417e-14
Cbx4,0.12692613519361806,2.266579284604011e-14
Btg1,0.1266904976409288,2.552335463514374e-14
Amy1,0.12638268310861164,2.971213477238208e-14
Rgs2,0.1263354507299904,3.037515793476222e-14
Gm17167,0.12629920566028668,3.0879103205894306e-14
Zfpm2,0.1262473635863431,3.166391463758934e-14
Midn,0.12608708146400788,3.4291088651570044e-14
Sgip1,0.125938913893266,3.6879065778904964e-14
Egr2,0.12551839920892371,4.5389470482820086e-14
Bambi,0.12544560624476253,4.7001505491798805e-14
Rims1,0.1253868397043602,4.839032471781533e-14
Prrg3,0.12537439426340957,4.8663724140001886e-14
Cys1,0.1251453559594698,5.446437221977927e-14
G0s2,0.1250748836640373,5.632707917854884e-14
Fos,0.12504408379957938,5.713440494964228e-14
Ier5,0.12473408509023076,6.650210931508861e-14
Casc4,0.12467127024827596,6.859582098420763e-14
Tgfb3,0.12424758576398427,8.433079372360022e-14
Rasd1,0.12416720508510856,8.75719681971513e-14
Dnm3os,0.12411841552899508,8.946840457024641e-14
Fdx1,0.12411794723490789,8.946840457024641e-14
Agt,0.1238366776963918,1.0274074160778228e-13
Dennd4a,0.12360507605238201,1.1520528194786697e-13
Jph1,0.12357566191863344,1.1675762462008455e-13
Apbb2,0.12354014407221715,1.1876945152172346e-13
App,0.12350086319780147,1.2096352045779016e-13
Slc1a3,0.12285947557892772,1.6506895365232272e-13
Slc6a7,0.12273786733226212,1.749986991414546e-13
Dnajb4,0.122640134908133,1.834512610893755e-13
Ldb2,0.12261807737430111,1.8534818572919064e-13
Stim1,0.1225104071443417,1.949991304037046e-13
Coq10b,0.12232754066187997,2.1250775253306835e-13
Srgap3,0.12230084291624994,2.1519315493273532e-13
Gm17025,0.12225657368506881,2.191117537038772e-13
Fchsd2,0.12218885229265795,2.2627692929613918e-13
Mafk,0.1220141268022127,2.4493747938347495e-13
Aebp1,0.1219990983958682,2.464476870029922e-13
Acyp2,0.12143413057233973,3.221461061543556e-13
S100b,0.12119451232170707,3.6027611585666695e-13
Pdgfra,0.12109223083435888,3.783053294947409e-13
Pigz,0.12072744040075795,4.4960586269150915e-13
Jdp2,0.12071830743173693,4.5133495978692897e-13
Ptx3,0.12066962051980791,4.616111780065343e-13
Syp,0.12047631466711752,5.059550596688165e-13
Tshz2,0.12020631251836465,5.741234579100665e-13
Jam2,0.12012582285611179,5.962777501945967e-13
Fign,0.1200218918925018,6.259710029682169e-13
Pim3,0.11987707851140204,6.690400731725145e-13
Pid1,0.11979448187218926,6.950750627680314e-13
B130024G19Rik,0.11974663327767916,7.109280656645221e-13
Bmyc,0.11972368282121375,7.179960522165424e-13
Osr1,0.11949112289312516,8.019524783900736e-13
Snhg8,0.11946392819936658,8.109811635145802e-13
Fam49a,0.11946293336462119,8.109811635145802e-13
Tst,0.11931584721667883,8.690465915441598e-13
Myo1d,0.11889669456070047,1.0556709081353914e-12
Gns,0.1187255515733438,1.1440200050250782e-12
Slc16a2,0.11825577344019818,1.4223898688989122e-12
Ldhb,0.1181650356601317,1.4810076898522479e-12
Psap,0.11810531356268698,1.522038225234797e-12
Usp25,0.11809519476242564,1.5285041437928603e-12
Scarf2,0.11739432777174955,2.1110360663461576e-12
Ddx3x,0.11731583404679224,2.1872626482854412e-12
Adgrg6,0.11725023076348978,2.2458707483217758e-12
Mknk2,0.11715478600361606,2.3453208139918077e-12
Hid1,0.11700987985096473,2.5004970220134535e-12
Ar,0.11699557884096988,2.5145642538695208e-12
Arhgap10,0.11697641096641688,2.5345354261053197e-12
Col1a2,0.11693401416749892,2.5828593010535936e-12
Akr1c12,0.11689138019397448,2.633893077373046e-12
Arhgap36,0.11664191288892028,2.9560927796394038e-12
2410006H16Rik,0.1164860270419004,3.175836801709598e-12
Sntg1,0.1164545049138455,3.219620900876396e-12
Ncoa1,0.1162682892815337,3.4863602486275735e-12
Lrrn3,0.11613290803500667,3.706761118874264e-12
Cryzl2,0.11570551734580284,4.490200109380198e-12
Svopl,0.11562388391253094,4.659592061058588e-12
Trpm3,0.11558819391749808,4.735272844293681e-12
Rgs17,0.11531482115788713,5.367304511966666e-12
Pygb,0.11530107810322766,5.398769138541511e-12
Timp3,0.11520140754206282,5.648947784840057e-12
Med13l,0.11493714129078382,6.3626372785006236e-12
Rdh5,0.11459540623637733,7.430424649607593e-12
Bcl3,0.11453482927837065,7.633285134064026e-12
Gm42397,0.11374978651674957,1.0867404016619698e-11
Cyp7b1,0.11366175915429619,1.1303530097659524e-11
Cdkn1b,0.11326086188653686,1.3480896876759772e-11
Fxyd1,0.11316032702010863,1.4084744861752138e-11
Grb14,0.1131203152610671,1.4329221044469477e-11
Erf,0.1130443374725649,1.4803362653641654e-11
Zfhx4,0.11302037259540863,1.495819986934633e-11
Dleu2,0.11298993636726802,1.5159347505969947e-11
Rap2a,0.11249829058579451,1.886305237729199e-11
Sh2d4b,0.11232341598649281,2.0367799461618958e-11
Plxnd1,0.11228574470066523,2.067473635484845e-11
Col4a3,0.11219783050442698,2.1469874272978862e-11
Gstm2,0.11212006418268289,2.2204542464127998e-11
Sh3bp5,0.11154207391598178,2.8633608852957723e-11
A830019P07Rik,0.11102156758677775,3.59188753067597e-11
Sat1,0.11073638328587071,4.0771635962461884e-11
Hspb2,0.11064699797836565,4.232391655102893e-11
Plac8,0.11061485905202625,4.291397159256513e-11
Gprasp2,0.11029800721289867,4.915083848207281e-11
Nfix,0.11017066607655009,5.1884772329905324e-11
Adam33,0.11005864132735776,5.4395807460667065e-11
Ddr2,0.11001698170790652,5.538423036040766e-11
Slc5a3,0.1099892787050068,5.598380163906078e-11
Cacna1a,0.10971762283730901,6.302896164737415e-11
Cpxm2,0.1096888266328183,6.377314099516746e-11
Gm50143,0.10917842564715756,7.935081550196842e-11
Gm29683,0.10900477683027451,8.544607671861216e-11
Parp14,0.10892003385797352,8.860460290001727e-11
Sele,0.10871067614232507,9.68538534563949e-11
Trac,0.10854239978742417,1.040685407493604e-10
Mgat4a,0.1083600551117959,1.1244267647701673e-10
Atp1a4,0.10830631626994977,1.1506149652120405e-10
Gpr88,0.10821202786188376,1.1966605324621835e-10
Erp27,0.10800872024322478,1.3038866586477995e-10
Arih1,0.10778548380113853,1.4314533662537978e-10
Slc7a2,0.10773400011877234,1.461721113155485e-10
Fem1b,0.10760401008168825,1.543706540570544e-10
Nav2,0.10745788919006419,1.6416479898719348e-10
Dhdh,0.10740768057000548,1.6753331545473447e-10
Dab2,0.10732802760320445,1.7325341549039093e-10
Ifitm1,0.10722365787844931,1.8109406987697521e-10
Pea15a,0.10675341392806194,2.2051057438545717e-10
Lifr,0.1067486101202652,2.2085946513952768e-10
Ythdc1,0.10671567629436948,2.2387931321513377e-10
Tnrc18,0.10666859068073976,2.2816624589340536e-10
Cntn6,0.10660367988050544,2.3429497727862126e-10
Fnbp1,0.10658824866772719,2.357423880344222e-10
Gria3,0.10636793283003725,2.5792631271343733e-10
Maml3,0.10615446892490357,2.8159455078320517e-10
Plekha4,0.10610891857648633,2.8701193582444007e-10
Calml4,0.10606960745413442,2.916082980835416e-10
Sema5b,0.1060436531435213,2.9472812169359794e-10
Ankrd28,0.10592078023981508,3.102068219950066e-10
Fgd4,0.10582796789630088,3.226202935921774e-10
Ntf3,0.10578263824190638,3.286181516137527e-10
Meox2,0.1056553093363832,3.46382967144802e-10
Ccl8,0.1056507151922453,3.4656218349352683e-10
Lif,0.10563542522954782,3.484388954467532e-10
Colec11,0.10554366800842362,3.620078271837157e-10
Sh3pxd2a,0.10545259078362142,3.7548992263337603e-10
Nop58,0.10543601714114526,3.779236540170142e-10
Fam13a,0.10515927412181196,4.239519552677998e-10
Scarb1,0.105095527868238,4.3455608865089763e-10
Mycbp2,0.10504496410679112,4.4335606920181814e-10
Hoxa3,0.10500527096447303,4.5067659017089655e-10
Asap3,0.1049873751937343,4.536812967593879e-10
Arhgap20,0.1048008624893008,4.898562541514932e-10
Glt8d2,0.1047247891655415,5.046993916959015e-10
Nrk,0.10465813304331817,5.181600648256533e-10
Gm12296,0.10461707172881825,5.267417249593821e-10
Fbln5,0.10450046644767048,5.520534941305505e-10
Hfe,0.10446066724824941,5.608846957324927e-10
Layn,0.10417029617132013,6.318745316936532e-10
Dock6,0.10416030286088472,6.339452992348461e-10
Pde12,0.10410779143952474,6.469053047157539e-10
Lgr5,0.10405947848700084,6.597509235831008e-10
Fth1,0.10405884676955998,6.597509235831008e-10
Gk5,0.10388181509528499,7.090658705980039e-10
Col6a6,0.10371535126826607,7.593124540953523e-10
Cx3cl1,0.1035369237408144,8.167345232973916e-10
Spry4,0.10321709265608056,9.296732579681819e-10
Cnr1,0.10280564028389011,1.0983972182146192e-09
Rpl30,0.10264903364713272,1.1684659580481623e-09
Fcgrt,0.10242594844851514,1.277607172065362e-09
Map3k8,0.10223958116451652,1.3736991363565978e-09
Angpt1,0.10223754181306487,1.3736991363565978e-09
Armh4,0.10203988591566343,1.4844534418536741e-09
Mme,0.1019180762912087,1.5602278421489383e-09
Dusp1,0.10171593235649082,1.686498200847769e-09
Kat2b,0.10167631432492394,1.7126627514454324e-09
C4b,0.10151060775237711,1.8267626778097065e-09
Grina,0.10125888100458737,2.019071018693939e-09
Gm10605,0.10122404252751731,2.0462534228574218e-09
Celf2,0.1011747738876893,2.0851468295689394e-09
Ninl,0.10110281759070588,2.144570334907819e-09
Stom,0.10095153156506136,2.2752586546283152e-09
Hotairm1,0.10091646954919979,2.307038680195658e-09
Mbp,0.10086620832298596,2.3517176401738784e-09
Folh1,0.10085542857699537,2.359991009439702e-09
Gm2a,0.10079860358470345,2.4142559001178607e-09
Tbxa2r,0.10061992007033096,2.584498106136899e-09
Sowahc,0.10061941571490358,2.584498106136899e-09
Slc6a8,0.10052305616913552,2.6807430026553723e-09
Klf15,0.10050563375523022,2.6974307395310575e-09
Prkx,0.10040903287240058,2.8029683861521816e-09
Prkcb,0.10039762090015965,2.8147562327402453e-09
Stbd1,0.10027548089418012,2.955228911118353e-09
Vill,0.1002742121132454,2.9554557798250586e-09
Cstb,0.09988163344352013,3.4449955614722724e-09
Reps2,0.09985371643149107,3.482557605429299e-09
Rpl34,0.0997931148604656,3.563659390100031e-09
Por,0.09969435231877787,3.70107043038056e-09
Kcnb2,0.099678353582509,3.723414612805402e-09
Pld3,0.09946290878501134,4.0469922946636575e-09
Fhod1,0.099251648121088,4.388659825953973e-09
Ikzf4,0.09917394892165464,4.521870009960327e-09
Cbx6,0.09911691477733375,4.620569402589827e-09
A330076H08Rik,0.09903293414978481,4.772635701258511e-09
Irgm2,0.09880186645518027,5.2149955226367935e-09
Lrrn1,0.09865525391421248,5.520159806391092e-09
2410080I02Rik,0.09863417364160053,5.562066461825769e-09
Tm7sf3,0.0986229519833792,5.582279139487646e-09
Nostrin,0.09851495783739819,5.818103130951673e-09
Cttnbp2,0.09837731749782112,6.1356309665111265e-09
Slit3,0.09815537548279867,6.665062752810485e-09
Pdcd4,0.09806989298656532,6.886469185186364e-09
Nmb,0.09801439688754074,7.025002784370201e-09
Twist2,0.09791753792857319,7.281679075675213e-09
Ptch1,0.09788602715523302,7.363905858926968e-09
Gnas,0.09776263744663127,7.710002417331952e-09
C3,0.09769635726290166,7.90491597022714e-09
2900041M22Rik,0.09766261115807694,8.007751684734066e-09
Gabre,0.09764599827385244,8.057149401212278e-09
Nog,0.09762186659854183,8.127581243167834e-09
Dnajb1,0.097599287778805,8.193587645847997e-09
Ltbp2,0.09757801674349223,8.25576155400739e-09
Rrad,0.09757699289817777,8.25576155400739e-09
Tspan4,0.09755563085450077,8.315340244631171e-09
Clec1a,0.0975360401514205,8.372961690996942e-09
Impdh2,0.09715370698376688,9.690183922968478e-09
Maff,0.0970199904830744,1.0192025460751111e-08
Eng,0.09691164136734977,1.0626108180969223e-08
Myo10,0.09681784641163509,1.1019690612619619e-08
Rnf19b,0.09673615283068765,1.1373428342256354e-08
Dock10,0.0965343790302362,1.2252234559062242e-08
Serpina3f,0.0963220193964533,1.327332297692081e-08
Cish,0.09608317974520436,1.449057768582366e-08
Tmeff2,0.09601234357539594,1.4865155269826492e-08
Impact,0.09598175432666121,1.5012549968031652e-08
Adora2a,0.09568487222666645,1.6811736065764985e-08
Slc43a1,0.09567331387209749,1.6877146044140968e-08
Ppp1r2,0.09556863547886829,1.7536234962002315e-08
S1pr3,0.09543390811499608,1.8392799866257677e-08
Nfe2l1,0.09535252953176689,1.8949869096456733e-08
Rab11fip2,0.09531234342792992,1.92307934450688e-08
Taf4b,0.09529382306520463,1.9361016990582776e-08
Sptbn1,0.09506012447820542,2.115233372427943e-08
Pds5b,0.09493869634624681,2.212877187767024e-08
Rtn4r,0.09482874767685738,2.3056324087087622e-08
Tcn2,0.0943994806702519,2.700751924433105e-08
Gabarapl1,0.09436747477641709,2.7318454935438775e-08
Tceal3,0.09421365432734939,2.8937398250874295e-08
Tra2b,0.09413737950241625,2.973323090117625e-08
Prr16,0.09401128376296912,3.111132441590104e-08
Pag1,0.09390057142866087,3.2361559980075404e-08
Sgsm2,0.09373518220419005,3.440747316688214e-08
Psmb8,0.0936373617868674,3.562556650256943e-08
Gm15609,0.09352410310132389,3.713093924551073e-08
Stat3,0.09350592629203179,3.737301352707674e-08
Eif4e3,0.09320698200075503,4.1782763517239145e-08
Slitrk6,0.09316833110351003,4.2364166353145434e-08
Hsph1,0.09279291259557597,4.850050232533485e-08
Foxo1,0.09262691199003233,5.156239769717113e-08
Tub,0.09251559741404876,5.365815167645288e-08
Tmem204,0.09248009201138978,5.4335398081724344e-08
Clca2,0.09240706875332662,5.573553060670564e-08
Cdc14a,0.0922885412394723,5.815254319547289e-08
Usp2,0.09203242786008468,6.38693213609566e-08
A730020M07Rik,0.09199207496697168,6.481318623388426e-08
Tra2a,0.09197902064852007,6.510459170146029e-08
Lum,0.09197477614380822,6.518281391595234e-08
Slc15a2,0.09196987071337878,6.525231344179815e-08
Tns3,0.09187055505114414,6.755789525352831e-08
Gm44691,0.09160548529307437,7.416248092293032e-08
Ptpn1,0.09156259696400315,7.521063449371134e-08
Gpld1,0.09152874262598143,7.607544139871192e-08
Mmp2,0.09146576501234853,7.778569915236655e-08
Shisa9,0.09108107962458772,8.951888481988416e-08
Tle1,0.09107974345825878,8.952937894224173e-08
Rnf150,0.09092019391903805,9.474522637009043e-08
Arhgap32,0.09073886237494683,1.0094897642493656e-07
2610300M13Rik,0.09068412621361076,1.0296393300379692e-07
Pik3c2a,0.09065777127601672,1.0388899415912242e-07
Rasgrp2,0.09064881914608956,1.0415366232185267e-07
Rnasel,0.09054411514969947,1.080372048027628e-07
Gli2,0.0902086808518631,1.2126948256033794e-07
Gm11131,0.09019437921158707,1.2186066577470847e-07
1500009L16Rik,0.09018031963954072,1.2244380624004587e-07
Ripor3,0.09013346864654606,1.2446789113684937e-07
Khk,0.09005841597743766,1.2788216969258052e-07
Bche,0.0899937596778513,1.3074471348188788e-07
Dpp7,0.08998416206113467,1.311069321912397e-07
Gm266,0.08995254025345974,1.324824348290631e-07
Sh3d21,0.08970518192096913,1.4450159489301264e-07
Ypel4,0.08970052434402118,1.4469366967451606e-07
Spry2,0.089625104150121,1.4850078625346977e-07
Mlf1,0.08956793776066384,1.5134209414397342e-07
Has1,0.089503461343197,1.5481576863397982e-07
Aldh2,0.08948680646055865,1.5569805558471715e-07
Crem,0.08938437783556002,1.6141766363738283e-07
Lonrf3,0.08925702760544212,1.6861256376864072e-07
Cfd,0.08908783259536625,1.7906326522790547e-07
Aff3,0.0890078182110803,1.8404906387316746e-07
Lmo4,0.08886919290113493,1.9335232853458785e-07
Lmo2,0.08884830721913832,1.9467302789806584e-07
Apoc1,0.08878826376283833,1.9878852062997972e-07
Gclc,0.08856632107776992,2.1462065034233903e-07
Prcd,0.08851375519476617,2.1855600993692143e-07
Gpr146,0.08848508689414436,2.2073885931615708e-07
Fut10,0.08843973404604098,2.2395949782091726e-07
Trpc3,0.08839242733564684,2.276306842637808e-07
Opcml,0.08830009720584313,2.3495638947497665e-07
Gls,0.08803965709508758,2.5735867581031686e-07
Mcam,0.08797782472385919,2.625435071233286e-07
Mn1,0.0876987456949718,2.887809066812577e-07
Slc2a2,0.08746784352657407,3.1293958917683484e-07
Krba1,0.08741303360282666,3.187500203679799e-07
Pcbd1,0.0873589793117378,3.245778679568966e-07
Fgf13,0.08735715169819688,3.2467325401834086e-07
Frmpd4,0.08730457217374579,3.3031620176118906e-07
Pear1,0.08729845227599901,3.3091656113242415e-07
Lncpint,0.08712863923434691,3.505631550763591e-07
Acsbg1,0.08711668628845617,3.5180065797191235e-07
Prelid3a,0.08704371399857753,3.606168934139874e-07
Plekhb1,0.08699112756991939,3.6647808526190976e-07
Mark1,0.08677900613609875,3.9399706293071953e-07
Emp2,0.08663288354638322,4.1388704822059194e-07
Mamld1,0.0866322669630183,4.1388704822059194e-07
Aff1,0.0866257354029938,4.146876028047128e-07
Elobl,0.08658412635544019,4.202152355363036e-07
Zfp503,0.0865355290747028,4.273089273296635e-07
Ndrg1,0.0865143467072972,4.3020219403642373e-07
Gpr85,0.08648460578634418,4.344189489501665e-07
Abat,0.08643707116691893,4.4142571880948263e-07
Kif1a,0.08640536132310012,4.460571237458876e-07
Fam217a,0.08618454968329918,4.799583189943265e-07
Bmf,0.08613554930624516,4.879245780332157e-07
Slc44a2,0.08600888721288075,5.089676850571019e-07
Ugcg,0.08585575035735542,5.356299538844529e-07
Ssbp2,0.08576170472462018,5.525348357634726e-07
Ttyh3,0.08556748535433606,5.88958703856955e-07
Rad51b,0.08550266058570721,6.019696009238375e-07
Comp,0.08540304638746259,6.225217692454519e-07
Carmn,0.08535564414416007,6.321981184549882e-07
Ikzf2,0.08530975351296606,6.41902782610667e-07
Nup62cl,0.08520308294208748,6.651676997499042e-07
Dnah8,0.08516021013866616,6.746557836773273e-07
Ces2e,0.08512938466149575,6.809636661765604e-07
2310010J17Rik,0.08510129280462396,6.869131908457392e-07
Map3k5,0.08496539319658909,7.180001021700587e-07
Fdxr,0.08476547696180967,7.671930341854985e-07
Slc27a1,0.08472355750765694,7.78091678724595e-07
Gulp1,0.08466741915787902,7.927444955628094e-07
A530020G20Rik,0.08464409869012257,7.985939195218489e-07
Epb41l2,0.08459151138840537,8.12351989954931e-07
Rspo1,0.08452710579455984,8.291840463327604e-07
Nlgn3,0.08444564332678979,8.521032623740571e-07
Enpp4,0.0842082836392283,9.206472673258518e-07
Unc5b,0.08416869385687019,9.322744573422162e-07
Uap1l1,0.08408778537721087,9.566488182185401e-07
Kazald1,0.08408739795470642,9.566488182185401e-07
Ripk1,0.08407007660658342,9.6201075494075e-07
Olfml2b,0.08397223177794616,9.940588537974716e-07
Ncoa3,0.08394371203491138,1.0021145208298986e-06
Pex5l,0.08389585462031612,1.0176022369110768e-06
Ier3,0.08373358910248824,1.073699044883274e-06
AC160336.1,0.08364209959487968,1.1061978663962483e-06
Slc9b2,0.08360400363204609,1.119884191217352e-06
Agrn,0.08358041449986998,1.1285298739140342e-06
Aldob,0.08345060998814575,1.1743585220462944e-06
Gm47769,0.08345060640175933,1.1743585220462944e-06
Clec12b,0.083450605870311,1.1743585220462944e-06
Kcnj12,0.0834506049692064,1.1743585220462944e-06
Gm37035,0.08345060364215036,1.1743585220462944e-06
Olfr1260,0.08345059781684727,1.1743585220462944e-06
Tor4a,0.08341166453238216,1.1884118008302458e-06
Plxna2,0.08333618158945033,1.2180304630741242e-06
Stau1,0.08330270755508636,1.2311205470267153e-06
Mgst1,0.08317319003441091,1.2842154508981874e-06
Ube2l6,0.08307785659787593,1.324562395826856e-06
Zfp9,0.08294227672277985,1.3843676930731915e-06
Tob2,0.0827715848557856,1.4635139160753566e-06
Tcf21,0.08272657904912167,1.4853813408450594e-06
AI838599,0.0826748932586436,1.5109566787249723e-06
Swap70,0.08259038881464771,1.5529962179604265e-06
Lgals2,0.0825890458256534,1.553190140835082e-06
Pcdh7,0.08253197412205576,1.5812030100572824e-06
Snhg18,0.0824664192226508,1.6142945269190354e-06
Uaca,0.0824466930981417,1.6239611319633246e-06
Ccno,0.08240743559795631,1.644959927082165e-06
Fgf12,0.08237443542631381,1.6627278151327785e-06
Csrnp1,0.08220410032372744,1.758656726044726e-06
Man2b2,0.08203675996316384,1.8556428111386634e-06
Cpeb2,0.08199794478384505,1.878537764714632e-06
1200007C13Rik,0.08199574605366416,1.8787978563388146e-06
Ssh2,0.08192959745798209,1.9193177669665233e-06
Gm43560,0.08191443876447674,1.926732136596385e-06
Tceal9,0.0819078710201302,1.9303337738668272e-06
Larp6,0.08176403751045666,2.0205469792054616e-06
Dclk2,0.08175675341343971,2.0246693178257443e-06
Fmnl2,0.08173456252867702,2.0385008015745237e-06
Arhgef17,0.08167746889880474,2.0769304853858607e-06
Svip,0.08166240744123039,2.0860182448796756e-06
Gm21917,0.08164526873896256,2.097266858440665e-06
Ndn,0.08162960302662331,2.106864157828669e-06
Malat1,0.08159727385205601,2.1282588759019012e-06
Tcf4,0.08156268881054742,2.1487155849122863e-06
Nrep,0.08143126536406939,2.241655036810085e-06
Top1,0.08132737380959416,2.31649195014982e-06
Mat2a,0.08122844263764938,2.388282794329405e-06
Lmcd1,0.08115608772465938,2.440680412543939e-06
Il1r2,0.08114869575203132,2.4458739855621556e-06
Akr1c19,0.08110163167114721,2.4810594202758355e-06
Nfkbie,0.08107654302960901,2.5001201421237926e-06
Gal,0.08102863565726591,2.5367648334435495e-06
Tmem136,0.08099421291594662,2.5625004603775755e-06
Scarb2,0.08091836224234475,2.623267037724082e-06
Hdx,0.08086730390921736,2.6652592391639633e-06
Nt5dc3,0.08081470508750212,2.709272754871623e-06
Bex3,0.08078369864315457,2.7344829988827745e-06
Dkk3,0.08048280587093061,3.0053996787058456e-06
Astn2,0.08041466545310645,3.0675241290842955e-06
Vipr2,0.08036073067855158,3.1190816004524038e-06
Map1lc3a,0.08033366791622637,3.143113988982708e-06
Esrrg,0.0802501816630858,3.226142843471813e-06
Frem1,0.08022849819453737,3.2460630521551505e-06
Dot1l,0.08022302531861154,3.2498039604580443e-06
Pros1,0.08018744358258266,3.28582760779326e-06
Rbms3,0.0801749847153246,3.298207554039754e-06
Cfb,0.0801212958334686,3.3523954019166396e-06
Eml2,0.08007315926344669,3.404444581001907e-06
Abca4,0.08003856280290805,3.4398923012193225e-06
Rab27a,0.07988093822584723,3.6178962761246805e-06
Nox4,0.07962829026982839,3.915541250381503e-06
Pak3,0.07949400852918788,4.078542085741529e-06
Ing2,0.07937038624204465,4.238651235898325e-06
Ppp1r10,0.0791563571170908,4.529814987277247e-06
Ucp2,0.07908303548850343,4.622611724603726e-06
Cyp1b1,0.07908184256010722,4.622975098328188e-06
Rtn2,0.07907848868840474,4.626562927330797e-06
Slc11a1,0.07904983525884307,4.6661605149942956e-06
Cpne3,0.07904921920151105,4.6661605149942956e-06
Tbata,0.0790123640563491,4.716165740312091e-06
Gdpd2,0.07897442071308752,4.765452886041034e-06
Ifitm5,0.07892321638368137,4.841743986215405e-06
Zcchc14,0.07891918454059682,4.846556680925824e-06
Shfl,0.07887071832839532,4.915186671539566e-06
Son,0.07886811997741373,4.9163905621510975e-06
Atp1b2,0.07878983105837921,5.0325748454998486e-06
Arl13b,0.07870924764249931,5.161449830409364e-06
Atp11c,0.07859553655529648,5.34356949011124e-06
Pdzd7,0.07857463170072847,5.376257042727507e-06
Gprasp1,0.07852442735035424,5.460170801789462e-06
Cxcl2,0.07846379398762912,5.560532997527991e-06
Pfkfb3,0.07840934904777512,5.653170443737526e-06
Plscr2,0.07838935392030066,5.686022685265235e-06
Asxl3,0.07827133933941825,5.899309404907965e-06
Rabgef1,0.07815134668920234,6.12045195511586e-06
Neurl1b,0.07810683170723372,6.206094052194946e-06
Ppp1r3a,0.07809348700065041,6.23067976243354e-06
Ghr,0.077932956192564,6.547545841498315e-06
Plscr4,0.07791021365281305,6.589268227327779e-06
Etfbkmt,0.07781909420273524,6.770745055874031e-06
Igtp,0.07775438953562676,6.900993979583187e-06
Cilp,0.07772247189161224,6.969179591554839e-06
Bace1,0.0777147260533289,6.984244107521393e-06
Bcl2l11,0.07767830547945907,7.061191620003238e-06
Prex2,0.07758719359362125,7.252953904920073e-06
Gbp7,0.07758121263386188,7.262383392867949e-06
Nxph1,0.077406098676303,7.657891466837742e-06
Tspan7,0.07740425031986885,7.657891466837742e-06
Jmjd1c,0.07728596642395977,7.932955635076595e-06
Tspyl2,0.07722095973856587,8.087773575767261e-06
Kcns3,0.07721557317043048,8.09874337583021e-06
Clasp2,0.07713134078494165,8.307232816539002e-06
Grik5,0.07708883413856864,8.411750155494071e-06
Plpp3,0.07708484091204233,8.419848883776227e-06
Gm13861,0.07699197130765517,8.664451176804722e-06
Gask1b,0.07698152592514149,8.68783794793311e-06
Zfp704,0.07688503299049443,8.950081940685908e-06
Vps13c,0.07680942438419237,9.146229857057916e-06
Klf4,0.07677802435463575,9.231358482254173e-06
Lsamp,0.07675506557655727,9.28988811575623e-06
Gm10134,0.07674478717810343,9.314412247151842e-06
Gm16152,0.07664192729199056,9.599831047465564e-06
Lrrc36,0.07653763743397651,9.906742622145623e-06
Zfp46,0.07650765415882275,9.99130408503473e-06
Adam22,0.07637444481665637,1.0385526547627234e-05
Gm14764,0.07636571877542668,1.0406084402047876e-05
Map1b,0.0763653107954632,1.0406084402047876e-05
Vnn1,0.07635910185375586,1.0423235484351572e-05
Snrpg,0.07630030302420573,1.0597701154594692e-05
Eif4a2,0.07627989595234391,1.065916174201695e-05
Sema6a,0.07609875693393332,1.1248375530677433e-05
Slc39a10,0.07605384446745267,1.1396693887854343e-05
Tekt2,0.07602736868951988,1.1484235341608654e-05
Abi3bp,0.07595276081123767,1.1729791073016301e-05
Hs2st1,0.07589648228298392,1.1929624087252265e-05
Kank4,0.07585321112538622,1.208387536382243e-05
Gm5148,0.07584726441930703,1.2102693789112546e-05
Krt12,0.07583143916431934,1.2151727472201742e-05
Topors,0.07558834267538994,1.3060207803357042e-05
Gm44386,0.0755535414451622,1.3193862944127682e-05
Ablim2,0.07554179686814536,1.3234235397554008e-05
Mr1,0.07553499254174058,1.3258283743413914e-05
Oat,0.07547159371417486,1.3504922792281205e-05
Sipa1l1,0.07544696486001727,1.3604072375918503e-05
Itih2,0.07542686214947517,1.3677794391017498e-05
Hoxa10,0.07533674728267482,1.4054279115297535e-05
Vwf,0.07531474336989624,1.4145844350458972e-05
Gm36738,0.0753067150853065,1.4176822968842344e-05
Echdc2,0.07516145240848224,1.4812301774608223e-05
Nr3c1,0.07515086882872872,1.4852104983431651e-05
L3mbtl4,0.07508745630154606,1.5131433714661446e-05
Csf1,0.07503070307657855,1.53755550288414e-05
Azin1,0.07497585845370107,1.5618745480908563e-05
Rbpms,0.07490990181517208,1.5915235666156033e-05
Lrfn2,0.07484746161227783,1.6208845818763693e-05
Etv1,0.07477607325991649,1.6548213607306778e-05
Pard3bos3,0.07466118452546736,1.707220123217175e-05
Tcf7l1,0.07465271011316604,1.709235542801898e-05
Fbln7,0.07461901931030694,1.7235179092854774e-05
Atxn7l1,0.07457252484858115,1.747175329668504e-05
Acvrl1,0.07444139574078931,1.8146166292370223e-05
Zfr2,0.07439629336026607,1.8379363477832805e-05
Gm40117,0.07432125939864752,1.8787526158003907e-05
Col1a1,0.07425464911783522,1.9145883783575667e-05
Fzd5,0.07411515520982352,1.9911674004603092e-05
Podxl2,0.07411450077856994,1.9911674004603092e-05
Nid1,0.07409079952417888,2.003305849088709e-05
Jph4,0.07405214040036405,2.0252422998833204e-05
Rpl23,0.07403775594734589,2.033528770302231e-05
Kcnip3,0.07388449928275777,2.126006808501095e-05
Emb,0.07385863374013697,2.1409263328927797e-05
Rftn1,0.07385234459954876,2.1438143728621263e-05
Casp12,0.07376220129377976,2.197554095239755e-05
Arhgef6,0.07372994021303884,2.2184592032568023e-05
Abcg1,0.07363318930579027,2.2797824056980458e-05
Elmsan1,0.07361973417332943,2.2871604280431847e-05
Atp6v1b2,0.07341088048726375,2.4256150153906103e-05
Tap2,0.07327075692346639,2.5250779306436047e-05
Pard3b,0.07314793882179235,2.611265202842013e-05
Clk1,0.0730198276733286,2.7060200210847743e-05
Stk40,0.07299625591029707,2.7244313614317775e-05
Lrrtm3,0.07298977333097931,2.7289773731441892e-05
Gbp6,0.07295433131089737,2.7543114408397778e-05
Stat2,0.0727497890737291,2.9206454411989937e-05
Ctsk,0.07271061313164476,2.950162116402656e-05
Fam43a,0.0726403838024251,3.0084715549991115e-05
Cpeb1,0.07245391874066984,3.169767521126551e-05
Maoa,0.07244740927674573,3.175048048479344e-05
Nkain3,0.0723696712797543,3.245859344086223e-05
Tnfaip8,0.0722841711938062,3.324580440349786e-05
Tsc22d2,0.07220231276801034,3.3998053835034394e-05
Helz2,0.07214824201990584,3.450036124734553e-05
D630039A03Rik,0.07214582128965982,3.451356387067087e-05
Mga,0.07161974708723896,3.997663810608304e-05
Cracr2a,0.07151326770952982,4.115913436738528e-05
Zfp385b,0.0714970940770097,4.133305258226866e-05
Gdap1,0.07147716159138577,4.156446977443561e-05
Itga3,0.07143257629740186,4.2055846806537004e-05
Lyst,0.07142769803108474,4.210490644818905e-05
Hc,0.07138632066177619,4.256237889123804e-05
Kmt2c,0.07130917426906543,4.348901193185401e-05
Gm43707,0.07130089667007157,4.358301375027969e-05
Ppp1r26,0.07122643648954581,4.449584569581331e-05
Csf2rb2,0.07121375878981455,4.464045282421563e-05
Pura,0.07121353799353287,4.464045282421563e-05
Bmp5,0.07109473101561582,4.614404953136322e-05
D630003M21Rik,0.07094983677998558,4.8072383223894184e-05
Irf8,0.07093187379421248,4.831190940374408e-05
Phf24,0.07078099304539724,5.042727140650455e-05
Dgkd,0.07076307238833549,5.063753879435981e-05
Dusp5,0.07063776325547713,5.243168458840406e-05
Gm32364,0.07063137055640838,5.250157566412214e-05
Rapgef5,0.07061075723516924,5.2802653445534404e-05
Ifi47,0.0705739896470116,5.3340754961546276e-05
Prrx1,0.07055838179568473,5.356864380093388e-05
Pdlim2,0.07052031733528487,5.412039393612774e-05
Nectin2,0.07048801457376483,5.460063909580322e-05
Txnrd1,0.07043412947413581,5.532919347308799e-05
Cystm1,0.07015514384161604,5.967733651168864e-05
Pnmal2,0.07012413594635063,6.0150852951411715e-05
Tmem176b,0.07007426989557754,6.1005428096406316e-05
Gm47467,0.07005224434461477,6.134601155453785e-05
Gnai1,0.0700415144681152,6.151991634253702e-05
Serpinb9,0.06996047429900437,6.289157637077755e-05
Slc36a2,0.06989110358989732,6.404096708890381e-05
Lypd1,0.0697757012074911,6.611302449248365e-05
C1ql2,0.06971584515279028,6.71884382646435e-05
Dipk1a,0.06971203723974997,6.724454371340321e-05
Mir99ahg,0.06968830533220345,6.765131722775271e-05
Gm10516,0.0695607466335481,7.000578667507556e-05
Man2a1,0.06933313142271945,7.447906586050989e-05
Tafa1,0.06923600747420412,7.643281363769505e-05
Rsrp1,0.06922370540872308,7.666200254377681e-05
Mbnl1,0.06920613654961358,7.702682674678233e-05
Pcdhga1,0.06902709237465206,8.09056048110725e-05
Myl9,0.06899137194764596,8.164804595508082e-05
Hipk3,0.06897638577442236,8.19538133319629e-05
Pxk,0.06894667193787563,8.258486850481961e-05
Dhx58os,0.06893218167706416,8.29040091008949e-05
Fgd6,0.06891178213730788,8.334278604609914e-05
Mpp7,0.06891059784172975,8.334967175201476e-05
Stxbp5l,0.06874976605587631,8.709676312692378e-05
Cyb5a,0.06857456946007025,9.126949696578375e-05
Gab3,0.06849163168649482,9.324215886444627e-05
Lnx2,0.06841997333166615,9.500090662649841e-05
Dpm3,0.06839577805494845,9.562646128043814e-05
Map4k4,0.06836669236194876,9.631597883026699e-05
Rab19,0.06824925415955753,9.932618475724163e-05
Bcam,0.06821446535511122,0.00010020148478209774
Gda,0.06815303158166366,0.00010181761534127731
Bcor,0.06810212553074126,0.00010317920960404058
Hexim1,0.06797908689866193,0.00010658616120485337
Shox2,0.0679552418848331,0.00010724666477315193
Hexa,0.06789962328832232,0.0001087663379244997
Glb1l2,0.06789402583527818,0.00010890968730522861
E130308A19Rik,0.06781657420445042,0.00011118284740910883
Llgl2,0.06778898311192263,0.00011198747149813163
Gm6225,0.0677564765859828,0.0001128965243454036
Tmem150a,0.06770876905105394,0.00011418325501699248
Atp2a2,0.06766268884673154,0.00011554581180143718
Dcun1d3,0.06765244311142807,0.00011579048692197
Tpbgl,0.06753875002349913,0.00011930991165476162
Gm14379,0.06752568244843486,0.00011971509825795103
Gm5084,0.06749584597825357,0.00012065355427741509
Adgrl2,0.06749094786584245,0.00012078830026191334
Cped1,0.06748652497054392,0.00012087745320382096
Usp51,0.06742151457841966,0.00012299117780230045
G530011O06Rik,0.06740178992133063,0.00012357589852722843
Rnd3,0.06736887689417967,0.0001246494822071806
Angpt4,0.06735434311680828,0.00012509205589467085
Foxq1,0.06731688378342028,0.00012636841878355722
Rgs5,0.06729192907307724,0.00012718392233125974
Ccdc39,0.06712651375308076,0.00013279043608679873
Olfr889,0.06707704338173764,0.00013448318668601427
Kcnab3,0.06707631077327977,0.00013448318668601427
Tnnc2,0.06702349701659573,0.0001363345010016044
Col23a1,0.06693675804175282,0.00013936139901951086
1700023F06Rik,0.06689110789940489,0.00014105936270151793
Maml2,0.06669976441552503,0.0001481897316482087
Rxra,0.06657706241366236,0.000153162221439349
Arhgap15os,0.06657474686000639,0.00015322250396015622
Gm1673,0.06657109033547595,0.00015333928178425557
Fzd2,0.0665237254284196,0.0001551583744262582
Rnf144a,0.06647438810085217,0.00015723500395520138
Pakap-1,0.06643025774057183,0.00015903372903407185
Ccdc82,0.06637053810868092,0.0001615012383858346
Gm26621,0.06634842742161996,0.00016240361047128318
Prkar1b,0.06628995924009891,0.0001648243485341779
Tbx2,0.06628166683050171,0.00016503942343467178
Fmn2,0.0662777329016626,0.00016513751832738683
Lrrc24,0.06625063887945144,0.00016628560678223658
Rpl22,0.06623199231417182,0.00016709526720592131
Qpct,0.06614094340311723,0.0001711389523463268
Cpne7,0.066116461124122,0.00017216399657338848
Palm3,0.06608162108361125,0.0001737232845344733
Hspa8,0.06602748633647268,0.0001762221996123197
Ntng1,0.06602447426306086,0.000176324611731581
Calhm6,0.06597766448194868,0.00017841678444587366
Chrm3,0.06584875156592516,0.00018456631298368852
Frrs1,0.06582871895987884,0.00018548542247915704
Tmem123,0.06570387033208787,0.00019165351755430593
Thra,0.06567934766839395,0.00019265652137877225
Zfp395,0.06566976577579377,0.00019306571282118727
Sh3bgrl,0.06554417864645683,0.00019936892999724697
Arsk,0.06549120716116763,0.00020205539832143747
Ltb4r2,0.06546337844567987,0.0002034853308753684
Ankrd55,0.06537701194378467,0.0002079423682205101
Sp4,0.0653114606339348,0.0002113070685923704
Rprd1a,0.06520631899849708,0.0002170241725997815
Misp,0.06520261495018788,0.00021717940564577087
Peli2,0.06520190931977861,0.00021717940564577087
Sox17,0.06498783651382911,0.0002292963494399457
Gm48832,0.0649665187124788,0.00023044256152323928
Sirt1,0.06495294562817183,0.00023112824884567582
Gfpt2,0.06491880723002336,0.0002331464052954787
Tmem200a,0.06489803256730423,0.00023439464536907127
Cmpk2,0.0648355856310747,0.00023807324579741941
Ephb4,0.06482899216390293,0.00023838235767643188
Col6a5,0.0647969400336065,0.00024021309518637015
Mid1ip1,0.06479568006389605,0.00024023781967655997
Prkaa2,0.06479053317700223,0.00024051288805640642
Oplah,0.0647484831768894,0.00024300886345038713
Eepd1,0.06450391347217509,0.000257973986007544
Fblim1,0.06436416214320244,0.00026733742577753674
Myo18a,0.06430176709571156,0.00027155325188356816
Slc8b1,0.06428045899651945,0.0002730334041033478
Mir100hg,0.06422321245562732,0.0002768347549964115
Serpine1,0.06417425377585577,0.0002801339301573365
Nrxn2,0.06416198410806866,0.00028091792410915307
Sema6d,0.06399974694594386,0.0002927944449143341
4930449E18Rik,0.0639657389252526,0.00029530695124960763
Gm6569,0.06388819856961919,0.00030121583617623776
Mill2,0.06388738233345553,0.00030121583617623776
H2-M3,0.06383018852940263,0.00030552283766478635
Slc1a6,0.063824145046513,0.000305869986713298
Tnfaip6,0.06381499874670007,0.0003065393839502559
C1qtnf7,0.06370026353356939,0.00031523952258732984
9530026P05Rik,0.06347823267829658,0.00033314955715642915
CR974586.4,0.06332917531068823,0.00034573801980669746
Mapk8ip2,0.06329764623834999,0.0003485296280775672
Pcdh9,0.06322745734002488,0.00035459573818947236
Slc6a2,0.06319093625089624,0.0003576770335568514
Klf2,0.06307903164241403,0.0003673816816942088
Loxl4,0.06307487861879371,0.000367697015679663
Osbpl1a,0.06307227501018205,0.0003678635889614146
Prkab2,0.06306874557582488,0.000368119325669132
Prickle1,0.06306203273338294,0.0003685979996708224
Tenm3,0.06300512474986503,0.000373769737633473
Aspa,0.06297791801135273,0.00037618730802021144
Slc22a23,0.06292432396149857,0.0003809662263422066
Shank3,0.06288165035248834,0.00038470570255961877
Alkbh5,0.06284917400885089,0.00038753682552462653
Extl3,0.06280756924732424,0.00039158244999657426
Fat4,0.06269148035189058,0.0004031349866640261
Mycl,0.06265482716190945,0.0004066262745884559
Crispld1,0.06259115409840184,0.00041275435233997803
Dbndd2,0.06256617800138593,0.00041525156783922654
Cyp2d22,0.06246855466731702,0.0004256104595827725
Pde1c,0.06244364185822544,0.00042827008083806857
Klhl4,0.06242070724095385,0.0004305438014855922
Dcaf12l1,0.062420591342675406,0.0004305438014855922
Cyp2t4,0.06239612808053837,0.00043308458679136634
Fabp4,0.062378942630082514,0.0004348197700366357
Eda,0.06236364116039761,0.0004363487559723309
Cd38,0.06235474571182452,0.0004372559339049862
Gm8113,0.06230906503172666,0.00044215439992257763
Car3,0.0622783272265964,0.0004453814478994418
Gm49077,0.06210485891641082,0.0004645244364367359
Jak2,0.06209702072828309,0.00046535977493829923
Dtx3,0.06195419594262418,0.00048160611083818453
Prtn3,0.06192241171051695,0.0004854500711393629
Atoh8,0.061810773350977295,0.0004991272002429735
Ntn1,0.0617977561204512,0.000500685831583354
Ccl27a,0.06178975821836692,0.0005014909641988513
Gm28119,0.06175166212867438,0.0005059648414407314
Naglu,0.061664863514696425,0.0005166559589275634
Mpp6,0.06161893199438782,0.0005225352131785864
Lhfp,0.061591971042654736,0.0005259189911720497
Lgi1,0.06157330016139282,0.0005282022757956768
Sqstm1,0.06149670775133434,0.0005381679188602831
Rps8,0.06146896937422095,0.000541394293063944
Slc16a9,0.061430665009100494,0.0005465935364921263
Batf3,0.06138194767921928,0.0005529401405784882
Prrg1,0.06137948980331247,0.0005531645060809856
2810433D01Rik,0.06135231946761306,0.0005567638608866884
Frmpd2,0.061348854063229465,0.0005570096859930447
Chn1,0.06124746648470964,0.000570448144701214
Sema4c,0.06123007394843181,0.0005727262307950242
Lamp2,0.06118676523303903,0.000578560925539841
4932438A13Rik,0.061178598248061634,0.0005796360877101662
Fabp3,0.061087970071108284,0.0005924873353674981
Gm36161,0.06108044442241111,0.0005934900969481111
Bdh2,0.06099355043217566,0.0006059218670372969
Peli3,0.0609643356173019,0.0006101584643301691
Platr14,0.06094703011408369,0.0006123028514742595
Rpl35,0.06090674496786355,0.0006179061577225967
5830408C22Rik,0.06090508877648374,0.0006180299984182234
Cfi,0.0607594294751545,0.0006400465562526129
Sntg2,0.06069436411836889,0.0006500025271015768
Gm38004,0.060680960095819365,0.0006519208570031006
Slc22a5,0.06067032484447745,0.0006533878298221504
Gm43101,0.06062605502789506,0.0006604379073202018
Ctnnal1,0.06057381037443025,0.0006689022822787208
Tut4,0.06055588782958191,0.0006717833869917127
Gabrg3,0.06052874810924575,0.0006759495109146616
Chpt1,0.06041283664871211,0.0006948945452595449
Yap1,0.06036891737952876,0.0007023015480831933
Gm37800,0.06034160760852924,0.0007065213544938399
4933401D09Rik,0.06028639714677303,0.0007159149683430836
Sort1,0.060267475816268096,0.0007190094648785389
Mllt3,0.06023403496769689,0.0007242791759530841
Atm,0.06017378366561351,0.0007349800838900329
Vegfc,0.06015046018588501,0.0007383603342201401
Elf1,0.06013789503870938,0.0007404927330709076
Rbm24,0.0600805972662082,0.0007502136953257217
Med13,0.060020072086210595,0.0007609958783818924
Cdkn1c,0.059973093799130996,0.0007694819529323674
Rps27rt,0.059961404151902105,0.0007715650853028201
2600014E21Rik,0.05993017304091132,0.0007769340616330875
Klhl5,0.05986101998031641,0.0007892625704930185
Gsdme,0.05985917386361837,0.0007894560882768111
Hdac5,0.05985128052504507,0.0007907996670875569
Mical3,0.0598506278271384,0.0007907996670875569
Tmem89,0.059837661871807724,0.0007930737151297117
Dipk2a,0.05980070390474679,0.0007993243991570797
Cdh5,0.05979836304081291,0.0007996189935246576
Hist1h4d,0.05978686889156269,0.000801739421177656
Fmo5,0.059693124486987284,0.0008199606198630884
Rcsd1,0.05968245954899507,0.0008217651990806692
Smim5,0.05968169888673438,0.0008217651990806692
Slc7a8,0.0596754583940635,0.0008228650068555178
Atf3,0.05963608915908151,0.0008304231153435288
Gm48025,0.05962353074181029,0.0008324837451100736
Olfr173,0.0596048883850264,0.0008361688828010267
Cacnb4,0.05959525953156756,0.0008378124699928787
Chdh,0.05957332684249625,0.0008418474746599699
Mei4,0.0595295924203127,0.0008506706930010214
Grhl1,0.05950548679038556,0.0008554068808122229
Olfr56,0.05949856124972642,0.0008566943608590888
Ctsf,0.059465825139252436,0.0008631225706357911
Arrb1,0.05944174843763575,0.0008679173363178023
Olfr410,0.05941633638708049,0.0008730256744464703
Rapgef6,0.05939206867785895,0.0008779133637339858
Eid3,0.05936479005392215,0.0008834846821173239
Gapt,0.05923322501601089,0.0009116443338721329
Carmil1,0.0592245418150694,0.0009130969185564278
Naip6,0.05910170289004399,0.0009389971611070728
Rasa4,0.05907038765259433,0.0009458700639672295
Rab39,0.05902698113805347,0.0009554283458937191
Rhobtb1,0.05901471379423462,0.0009581150968309135
Adam28,0.059000154789940806,0.0009613509409755559
H1f0,0.05899297674302007,0.0009628467267739522
Phyh,0.05899013434517874,0.0009633164786401374
Fam177a,0.058965818097739264,0.0009688914469897227
Rps15a,0.05891621681538838,0.0009801580836603352
Syt15,0.058903398660305736,0.0009826272897023702
Gm12694,0.058854824394751946,0.0009935824318935455
Tmem47,0.05885012682563169,0.0009945191711178615
Mtm1,0.058831917135493676,0.0009987643238486374
Prkce,0.05881559814393474,0.0010025611133244196
Cbarp,0.05874997676663051,0.0010177550765379513
Srrm2,0.05867826161776553,0.0010351427789491365
Kbtbd11,0.058670843384605015,0.001036806493504749
Col4a3bp,0.058635484398830616,0.0010453795808233939
Fgfr2,0.058530809944358345,0.00107023033696434
Sfrp2,0.05850411303465822,0.0010763285476157022
2900089D17Rik,0.05846020480187984,0.0010874730110378334
Errfi1,0.05837449316331837,0.0011090514604764515
Epb41l5,0.058371565456507166,0.0011096106738042735
Timm8a2,0.05836259635876049,0.0011115731968302286
Vsnl1,0.058347305904848365,0.0011152555650583366
Jarid2,0.058344018027101825,0.001115915740127301
4930402H24Rik,0.05832296246547879,0.0011211849024584054
Pcm1,0.05830669217087285,0.001124930239539941
Insig1,0.05822697226138348,0.0011462482104011966
Gm42829,0.05821922559428902,0.0011479299794357133
Lepr,0.058177057399318416,0.0011587898240810056
Olfr558,0.05817390467832371,0.0011594360196471622
Klf14,0.05814516236170555,0.0011668303964613486
Fcor,0.05812977819326229,0.0011704660972808323
Tmem273,0.058078890806652746,0.0011842738969482958
Gstt3,0.058039568940135004,0.0011938839168545046
Anln,0.0580269435691592,0.0011972955134248377
Abca9,0.05794155353254183,0.0012202957380587588
Akna,0.05789249816636184,0.001233847109612308
Map4k3,0.0578565712870212,0.001244100267476276
Ptprd,0.057848720932524515,0.001245947571458348
Gjd4,0.05783877776465037,0.0012486129672633572
Plekha5,0.05771332819680818,0.0012841735252339627
Sertad2,0.05765188147320503,0.0013028069471364841
Isg20,0.057592758015113224,0.0013201350959991555
Hsf3,0.057559672848937926,0.00132986982856331
Ptp4a1,0.05755462659481994,0.0013312115314036048
Col4a6,0.05751912595540242,0.001341525277248415
Smim27,0.05743616956439051,0.001367519448640348
Gramd1c,0.0574358695194218,0.001367519448640348
Rai2,0.05738752554362559,0.0013823506786698578
Dennd2a,0.057374270020428726,0.0013864709497004395
Nck1,0.05737258943092075,0.0013865455351592382
Sox7,0.05729191086203974,0.0014123900513276944
Gm44744,0.057287528244651775,0.0014134596223017997
Pcdhgc3,0.0572870391613069,0.0014134596223017997
Pou6f1,0.05727894889340971,0.0014159123104764628
Pkdrej,0.057246827645623555,0.001425680908601358
Fzd8,0.057163757976497004,0.0014525277432641986
Tceal5,0.0571112645045439,0.0014684693653565827
Sncaip,0.05709124903174083,0.0014743046430339777
Nkd1,0.05708141333945805,0.0014774716252059148
Cyba,0.057041367927051126,0.0014907573712091714
Fmr1,0.05702690398872661,0.0014953035056786388
Gdnf,0.057021637872096416,0.0014965734341822394
P4htm,0.056998823888080155,0.0015041303319209699
B230311B06Rik,0.056972074922372176,0.001512525523622513
Nop14,0.05695297202973488,0.0015188127739939024
Vnn3,0.05694933092079527,0.0015195128769142818
Arsb,0.05681648555432337,0.0015651743585251025
Amigo2,0.056786927987232526,0.001574618256451962
Fgd5,0.05673225492756887,0.001594246346250064
Tjp1,0.05673110535367213,0.001594358427017469
Cry2,0.05659620452432835,0.0016442361915537942
Hic1,0.056542126653086,0.00166241515245968
Cplx2,0.0565038205167696,0.0016758714757950878
Tox,0.05632477133421739,0.001744815503862059
Gm28320,0.05630711023205355,0.0017513990444825908
Phkg1,0.05624996738209886,0.001773383819047698
Ddx17,0.056130097905251836,0.0018201494019797811
Epb41,0.056110062815397536,0.001827712738057002
Musk,0.05609779748073499,0.001831828848626516
Hnrnph1,0.056094029187576236,0.001833085670952668
Atad2,0.05605421895959829,0.0018484737620266985
Btk,0.05599342334586944,0.0018746945447815713
Xpnpep2,0.055928758075967755,0.001901084084100683
Gadd45a,0.05590459279815043,0.001911126523568878
Irf2bp2,0.05590281340058456,0.0019115418727826314
Gm26632,0.05587972812174191,0.0019215331913941403
9130019P16Rik,0.05562166193242988,0.0020325907585161743
Nt5c1b,0.05562166193242988,0.0020325907585161743
Gm13652,0.055601619303547865,0.0020413103384705035
Tmem256,0.05560046104989395,0.0020414559290361884
Plaat5,0.05559062814854676,0.0020453321130144545
Gm21860,0.05558671958384249,0.00204653715420632
Hcar1,0.055543941079735586,0.0020628058745450852
Spata5l1,0.055474112984099815,0.0020949885430770567
Tekt3,0.055456619243984914,0.002102707712363291
Ubc,0.05543982337998051,0.002110110395853839
Wdr91,0.05541209550218448,0.002122931428640714
Arid1b,0.05538341530131739,0.002135874883832383
Trim17,0.05536053358890928,0.0021451476260813986
Ptpn13,0.055350497880021284,0.002148883806589203
Rbm20,0.05534432884768436,0.002151542467500227
Hecw2,0.05527747497714039,0.002181958449905859
Cox6b2,0.05527344941354572,0.0021833818667561867
Themis,0.05526147391462496,0.002188597421473993
Hhex,0.05525568689561072,0.002190675633500553
Zfp652os,0.05523431209538443,0.0022007025021909005
Katna1,0.05518737118532341,0.0022234809819494245
Rxrg,0.055181657600178506,0.0022259901875555013
Gclm,0.05517249369538109,0.0022299812573896203
Smad6,0.055154067088860344,0.0022376289351105495
Gm47123,0.05513798353740853,0.0022446596397151706
A730011C13Rik,0.05511564836126496,0.0022554167277687247
Slc12a5,0.055106840809226,0.0022591371247791927
Bri3bp,0.05507283949760902,0.0022738619256196723
Gm11365,0.05493726879560422,0.002343502276806205
Tcp11l2,0.0549034685540284,0.002360474794978912
Pkd1l3,0.05488636653185685,0.002369345811340028
Tmem178b,0.0547680300242791,0.002429166813588758
Fignl2,0.054757059487835255,0.0024343610526210975
Acss3,0.05475426039110648,0.0024354552723319764
Scg2,0.05474876956681081,0.002438060527707794
Per1,0.05472804508925274,0.002448292876053822
Mctp1,0.054716130510070765,0.0024540523507827635
Ppp1r12b,0.05469333858849934,0.0024664740908544643
Insl6,0.05466492780479289,0.0024807089940555678
Syde2,0.054638183713099774,0.0024935794289278356
Firre,0.05457873679868342,0.002526390916296315
Plin1,0.054512848034361266,0.0025628883248533306
Kcnab3os,0.05450504852316356,0.00256697827303791
E130102H24Rik,0.05444347096481031,0.0026014463773767127
Lrp4,0.054442009770523526,0.0026018124747692883
Igsf1,0.05438488562876806,0.002634026095588356
Gm26771,0.05430118496619127,0.002683862157867899
Tmem61,0.054300111162120614,0.002683862157867899
Adap2,0.05428643706894343,0.0026913963881842
Bcl2l14,0.05424848330695309,0.0027137825156179217
Ell2,0.05424456003156459,0.0027156892849293976
Gm11732,0.05420082038756634,0.002741349531235699
Cpa1,0.05412528384313873,0.002785212346265142
Elf2,0.05410547776669361,0.0027967312507903162
Gm10644,0.05406127617914515,0.0028233942700011776
Trf,0.054054776361357124,0.0028264844271239814
Chd4,0.054009629042848735,0.0028518233170861658
Serpina3c,0.053903886067838344,0.002916140787755651
Slc41a1,0.053792506743868124,0.0029850333797152226
Gm16958,0.05378397642155126,0.002990236750786173
Hist1h4b,0.05377950459956854,0.0029926945774103896
Cyp27a1,0.05377676398712145,0.002993979426965787
Gpt2,0.053760277705230466,0.0030046087381476933
Mst1r,0.05371997113972217,0.0030310011845111682
Lrrn2,0.05368569289162026,0.0030516846165918937
Gm28959,0.05363416073837641,0.0030851004301081877
Gm40652,0.053595748225589275,0.003109622101661845
Raver2,0.05354965435480864,0.0031403647123592194
H2-Q10,0.053510449880543806,0.0031652518718961404
Ifi211,0.05347008450321537,0.0031917652670540963
L3hypdh,0.05346410222168614,0.003195463724377449
Trerf1,0.05342753669509778,0.0032182253088470724
Tmem106a,0.05342606473648393,0.0032186794788077425
Gm15396,0.053418826185165344,0.0032233191324079835
Gm16189,0.05311712796205764,0.003435059623887716
Msx2,0.05306683980401015,0.003471354779478322
Tshr,0.053062950875058745,0.003473721444941577
Lrch4,0.053047472160768515,0.0034834673708441124
Gnaq,0.05304331792267661,0.0034857249184936205
G630016G05Rik,0.05302948440046973,0.0034958755088798817
Napepld,0.053005141874290194,0.0035129787066871996
Sms,0.05298342682330194,0.0035294196789655862
Sphk1,0.052916796870874236,0.0035769751490291094
Zfyve28,0.05290677733931077,0.003583637785643368
Gm16118,0.05286652512370306,0.0036146336779052752
Ppt1,0.052789877871661145,0.003668942899365129
A930033H14Rik,0.052755019706249615,0.0036938100919010537
Mgarp,0.05272178603604497,0.003719860646741222
Ildr2,0.052670102318300424,0.0037593741817196877
Gstt2,0.05259669073003749,0.003816952085774613
Gm32461,0.05256958439189508,0.0038378512216846726
Neu3,0.0525551917948432,0.0038479753539161507
Zc2hc1a,0.052541056538300095,0.0038593502596154425
Gm31513,0.05249934723755561,0.003892329808671846
Csrp3,0.05240237674891167,0.003970972632685278
Tceal7,0.05240237674891167,0.003970972632685278
Nkain4,0.0522968848234026,0.004051904866612081
Ctcflos,0.05227006348797519,0.004072967898261377
Cpeb4,0.052230773852355604,0.00410695422249158
Rhbdl1,0.05222456718234018,0.004111057731570577
Gm39459,0.05222097748520425,0.004113552888878252
Apobec3,0.052198523925692776,0.004132462066842758
Vezf1,0.052187016650222386,0.004142203019581081
Slc2a4,0.05218239830465152,0.00414565677446914
Uvrag,0.05217080809007569,0.00415550232782204
Cenpl,0.05211724393174827,0.004200207260787721
AI115009,0.05210883190624837,0.0042072228690947
Zfp59,0.052072191494366225,0.004236614017898634
Tbc1d16,0.05207081518012388,0.004236820783914615
Siva1,0.05206799537796983,0.004238173959002721
Trim6,0.052027000674658534,0.004273441700577762
Sytl4,0.05197156669340411,0.004321087152569807
Ero1lb,0.05190520799164098,0.004378910861730993
Brd2,0.051883558042427634,0.004396535385020202
Slc22a3,0.05185646033338405,0.004421139803493391
Hif3a,0.05181459663886599,0.004458651243874958
Btaf1,0.05181100842602255,0.004460516502565574
1810019N24Rik,0.05178420988514181,0.0044826757552597855
Sycp2,0.05177296651043555,0.004492083919548218
Abca3,0.0517032833342647,0.004556155398960978
Ankrd33,0.051604744919383355,0.004647748734516377
Fkbp5,0.05151718982379893,0.004726208929667593
A330048O09Rik,0.05151092337534977,0.004730943933427688
Tulp1,0.05143750091126233,0.004800994572393364
Gm20721,0.05133723529246513,0.004899989687765607
Fau,0.05130717182561153,0.004931242102274933
Dnajc3,0.05127467909125849,0.004962580639368065
Dreh,0.051264024670163603,0.004971149452828359
Bcl6,0.051234531259166334,0.004999304090683211
Dnmt3b,0.051201447155177375,0.00503114558463965
Ephb3,0.05119017940087625,0.0050425491565922465
Gm11815,0.05106292666760808,0.005174203847609374
Gm13889,0.05104708684852725,0.005190097728663447
Adap1,0.05099721530258015,0.005243568729622196
Hook2,0.0509957562353117,0.005244272132523071
Zbtb10,0.050972884034363355,0.00526932574244932
Tsc22d4,0.050966134056266627,0.00527606550880784
Ldlr,0.05096511667963453,0.005276268950451221
Nek6,0.05090064607051987,0.005345450626936699
Sgce,0.050878062238047445,0.005368665688639297
Foxo3,0.05085137851836205,0.005396746311483129
Nxpe2,0.0508213765825347,0.005428845691637685
Clec9a,0.05080571476171323,0.005445244220213473
Slc8a2,0.05080085788314226,0.005449422521175496
Strbp,0.05080048030133181,0.005449422521175496
Galr2,0.0507544064609933,0.005498838875263226
Cyp2f2,0.050703529165490875,0.00555440535849523
Efna2,0.050656015437058284,0.005607438090971145
Mxra7,0.050591123617484635,0.005673190921621067
Peg13,0.050549361139488394,0.005722994758341741
Fas,0.05053304377580957,0.005741011480595281
Bmpr1a,0.05053058260350471,0.00574301217969965
Grn,0.05051793661585236,0.005757584604652171
Galk2,0.050516866988047776,0.005757871082404428
Ppargc1a,0.05049741700231004,0.005778832623366686
Clic6,0.05044464310758004,0.005839350002099862
Dip2a,0.05039927331480572,0.005894268778273284
Dnah2,0.05038719057595518,0.0059063593411394335
AU020206,0.050363490610983136,0.005931082210455039
4930517E14Rik,0.050349276484717605,0.005946896164895742
Lonrf1,0.05029378245446053,0.00600833613029572
4930558K02Rik,0.05023799811936912,0.006074946708932083
Aqp11,0.05023271689170506,0.0060807155593125516
Gm20405,0.050167095270677996,0.006158774119235894
2010300C02Rik,0.05015774068163077,0.006167773011413033
Bach2,0.05003411392999116,0.006323352959848847
Gm568,0.05002989721117757,0.0063267765353667745
Gm15839,0.05002770785475435,0.006328598237497403
Rab29,0.05000250949240461,0.00636148315578645
Mir22hg,0.04999913256381628,0.00636492129244345
Tnfsf12,0.04996334573631117,0.006412395195873293
Gm20383,0.04993899493443773,0.006443371243508488
Klf13,0.04993421931796522,0.006448765314999189
Ctla2a,0.04992988270476763,0.006453561701455081
Evc,0.049893244092081304,0.0065016589034297126
Paip2b,0.04985157357754636,0.006557079130407743
Tmem44,0.04982899403945815,0.006587386877721714
Trarg1,0.04980569047274312,0.006614140724494776
4921514A10Rik,0.04971157606883254,0.006736596814155256
Ptprk,0.04968311345728762,0.006776037060343073
Unc13b,0.04966547366316155,0.006797751134560006
Trim56,0.049598140165524676,0.0068842052859688216
Nod1,0.04955776799462699,0.006932225728688713
Gm31356,0.04955768909387068,0.006932225728688713
Mzt2,0.049548527653991384,0.006943191528203285
Plekhh3,0.04947402358365555,0.00704568875608412
Itga9,0.049451569323670626,0.007075363365122591
A830012C17Rik,0.049431400343919546,0.007104234207910701
Smad7,0.049419316309484755,0.0071173215414541136
Nfkb1,0.049392530185164533,0.007153790029419837
Ppm1h,0.04938132609892585,0.007169415664486958
Gch1,0.04933630562188133,0.007231268915811329
Klf6,0.049327586646323494,0.007243263509642076
Cntnap1,0.049321323134216104,0.007251532642463303
Serpinb6c,0.049297651273277704,0.007285137340020945
AC113595.1,0.04927077902012517,0.007322519373870053
Lrch2,0.049199920874070886,0.0074218118058970006
3200001D21Rik,0.049194647086642784,0.007428724021987392
Gm44170,0.04914872582656043,0.007492710534093345
Tnik,0.049120778394174586,0.007534073649804737
Itgb8,0.04907027459522201,0.007607504792252093
Naip1,0.04905497427514901,0.007627899280382082
Mafb,0.049032747240432634,0.00766076982930079
Blk,0.04892640952013953,0.007824683574578438
Renbp,0.048919118446305435,0.007835233881963187
Fbxo11,0.04891654749579883,0.007838072135750116
Ncoa7,0.048884316261490514,0.007886834577952872
Chn1os3,0.04886589004790466,0.007914375210384192
Bcas1,0.048861057748653916,0.007917971263700765
Shd,0.04886041048984035,0.007917971263700765
Rps23,0.04884730171664169,0.007936875818885525
Sorbs1,0.048740411293014714,0.008097316734944805
Dlg1,0.04872315221187994,0.008124929290461031
Tmigd1,0.04872230416939944,0.00812495175278775
Kcna6,0.0487173607415179,0.008131898081675299
Ogfrl1,0.04867359839442846,0.008199850247775016
Gm38901,0.048673160679215156,0.008199850247775016
Kdm6bos,0.048668914175056144,0.008205666354378893
9130008F23Rik,0.048658500075854025,0.008220590544711595
Sap25,0.04854165511196374,0.008406507819017538
Fam135a,0.04852949471642033,0.008424659937877187
Gm31693,0.04850849892023211,0.008458473101994804
Pdxk,0.04846840809649746,0.008521641404506116
Tspan18,0.048384213143684046,0.008659415878203016
Nfya,0.048373024858003696,0.008676489399000974
Arc,0.048369340072138944,0.008681603548922306
Pla2r1,0.04834168385630056,0.008728158033456588
Appl2,0.048340957877328575,0.008728158033456588
Gm47368,0.04830556158292357,0.008787545811564951
Ugt1a7c,0.04829963124772274,0.008793878533795796
Adam5,0.04827387805620784,0.008836183269664873
Stk17b,0.04826942109303873,0.008842791940256011
Cachd1,0.04825841168975236,0.008859852239311359
9630028H03Rik,0.04823544995261521,0.008896779156187447
Nup98,0.048225866646090694,0.008910325804285999
Gjc2,0.04821987258195282,0.00891827961051033
Thsd1,0.04817518576705906,0.008996150691170256
Pip4k2b,0.0481501284133745,0.009041143199640899
Pde1a,0.04814741638620117,0.009044173292011397
Phyhd1,0.04814683420405445,0.009044173292011397
Abcc1,0.04810355920766843,0.009112577519464427
Gm20544,0.04806294704124768,0.00918271289253056
Armcx2,0.04805602387711399,0.009192643285610992
Jade2,0.04795455001605991,0.009374994316061699
Gcat,0.04791756232970988,0.009441549327079881
Avpr1a,0.04779819074210151,0.009660396009671642
Tex14,0.04778568824872809,0.009680183816013932
Slf2,0.047782682391415886,0.009684486600862945
Naf1,0.04777571840168301,0.009696638375681797
Plekha2,0.047764837201818684,0.009714928858707516
Gls2,0.04771598392020542,0.009796686789829109
AL607088.1,0.047702757718800615,0.0098188976959799
Tmem82,0.04761432712524301,0.009979061941130301
Igsf3,0.04760997448038839,0.009986228887451756
Kank1,0.047571844492087206,0.010060739862588422
Phf21a,0.047548369315597826,0.01010211991008064
4930578M01Rik,0.04746680722780837,0.01025558883871998
Plcxd1,0.047397166431773004,0.010393005873396395
Nbeal1,0.04737908975535948,0.010427708285991367
Rarres1,0.047347555336963214,0.010490533550089368
Spidr,0.047302850751423306,0.010577783465236206
Acsf2,0.047299625871823674,0.010582916507774119
Cdhr4,0.04729490345120106,0.010591267665251574
Satb1,0.04723283828549795,0.010714475817474768
Dusp8,0.04721900091572194,0.010739110946396365
Tfpi,0.0472161099116167,0.010743017051471073
Tnfrsf14,0.04721286574336966,0.010745708856974427
Gm49226,0.04721263916310652,0.010745708856974427
Adgrb2,0.04719516666922599,0.010780153949334109
Lrig1,0.04714765835617298,0.01087328772103127
Phf2,0.04712461646982972,0.01092039008072523
Rpl41,0.04711522527073641,0.010939300383042137
Mpig6b,0.04710345428807288,0.010963511354629822
Vtn,0.04709529295939921,0.010979760318627657
Rgl1,0.0470766636286555,0.011017455325366408
Olfml1,0.047047806984386174,0.011074397481071278
Chd3,0.04699088996431273,0.0111947910023573
Esr1,0.0469844941862445,0.011205478289651438
Rps6ka5,0.04695417611838956,0.011270391599838345
N4bp2l1,0.046947564432034725,0.0112835260567214
Aox1,0.04691397632075451,0.01134491566573112
Calca,0.046887641192678235,0.011401410749376884
Ppp1r9a,0.04684941019270429,0.011477931296325782
Pja1,0.04683232855668809,0.01151165634030276
Gbgt1,0.04683110743599202,0.011512559452439652
Atxn7,0.046754361887601584,0.011677816433849705
Skap2,0.0467018407728549,0.011789761195692562
Onecut3,0.04667865515691857,0.01183826482642436
Arap3,0.04667804679711898,0.01183826482642436
Tinagl1,0.04666987451885295,0.011855703721839396
2610020C07Rik,0.04663223289475628,0.011935543765071454
Abcb1b,0.046627123641429624,0.011945779197816853
Pard3,0.04652536217399637,0.012181446687686557
4933412E12Rik,0.04651719083575098,0.012197309581029821
Acy3,0.04650129542789203,0.012230030836492588
Eno2,0.0464939797289317,0.012242655540926973
Olfr775,0.046493770517937655,0.012242655540926973
Etl4,0.04640820010297566,0.012443000072439364
Klf11,0.04639670342668818,0.012467437406392605
Psd,0.046384502635650485,0.012495744486362802
Prdm16,0.04636710731693314,0.01253500996962713
Zfp804a,0.046353939500440824,0.012565877076294418
Ftsj1,0.04628390015324507,0.012722469678811913
Gm42538,0.04623266981449903,0.012841075785685064
Rassf10,0.04616115451232677,0.013009858764318845
Gm16263,0.04615782032247126,0.01301632813764484
Gm12602,0.046136643394827266,0.01306471171126558
Gpr68,0.046103329737231344,0.013147047709020839
9330162012Rik,0.046101490954179286,0.013149675889556756
Gm14033,0.046045724679122706,0.013282766660926204
Rap1gap,0.04601823118617902,0.01334653564870155
Gm17017,0.04599162701267661,0.013412633214979153
Slc25a48,0.04595831768207159,0.013494657422542185
Txndc16,0.04595374950367756,0.013502464071883009
Ubqln2,0.045900347192492516,0.013634622709843777
Dbi,0.04589189094702814,0.013652945111676593
Zfp185,0.04588256571351965,0.013669147585361682
Olfr482,0.0458442836626089,0.013763876959579634
Wipf3,0.045842546879816384,0.013766339583566477
Clk2,0.045839363575519036,0.013771823392019674
Fam102a,0.04583494470375168,0.013777978625062798
Rffl,0.04582923377253161,0.013791261908354118
Stard8,0.045798228508274856,0.013871370744331639
Mindy4,0.045793011735319175,0.013883380941005287
Sfi1,0.04578333426988599,0.013907633504858772
Hoxa6,0.045777425758722574,0.013919291281891535
Spata20,0.04566946480329448,0.014195325616714199
Pmp22,0.04558613607663361,0.014415771784590097
Phactr4,0.04556650723860177,0.01446439709336853
Spon1,0.04556100727262402,0.014477671464149081
Gm28932,0.0455313579159934,0.014547975137817772
Prxl2b,0.04552741285654996,0.014554500988254865
Ctdspl,0.04551653951423049,0.01457847213151678
Gm16701,0.04550170782949465,0.014613827828755342
Acvr1b,0.04549521871505667,0.014630065490697187
Gm47815,0.04546920775656813,0.014688251898212436
Arrb2,0.045469177400169834,0.014688251898212436
Kirrel3,0.04546450222270336,0.014696944216214598
Gm12940,0.04542782436614466,0.014795782862885277
Gm29502,0.045399723264075625,0.014872632956116582
Shisa3,0.045395801907826924,0.014879225411467195
Fmo4,0.045387920334630405,0.014897370662092924
Hsd17b14,0.045376645294852525,0.014925795490458667
Ripk2,0.045373941629585426,0.014930928734266805
4931406P16Rik,0.04536565895446486,0.014952731204644375
Cox8b,0.04533302816507207,0.015033879994195446
Pik3r3,0.04530458480462548,0.01511039595627775
Bach1,0.045284497383119494,0.015160023855102452
Zfp467,0.04525042521163583,0.015256345628722953
Gm36266,0.04522081153855914,0.015339859363355565
Arnt,0.04521802549773837,0.01534572151086756
Lpin1,0.04513897942797828,0.015548956202171373
Sphkap,0.0451280251000629,0.015577160265158848
Gm20234,0.04511877866338842,0.015598523698939291
Map3k6,0.04511850826860682,0.015598523698939291
Begain,0.045071272295598507,0.01572746932075796
Pcdh17,0.04500036454784967,0.015930531428136777
Rragd,0.04498912171091081,0.015962817625363054
Frat2,0.0449587616885455,0.016052104232381757
Slc26a10,0.04493204384147836,0.01612523924828212
Arhgap35,0.044927364348874205,0.01613470823513212
Mdga2,0.04491710082921534,0.0161590965212946
Dcst1,0.04489690176193069,0.016217357418003998
Mylip,0.044873764573771124,0.016279856141327455
Tec,0.04486355681271274,0.01630688255141033
Cpne8,0.04484767617197231,0.016354547322340134
Slc16a7,0.044840831295995864,0.01636838435958898
Ndufa6,0.04482209956190802,0.016420015864599687
Tgtp2,0.04478923337662157,0.01650602818118341
Pomc,0.044745326049054755,0.016631284231516896
Nab1,0.04470577145992101,0.01674562195141815
Arl6ip1,0.044699172387076526,0.016764321343391866
Snap91,0.04463093133993029,0.01697054147148827
Fam110b,0.044623355364403955,0.01699266906121703
Angptl4,0.044619572237402656,0.017002369729140175
Gja4,0.04461447858938819,0.017016379402370985
Taf1d,0.0445258639576318,0.017282114941260918
Ubald2,0.044495544139038154,0.0173667534852712
Miga1,0.04449326962041074,0.017371597584586583
Gm27240,0.04447758998135179,0.01742135194126371
Cap2,0.04447017072724392,0.017440702396095586
H2-DMb1,0.04446598745175425,0.01745197604671385
Gm34934,0.04444139390891587,0.017523619631729763
Fgf21,0.044433251735849034,0.017548300690522583
Tulp2,0.04428081382212426,0.018023909216772313
Metap1d,0.04427250853239387,0.018049781769317562
Cyp2e1,0.04422507927962817,0.0182002158952202
Chrm2,0.04419932574806592,0.018281541962284112
Mxd1,0.044168325190844175,0.018381643764852316
Gm47079,0.0441495108331679,0.018439194592806595
Gm9920,0.04414240814209589,0.01846134946551967
Vegfa,0.04412142897624152,0.018529719276441297
Apoa4,0.04410506881290436,0.018584835974978932
Man2a2,0.04407515991506935,0.018682517643397276
B4galt5,0.044057227255310964,0.01874366823272134
Pomk,0.04405420298858082,0.01875153671942008
Lvrn,0.044051856699907375,0.018756979534377185
Zfp652,0.044024906116659476,0.01884779577213889
Smim41,0.043955292726842114,0.019066649084076463
Meis2,0.043929985017250824,0.019143754540283452
Igf1r,0.043904533416936405,0.01921864268520806
Gm15852,0.043854938750547155,0.019382649547752012
Gm48952,0.04384699447919465,0.019408917510118247
Irs3,0.04383032439164516,0.019464441278731905
Snx10,0.04381236744692969,0.0195279485354985
Pde8b,0.043758330725990655,0.019689297876744477
Zfp809,0.04374711834801428,0.01972817373348662
Kctd10,0.043741185722110686,0.01974731419414647
Zfp574,0.0436957781019024,0.01989951158675715
Gm3364,0.04368459619884847,0.01993552080129784
Gm12207,0.04367767054499308,0.019955476121708234
Nuggc,0.043664116957241476,0.020000566745669718
Kcnj14,0.04365251755491648,0.020041457609569165
Mapre2,0.0436375199761244,0.02009535836179122
Aard,0.04361115856729639,0.020192804420184
Klhl8,0.0436044076610691,0.020215056371533504
Fgf2,0.04354846983013679,0.020411494161970124
Gm10801,0.043546515808243716,0.020415852511607914
Akap12,0.04353083288485037,0.02047010568341116
Lratd2,0.0434959488327457,0.020592682773056873
Ier5l,0.043432852679391135,0.020813567708576133
Gm11266,0.04336285141982786,0.021060675193992365
Gm14634,0.04335248257815638,0.02108988852439193
Spire2,0.04334466038929657,0.021105347695981824
Itpk1,0.04333172818567595,0.02114508374547287
Asb13,0.043322516109244515,0.021171945259459243
Eif1a,0.04329825219675641,0.021259002063151095
Dip2b,0.04328165716322756,0.02132220377055647
Disp2,0.04323919528711256,0.021483210745818323
8030423F21Rik,0.04322988385591279,0.021514186369214896
Myo6,0.04317419940555637,0.021730381972434702
Dock9,0.043157710052736394,0.021791020511172467
Lcat,0.04315552805131746,0.021796574123100494
Wscd2,0.043128288231207436,0.021901517033381522
P2ry14,0.04310453686130326,0.021992514797779878
Khdrbs3,0.043073772595766176,0.02210947904820998
Tgm1,0.04304284736199012,0.02222010622063991
Heyl,0.04301310169493212,0.022334572872770787
Acap2,0.04298731860320322,0.022424345635538283
Pdgfd,0.04298672191666504,0.022424345635538283
Gm17396,0.042985025229297494,0.022428005360809272
Scarletltr,0.04294731275062073,0.022569369068657856
A530013C23Rik,0.04290669259596263,0.022723599150126176
Scamp1,0.042844190363517734,0.022962327855957237
Bdkrb2,0.042836719321058384,0.02299082498559147
Sh2b3,0.04282795898213918,0.023021086539918578
Dcun1d4,0.042793167414435805,0.023153404540660876
Synrg,0.04277090985563418,0.023238945568866864
Siah2,0.04275575036311356,0.02329036870474518
Zfp583,0.04272292373145643,0.023415220100291134
Reck,0.04271320295624154,0.023450437215593402
Gm13305,0.042685027501854295,0.023562877468713394
A830082K12Rik,0.04267017168946285,0.023620840664947837
Fzd7,0.042662950602874256,0.023645337212893153
Arhgef5,0.04265250374094456,0.023687685303403788
Fabp2,0.04259105648108414,0.023915741736507342
Brip1,0.042588907616146386,0.0239216299418982
Slc25a37,0.042561024448873164,0.02403475762962435
AI504432,0.042533838731833355,0.02414892170335327
Gm47121,0.04252871640167722,0.02416818590979334
Serpina3n,0.04252256606027975,0.024192075653983798
Zfp536,0.04251586135483953,0.02421847576736882
Cbx7,0.042503178122069926,0.024265384495759934
Gm30339,0.042486487117958424,0.024332141097528404
Gpr45,0.042480079090468616,0.024357337132339556
B130034C11Rik,0.04247897404990591,0.024358609756090867
Pcdh10,0.0424493408205073,0.024481492595299494
Plxnb1,0.04243645409571589,0.02453624091650296
Gpsm3,0.042405045721056245,0.024656747042575894
1600002D24Rik,0.04229514466464688,0.02513212307656974
Ate1,0.04228472823737028,0.025172843494936033
Prr7,0.04227189256322116,0.025224882620969013
Tnfrsf19,0.04226270635956599,0.025252326975408346
Slc45a3,0.04224863778478891,0.025305459643101647
Ccdc171,0.042216217811771276,0.025438863217198203
Cadm1,0.04220047224524048,0.025508931852528033
Unc45b,0.04210965432476516,0.025905271346481483
Man1c1,0.042109330951491886,0.025905271346481483
9430037G07Rik,0.042108102073477184,0.025907203763099143
Slc38a6,0.042062782398595476,0.02609238714698754
Gramd1a,0.04203806509171932,0.026203239743339185
Man2b1,0.04200381301532808,0.026356630718961962
4933421O10Rik,0.041966976938749616,0.02651537090660611
Cyp2j9,0.041961427042582176,0.026534363886986923
Cc2d2a,0.0419568415767434,0.026547497182442245
2810454H06Rik,0.041946622576606286,0.026586436156103007
Zbtb11,0.041941340071323295,0.026606809061138388
Fam184a,0.041938221776920054,0.02661537407411577
Ccpg1,0.04193603465978589,0.02662203379522862
Terf1,0.041929952794341495,0.026647715766979836
Mtmr10,0.04192085569061999,0.0266881656044921
Cdh18,0.04190872194940545,0.026725740619900098
Fbxo21,0.04190861032128718,0.026725740619900098
Pde7b,0.041905382597051,0.02673171053590083
Gm29367,0.0418787856263648,0.026846101800858054
Gng12,0.041877844261984994,0.026846690331526625
Syndig1,0.04183277068224087,0.027058769688461996
Pik3cd,0.041802352815507225,0.027179255506690595
Afmid,0.04178546027917217,0.02725513993188521
Pten,0.04178142503104194,0.027271155610296575
AW011738,0.041748781595137674,0.027417843847004554
Hoxc4,0.04173498982832183,0.027478749256106928
Tgm2,0.04164204092469731,0.027894329840525003
Atp8a1,0.04154721558432353,0.028333561844196838
Ric1,0.04154164380089934,0.028358059178825622
Zfp37,0.04151598456367604,0.02846943656168007
Gm3892,0.04150070688937126,0.02853157695656919
Pla2g15,0.04149743284600137,0.028540041589152663
mt-Nd3,0.041477884729195225,0.028637338478784264
Sez6l2,0.04147703234283205,0.028637501091736236
Rplp2,0.04145965601857428,0.02872375768874756
Traf4,0.04140323817631637,0.028997820744395983
Gm9889,0.041374506049623665,0.02914064772573055
Nfasc,0.04136879497379477,0.029166492926053795
Sik2,0.04136745411310626,0.029169238455439478
4930544M13Rik,0.04136414919148144,0.029178028041311532
Chka,0.041322321597068695,0.02937815698666531
Gm15513,0.041315108862709164,0.029407810043563357
Sp100,0.04128664202692232,0.029542198536681587
Gm49144,0.041259628057436576,0.029656106291536047
1700029J03Rik,0.04124360431213556,0.029724529526479377
Gnptg,0.041214016532855426,0.029870668614065184
Lrrc4b,0.04117853393084156,0.030040507543357384
Scn3b,0.04116389523208265,0.030105542538074362
Gm5129,0.04116325537288153,0.030105542538074362
Dnm3,0.04116245606678043,0.030105542538074362
Fam81a,0.04113311339242722,0.030247502830029246
Parp10,0.041119040690353874,0.030315428438322186
1700120C14Rik,0.04110283094814779,0.030399698901636334
Cyb5r2,0.04105578727271602,0.030644992959196534
Ophn1,0.04104793051350744,0.030683864114617636
Gm49625,0.04103110381774662,0.030758807513507843
Tpd52l1,0.04098985187167431,0.03096976764637405
Ctdspl2,0.04098052283336163,0.03101263330553648
Selp,0.04093016406201555,0.03127627264220553
Kcna2,0.040903056185504584,0.03140580895949181
Cxcl10,0.04088978709817352,0.03146843151084725
Gnao1,0.04088956769943134,0.03146843151084725
Omg,0.04088066595743708,0.03150911504495948
Slfn5os,0.04087087653871683,0.03154594581969668
Adamts17,0.04085128646324678,0.031652398394430264
Dzip1,0.040840935053427764,0.03169723857032559
Gm12333,0.04080845343802431,0.03187305310427375
Gm15247,0.04077845949119943,0.03203072885924706
Trpv3,0.040766805304617036,0.03208824030781851
Hoxa5,0.040746568211076827,0.032185828334794914
Atxn7l1os1,0.040716395746469514,0.03234588846607982
Gab1,0.04067311472557681,0.03256381148498954
Rnf182,0.04063486669229314,0.032763157879159635
Tbl1xr1,0.040630398398865356,0.032781083552344416
Zhx3,0.040623400557476645,0.03281590375373446
Man1a,0.0406141503734367,0.03286535071826271
Gm42941,0.04060767635805522,0.03289804485820423
Pgam2,0.04056452429214991,0.033123809270787355
Klhl33,0.04055837694045178,0.03315045069892987
Tmem151a,0.040541819463504575,0.03323390763854027
Tmem200c,0.04054020894471812,0.03323859135923492
Specc1l,0.0405134267426068,0.03337815201497398
Synj1,0.04050007031835293,0.03344302941792223
Ankhd1,0.04046684958633408,0.03360714310028528
Dcaf6,0.04043752767208111,0.033758386246500904
F11r,0.04041629198609244,0.033878667194248084
D630045J12Rik,0.04041589894004724,0.033878667194248084
Pcdhb11,0.04041397947421169,0.033885295250868815
Hspa12a,0.040408473086769994,0.03390861136008383
Tent5a,0.0403595152735558,0.03416518104964213
Tbx15,0.04030321678670039,0.03445768431950333
Tcf7l2,0.04030249876723766,0.03445768431950333
Gm41541,0.040283131177479586,0.03456123874176986
Ltbp3,0.040273701348803335,0.03460970943652826
8430430B14Rik,0.04025070756047689,0.03472631441951929
Cyp4f18,0.04016826731012706,0.03520543754095505
Olfm1,0.04015562943857058,0.035268923100102774
Smchd1,0.04015367573708401,0.035276004354559465
Lrp5,0.04008662235838316,0.03566058497874912
Ppm1e,0.04008563460054515,0.03566164610041173
Apc2,0.04008434343987131,0.035664619898173364
C4a,0.040080932198610135,0.03568095836268097
Vsig2,0.040066522364088024,0.03576673115743232
Lmod1,0.04004412006521363,0.035892930369435146
Tle2,0.04003604396181232,0.03593374700359545
Lrfn1,0.04003317296469617,0.035946764660442346
Bricd5,0.03998335079789455,0.03622746962514367
C1qtnf12,0.0399649590190327,0.03633463650987226
Gask1a,0.03995479137189219,0.03638404947202431
Klhl21,0.03989874798468077,0.03669732068190663
Leap2,0.03986963071258306,0.036869906319518815
Scg3,0.03982572333539141,0.03710223592017673
Zfp442,0.039694566028119146,0.03791728608644818
Ifi30,0.03967940911078164,0.03800723390050897
Itih3,0.03963596166249885,0.03827561917836976
Mllt6,0.03961316438386535,0.03841213370786687
Phf11d,0.039584957531026914,0.03858162602226064
Gm47922,0.039529312845635815,0.03888465788198496
Tgoln1,0.03950926258734161,0.039015503551627834
Ginm1,0.03949025008094563,0.03912284443844788
Nadk2,0.039488768439371956,0.039127367745557015
Rcor3,0.03947528298712062,0.03918594729137917
Zfp976,0.039473726573108804,0.03919099181810011
Vmn1r203,0.03947135842202616,0.039201590374004724
Gm47766,0.03945685259325747,0.03928971154673931
Bahcc1,0.039438289411678755,0.039411506535072194
Mcm4,0.03942925809797346,0.03946235193192866
Ebf4,0.03940590754697423,0.0396063466721502
Pcp4l1,0.03937636637708616,0.03979368386570991
Gm39822,0.03934198531786739,0.040009781110653724
Kcng4,0.03930289155916216,0.04026561773851859
2810430I11Rik,0.039291204909719435,0.04033881211297605
Nanos3,0.039290008649967845,0.04033881211297605
Dcaf1,0.03922841660869819,0.04072628820659563
Fndc4,0.039219758312063153,0.04077993841629862
Ear2,0.039152891623516,0.04116778502336767
Wipf2,0.03912699677035349,0.041314592290965665
Arhgap23,0.03911070874898624,0.041401310510378306
Paqr8,0.03910297663061757,0.0414333084253799
Hcrtr2,0.039032651481210164,0.041896639765656066
Apobr,0.039021228378070774,0.04196418573367045
Dmc1,0.039014284551879594,0.04200865463627689
Stxbp1,0.03901232823636663,0.04201098207911501
Lrrc8e,0.039002585474674285,0.04206989753625026
Arhgef11,0.03897583887326103,0.042246866231823534
Prkg1,0.0389328402220851,0.04252564951819278
Ccdc113,0.03891180154905239,0.04266826647351977
Card10,0.038864932031037414,0.04299630261902729
Rasgef1b,0.03882979367036416,0.04322690064301079
Atp6ap2,0.03874894053784691,0.04375235895248334
Jak1,0.03867774734166177,0.04424723494412374
Khnyn,0.038672323884010186,0.0442822268714388
Crebrf,0.038650490780789394,0.04442973639385704
Socs5,0.038630696612590366,0.04456834197027434
Nos1ap,0.038619845941526454,0.04463881602032086
Spaca6,0.038577835645902905,0.044942477063016795
Gm20442,0.03857059664745276,0.04499095680621954
Atf5,0.03854082296099915,0.0452028914663081
Npy1r,0.03851748972763362,0.04536320990600264
Plpp1,0.03851594376607262,0.04536320990600264
Cpeb3,0.03848890834045989,0.04555509018065241
Tbc1d2b,0.03848702087549913,0.04556341245602735
Gm35229,0.038480179325412533,0.045603968821054185
Gm43904,0.03841816987375829,0.046037711325051654
Phox2a,0.03840623762178402,0.0461126943005718
Sf3b1,0.03837164134637943,0.046345249218158316
Gm12992,0.03831889598676929,0.0467068183372639
Rhbdl3,0.03830182598322015,0.04682978586679316
1700063J08Rik,0.038263419559211656,0.0471041904257306
Gm16845,0.038239078408562166,0.04725359037538733
Mob3b,0.03821144283465039,0.04744977672945635
Gm43623,0.03819917724560686,0.04752897460578727
Gm26881,0.038190029183427836,0.047596310581542525
Depdc5,0.03815398983798512,0.04786863834489022
Rbbp7,0.03813688547433616,0.04798783953024226
Mier3,0.038134761318301395,0.047991804480633664
Pcdhga5,0.03809971492255739,0.04825124456744738
Ttc19,0.03807517484430761,0.04843228742123128
Gm17024,0.03805149859085508,0.048613544643379865
Mmp17,0.038012321643382474,0.04891685487110566
Kmt2d,0.03800094205000131,0.04900438783150485
Ptpn14,0.037972310827799095,0.04922191611148221
Olfr873,0.03796164232514269,0.04929715428074957
Pde11a,0.03793171569952659,0.04953350560315217
Gm49708,0.03792986335278604,0.04954215141744641
Thrb,0.037901612110552554,0.049758536165103416
Rab31,-0.03787492650315595,0.049962525033648224
Prpf6,-0.037889970299208084,0.04984266882075096
Taf2,-0.037895198175474855,0.049805575771257805
Plcb3,-0.03791186368999434,0.049679312648971186
Spaca1,-0.03792505696116938,0.049575544765288734
Ppdpf,-0.03794665050587904,0.04941544598576724
1700125H20Rik,-0.037964319737276396,0.04928166566728143
Pgap2,-0.037985754645830365,0.04911688860518505
Tnfrsf10b,-0.03799974266623431,0.049007539960658375
2310057M21Rik,-0.038013051522198235,0.04891685487110566
Adamts18,-0.03801601396042426,0.04889984968300791
Tmem173,-0.038060686569422,0.04854464376476562
Top2a,-0.03808435270770143,0.048363690891068095
Arvcf,-0.038093359996112415,0.04829657523044371
Pmf1,-0.038116503858228484,0.048120684944219
Enox1,-0.038120280431778786,0.048096536824987816
Spopl,-0.03812541291217563,0.048061338073322114
Polr3g,-0.03813553416186666,0.047991804480633664
Srek1,-0.03813939615955685,0.047974058730556275
Fbxo34,-0.03814088433946228,0.04796860828308681
Rfc3,-0.03815803656013771,0.04784240493238601
Sec23b,-0.03817916560263358,0.04767762430470194
Slc25a20,-0.03820130885113685,0.047518367596879316
Ccl28,-0.038206167197257744,0.047485745840513856
Mrm2,-0.038229217806991234,0.04731314928749582
Cir1,-0.038231705597343235,0.04729971754827108
BC029722,-0.03823757482681726,0.04725909696527113
Rrn3,-0.038244597041017896,0.04721582042047525
Fundc1,-0.03825227416793917,0.04716075087141311
Ano8,-0.038253098913750457,0.047160702529469446
Ano3,-0.03825507374984273,0.04715142553730298
Actr8,-0.03825783951278994,0.04713580536579678
Tmem231,-0.03825990025327759,0.04712584451172546
Pias3,-0.0382648088079828,0.04709961930753069
Pax9,-0.038275005069415724,0.04702449369727699
Wwc1,-0.03828171351558067,0.04697736365464639
Cenpk,-0.03829483100014033,0.04687907633652188
Det1,-0.03830730931769086,0.04679258936556466
Trib3,-0.03832495467081042,0.046665129770971696
Esf1,-0.03832865996668851,0.04664217897709591
Tmem121,-0.03832916769068982,0.04664217897709591
Nit2,-0.038333243161634535,0.046618770582708836
Mex3a,-0.03834324165890461,0.04654587494456127
Tada1,-0.038356730045096744,0.046445427293106946
Cip2a,-0.03836826101550975,0.04636064503525096
Rnf114,-0.03837102695185408,0.046345249218158316
Adcy1,-0.038374601872933733,0.046329937678936416
Ndufc1,-0.03837816639192341,0.046308241854385354
Apmap,-0.03839015418661778,0.046220070351505854
1700003E16Rik,-0.038400646826637026,0.04614381961702125
4930430F08Rik,-0.038401119823601504,0.04614381961702125
Nr2c2,-0.038414640934608744,0.04605302261204079
Utp6,-0.03841740747146866,0.046037711325051654
Kat6b,-0.03841791573816984,0.046037711325051654
Tmem29,-0.03843169148101233,0.045944820428043945
G730003C15Rik,-0.038439186308536676,0.04589245767198399
Map1a,-0.03845269495483214,0.04579306514415494
Ccdc122,-0.03845443294106328,0.045785875647784496
Sec24d,-0.0384576039365361,0.04576747787071228
B4galnt3,-0.03847926509765433,0.04560471073840402
Parp16,-0.03848395787923673,0.04558089798582352
Zfp664,-0.038508763150905775,0.04540700386524104
Grcc10,-0.03851522205408036,0.04536320990600264
Alyref2,-0.03851629465991512,0.04536320990600264
Gm6093,-0.03853608606245735,0.04522687345756259
Csnk1d,-0.03853867674613353,0.04521316074756571
Ang,-0.03855092460763058,0.04513110863825973
Gskip,-0.03856990413534461,0.04499095680621954
Nt5c3,-0.03859244189189939,0.04483642598770554
Mob3a,-0.03860994528939519,0.0447083806843474
Ank1,-0.03862507772871937,0.04460504752789684
Vps33b,-0.038638443981945006,0.044515405935884135
Siah1a,-0.03865173031077575,0.04442652903072238
D6Ertd527e,-0.03867016095867145,0.04429244631016802
Polr2a,-0.0386801592951431,0.044235133726494014
Tollip,-0.03868041724239572,0.044235133726494014
Wbp1l,-0.03868217973738943,0.044232228060503746
Riox1,-0.03870621176165615,0.04405623832715061
Trak2,-0.03871064373275478,0.04402889981602491
Fbxo8,-0.03873731381153468,0.04383373262686419
Gcn1,-0.03875505159393997,0.04371255915509933
Dlx4,-0.038758549675675213,0.04369242035147425
Noct,-0.03876482452697439,0.04365143791943783
Cxxc4,-0.03877615906500507,0.04357254668715316
Vpreb1,-0.03878838408161691,0.043487114915227824
Fbxo9,-0.03879265245279755,0.04346130371557015
Rasgef1a,-0.038794407386945465,0.04345429902139245
Cdk5rap1,-0.03880582563746383,0.043375090672731334
Larp7,-0.03880764860816386,0.0433675900867611
Gm10642,-0.03881963509607204,0.04328428287672496
Gm50295,-0.03882183566401938,0.043273982015096274
Araf,-0.038826306477247885,0.0432467727272964
Morf4l1,-0.038835626648695006,0.04318958263504414
Mastl,-0.03883743400677367,0.04318222705013728
F8a,-0.038856373441807465,0.04304762206675078
Alkbh4,-0.038862301537718386,0.04300973259254197
Szrd1,-0.03889566555424842,0.04277511694736603
Gm15283,-0.03890871795074485,0.04268494648917784
Abcc3,-0.03892257728740512,0.04259502167735105
Gpr176,-0.03894772377231994,0.0424225215609096
Samd4b,-0.0389500943988508,0.04241114974348908
Myrip,-0.038951482540464696,0.04240697416301036
Xrcc4,-0.03895592499255973,0.0423804427170811
Kat8,-0.038968749686834815,0.04229265576875746
Orc3,-0.03897761833718923,0.042239849233733154
Spata2,-0.03898377611703822,0.04220089973813769
Scrn2,-0.03901077315066412,0.042016337170626424
Rnf20,-0.03901309045056485,0.04201098207911501
Osbpl2,-0.039024915448381624,0.04194337262196356
Ror2,-0.039032179959829494,0.041896639765656066
Entpd3,-0.03904385348996739,0.04182396434815677
Cyb561d1,-0.039050794911053094,0.04177968194599114
Anapc1,-0.03905915425793368,0.041725201184163514
1110059E24Rik,-0.03906509672286339,0.041688215915167165
Mtmr9,-0.03907552020929384,0.04161896530123383
Sptbn5,-0.03909571862413216,0.041479547131153365
BC028471,-0.03910340970248341,0.0414333084253799
Cacul1,-0.03910624691817406,0.04142158009702825
Nfrkb,-0.039106815732732385,0.04142158009702825
Fam160b2,-0.0391130912046196,0.041390092989958896
Polr3a,-0.03911658448192159,0.04137091608812073
Tarsl2,-0.039117581950187594,0.041369632051120035
Rnpep,-0.03911893436884785,0.041365804778133786
Yju2,-0.039126902364031844,0.041314592290965665
Iws1,-0.03913179272213711,0.04129130652110975
Noxo1,-0.03913215362917073,0.04129130652110975
P3h2,-0.03913216181649174,0.04129130652110975
Rock1,-0.03915153242639178,0.04116778502336767
Ddx28,-0.03915154344400744,0.04116778502336767
Faap100,-0.0391522658477206,0.04116778502336767
Rtf1,-0.03915283625095295,0.04116778502336767
Dnajc7,-0.039153032791198125,0.04116778502336767
Tnfrsf21,-0.03916030252299271,0.04114026439319005
Actr6,-0.03916140063042873,0.04113827478304889
Ppil4,-0.03916373370264822,0.04112747711103605
Mrpl49,-0.03916548408846037,0.041120837417881737
Ssh1,-0.039165514569878296,0.041120837417881737
Hoxc12,-0.03917012160541767,0.04109945868341863
Adra1b,-0.03919857511666144,0.04090288979633229
Nup214,-0.039203243851842595,0.040875572662275254
Esyt3,-0.03921367353169558,0.040807443246228516
Ubl7,-0.03921396412179973,0.040807443246228516
Isoc2a,-0.039219195847429444,0.04077993841629862
Ctsa,-0.039228538503729316,0.04072628820659563
Mre11a,-0.03924171771603566,0.040643884880740326
Mphosph8,-0.03924374719346823,0.04063534335284715
Cgnl1,-0.03924707451992497,0.040617645534521074
Pld2,-0.039267287643221245,0.04048100902907968
Sox11,-0.03927552441938494,0.040428856404170606
2510009E07Rik,-0.03928760811342071,0.04034976742960262
Serinc3,-0.03928998922662748,0.04033881211297605
Mfsd5,-0.03933077377128259,0.04007649553411088
Wdtc1,-0.03934084843141261,0.040011994240289915
Ccdc85b,-0.03934383780736746,0.04000258586232872
Lactb2,-0.03935083837415646,0.03995956648285085
Raet1d,-0.03936440263318409,0.03987099372083438
Jade3,-0.03938785597509089,0.039719785317746656
4930447F24Rik,-0.039391936449446455,0.03969722182440689
Mrps21,-0.03942086453051504,0.03950886181526443
Nebl,-0.039427077043359945,0.039471726230002356
Fbxw8,-0.03943152876296266,0.03945236352772584
Ddx10,-0.03945949719182975,0.03927719791470406
Lypd6,-0.03947657506666514,0.03918271152883077
Tbc1d31,-0.03947717557515865,0.03918271152883077
Gna12,-0.03947918857938804,0.03917604179030569
Phf20l1,-0.03948104814024129,0.039168928578031274
Nudt10,-0.03948302114500332,0.03916104149195968
Ptprn,-0.039496105310360546,0.03908846268525512
Idi1,-0.039502792964057995,0.03904843061425179
Ptcd1,-0.03950604138111201,0.039031871199646635
Acsl4,-0.03953767735373008,0.03883342605575184
Ttc36,-0.039537753710411225,0.03883342605575184
Bms1,-0.03954866467633288,0.03877003008404535
Gm8251,-0.03955109062548322,0.038759144774866916
Psme2,-0.0395531490744229,0.038750751823120926
Wnt4,-0.03955534207696379,0.038741449620654234
Rabep2,-0.039564015984006565,0.03868828820678292
Mapkapk5,-0.03957213435048135,0.0386389437406621
Acvr1c,-0.03957319920374149,0.03863728700858673
Eif2ak2,-0.03957481088028965,0.0386319364541744
Gm19531,-0.03957618457413432,0.03862819476336847
Rab43,-0.039580994496254275,0.038601247934346564
Cadm4,-0.039584721366055585,0.03858162602226064
Rnf5,-0.03958849591124441,0.03856722388571113
Tex10,-0.039589770263300086,0.0385641600226136
Adgra3,-0.03961375126732651,0.03841213370786687
Aqp5,-0.039634554565819324,0.03827955473558287
Pccb,-0.0396366485710985,0.03827561917836976
Adcy3,-0.03964632140104741,0.03821721674852095
Zfp628,-0.03966477370386561,0.03809935785102536
Smc6,-0.039691841316425364,0.03792995140567176
Mapk11,-0.03972097191336263,0.03774754109189382
Ifitm10,-0.03972599860144176,0.037719692879815414
Rasal2,-0.0397368771759966,0.03765318341554099
Tmub2,-0.039742426204478105,0.03762194701473481
Ncdn,-0.039775176039280276,0.03741166147887242
Hacd2,-0.03978875341824163,0.03732792755564603
Rcbtb2,-0.039806277459902596,0.03721853953821338
Gm45924,-0.03982453635287901,0.03710463910202414
Vps16,-0.03982630896649502,0.03710223592017673
Itfg2,-0.03982861130164249,0.03709407995950181
B230219D22Rik,-0.03983043214764049,0.037087546230341106
Metrn,-0.039831921964363116,0.0370831719954311
Gfm1,-0.03983206217017286,0.0370831719954311
Lrp11,-0.039836086333768124,0.03706670494552973
Ppm1g,-0.03984377712363836,0.03702194607502262
Ttc26,-0.03984445729262878,0.03702194607502262
Lgr6,-0.039850649319365,0.036987886179636296
Vps9d1,-0.03987310185020053,0.03685270619195534
Rnf25,-0.03988080600677904,0.03680808552025178
Rpl23a,-0.0399023423990288,0.036679394033157245
Gpatch1,-0.03991735543184188,0.03658783542396012
Hook3,-0.039926080177383944,0.036536925398459597
Mocs1,-0.03992816621646042,0.03652877086489108
Zbtb41,-0.03993214808118772,0.03650842390134995
Slc39a3,-0.03993875404850905,0.036471222036346874
Jmjd8,-0.03994762461832103,0.03641951713520073
Ubash3b,-0.039953164996307175,0.0363892271880797
Otub2,-0.039958068087322204,0.03636829287782128
Gps2,-0.03996285682157075,0.0363428551350347
Appl1,-0.03997587613315787,0.03627000992955852
Tbc1d1,-0.03999517649573706,0.03615721422304935
Rpp38,-0.03999574993362158,0.03615721422304935
L3mbtl2,-0.040000848200489374,0.03613149805371876
Npc1,-0.040006006941723446,0.03610384790989904
Pdzd8,-0.04000638288671913,0.03610384790989904
Erbb3,-0.04001449807452151,0.03606022240533285
Syt8,-0.040040891136535965,0.03590820377105235
Gm45441,-0.04006246845135098,0.03578199465396093
Ahcyl1,-0.0400629330384194,0.03578199465396093
Sgcb,-0.040107219959255265,0.03553614076451717
Magee1,-0.040110108331525646,0.035523143863279656
Nsd2,-0.04011713461784383,0.03548418026546895
Foxf1,-0.04013076277158418,0.03540389240848087
Adck1,-0.040136744149738925,0.0353715801112264
Nudt7,-0.040144971020327526,0.035325257250656245
Gm12589,-0.04016489676237087,0.03521623166198934
Haus7,-0.040167137071009176,0.03520737503434
Fbxo6,-0.040189027972262606,0.035081365737287686
Ubn1,-0.04019299506401456,0.03506181509369449
Nudt11,-0.040231190487569415,0.034830415160476864
Tmx3,-0.04023402574500342,0.03481796905653621
Prmt6,-0.04024971387629121,0.03472631441951929
Cox4i2,-0.0402504384173142,0.03472631441951929
Ndufaf4,-0.04026076521010687,0.034673429724835024
Phactr2,-0.04026460174545378,0.03465487863412461
Tpgs2,-0.04027234407435357,0.034612349732908436
Hdac10,-0.040273593033679146,0.03460970943652826
Ptx4,-0.0402845275871542,0.03455769880448521
Ncor2,-0.0402991499051826,0.03447315898058469
Hba-a2,-0.04030276215793118,0.03445768431950333
Retsat,-0.040305626917169914,0.03445358375643221
Tmem250-ps,-0.04032055919520765,0.0343673729267946
Cenph,-0.040325575796990275,0.034341769421998326
Rps6ka2,-0.04032877916058553,0.03432723413875513
Ccl25,-0.04033370779507756,0.03430219281337976
Caap1,-0.04033494782107983,0.034299630611969716
Thap11,-0.04034444142636656,0.034246826549553334
Poc1b,-0.04034874034099713,0.03422566522116036
Ube3a,-0.04036198557621537,0.03415516045138633
Porcn,-0.04036292899182524,0.03415440872802255
Exoc5,-0.04036634722692337,0.03413864029050536
Gstk1,-0.040382050350023006,0.03404844891489224
Mad2l1,-0.04038331679207213,0.03404574425439829
Cklf,-0.040388345314129735,0.034020278574498575
Ahnak,-0.04039905532207115,0.03396050262006906
Ndufb3,-0.04040919620409478,0.03390861136008383
Nipal3,-0.04044179230956525,0.03373769496656827
Syt7,-0.04044830890162484,0.03370350203433594
Trem2,-0.040453187518859,0.03367915887252017
Aspscr1,-0.040463310514617934,0.033623420114927846
Timmdc1,-0.040469977236822656,0.03359333439357429
Nit1,-0.040476069539029366,0.033561805401068734
3110070M22Rik,-0.04047947461176079,0.03354635559798792
Hnrnpll,-0.040481707155389714,0.033537916235258786
Fem1a,-0.040483303219839145,0.033533280825600344
Pwwp3a,-0.04048774471265794,0.033511655389932296
Dalrd3,-0.04050886779207847,0.033395519604655574
Pex12,-0.040510959531542615,0.033387951787727486
Colec10,-0.040513693843426936,0.03337815201497398
Atg14,-0.04053684973081713,0.033248781231767645
Zfp26,-0.04053932403750868,0.03323897477487663
Abcb6,-0.04055226553842665,0.033176899154444835
Rsrc1,-0.04055418333803957,0.033170404979197245
Sdcbp,-0.040558848350232456,0.03315045069892987
Ccpg1os,-0.04056461456526021,0.033123809270787355
1110019D14Rik,-0.04057305911701767,0.03308308983299413
Ash1l,-0.040580289670331636,0.03304526635244968
Adprhl2,-0.04060427336077533,0.03290890213479103
Heca,-0.040606941691993005,0.03289804485820423
Golm1,-0.0406301638712505,0.032781083552344416
Ip6k1,-0.04064410394140078,0.032713920639958156
Csnk1g1,-0.04064542586084747,0.03271099095105475
Nrde2,-0.04065229732526511,0.03267563650149003
Dcaf17,-0.040665630964611135,0.032602629059448204
Zfp651,-0.04067688077889941,0.032546665562080156
Smug1,-0.04067893090957186,0.03253951151065471
Ptpa,-0.04068657909929165,0.03249980377276692
Mlx,-0.040693492037339296,0.03246440802281566
H1fx,-0.04069639551722111,0.032452315688360114
Scap,-0.04069857242353824,0.032444444658322955
Bloc1s5,-0.0407377051125576,0.03222747523267865
Ubap2,-0.04073935865098969,0.03222266984902526
Atp9a,-0.040757444848289255,0.032127915107525135
Cacybp,-0.04076039142751522,0.03211568365206195
Nipa1,-0.04076430216320114,0.03209791225553671
Fbxo4,-0.040775158834558574,0.03204496426147251
Tet3,-0.040786076465037874,0.03199174335366377
Zfp24,-0.04079139723933464,0.031965952858988664
Tmem167b,-0.0408218982692547,0.03180098181327562
Dxo,-0.040844721528137645,0.03168037545297099
Proser1,-0.04084678328635731,0.03167332104911558
Btbd3,-0.04087432707127822,0.03153105477946138
Elk4,-0.04087865902855532,0.031511182849746494
Cep152,-0.040878740727458396,0.031511182849746494
Epn2,-0.04088559921627453,0.03148585596190574
Kcnq5,-0.04088950262791702,0.03146843151084725
2210408F21Rik,-0.04090726051634071,0.0313867270478177
Gm34006,-0.04090761802955306,0.0313867270478177
Nudt16,-0.040915962127157667,0.03134694401496864
Ppm1l,-0.04091761352012981,0.0313422685976528
Lrrc57,-0.04093831887657212,0.031235071542902802
Psip1,-0.04095504745438874,0.03114586579475011
Unc119,-0.04095747081008404,0.03113689309746364
Ppp2r1b,-0.04098053144445296,0.03101263330553648
Xrcc5,-0.04101257625455075,0.03084791374806918
Eri2,-0.04101405072527856,0.030844283602739306
Lipg,-0.04102278396944965,0.030800373206809013
Gpn1,-0.041039864846187796,0.030714850016570566
Gm42788,-0.04104056218720371,0.030714850016570566
Ap3s2,-0.04104457354849492,0.030697885517381722
Champ1,-0.041061342320020414,0.030618862583774036
Srrd,-0.04108901791058875,0.03047100549884226
Rb1cc1,-0.04113086449001456,0.030255301059754068
Eed,-0.04114294594421407,0.030198345413681146
Bcl2l2,-0.04115193422450086,0.030153853679905595
Mapk12,-0.04115400606978552,0.030147042097257614
Snx27,-0.041166666076835993,0.030096040478789336
Noa1,-0.041175558232917915,0.030052202178321198
Syap1,-0.04118579908851419,0.03000555809457394
Polr1c,-0.04118590907753203,0.03000555809457394
Ipp,-0.041208783537134926,0.02989006486595154
Popdc3,-0.04121281162004601,0.029872742610785916
Dhx34,-0.04121577113531794,0.02986562766396267
Tnfaip8l3,-0.04122514910362715,0.029819464329724762
Eps8l2,-0.041247069848242224,0.02971031434245174
Myo5a,-0.041250739769739156,0.029695007491477604
Hgh1,-0.04125251491447528,0.02968988226494776
Slc25a45,-0.041259877740039,0.029656106291536047
Stil,-0.04126326644346344,0.0296453972002346
Bgn,-0.041267321457725145,0.02962805620056967
Zfp280d,-0.04126859998646479,0.02962560475784914
9130221H12Rik,-0.04127735695593234,0.029583090950633828
Pus7,-0.04128148631765631,0.029565384444444072
AW209491,-0.04129083726153931,0.029524161675756985
Reep4,-0.04129222533206377,0.029521133478014078
Irgq,-0.04131212725916566,0.02941931783571721
Kctd7,-0.04131800737633744,0.029396748872599097
Myo19,-0.041333450665783866,0.029323349639681407
Tvp23a,-0.041346274622981995,0.029259643600458154
Kif22,-0.04134934604046782,0.02924771472571086
Bpifb1,-0.04135428412598484,0.029225900504981125
Tmem251,-0.04136621097524689,0.029171467869103185
Tmem132a,-0.041381242724134515,0.0291094080343901
C1rl,-0.041407501746173754,0.028979716940431846
Tnks,-0.04143217323688959,0.028854547802753247
Rock2,-0.04143693837226625,0.028833896225199402
Gnl3,-0.041452864185245256,0.02875492227540503
Trpm4,-0.04149949126242184,0.028533623037268974
2210016L21Rik,-0.0415044774660049,0.02851628364254546
Bbs2,-0.041508483355568324,0.028499778405285364
Ada,-0.041513917865782714,0.028475883853832717
Hyal2,-0.04151863107707575,0.02845999005780491
Spg20,-0.04152209206829762,0.02844633288345759
Isoc2b,-0.04153717502650473,0.028372640398030023
Akap8,-0.04153945578058239,0.0283651095265283
Irak1,-0.041549496538302685,0.028326039882837283
Zfp513,-0.04155861986227119,0.028283281101848246
Fam8a1,-0.04155903505017476,0.028283281101848246
Cbln2,-0.041562934980455074,0.028269532970264286
Gm46658,-0.04156704020491915,0.028252644147822994
Chek1,-0.041584906248709204,0.02816511444608271
Acsf3,-0.04162774544121561,0.02795036262804696
Gm28723,-0.04162833209757712,0.02795036262804696
Tma16,-0.041634030845984944,0.027926722414007933
C1qa,-0.04163564422152961,0.027922691573713278
Mrps5,-0.04164248245162311,0.027894329840525003
Dok5,-0.041643988184093754,0.027892783569717094
Mlh1,-0.04165644199476425,0.027833692497770613
5730409E04Rik,-0.04166601845663519,0.027789290948388605
Gm49700,-0.041675196104778996,0.02774697014523941
Lsm14a,-0.04167543724511408,0.02774697014523941
Gm27222,-0.0416868120156729,0.027696535496662462
Ccdc114,-0.04168773510467635,0.0276960229747591
Stx5a,-0.04168822258661023,0.0276960229747591
Zbtb6,-0.04169406634137371,0.02767234384937838
Mtmr7,-0.04170529738296702,0.02761982628435284
Gm10638,-0.04171061626396559,0.02759716443165262
Pias4,-0.04174081744401643,0.027453637779635297
Ilf2,-0.04175835042868511,0.027374064195944313
Cnot10,-0.04177590031902014,0.02729051153482482
Thap4,-0.041776183949330574,0.02729051153482482
Oser1,-0.04179699136195983,0.027201827522471512
Znrd1,-0.04180384138073483,0.027175940953428256
Polr2b,-0.04180903506652745,0.027154221217241266
Fra10ac1,-0.0418107557863156,0.027149757171647755
Tent4a,-0.04181177752121457,0.027148764783863227
Prag1,-0.04181291549233819,0.027147195789909685
Haus8,-0.041826907098683426,0.02708187430178834
Pdxp,-0.04183239394026517,0.027058769688461996
Thumpd1,-0.04187666696394699,0.02684843941822073
Asgr2,-0.041880149512643614,0.026843436514810696
Itgb7,-0.041882250366381636,0.02683714929403847
Rbks,-0.04189928844262534,0.026757546687811967
Pex11g,-0.04190618753937911,0.02673171053590083
Gm15133,-0.04190824526040559,0.026725740619900098
Wasl,-0.0419108202612722,0.026725208966294118
Mms19,-0.041913163444519126,0.02671776152792474
Atg7,-0.04191752574074454,0.026700433801046076
Mfap1b,-0.04194079978534868,0.026606809061138388
Gbf1,-0.04195244230540012,0.026562083580178513
Bag4,-0.041956260086815585,0.026547497182442245
Washc5,-0.04196051039555896,0.02653481883287552
Git2,-0.04196414044115434,0.026525165257926232
Lactb,-0.04197071595229015,0.026501191477863555
Emc1,-0.04197246215179498,0.02649670546102524
Zcwpw1,-0.041989023383268986,0.02642029377817973
Sh3bp5l,-0.04199775804089824,0.026381955934280735
Ddx21,-0.0420308679417687,0.02622997236341108
Mis18a,-0.0420365228737891,0.026206701225951833
Hmgxb4,-0.04206142516463203,0.026094949142332565
Rundc3a,-0.04206343019218781,0.02609238714698754
Ptpn3,-0.04206404354715166,0.02609238714698754
Shpk,-0.042064277232633535,0.02609238714698754
Sbds,-0.042087641986891335,0.025989134933455463
Wnt5b,-0.04208874560668271,0.025987794981171767
Tedc1,-0.04208920160061746,0.025987794981171767
Ccdc166,-0.04210316577781586,0.025926812692769797
Nphp1,-0.04211458432688807,0.02588808940292275
Snx13,-0.0421195490438716,0.02586837160298966
Ipo7,-0.04213426136988553,0.02580233703189384
Ubr3,-0.04213624361250252,0.025796834967593506
Ift140,-0.04215316170722865,0.025720513356565864
Rwdd2b,-0.04215581803935999,0.025711834802180828
Alkbh7,-0.04217355757572541,0.02563185666403685
Gmcl1,-0.0422230975464166,0.025410472492366564
Tctn2,-0.042226569747262285,0.025398063359045188
Rin1,-0.04223383127566336,0.02536792663061587
Tceanc,-0.042248021428958935,0.025305459643101647
Alg14,-0.042251775336292215,0.02529562203477714
Il18rap,-0.04226056646337666,0.025258462881268907
Gm49359,-0.04226766951260983,0.02523304317814459
Il1a,-0.04226836021605508,0.02523304317814459
Aco2,-0.04227099898215234,0.02522520868079459
Pla2g7,-0.04227627176496572,0.025208334800905802
Krt7,-0.04229279371716435,0.025139210981298767
Prkcd,-0.042313826906437764,0.025049374160542683
1110051M20Rik,-0.04233236933202357,0.024967511901312613
Gm20342,-0.04235348399069731,0.024874057447268234
Ccdc174,-0.042355188820378,0.02487000408934258
Abcd1,-0.042363113355888306,0.02483737601095761
Ctdp1,-0.0423666290927613,0.02482501491813898
Zfp180,-0.042381226222477725,0.024761863742643695
Aftph,-0.0424059299971337,0.024656467564750477
Rcan3,-0.04240730438482063,0.024653952597543754
Anapc4,-0.042411138566039626,0.024640219766123267
Wrap53,-0.042429322112311575,0.024561172404192585
Krr1,-0.042434658956427555,0.024540656751156544
Noc2l,-0.042463243844495416,0.024422254181857124
Syk,-0.042468667084135735,0.024401450345230457
Gemin6,-0.042493415925794475,0.024304621914601542
Btbd2,-0.04250295520411696,0.024265384495759934
Nos2,-0.04251399063830951,0.0242231801189602
Ankmy1,-0.04253392111969574,0.02414892170335327
Hspb6,-0.042569804676450614,0.023999286455357902
Znhit3,-0.042583565451722385,0.023941711620809308
Rrm2,-0.04261081780622998,0.023831763935140863
Tk1,-0.042618720990817704,0.023800435823771383
Lpgat1,-0.04262152524280537,0.02379167610416535
Anapc2,-0.04262814268698641,0.02376607261104982
Ccdc189,-0.042628868547803546,0.02376607261104982
Surf2,-0.04263591588184087,0.023739026304964973
Rad18,-0.04264036249069168,0.023723043994919778
Trmt5,-0.042642816772029364,0.023715853172305047
Zfp148,-0.042643808707686866,0.023715110563054087
Nop2,-0.042643824400032226,0.023715110563054087
Unc119b,-0.042645322301421804,0.023715110563054087
Tut7,-0.04266429708631128,0.023643038936241624
Eci1,-0.04268112670162625,0.023576369256624593
Gng11,-0.04269677423129189,0.02351503785507211
Ubr4,-0.042699695845867275,0.023505860054049216
Fbxl2,-0.04271373789710661,0.023450437215593402
Dock7,-0.04273483371920786,0.023366935090686262
Gatd3a,-0.04274060637425124,0.023345409370127777
Fadd,-0.042742741780388255,0.023339707762176608
Atpaf1,-0.04274666947362032,0.023326219280892138
Nelfa,-0.042766766405524737,0.023246183093608055
2600006K01Rik,-0.04276808944317572,0.02324402165122804
Zfp830,-0.04276835734575473,0.02324402165122804
Sdha,-0.042784980436933774,0.02318164324438167
Adam1a,-0.04278911369947976,0.02316734823974759
Abcf3,-0.04279796171449972,0.02313627349259998
Gm36529,-0.042815268838756394,0.023065267529729566
Btbd9,-0.04282268942709532,0.023036905536744128
Gatad2b,-0.04282719593141672,0.023021086539918578
Ip6k2,-0.04282982346843544,0.023016883314552594
Klf12,-0.04285712759546378,0.0229104747613774
Fip1l1,-0.042866005611625346,0.022876056009432967
Srpr,-0.042875280777448205,0.0228399891499017
Pitpnm1,-0.04287663020698476,0.022837750275625526
Hmgn2,-0.04287905754507574,0.022830915911502537
Rpf1,-0.04290160856264321,0.022738451935872723
2310009A05Rik,-0.04290593028749843,0.022723599150126176
Glce,-0.04291989133611665,0.022671378631973195
Msmo1,-0.04292365981537017,0.022658907724768574
Mcm3,-0.04293417593190268,0.022617896289287263
Tcf20,-0.04294319283910159,0.022583280229465336
Shtn1,-0.04295970356954909,0.022520603356147622
Tkfc,-0.042960236755043395,0.022520603356147622
Dyrk3,-0.04296640307434368,0.022499338939001946
Stard13,-0.04298405941400321,0.02242859840751672
Serf1,-0.0429867740624248,0.022424345635538283
Matr3,-0.04299293492592869,0.022408661903716365
C330013E15Rik,-0.04299772245932695,0.022392048813161466
Rgs6,-0.04300646762357021,0.022358875957859698
Bdp1,-0.04303872747535485,0.022231079416603267
Ptcd3,-0.04304218785792872,0.02222010622063991
Srebf1,-0.043043332922006905,0.02222010622063991
Ttc9c,-0.04304906922643091,0.02220177013196405
Kat5,-0.04305028134265008,0.022200160438612185
4930404H11Rik,-0.04307223585977692,0.022112428817307708
Eipr1,-0.043087176516894615,0.02205740259552933
Vars2,-0.04308913589715908,0.0220527117335606
Nat2,-0.043126097509787846,0.021907131147163774
Bbs4,-0.043135295880145544,0.021876120823634628
Lca5l,-0.04316500080795328,0.021764580750606347
Ampd3,-0.04318877245338397,0.021674337394548077
Mal2,-0.043193808665016965,0.021657194924405702
Star,-0.04323496909263264,0.021496957361652264
Mettl5,-0.043242485409449825,0.021473251758093507
Wdr46,-0.043277582981302624,0.021335249327288742
Etnk2,-0.04331155283044767,0.021209120547669994
Necap1,-0.04331212521413587,0.021209120547669994
Gal3st4,-0.04332399372797471,0.021169338946876465
Ntan1,-0.04332829671341409,0.021155471653431776
Dennd1a,-0.043342479778100525,0.02110557306363364
Zfp408,-0.04334258421679665,0.02110557306363364
Ankrd49,-0.043344184938758475,0.021105347695981824
Mfsd11,-0.0433457629760933,0.021105347695981824
Wdr19,-0.04334845701896328,0.02109819636386518
Ofd1,-0.04335110671858475,0.021090941848554774
Isy1,-0.04335219655783962,0.02108988852439193
Zfp983,-0.043353989453974714,0.021089320488089838
Slc35f5,-0.04335445558750237,0.021089320488089838
Rbm22,-0.04336891623908036,0.021039884536299826
Wdhd1,-0.043370647366282634,0.02103629203149699
Rbl1,-0.04338879014668803,0.020967715682804613
9130023H24Rik,-0.043393338533772,0.020952998180568505
Prpf8,-0.043405594522041596,0.02090787013367975
Pxn,-0.043410135166291136,0.020893220400314404
Stx7,-0.04341240078651322,0.020887543640199888
Abcd4,-0.043415656006208836,0.0208779699141459
Gm32817,-0.043433378280087365,0.020813567708576133
Nudt17,-0.04344599607194603,0.020768462474003595
Ppan,-0.043449825783368,0.02075668562590197
Gtf2b,-0.04346384558134819,0.020705034633637626
Plagl2,-0.04348163581980018,0.020638792107226425
0610012D04Rik,-0.04348958819230256,0.02061101916777948
Lrrc40,-0.04349095725605174,0.02060890120535167
Tars2,-0.04352144393444942,0.020496881860198834
Gzmc,-0.043526493650528617,0.02048051616966217
Cisd2,-0.043527087829456544,0.02048051616966217
Zfp560,-0.0435445953205878,0.020420082484892712
Cep41,-0.04357729363583678,0.020303646239595758
Hapln1,-0.04358488327977714,0.020277666228931245
Banf2os,-0.04358679453223702,0.020273497505867592
Slc35e4,-0.04360115056842103,0.020221628410364935
Tead2,-0.04360369229752085,0.020215056371533504
Slc6a4,-0.04367415657910785,0.01996565430611185
Relch,-0.043683031080805935,0.019938319286080624
Opa1,-0.04369311420555868,0.019906453822588974
Slc5a7,-0.04369800191198486,0.019894232555907724
Utp23,-0.04369910806139182,0.01989317252970282
Cox15,-0.043708613711928176,0.019860438297509567
Plekhf1,-0.04372428368651193,0.019804569053017678
Tonsl,-0.043733042371949575,0.01977476825945708
Sbspon,-0.04376606815012565,0.01966346536879189
Cers5,-0.043772697153519204,0.019641798533400052
Angel2,-0.043774104517438475,0.019639626545691846
Asf1a,-0.04377527866386482,0.019638325235451497
Hspbap1,-0.04377742086155074,0.019633413145309708
Gmeb1,-0.04377830087263032,0.01963321007701583
Psme1,-0.043786056766508506,0.01960737427593644
Irf3,-0.04378731700127769,0.019605755306156984
Map1lc3b,-0.04378910131052138,0.019602184564623853
Vps53,-0.043796165630205504,0.01957895837422121
Sem1,-0.04380683059359363,0.01954237647469276
Dimt1,-0.04380991176315597,0.019533999790828573
Mterf3,-0.043841269010257804,0.01942701619584343
Gm6277,-0.04385752026881023,0.01937617587728435
Immp2l,-0.043867949738035684,0.01934079770219875
Dmac2,-0.04388640129028868,0.019276017126563506
Setd3,-0.0438895822981942,0.01926737555515573
Secisbp2,-0.04389361162779224,0.019255627078567573
Lmf1,-0.043904889741200916,0.01921864268520806
Arrdc1,-0.043908815118266074,0.019209019190063813
Jup,-0.04391379323528417,0.01919383368884733
Gm1976,-0.04391751942927452,0.01918323338279979
Ptma,-0.04391948998635865,0.019179051976494645
Gpr137,-0.04393287969495183,0.01913621098249063
Col24a1,-0.04393341268307835,0.01913621098249063
Ypel1,-0.04393718640328211,0.019126535849400005
Icmt,-0.04394966521934747,0.019084106570239255
Mtg2,-0.04395563052156822,0.019066649084076463
Med24,-0.043960082343716664,0.01905525182846931
Oxa1l,-0.043965159741671374,0.019039815074903783
Qrich1,-0.043965613831600574,0.019039815074903783
Map2k5,-0.043972728361740196,0.019018352397640912
Nin,-0.04397284491650223,0.019018352397640912
Etf1,-0.04397789045401431,0.019005632858441916
Top1mt,-0.04398799279279105,0.018972039706015638
Gm50399,-0.04399748732102444,0.01894069567510517
Loxl1,-0.04402367823384345,0.01884923890487631
Rilpl2,-0.044041028862241975,0.01879283661030115
Fig4,-0.044076913778760995,0.018679208441152357
Psen1,-0.04409380704721588,0.018621944435696695
Ythdf3,-0.04412455392392754,0.01852157637829666
B3glct,-0.04415122254117002,0.018436071716717378
E4f1,-0.044157769048244935,0.01841590391427527
Gas8,-0.04419631060909128,0.018286312678249952
Mbd2,-0.044197394165727676,0.018285411770949316
Kctd8,-0.04420811800529355,0.018253671002195854
Slc29a3,-0.04421188834837742,0.018243380477397465
Vdr,-0.044227215094983695,0.018195650327783783
Gsto1,-0.044233237051666235,0.018177544079368658
Adat2,-0.04426598145685166,0.018066662286461643
Trp53rka,-0.04426713594570755,0.018065525154885114
Fyco1,-0.04428851457376265,0.018000157142376117
Cenpc1,-0.044294723249644466,0.01798157990665023
Rbp2,-0.04430314924861391,0.0179553785613202
Abca5,-0.044319863215651255,0.017900712662640962
Iqcg,-0.04433006576852623,0.017868520815532453
Tmem69,-0.04433820660486232,0.017843443329925015
Nfkbil1,-0.04434138763399526,0.017835376915977863
Lypla2,-0.04436127720499948,0.017770193461597594
Rab9,-0.04439162250390323,0.017669680014427976
Wbp2,-0.04439243532300991,0.017669680014427976
Smad3,-0.04440778897876932,0.017620444022945644
Zfp740,-0.044408484035811414,0.017620444022945644
Gm49698,-0.04441988855816762,0.017585079212141495
Zfp943,-0.04442034912641284,0.017585079212141495
Ube4b,-0.044431233835366624,0.017552324417140965
Ankrd13c,-0.04444149328321758,0.017523619631729763
2410022M11Rik,-0.044451293748238266,0.01749583312239463
C530008M17Rik,-0.044454823188059135,0.01748673429447876
Cdc42ep3,-0.04447431261462062,0.017429574236745314
Rsl24d1,-0.0445115609878349,0.017316013343130585
Wdr48,-0.04451593258127133,0.01730419035483494
Ddx46,-0.044516420510642384,0.01730419035483494
Tardbp,-0.044516543403819955,0.01730419035483494
Far1,-0.044520923373112954,0.017295819924542537
Emx2os,-0.04453208578915056,0.01726415632556548
Stk32c,-0.04453594321945639,0.017254075516038303
Tmem138,-0.044538365771320206,0.017248769899494608
Ss18l2,-0.044549426677236124,0.017214776015221374
Pigyl,-0.04455083112508824,0.01721285955249044
Mtfr1,-0.044576713655208454,0.01712989386434425
Adck5,-0.044583931002146256,0.017108790483408937
Fam193b,-0.044591243434243796,0.01708739683220668
Socs4,-0.044601197609696774,0.017057329536232176
Txlna,-0.04463808324504093,0.016949827577063085
Lsm5,-0.04465488169080765,0.016897622922669983
Tuft1,-0.044664918369790765,0.0168675849512891
Zcchc10,-0.044674152226531656,0.01684020696921684
Ltn1,-0.044692270199653245,0.016784022789344825
Traf6,-0.04471695713635061,0.016712111443069225
Cbfb,-0.044727148704014515,0.01668186831405463
Dclre1b,-0.044727328577047025,0.01668186831405463
Cd82,-0.044728050275490254,0.01668186831405463
Efna3,-0.044754493783455265,0.016604461377319746
Zfp933,-0.04476243124295689,0.016581625274213224
Zfp553,-0.04477583489866554,0.016541303454188385
Coq2,-0.0447819838834824,0.016524266331135774
K230015D01Rik,-0.044788513511720855,0.01650602818118341
Nutf2-ps1,-0.044797613935840246,0.016482239471499245
Lrrc10b,-0.04480143083323928,0.01647269641235253
Zbtb17,-0.044803850901571324,0.016467613615562027
Eid1,-0.044804626900113,0.016467613615562027
Mpdu1,-0.04480751515625424,0.0164612022883203
Clec4e,-0.04480840791559504,0.016460993178097353
Cln8,-0.044827178637317125,0.016406492336342
Slc38a4,-0.044835835218600815,0.01638161622383243
Swsap1,-0.04484116577610276,0.01636838435958898
Lpar3,-0.04484387212527723,0.016363987024295944
Zc2hc1c,-0.04487288307813797,0.01628002664303118
Rab6a,-0.044874017680311434,0.016279856141327455
Spats2,-0.044882662064270835,0.016257001832490875
Ints2,-0.04489002777448672,0.016236394286364014
Naa38,-0.04491203232449857,0.016172403913553277
Ubl3,-0.04491931110509237,0.016154760304876878
Rfx7,-0.04492082292441717,0.016152615417453078
Sel1l,-0.044929455792558665,0.016130750662353442
Dmap1,-0.044932812154715715,0.01612523924828212
Casp8ap2,-0.04493886000823167,0.016109090725901082
Sdhaf2,-0.04494342464956287,0.016097405989097983
Atg4d,-0.04498128758704803,0.015984569614960625
Saal1,-0.04501685413718414,0.01588209029550861
Ddx47,-0.045020044418418725,0.015874795010618496
Pcsk7,-0.04503477359329126,0.01583192680811345
Etfdh,-0.045056705100307924,0.015767046880881094
Erlin1,-0.04505884193037571,0.015763030073842194
Gm16536,-0.045076270628778954,0.015714704430072352
Acat3,-0.04507836170315592,0.015710839760718815
Ppp2r5d,-0.0450845502763127,0.01569444927874097
Slc39a1,-0.04509817716301806,0.015655377793374604
Psmf1,-0.04511546329218418,0.015605263962734591
Ltb4r1,-0.04511962802625044,0.015598523698939291
Wdr70,-0.045135555552594374,0.015556825399142644
Gprc5a,-0.04514202446219953,0.015542238470840967
Csnk1g3,-0.04514274773572777,0.015542238470840967
Nek9,-0.0451550350286473,0.015507872752616465
Pck2,-0.04516790358287495,0.01547150425746953
Lmf2,-0.04516960228357843,0.015468878009821602
Impg2,-0.04517247846421612,0.015462700897240646
Zfand3,-0.04518758082178426,0.015419705520946805
Smap2,-0.04519178667788702,0.015409547641290617
Pip5k1c,-0.04519638638360817,0.015398212434186164
Traip,-0.0452017742801838,0.015384518230263938
Lyzl4,-0.04520284357224818,0.01538379546617724
Naa10,-0.045209000208624575,0.015367806993898808
Skiv2l,-0.04521544290757757,0.01535097621227507
Natd1,-0.04522720057363203,0.015323216706897241
Cntn2,-0.04526781182370219,0.015207074741317007
Stx18,-0.04528652418299981,0.01515647351299364
Pheta1,-0.04529890762773057,0.015122277053450687
Usp30,-0.045303449437597315,0.015111302318203656
A730035I17Rik,-0.0453154272952723,0.015080836462889248
Mfn2,-0.0453189606782928,0.015072861359600747
Htr2b,-0.045335122630685495,0.015030157617433348
Ikbkg,-0.045339862969792394,0.015018659751821489
Cdh22,-0.045341753377355465,0.015015540650480675
Osbpl11,-0.045361173303871676,0.014961010563790116
Ube2h,-0.045364077188240245,0.014954935026791665
Vps11,-0.04537652694712344,0.014925795490458667
Mms22l,-0.04539270541968989,0.014885833918810553
Abhd5,-0.045398040816927505,0.014875118079889801
Gm20712,-0.04541622966629235,0.01482702731375947
Cdc42ep5,-0.04545287192699711,0.014725710294422297
Coq4,-0.04545644146606877,0.014717800046635587
Pnpla6,-0.04546621776712762,0.014694389839307292
Herc4,-0.045473903283792694,0.014679419113838275
Nelfb,-0.04548146726615071,0.01466004068191359
Mecom,-0.04548562977694348,0.014650458601673183
Dnajb6,-0.04549079031304742,0.014638015672096315
Rbm34,-0.04549437275672308,0.014630111774959691
Zfp942,-0.04550890085777555,0.014595589761422846
Pnpo,-0.04551328081114656,0.01458542355233856
Fbxo22,-0.045517298822594275,0.01457847213151678
Cfap97,-0.04551849583673317,0.014577625474730472
Hadh,-0.045530418501580176,0.014548286256291839
Capns2,-0.04553524585441521,0.014539244224013011
S1pr2,-0.04554197334822379,0.0145224176334263
Dnajb12,-0.04554400927230086,0.014518980707703785
Ccdc107,-0.04555724010165506,0.014483661173214854
Grip2,-0.04555916222299434,0.014480556286161286
Noc3l,-0.04557398670653402,0.01444551369578374
Ndufa2,-0.0455769799258481,0.014439377256502128
Cplane1,-0.04561678057971072,0.01433152153336626
Tcf7,-0.04564290465506656,0.014260393668063956
Lax1,-0.045650790665880014,0.014240609612773812
Ints5,-0.04565524912294919,0.014230446229077189
Ehd4,-0.04566446624958909,0.014206976682682679
Zfx,-0.04568310534671431,0.014159570539926907
Arid3a,-0.04568549304272704,0.014155229842228343
Inip,-0.045720648227455495,0.014059848481333445
Fam185a,-0.04572174095020917,0.014059121470880644
Afdn,-0.0457351379865997,0.014024347650674864
Pex19,-0.045752839133203375,0.013977785361399986
Tug1,-0.0457557724588193,0.013971990636288893
Me3,-0.045757271485916046,0.013970148511602233
Pex13,-0.04576792617862332,0.013943110909393173
Bckdhb,-0.04577963571731267,0.013915504055840206
Lrp8,-0.04581561329565523,0.01382612686256134
Fnbp1l,-0.04583549142067537,0.013777978625062798
Fbxo46,-0.045838868646250135,0.013771823392019674
Kcnk5,-0.04585165731169352,0.013746102956938342
Tbc1d10a,-0.045860372824147726,0.013724710998199158
Fam210b,-0.04586915094973567,0.013703179390506217
Ccm2,-0.04588468593073824,0.013665665120399738
Zfp568,-0.04588575728653217,0.013665016100921818
Gldc,-0.0458906553624076,0.013654036360297493
Ttl,-0.045892110934581315,0.013652945111676593
Hoxd8,-0.04591619352623509,0.013594204982895257
Gp1bb,-0.04592592511637816,0.01357029791376441
Cdk17,-0.04594522186348347,0.013520818429545329
Rmi1,-0.04594946979919951,0.013511680865877755
Cog8,-0.045957503306609096,0.013494657422542185
Glcci1,-0.04598054481942463,0.013437672243590392
Tmem30a,-0.04598891476045846,0.01341762969981407
Rfwd3,-0.04599190634861236,0.013412633214979153
Tmem74b,-0.04602200251074855,0.013338763624148455
Zcchc9,-0.04602277449543866,0.013338763624148455
Sh2b1,-0.04602603215817819,0.013332509913662473
Rbsn,-0.04604602675938934,0.013282766660926204
Grk2,-0.04605553444653421,0.013261332163073425
Hoxaas3,-0.04606466981116941,0.013239516414675877
Zfp263,-0.04607836497850787,0.01320578489761796
Chrna1os,-0.04608198213329176,0.013198490410712738
Etv3,-0.04612907460888619,0.013082199444780411
Edc3,-0.04613868111880653,0.013061582546658105
Gpat4,-0.046153574590649345,0.013025158480454626
Haus2,-0.0461620487028373,0.013009696703300957
Tmem179b,-0.0461634033264534,0.013008345115359423
Rbbp4,-0.04618093104408107,0.01296526553265256
Taz,-0.04618247972092244,0.012963418160119094
Kif3b,-0.04620552802815676,0.012906300603088772
Gm15991,-0.046214305359183624,0.012885927549030377
Alkbh2,-0.046241077005300314,0.012821739331963082
Aars,-0.0462532793248052,0.012792765450788599
Cul4b,-0.04626051574375337,0.012776470799971594
Naa25,-0.04627781118506884,0.012734671776426504
Cat,-0.04628345783181929,0.012722469678811913
Lcorl,-0.046298334709110295,0.012689038920655205
Rpl9-ps6,-0.04630799467275501,0.012666747390631006
Wnt11,-0.04632612493121764,0.012623171537621169
Rrp1b,-0.04632631281532795,0.012623171537621169
Bco2,-0.04632780168357111,0.01262313560292082
Rrp36,-0.04633520244677074,0.012606622495962836
Phtf1,-0.04633933065366579,0.01259834282209209
Dgcr2,-0.046343375719633616,0.01259027677289445
Fscn1,-0.04637837553873731,0.012508949179849722
Atg16l1,-0.046403853953842326,0.012451729261245317
Rnf135,-0.04640831423381329,0.012443000072439364
Itm2c,-0.046422794437601625,0.012410930561212806
Fntb,-0.046428461859078896,0.012398956740543731
Dcaf15,-0.04644638405602183,0.012356722606683593
Ankrd13b,-0.046493640075831275,0.012242655540926973
Zbtb42,-0.046506982666640204,0.01221816535606927
Reep3,-0.046512242561483515,0.012207353168696224
Dhrs7b,-0.04652429534681525,0.012182019994068649
Htra4,-0.04653957458242888,0.012148891722417175
Pkn3,-0.046574320794998444,0.012066731343104395
CAAA01118383.1,-0.046596090159578,0.012016258951526772
Rnf8,-0.04660276443909304,0.012002207444382467
Rpp25l,-0.046643695348383876,0.011910143906656541
Rictor,-0.04664502379820832,0.011908956102681887
Iars,-0.046652924275979536,0.011892094526079979
Rcl1,-0.046654251196736045,0.011890912294417745
Bend6,-0.04668934555329497,0.011815408092702514
Gm26782,-0.046689501448948345,0.011815408092702514
Zfp617,-0.04670885978361464,0.0117751340374692
Plrg1,-0.04672379822233587,0.011741847848702528
Utp18,-0.04672495663450706,0.011741076524575803
Cdc45,-0.046734698923021616,0.011720095511489148
Pgrmc2,-0.046747883046094174,0.011691066688740199
Ckap5,-0.046758623453331684,0.011669774843340627
Zfp952,-0.04676295198746208,0.011661581500245714
Rabl3,-0.04678546325641754,0.01161090615409269
Cdr2l,-0.04679365371624569,0.011593749560234281
Lsm11,-0.046803343300055394,0.01157312841634335
Lrrc47,-0.046813641148223235,0.011551127860432754
1500004A13Rik,-0.04684066966709469,0.011494283650368552
Wdr6,-0.046843565119503876,0.011489512405650474
Aknad1,-0.0468705399124628,0.011431153233871193
Gsg1,-0.04687564109327294,0.011421334719000038
Ap1b1,-0.04687728293409522,0.011419471491172598
Toe1,-0.04687730708022309,0.011419471491172598
Plbd2,-0.046885862733243654,0.011403584360416791
Haus1,-0.04689795702874793,0.011379663203056181
Elob,-0.0469155338128836,0.011343256891641592
Stac,-0.04691997227914045,0.011335019764950941
Csf2,-0.04692641858223132,0.011322208166359992
Pstpip1,-0.04692974459126701,0.011316520677909832
Rnf121,-0.04693415248289468,0.01130837096933613
2810403D21Rik,-0.04694075371247935,0.011295234091679197
Il34,-0.04694182279182281,0.011294694202552698
Smg9,-0.04696951592323517,0.011237483117336593
Gm47644,-0.0469897920261059,0.011195391523558305
Ino80,-0.0469994590455916,0.011177336142399368
2810029C07Rik,-0.04701594275233711,0.011142100952801324
Edem3,-0.047019852279100056,0.011135184510222232
Gm41307,-0.04706193976686361,0.011044697479744564
Gm26705,-0.04706244890644377,0.011044697479744564
Lonp2,-0.047071338752538563,0.01102745771148996
Tacc3,-0.0470774194559881,0.011017455325366408
Tmem117,-0.047144673621409935,0.010878023103316033
Dguok,-0.04715182605949579,0.010865954312475695
Ndst2,-0.047165365191265525,0.010838060389516414
Acot8,-0.04717824336601729,0.010811677046606285
Eno3,-0.04718528122589897,0.01079810740298616
Tmem120a,-0.04719066741751656,0.010788158935126878
Btbd11,-0.04720096099361097,0.010769330757571768
Fsd1l,-0.04721554049819035,0.010743017051471073
Creb3l1,-0.04722010286726004,0.010738524812036047
Cetn4,-0.04722352486590782,0.010732895139182455
Ski,-0.04725083487350727,0.010677285164580578
Ppih,-0.04725775614923511,0.01066412017011179
Pi4ka,-0.04726613230058524,0.010647829827705558
2500002B13Rik,-0.04726873305783879,0.010644014634228505
Fbxl8,-0.04728097945910535,0.010619417183043541
Elp1,-0.047327330434412486,0.010527165754614693
N4bp2os,-0.04733442633385423,0.010513795368285119
Ccdc42,-0.04734115062782745,0.01050123225199181
Nhlrc2,-0.04734700559007921,0.010490533550089368
Iffo1,-0.04736701368550365,0.010451543110493497
Haus6,-0.047387227441270253,0.010412248604561575
Pmm1,-0.04740985021846321,0.010368011282566978
Ccn5,-0.04741470469600938,0.010359541165358097
Proser2,-0.047436785924910185,0.01031489622664434
Tssk6,-0.04744749709797781,0.01029419966726378
Oscp1,-0.047488781761470214,0.010211571542498592
Qpctl,-0.04750303816247978,0.010183711707875165
Klhl24,-0.04750739805843846,0.010176401519001154
Mettl6,-0.04750922504118508,0.010174340737416713
Fen1,-0.047517268052839214,0.010159416399021742
Usp47,-0.04753172365434489,0.010131274002769364
BC005537,-0.04753515871875915,0.010125904974879462
Sept8,-0.047539978556306435,0.010117684731397103
Atf6b,-0.04755974549213781,0.010080443564257703
Fam129a,-0.04756071221427423,0.010080167366685952
Rsph9,-0.04756130567090872,0.010080167366685952
Inafm1,-0.04759830970553451,0.010008310973394056
Tbx3,-0.04761686385645902,0.009975593631912449
Ing1,-0.04762854016187212,0.009953553307146886
Nudt1,-0.04762936401433597,0.009953553307146886
Lrrc28,-0.04765609557079482,0.0099011085420355
Bclaf3,-0.04766013729574928,0.009894624759625131
Mmaa,-0.04766877259722862,0.009878877210729975
Ifrd2,-0.047683443612611856,0.009851004582908295
Zdhhc6,-0.04769293915993626,0.009833592020760559
Axin1,-0.047693480169800136,0.009833592020760559
Ppp1r12a,-0.04769639871381904,0.009829987706066842
Polr3e,-0.04770551391821811,0.009815040087426962
Kdm7a,-0.0477155081591159,0.009796686789829109
Dusp4,-0.04771588903869811,0.009796686789829109
Ppp3ca,-0.04772181142009269,0.009789073063639303
Lilr4b,-0.04772982304897954,0.009774723355276602
Scrn3,-0.04772994855452965,0.009774723355276602
Ears2,-0.04775006272815971,0.009737683881434292
Tab2,-0.0477538159978495,0.009731871750402554
R74862,-0.04775680370648192,0.009727585400000228
Plppr4,-0.04776320340680913,0.009716519511758023
Srsf1,-0.047770389545611774,0.009705557890498233
Mmab,-0.04779131766315689,0.009670690907112112
Cep89,-0.04779568334511721,0.009663704866290172
Trap1,-0.047819314970035776,0.009620364344402303
Ocrl,-0.047835701963301,0.009589780703502315
Skp2,-0.04787427989871104,0.009515928902363413
Plk4,-0.04787462143352084,0.009515928902363413
Rab11b,-0.047875809078909884,0.009515928902363413
Acadm,-0.04788131369832656,0.009507091842636282
Slc16a6,-0.04788416160651205,0.009503167933072282
Srsf11,-0.04791524407921518,0.009444424798201996
Ap5s1,-0.04792203957199953,0.009434496987083613
Eno1b,-0.047951345547955285,0.009379556962877417
Pus10,-0.04796378353946211,0.009358847799175311
Il1b,-0.047966611231747454,0.009355017763615059
Tmem203,-0.04798953243575817,0.009312697707833233
Mtap,-0.04801472983091687,0.009266218287676412
Fxn,-0.048021336284115874,0.009255235000870467
Ubtf,-0.04803897085662969,0.009223339857922123
Zdhhc7,-0.048057834381849455,0.009190795687437277
Mink1,-0.04806530111408731,0.009179841487175159
Rad21,-0.04807600400925503,0.009161231068916842
Hbb-bs,-0.04808882958293765,0.009138664221267223
1700061G19Rik,-0.048113717284913315,0.009095110202257353
Sox4,-0.048119181201694256,0.009086446827472571
Gm32369,-0.04812738149664344,0.009072679986735256
Gm32618,-0.04813124729638774,0.009067018114899057
Gak,-0.048134809181719036,0.009061926436906766
Prkcg,-0.04813854824185264,0.009056507141603104
Ccdc127,-0.04813912865691351,0.009056507141603104
Rbck1,-0.04820318776619846,0.008945931202011499
Tsr2,-0.048214703511339635,0.008926254929645753
Fahd1,-0.04822406342800823,0.00891210805158785
Rpl21,-0.04823019894181119,0.008903899761488296
Bckdk,-0.048234912148083224,0.008896779156187447
Epgn,-0.04823991271484691,0.008890665112553375
Wnt1,-0.04825373354662672,0.008866881704173095
Slc10a3,-0.04826578286010658,0.008847910435794432
Rhot1,-0.0482874534447752,0.008812978222363288
Ttc32,-0.04829546000134511,0.008799939435186343
Kat14,-0.04830066798378737,0.008793510321296109
Med6,-0.04830478844457972,0.008787545811564951
Gramd2,-0.048320581825581015,0.008761951713355625
Odf2,-0.04833347738969925,0.008740150458874787
Ddx58,-0.04836253957257058,0.008692316307599843
Dhx29,-0.048383386835806244,0.008659415878203016
Wdr4,-0.04839702966010478,0.008638001260102196
Ccnq,-0.04840846561102754,0.008619081492407931
Lamtor3,-0.04841686957203968,0.008605595606590995
Bbc3,-0.048424328367446826,0.008593809300770314
Gm42679,-0.04842619229931391,0.008591978799592183
Cpsf3,-0.04842929880911387,0.008587940466274478
Raf1,-0.04844858314043573,0.008555211247214312
Mllt11,-0.048473458140203395,0.008514205412855046
Tmem126b,-0.04847709113322694,0.008509272231668247
Uhrf1bp1l,-0.0484849639938224,0.00849687689250239
Armt1,-0.04849470982358412,0.008481206573903638
Dbx2,-0.048525225571179324,0.008430660265845831
Ngef,-0.04854073358299227,0.008406507819017538
Hnrnpa3,-0.048541165088062846,0.008406507819017538
Acin1,-0.0485421947664068,0.008406507819017538
Srsf6,-0.04854763540037651,0.008400298671677029
Lats2,-0.048549733133879995,0.008398099168949383
Ppat,-0.04856312460875016,0.008376258219450455
2010315B03Rik,-0.048587755037058776,0.008335009867637782
Zfp638,-0.04858863889606159,0.008334924853713187
Faap24,-0.04859180151172614,0.008330899676680416
Sec61a2,-0.04864703763630304,0.008237333190768014
Strip1,-0.04864933282616533,0.008234833771828386
Kctd2,-0.04866246171820403,0.008215250925586939
Cfap45,-0.04867320131998899,0.008199850247775016
Rpp21,-0.048680233945338956,0.008192067346290447
Sox13,-0.048715410499188705,0.00813378518127453
Lin37,-0.04874035132165948,0.008097316734944805
Aak1,-0.04874785645174991,0.0080874906658227
Runx1,-0.0487598012273056,0.008068813184727016
Sumf2,-0.04876445131151541,0.00806240827743547
Neat1,-0.04877104059309763,0.008052756626768832
Stk10,-0.04878181882781187,0.008036103609401745
Wdr54,-0.048804671703281864,0.007999339356972382
Apol7d,-0.04880662034649025,0.007997483666205221
Pcbp1,-0.04881115300085728,0.007991325700826528
Cspp1,-0.048827238348871004,0.007965974017573069
Rps14,-0.04883597363916114,0.007952869494681264
Dpt,-0.04884432160774634,0.007940425592415123
Gjb4,-0.04885696841791235,0.007922276233121191
Dlat,-0.04886217282858334,0.00791781966257495
Rab34,-0.04886509503312122,0.007914375210384192
Mis12,-0.04887750297447158,0.007896674063316587
Bivm,-0.04889135313338865,0.007876638851103221
Srp54a,-0.0489101621100259,0.00784715563746399
Urb2,-0.04893071307367472,0.007819021322698082
Hmgcs1,-0.04893199030492378,0.007818300965978665
5330438D12Rik,-0.04893292459271709,0.007818140593645512
Katnal1,-0.04893429878605814,0.007817262466395377
Gtf2ird1,-0.04900668680871831,0.007701281432634674
Rab4a,-0.04903586083144968,0.007657120196460877
Cactin,-0.04906567482448865,0.007612169894235006
Car8,-0.04906838812137241,0.007609178627875481
Mrps27,-0.04907646668669252,0.007598980865687756
Hip1r,-0.04911026268792735,0.007546724038867394
Spag9,-0.0491107794847589,0.007546724038867394
Snap29,-0.04911968552879369,0.0075344803052803415
Tia1,-0.04912712192240722,0.007525385786234101
Parp4,-0.049157337954173944,0.007480508361962083
Pcca,-0.04916288422709164,0.00747312536409252
Lsm3,-0.04917688858065701,0.007452522389106996
D430019H16Rik,-0.04918210181621724,0.007445684437165279
Ccny,-0.049185248827035406,0.007442076065428911
Ttc7b,-0.049207144909029256,0.007411872643296963
Ehd3,-0.04922453150494502,0.007386179247306358
Pqlc3,-0.04922648235482534,0.0073844505751686626
Gm30074,-0.049230538927069974,0.007379460738526395
Cdca8,-0.049245894860915636,0.007357004850728253
Slc30a7,-0.049255717153290524,0.007343137894848414
Sema3a,-0.04926377396549644,0.007332012359365994
Med22,-0.049273570437621504,0.007319512279902352
1110059G10Rik,-0.049286999786753605,0.007300176165110236
Acap3,-0.04930181741139748,0.007280041087362374
Vipas39,-0.0493462150519728,0.007217485403667773
Ifi35,-0.04936003629886295,0.007197801258943721
Acsl1,-0.0493731440168222,0.007179243621505571
Gng2,-0.04937612256969089,0.007176007513023205
Rdm1,-0.04939911284679245,0.007145142439469527
Pphln1,-0.04940863841073882,0.007132084658491224
Ptpre,-0.04942537193993976,0.007109503063119803
Slc25a38,-0.04942745534844411,0.007107635558279917
Pan3,-0.04942764612704311,0.007107635558279917
Cfap69,-0.04946872301610118,0.00705107866326693
Rasl10b,-0.049470924992270016,0.0070490491224724765
Esco1,-0.04947928666952746,0.0070391179261519035
Eps15l1,-0.049482694179963115,0.007035303939834327
Tdrd3,-0.04949998222115759,0.007010945474289016
Ggact,-0.0495119435633093,0.006994517226336953
Pik3ca,-0.049519203712027726,0.006985047060682497
Irak3,-0.04955345040876062,0.006937205843640474
Ilkap,-0.04955979269068999,0.006931594839936221
Plekhg4,-0.04956561067433617,0.006924309978751881
Ttc23,-0.049565715993565705,0.006924309978751881
Pdss1,-0.04957441219391927,0.006913897529567167
Cstf2t,-0.049574692276273716,0.006913897529567167
Traf3,-0.04959083749649999,0.006892394611181512
Col18a1,-0.04959672921977657,0.006885040225569479
Slco5a1,-0.04959850790526661,0.0068842052859688216
Cdpf1,-0.049601097984706154,0.00688233860539881
2510039O18Rik,-0.049606259767560786,0.006876054440300373
Arhgef19,-0.04960991006039537,0.006871969496613534
Atxn1l,-0.049635227368434995,0.0068365150314171575
Baz2a,-0.04964902171568522,0.006817816726778114
Unc93a2,-0.049654647640678166,0.006810917770745422
Exoc7,-0.049663632466184486,0.006799194588742635
Cmc1,-0.04967178135211965,0.006789891785384591
Lman2l,-0.049681546377108525,0.006777083129088526
Abi1,-0.049711541779856795,0.006736596814155256
Zswim1,-0.049720104258129734,0.006726783234767996
Tmem127,-0.04972530621764763,0.006720571523074998
Hmgcl,-0.04974334025689277,0.006696148279609162
Lhx8,-0.049744299269465844,0.006695975679321793
Gpx4,-0.04974853530742123,0.006691158470120097
Pnisr,-0.04975085064642951,0.006689064745367458
Nfxl1,-0.04980454258687748,0.006614576623837179
Ogg1,-0.049813762593021144,0.006604004159022414
Atxn3,-0.04981940518990619,0.006597279297715118
Pnpt1,-0.04982057397762286,0.006596815512485693
Sco1,-0.04982692734680492,0.006589104282891898
Exph5,-0.04987087898880466,0.006531435441612629
3830406C13Rik,-0.04989351815041758,0.0065016589034297126
Hibch,-0.049953805954509954,0.006424266977003917
B4galnt1,-0.05003027777214721,0.0063267765353667745
Mtrf1,-0.050053366170285093,0.006298615830764857
Dsc2,-0.050091772962012775,0.006248423401808599
Prkacb,-0.05010772439366947,0.006228333630605056
Bloc1s6,-0.05011332224328748,0.0062220170375079245
Kcnj15,-0.05011639088304396,0.006219057634913023
Bpgm,-0.050142935003982925,0.006185070530748772
Mtpap,-0.05015339985482443,0.006172384622579802
Tcf3,-0.05016135759633181,0.006164116258703212
Nxn,-0.05016537789990785,0.0061599315492721525
Mcur1,-0.050178066450044446,0.006145473538898037
Sft2d1,-0.05020455959664481,0.006111919630609155
Snhg20,-0.050221412066135805,0.006091058713744868
Slc2a8,-0.05022441434459668,0.006088242372593845
Cyb5b,-0.05022696348375571,0.006086016149567661
Rab37,-0.050230090378383954,0.006083040285974543
Dgkz,-0.050248647853431284,0.006062227590518678
Zfp62,-0.050266040553444476,0.006040823800841904
Nup35,-0.050266426336348514,0.006040823800841904
Mcm5,-0.050287614213236034,0.006015187624812484
Rnf40,-0.05029826995263812,0.006003648631124359
Vps26b,-0.05030008638292849,0.006002391281087696
Ckap4,-0.050301211859955834,0.006002020880699336
Mki67,-0.05030306726449027,0.006000714135306722
Wdr92,-0.050314452089164706,0.005987195679612769
Ints7,-0.05032690200598499,0.005972344314922403
Tmem59,-0.050345616660197344,0.005949546982871717
Bmi1,-0.050348536405594765,0.005946896164895742
Tfdp2,-0.0503519264408803,0.0059447131670115685
Vps26c,-0.05036422233546339,0.005931082210455039
Smpd2,-0.05036804396513726,0.005927428976649141
Cggbp1,-0.05037021694356735,0.005925734848590834
Preb,-0.05037063024221256,0.005925734848590834
Ddx50,-0.05039292981730506,0.0059001636694731175
Tchh,-0.0503944390848293,0.005899315303885699
1810034E14Rik,-0.05040384793246568,0.005889553712616458
E130311K13Rik,-0.050475857955855505,0.005801446028058554
Ifnar2,-0.05048381808868924,0.0057925910313540285
Stx16,-0.050487945850238886,0.00578850456772781
Gm5617,-0.05048981207423025,0.005787227406461811
Zfp668,-0.050501507895949795,0.005774800906216372
Trip12,-0.05051541287371277,0.005758632827643067
Zswim7,-0.0505465927587312,0.005725367269128256
A4galt,-0.05059089337711992,0.005673190921621067
Gm11747,-0.050596160990194566,0.005668813599769945
6230400D17Rik,-0.050601691917186706,0.005663099465574192
Rnf41,-0.05060484001843007,0.0056602885642441265
Trub2,-0.05060680664937821,0.005658915777248528
Snhg9,-0.0506270821008654,0.00563532106657274
Cdkn2b,-0.05063097938981709,0.005631615631086126
Ankfy1,-0.05063159842503079,0.005631615631086126
2510046G10Rik,-0.050633261581260115,0.005630882035779159
Srcin1,-0.050636597975695675,0.0056278582957628755
Hr,-0.05063807208604266,0.00562708910351862
Rcor2,-0.05065319109022924,0.005609833775341876
Nanp,-0.05066410006199697,0.005598704429191113
Xpo1,-0.050695835272038935,0.005561604331324175
Snu13,-0.05070148944903832,0.005555841925213556
Llgl1,-0.05071933603393189,0.005536533691366489
Rcc1,-0.050739152141810566,0.00551395081730519
Zfp60,-0.05074452531851647,0.005508566984999206
St3gal2,-0.050747080983378705,0.005506529479935258
Mfap3,-0.05077171213518199,0.005479360391720065
Wdr34,-0.05079372587118242,0.005454405764879881
Fkbp2,-0.05079841149155154,0.005449882986636774
Map2k1,-0.05079903937551563,0.005449882986636774
Slc35f6,-0.05081605848859504,0.005434093357570833
LTO1,-0.050823638535318766,0.005427179548261627
Glmn,-0.05083337640687282,0.005416770522427958
Mcm3ap,-0.05086831897512962,0.005378022348853789
Zfp991,-0.050869444400382685,0.0053776897257106875
Zbtb45,-0.05089011685251036,0.0053556790948003944
Sept5,-0.05089508927509247,0.005350900268391735
Snapc5,-0.050915471814845306,0.005329323731338164
5430416N02Rik,-0.050923237177851126,0.005321354095698833
Macrod2,-0.05093424740120606,0.005309670534033039
Mospd1,-0.05093622968711617,0.005308358918762744
Trmu,-0.050998574128209566,0.0052429792635085674
Tcp11,-0.05101443828344201,0.005225960711308819
Gm35853,-0.05105737314756726,0.005179490051957795
Notch1,-0.051065860226119045,0.005171856923993713
March2,-0.05108663300121133,0.005149569892012191
Rnf169,-0.051110834591406314,0.005123561363838572
Hist3h2a,-0.05111433754156206,0.005120603156731316
Kat2a,-0.05112134167791863,0.00511376335254739
Bap1,-0.05115526854573258,0.005077198178913901
Elovl6,-0.05115826479022047,0.005074822178536495
Ufsp1,-0.05116210155903808,0.005071522351815896
Rbpj,-0.05117503558887723,0.00505822945714019
Ccdc6,-0.05122831030235825,0.005002792449295931
Armc5,-0.05122995117808037,0.005001920620509123
Gm14295,-0.05123319861176353,0.004999304090683211
Tmem168,-0.051233761030527986,0.004999304090683211
Eps8,-0.051244765646800146,0.0049894840599415055
Cdc73,-0.05125532657102335,0.004978955072633345
Wdr47,-0.051263385030307466,0.004971149452828359
Qtrt1,-0.0512638724969443,0.004971149452828359
Socs6,-0.05127160737279335,0.0049649892893818175
Nudt3,-0.05127541394916921,0.004962580639368065
5031425E22Rik,-0.05129283173138903,0.004944838548872367
Dolpp1,-0.051293711652934365,0.004944795174102342
Hbs1l,-0.05133924668502422,0.004898740149420976
Slc35b3,-0.051345696297789296,0.004892762808205735
Tpm1,-0.051386317605869515,0.004850568754106657
Gucd1,-0.051394717666902956,0.004842587314125331
Slain2,-0.05140393947792144,0.004833752486803905
Slc12a4,-0.05142691309873634,0.00481049506602601
Lmbrd2,-0.05143682217617455,0.004800994572393364
Cdkn2aipnl,-0.05144523472785253,0.004793951682973067
Clpb,-0.051447875443789946,0.0047920692559717355
St3gal4,-0.05146676388771326,0.004773246295662441
Kxd1,-0.051475695814543074,0.004764828683702525
St8sia2,-0.05147665849051503,0.004764700442056617
Nrg1,-0.05149990046623187,0.00474146965564572
Gm44040,-0.05151576349491738,0.0047268145160658725
Hdac1,-0.051520471249217194,0.004723690371934758
Adss,-0.05152548483365596,0.004719388239219713
Eif2b4,-0.0515319563101277,0.004713589197040017
Cox8a,-0.0515416526058279,0.004704482816203733
Farsb,-0.051547644384395665,0.0046991928513860715
Tkt,-0.05156587896498127,0.004681372684650363
Tmem241,-0.051571296703841356,0.004676692996751996
Cbr3,-0.05157181563286372,0.004676692996751996
Hoxc10,-0.05157721279216827,0.0046723662617707655
Rnf10,-0.0515877444761854,0.004662481655748719
Smarcal1,-0.05159816001135278,0.004652734330861602
Mapk1,-0.05160213473560725,0.004649547419797771
Rusc1,-0.05161041394226143,0.004642845084681792
Tanc2,-0.051628301775666,0.004625571202561425
Sirt7,-0.051634376476811863,0.004620279038881778
Ctcf,-0.05164044173940761,0.00461500198496601
Ccdc86,-0.051651503883875356,0.004604694267027946
Ash2l,-0.051679365016733564,0.004577548218566004
Tank,-0.0516910838345059,0.004566660678731282
Zfp523,-0.05169142381785725,0.004566660678731282
Pycr1,-0.051718905674099536,0.004541430314434618
Vezt,-0.05174083106631598,0.0045205021441521226
Pja2,-0.051751665744692275,0.004510612909403268
Usp18,-0.05175977218155606,0.004503435574314606
Pdcd2l,-0.0517624013825094,0.004501669943844043
Pex11b,-0.05178067796240012,0.004485322073392797
Des,-0.05178684930177203,0.004480907772059453
Tmem223,-0.05179124411823968,0.004477416713661575
Dnajc11,-0.0517933061351027,0.0044762175446424485
Chuk,-0.05179340945759929,0.0044762175446424485
Msantd3,-0.051813200068128,0.004459194843270559
Zdhhc4,-0.05182495417777465,0.004449351929812856
Ppp1r8,-0.051831770722636276,0.0044435218525948
Ccdc9b,-0.05185141515638015,0.004425222006683552
Psat1,-0.051869795967341426,0.004409028266202976
Ubr7,-0.05189070437413229,0.004390450739175224
Cep83,-0.05189570742016782,0.004386438596007473
Neurl1a,-0.05189777913821503,0.004385252901652147
Cdk5rap2,-0.051912849252925525,0.004372373175174097
Ncs1,-0.051916127777017144,0.0043700321240556315
Pacsin3,-0.051921836492855346,0.004365360294011691
Dhx8,-0.051934572337772114,0.004353962886435798
Twist1,-0.05194487242794273,0.004344918936454682
Ppie,-0.05196527573070581,0.004326269498905731
Gm45716,-0.052006015665618285,0.004289254016831959
Pigc,-0.05201056701246245,0.004285752888223641
Pcbp2,-0.05201324612631868,0.004284019488932507
Wrb,-0.05201993342318951,0.00427851027803544
Cog5,-0.052024413658952696,0.004275084283688489
Dcaf7,-0.052029645122359,0.0042717457751082
Gin1,-0.0520378583022141,0.004264818036709638
Dusp12,-0.0520383990959254,0.004264818036709638
Golga1,-0.05207028642122418,0.004236820783914615
Mios,-0.052073610939321086,0.0042360750386531715
Nsmce4a,-0.05207904458004599,0.00423179161596586
Cyp3a13,-0.05208239450897094,0.004229453820884047
Nat8f4,-0.052099898581091104,0.004213951127286781
Coq6,-0.052100517572476406,0.004213951127286781
Krit1,-0.05212773955624631,0.004191276138338814
Ogdh,-0.052129589069215554,0.004190345412254356
Eogt,-0.052132600809765964,0.004188341285353843
Ggct,-0.05214220566325252,0.004180254629675721
Mvd,-0.052168366903076704,0.004156968650298546
Zfp267,-0.052213378420923724,0.004119695774602032
Idh3b,-0.0522275394228153,0.004109124458239688
Ung,-0.05224252353571104,0.004097069944672931
Rassf3,-0.05227374150792269,0.00407041593741838
Dctn5,-0.05228099012044155,0.004064655559490562
Timm9,-0.05229220684119172,0.004055342728010703
Crk,-0.05230042084130153,0.004049492365725196
Ifi27,-0.05230297742141463,0.004047958064418296
C030006K11Rik,-0.05230331852968392,0.004047958064418296
Mrps2,-0.05231454021197998,0.004039124622309574
Get4,-0.052326770364104616,0.004028961996089741
Senp5,-0.05233491333129692,0.004022459511568149
Tpp2,-0.052356432003129984,0.00400409426018569
Gemin2,-0.05235690065148921,0.00400409426018569
Naa40,-0.05235896235679743,0.004003346567461817
Gm41724,-0.05235999184038468,0.004003181824676801
Brd7,-0.05237038750719929,0.003994724612419403
Ndufa7,-0.052379629705220115,0.0039873022305601654
Efr3a,-0.05238046256894455,0.0039873022305601654
C430014B12Rik,-0.05239218909313471,0.003977712718516921
Cyp4f16,-0.05239241504829507,0.003977712718516921
Zfp120,-0.0523982467219347,0.003973864318344375
Gins4,-0.0524553045650066,0.00392613014145544
Ap4b1,-0.052464584032434224,0.003918792547772886
Slc6a12,-0.05246462303664097,0.003918792547772886
Bpifc,-0.052477748321759055,0.003908830051951092
Ppp1r14c,-0.052489207014751106,0.0038996363391039838
Spout1,-0.05249133714315904,0.00389852370809866
Hmga2,-0.05250914542224223,0.0038846031022918785
Dvl3,-0.0525354686489466,0.003862693705544103
Cdc42se2,-0.052538116590580934,0.003861146781695785
Kif13b,-0.05256089481252643,0.0038438246755377325
Oasl2,-0.05256205787510455,0.003843552456342282
Msrb3,-0.052593820060804417,0.0038179549952318116
Tmem26,-0.05259580973606734,0.0038169831515207035
Mtor,-0.05259913676076953,0.0038155936363471615
Slc25a51,-0.052602723908200436,0.0038132683679777814
Ppip5k2,-0.05261176033994762,0.0038063306458862717
Swt1,-0.05264890219682591,0.003775729669107184
Gpaa1,-0.05265284787871082,0.0037731256369010866
Foxk2,-0.05267348688187288,0.0037572496879053276
Lin7c,-0.05267844924320295,0.003753807968404267
Enpp6,-0.052692146853331435,0.003743083888887468
Lysmd1,-0.05271334624569038,0.0037261582976151767
Grb2,-0.05274387029699605,0.00370230173484574
Pfdn2,-0.05276830206341883,0.0036835847095601742
Desi1,-0.05277988925864893,0.0036747738814406016
Gm37494,-0.05278785620340569,0.003668942899365129
2610044O15Rik8,-0.052788085637800845,0.003668942899365129
Efna4,-0.05278814927848252,0.003668942899365129
Trim41,-0.0528022081979017,0.003659975538427964
Snx33,-0.05280400431600113,0.0036591991011217973
Nod2,-0.05280765754176979,0.0036569078917330793
Rbfox2,-0.05280834747587162,0.0036569078917330793
Fam118b,-0.05281317266609402,0.003653789321181111
Usp39,-0.052820721101426465,0.0036483298346833126
Yme1l1,-0.052821434943069866,0.0036483298346833126
Usp13,-0.052836132427128306,0.003637178182411136
Ptk2,-0.05284360678848404,0.0036318016132877006
Sh3bp4,-0.05285891001245317,0.00362010060888152
Nploc4,-0.05287337139016233,0.003609794004411806
Alad,-0.05290752036205002,0.003583637785643368
Zfp451,-0.05292656541633368,0.0035698497756377814
Asap1,-0.0529292001111008,0.0035684225828639692
Hoxa9,-0.05293075704212409,0.0035678553131487834
Nol8,-0.05293838618749829,0.0035624499095749666
Mex3b,-0.052972089100497936,0.0035363743210699954
Jmjd6,-0.052976002239432,0.0035339488093646177
Wipf1,-0.05297618650446768,0.0035339488093646177
Gsk3b,-0.053006087380528685,0.0035129002040332224
Tm4sf4,-0.05301636497444199,0.003505492995880963
Cep104,-0.05304705693883293,0.0034834673708441124
2310009B15Rik,-0.05304939869079468,0.003482960451378201
Eif4b,-0.05305683927773488,0.0034778205004415805
Supt5,-0.05310364186723054,0.0034434998630782534
Gm10522,-0.05310843747964289,0.0034404527261977205
Galnt7,-0.05310954004547034,0.003440254961777916
Mtg1,-0.05312480406941417,0.0034298037036491393
Tlr4,-0.053127625513549166,0.0034282851406126453
Tomm40l,-0.05313461585037962,0.003423565266215153
Rhou,-0.05315348258617253,0.003409756155109932
2810004N23Rik,-0.05315432268794506,0.003409756155109932
Lysmd3,-0.05317428369365123,0.0033951693692667174
Snap47,-0.05319783535107465,0.003377911522734418
Minpp1,-0.05325277922873068,0.0033371192423017077
Pde3a,-0.05326223415636471,0.0033306696336158808
Gtf2h4,-0.053267282039537484,0.0033275257452461005
Sppl2b,-0.05327676273515755,0.0033210739952461866
4833439L19Rik,-0.05327876565252807,0.0033202103421440003
Prelid2,-0.05329982205425287,0.003305158141716572
Bcap29,-0.05330947141053602,0.0032986212249914433
Mmp19,-0.053329301450262975,0.0032845653600967416
Elac2,-0.053333494822159544,0.0032820925288313606
Atad3a,-0.053345067659977215,0.0032741801573318444
Clpx,-0.05335289504100147,0.0032690399222821682
Fbxw11,-0.05336013896291647,0.003264335809476085
Dcaf12,-0.05336473871694029,0.003261578743281158
Abhd8,-0.05337208564977272,0.003256809038983209
Tmem11,-0.05343217825866542,0.0032154737823342663
Usp40,-0.053433591424887135,0.0032150627884045308
Cav2,-0.05344306608267284,0.003208816579864907
Spryd4,-0.05345896719518439,0.0031979450689935958
Rpl17,-0.05346129299516921,0.003196878352494348
Ado,-0.05347653162440134,0.0031877365986205733
Ilvbl,-0.05347874924837807,0.003186751013733926
Mrpl39,-0.053498186894816745,0.0031734154819272795
Rspo2,-0.05351115363782996,0.0031652518718961404
Cpn1,-0.053512645217645316,0.0031648931805617437
Nudt22,-0.053519169872207444,0.0031608406012773324
F13a1,-0.0535370047877842,0.003148743941259109
Ptar1,-0.05356652034892289,0.0031290250012370245
Rela,-0.05358686263491893,0.0031152754790903583
Ccdc88c,-0.05359741654205025,0.003109044758052016
Kif1c,-0.05359765795278274,0.003109044758052016
Them6,-0.05362103353449865,0.003093677674943198
Acadl,-0.053655932740546315,0.0030705358432462607
Srek1ip1,-0.05368288336118275,0.003052455854256749
Afg3l1,-0.053683111123794966,0.003052455854256749
Grin2a,-0.05368689206142743,0.0030514411725569646
Zrsr2,-0.053687929284493556,0.0030513096683669016
Gjb3,-0.05369747371183917,0.0030453093176257295
Has2,-0.053713632009368614,0.0030347725604513314
Gm35167,-0.05373858475807702,0.003018830872084683
Cog6,-0.05380620413542047,0.002976349445502701
Slc25a14,-0.05381075037248301,0.0029738538735742306
Rnf34,-0.05382292706148531,0.0029662228131353296
Aarsd1,-0.053829229370961386,0.0029625548496483283
Lix1l,-0.05384141247272154,0.002954946236728983
AU022252,-0.05385701547633941,0.0029450692448839627
Gna14,-0.05386203360725743,0.002942282804540347
Tirap,-0.05389616638307622,0.0029201340473888737
Agps,-0.05390040801461563,0.002917883770323973
Sdad1,-0.05390803166733934,0.002913957003918227
Zfp444,-0.05391333659413323,0.0029110081402467995
Ogfod2,-0.053925933744144984,0.002903248632760451
Ptges3,-0.05394734214915758,0.0028897162576756365
Tiam1,-0.05397259644760337,0.0028737283992701927
Nmt2,-0.05398687812163368,0.0028649629509877846
Klc4,-0.05399035028561314,0.0028632529638854204
Arl14ep,-0.054004645685465466,0.002854508082287961
Decr1,-0.054009666392412614,0.0028518233170861658
Grk5,-0.05401725881211181,0.00284797480458794
Alox12,-0.05403209619404258,0.002838922774894129
Napb,-0.05403992664404586,0.0028344143513575498
Rabepk,-0.05404313998055983,0.002832888290316083
Ube2v2,-0.054051683297431916,0.002827929790461967
Rnf138,-0.05405808923004179,0.00282489843559729
Ints4,-0.054086709950817276,0.002807630063284023
Khdrbs1,-0.05408866600768562,0.002806921258132041
Slc35c2,-0.05410937494419447,0.002794788604074649
Rad23a,-0.05412904655550324,0.0027833624190358544
Ptrh2,-0.05416307022998417,0.0027623880909525525
Rnf168,-0.054166852652073924,0.0027605396637953605
Myl4,-0.05417363989894704,0.002756802295065365
Fbxo25,-0.054177142595098995,0.0027551332021115878
Nedd9,-0.05418597112758926,0.00275012159428839
Scyl1,-0.05422090505479874,0.0027293395958288154
Zfp292,-0.05422590817779955,0.002726751687045645
Gm38403,-0.05427811806441008,0.0026959952576294547
Tlr2,-0.05429955046809024,0.002683862157867899
Psmg2,-0.054364876862943674,0.0026456020233751438
Snhg6,-0.05441371885152814,0.0026172033562314205
Ift122,-0.05442096882160181,0.002613368397517959
Haus3,-0.05443302030012607,0.0026066702140799458
Prkar2a,-0.05445413914579493,0.002595599046612618
Aasdhppt,-0.054461986786510215,0.0025914384410979396
Ints12,-0.054501771795461756,0.0025684091121430746
Fam129b,-0.05451783799059675,0.002560454017232673
Elmod2,-0.05452146239703095,0.0025588233121282174
Hagh,-0.05455117571263693,0.0025419313664251683
Arhgef2,-0.05459581765170166,0.0025169900864390558
Pcnx3,-0.05460906701326401,0.002509829778035651
Camk2g,-0.05463906332532716,0.002493560411803048
Srsf2,-0.05464453697060271,0.0024909099361152005
AI427809,-0.0546514009488376,0.0024874669717402306
Nr6a1,-0.054656801186550405,0.0024848644724042817
Mief1,-0.05466811619458213,0.002479373763014536
Gan,-0.05468747726594076,0.0024688395654439313
Ccdc134,-0.054689394641442665,0.0024682317535225005
Pold3,-0.05472297001407967,0.0024506704050342018
Fam57a,-0.054728034404150874,0.002448292876053822
Ptn,-0.05473342316308176,0.0024462119305714573
Ifit1,-0.054757657214019345,0.0024343610526210975
Apool,-0.05478916281377486,0.0024178426370670397
Zbtb46,-0.05479373097047632,0.0024157709668798694
Timm44,-0.05479897327235024,0.002413326064892332
Tlk1,-0.05484188356535445,0.0023900404255324235
Zbtb7b,-0.054864636597724836,0.002377996310516561
Camsap2,-0.05486523904330818,0.002377996310516561
Scaf11,-0.05487361344196069,0.0023740048853977277
Tmem265,-0.05487550952664051,0.0023734306497836407
C130050O18Rik,-0.054880823286084936,0.0023709862736290754
Gopc,-0.054881065680993615,0.0023709862736290754
Ptprm,-0.05488487284771703,0.002369698838129461
Gm2115,-0.05492566167811975,0.0023488718928136878
Amd1,-0.05492723707147985,0.0023484773984088587
Hspa4,-0.05493990537662163,0.0023425345327888107
Mrps35,-0.05495461882161017,0.0023350444775711698
Zfp768,-0.05499707886792314,0.0023126987833871028
Zdhhc9,-0.055045791566059495,0.002287240951158228
Mplkip,-0.05505254440818966,0.0022841180796500725
Rbmx,-0.055074304956647946,0.0022735366153551206
Cfap410,-0.05507961892413576,0.002271187399126394
Ythdf1,-0.05508394651425235,0.0022693585670878307
Gt(ROSA)26Sor,-0.055088149721086846,0.002267596430776467
Ublcp1,-0.055089290877153,0.002267442404095176
Slc39a2,-0.055101819780995924,0.002261318426301501
Tmem115,-0.05510683538414698,0.0022591371247791927
Ik,-0.05512026435354275,0.002253449362888551
Atp6v0d1,-0.05513921810329035,0.0022444587273036686
B4galt1,-0.05514823623390531,0.0022402140035573553
Chd9,-0.055155895100281654,0.0022371210517419782
Uhrf1,-0.055163364917432275,0.0022336906773712116
Rmc1,-0.0551664034230039,0.0022325572257769783
Fam168b,-0.05517223273440821,0.0022299812573896203
Srp68,-0.05520587283722028,0.002214397392823016
Clp1,-0.05521781750270314,0.0022087054701603512
Gm39090,-0.05524182624410202,0.0021973013456474243
Arg1,-0.05525699272703571,0.0021904434060976436
Gstm5,-0.055266655128591025,0.002186397553800279
5033430I15Rik,-0.05527710755970248,0.002181958449905859
Mmp23,-0.055287282860496154,0.0021776679648905684
Eef2kmt,-0.05529453536267596,0.002174432090535619
Apbb1ip,-0.05530061972415292,0.002171789917284225
Fads1,-0.05532102961568214,0.002161943003685906
Nde1,-0.05532867319233671,0.0021585326003497295
Sgf29,-0.0553333464747598,0.002156615487691601
Elp3,-0.05535454520142587,0.002147287172974416
Snhg1,-0.055359134574773324,0.0021454212738187864
Nufip1,-0.05536467420851054,0.0021435071934189317
Taf15,-0.05537074302172401,0.002140907775950479
Zfp995,-0.055371903813835714,0.0021407534195349407
Gys1,-0.05538119921311586,0.0021365531847102794
St7,-0.05540439710975201,0.002125895612618998
1600002K03Rik,-0.05540866343566743,0.0021242068307216
Cox16,-0.05542439584990925,0.002117282321125273
Agbl2,-0.0554499282084199,0.0021055690415880232
Rnase4,-0.055457941155732,0.002102477267345636
Tubgcp3,-0.0554858898776009,0.002089663181146491
Tbx5,-0.055487983400774106,0.00208905851993145
Zkscan14,-0.055520649232842174,0.0020736269355657888
Trappc12,-0.05554856155541597,0.002060993388860577
Ndufaf1,-0.055551074811858725,0.0020601946592470116
Sept10,-0.05555143391995386,0.0020601946592470116
BC003965,-0.05555244449545465,0.0020601946592470116
Chac2,-0.05555281466721128,0.0020601946592470116
Jpt2,-0.05555340960054317,0.0020601946592470116
Cdkn3,-0.055556925450341715,0.00205942962938201
Dtna,-0.055581655590401555,0.002047989440381758
Dkk2,-0.055582110691630035,0.002047989440381758
Mrpl38,-0.055586399641183275,0.00204653715420632
Pcolce2,-0.055590763800423944,0.0020453321130144545
Tada3,-0.05561634828123954,0.0020347087921165044
Fkbpl,-0.055642772610978865,0.002023400911707736
Cep63,-0.0556525313974394,0.0020191961319726754
Myef2,-0.05565882039064319,0.002016633561538054
Dnajc9,-0.05566172740527397,0.002015666100782371
Fam122b,-0.055666005240419654,0.002014053942482822
Recql,-0.05566828414897723,0.0020133831896264136
5033406O09Rik,-0.0556780746882643,0.0020091828557041724
Efcab1,-0.055688311168124505,0.0020047816795129444
Bola2,-0.05570066835230415,0.001999397966396153
Ogfr,-0.05571307116351867,0.0019940063833152107
Fgfr1,-0.05571999510645579,0.0019911779165409467
Cep290,-0.05572548718507618,0.001989019145591682
Snx1,-0.0557261597794652,0.001989019145591682
Kansl3,-0.055733736210771656,0.0019859783410810026
Polr2k,-0.055802802651636514,0.0019545262310471266
Hpf1,-0.05582828430621972,0.0019432846652380868
Podnl1,-0.05585529061963417,0.001931412936013058
Tmbim6,-0.055866460465255736,0.0019267483003683136
Trappc6a,-0.055875403491256435,0.0019230977835780437
Appbp2,-0.05592420623169953,0.0019027346494393767
Tmem183a,-0.05596119286467219,0.0018870455423870274
Tsr1,-0.05596518860196882,0.0018856537187473584
Rps7,-0.055982390017044074,0.0018784293616066618
Tcf12,-0.05598488575652537,0.001877704770647041
Coa4,-0.055987481752997316,0.0018769362981487384
Thnsl2,-0.056064805472192766,0.0018442481534558619
Aifm2,-0.056067906298389224,0.0018432734209769173
C1galt1,-0.0560702245555536,0.0018426382724793808
Gramd3,-0.05607918926677579,0.0018391264327156608
Ipo13,-0.05610259270443307,0.0018301306363268965
Slx4ip,-0.0561090645496541,0.001827712738057002
Alg9,-0.05610979936574219,0.001827712738057002
Adgrf5,-0.056127635226088386,0.0018208389736916444
Pomgnt1,-0.05613232362210777,0.0018195616115260938
Jag1,-0.05614587130244861,0.001814132294678704
Acsl5,-0.05615050634541495,0.0018125178742352738
Eif2a,-0.056172632788677936,0.001803460550215642
C430049B03Rik,-0.05617647737159087,0.0018021904649923946
Wdr62,-0.05620907251570903,0.001788762788440642
Pex14,-0.056219069199056386,0.0017849122100399724
Gm16006,-0.05622161538503521,0.001784200203468945
Inhbb,-0.056240021888561,0.0017768321790454411
Cdc14b,-0.05624173854888797,0.0017764706256003936
Atl3,-0.056264987847478125,0.0017674683878591436
Itch,-0.05627776469207315,0.0017625039965308569
Slc25a13,-0.056281181464996166,0.001761438530887201
Stmn2,-0.05629709605853523,0.0017551896863755823
Etfa,-0.056315043493449096,0.0017484747180471743
Cldnd1,-0.0563362704993434,0.0017404352562015838
Dstyk,-0.05635851219653554,0.0017316655867158977
Fbxl20,-0.05637601834096639,0.0017248660810286393
Usp15,-0.05640131187467916,0.0017149317494326035
Elf4,-0.056449189733114996,0.0016959669932863825
Hspa13,-0.0564561303682131,0.0016935262673834902
Fhl2,-0.05646963901993705,0.0016884625869879098
Clic5,-0.05647445072857282,0.0016868816117639207
Ydjc,-0.05649137237311779,0.0016804781551645472
Plaat1,-0.05651062993799851,0.0016735096421470474
Ciao2b,-0.05651389294744733,0.0016725550046645117
Brd8,-0.05652049052403907,0.0016702813529436305
Ube2f,-0.05652119724076723,0.0016702813529436305
Aptx,-0.05655106164230455,0.0016592351463900477
Hmox2,-0.05655614290036066,0.0016575738473357548
Hoxc9,-0.056568049148784286,0.0016532378458773442
Bag6,-0.05656888381219871,0.0016532378458773442
Cpsf7,-0.05657487923697395,0.0016512318603380935
Aldh18a1,-0.056586260933348946,0.0016471161034270353
Spop,-0.056587932336096936,0.0016467969793343995
Apol7a,-0.056593145398384406,0.0016450959771134891
4833420G17Rik,-0.056615615204437905,0.0016370164024763208
Ipmk,-0.05663852932622466,0.0016284718688021696
Alg1,-0.05665225054528155,0.0016235072110940402
Rrp9,-0.0567063568027326,0.001603109788099076
Smc2,-0.056713040963912664,0.0016008910806237324
Trim27,-0.05674680646259369,0.0015890651090149073
Saysd1,-0.056760247070355305,0.0015843178857164277
Foxp1,-0.05678888876465557,0.001574203706001949
Dpp8,-0.05679469355580126,0.0015723510670323175
Cdk5,-0.056803836472557365,0.0015692538655365375
Mmp14,-0.05681500915571824,0.0015654061686034974
Gm45397,-0.05683031932515097,0.001560347501026632
Igbp1,-0.05683299257071415,0.0015596721111232944
Arfgap1,-0.05685184896881766,0.0015530030228002446
Fam45a,-0.056866901405926595,0.0015477618553077584
Sptlc1,-0.05688437976509519,0.0015416460885726104
Atpsckmt,-0.05688618850248279,0.0015412955741125648
Dpf2,-0.05688979045558451,0.0015402871028667524
Sec31a,-0.05690691384748152,0.0015343285391219393
Rab8a,-0.056948210268041616,0.0015196095100607201
Tbc1d7,-0.05695111046733025,0.001519177617243793
Sbf1,-0.05696596692204822,0.0015144219344141387
D030056L22Rik,-0.05698046183702977,0.0015098103536937478
Ndufv3,-0.056983561979587594,0.0015090017695026325
Tm9sf1,-0.056992455845253386,0.0015061103273820476
Galnt4,-0.05701194082196044,0.0014997352943212322
Ilrun,-0.05702425051068464,0.0014959456152180582
Rec114,-0.05703945698007252,0.0014911332291654214
Kansl2,-0.05705243687134823,0.0014871258619181791
Sbno1,-0.05707570245232689,0.0014791866328762902
Pon3,-0.057091535651914105,0.0014743046430339777
Rbm10,-0.057105890576257375,0.0014697555877461893
Ebag9,-0.057108020088667215,0.0014693080894861476
Idh3a,-0.05711156914437153,0.0014684693653565827
Kctd11,-0.05711169993780818,0.0014684693653565827
Ubb,-0.05711207057052415,0.0014684693653565827
Gm45338,-0.057151485515872784,0.0014556052938892732
Brdt,-0.05715318564199383,0.001455311403991843
Akr1b8,-0.05715751159452596,0.0014541039986271298
Polr2i,-0.057159669351772906,0.001453651334509643
R3hdm4,-0.057167911054608306,0.0014513826099139288
Tmem17,-0.057168809773553105,0.0014513679820723404
Sephs1,-0.05721290774295451,0.0014364250577889657
Azi2,-0.057228427647925455,0.0014313904264097541
Alg8,-0.05724266647135382,0.0014268099764845042
Zfp646,-0.0572564776475249,0.0014226807228230503
Setd7,-0.05725901552846149,0.0014221077238447117
Rchy1,-0.057273863495763105,0.0014173479975503054
Rnaseh2b,-0.057297789218457275,0.0014106909477052446
Pgpep1,-0.057310311988934146,0.0014067508723649273
Clcc1,-0.057365122601544936,0.0013886612894286217
Lyar,-0.05737233237534068,0.0013865455351592382
Birc6,-0.05738758506929195,0.0013823506786698578
Fer,-0.057424771728088644,0.0013706057249643542
2610301B20Rik,-0.05742531651071153,0.0013706057249643542
Pde6d,-0.05744673839220074,0.0013645147808085028
1700021F05Rik,-0.05750370685447582,0.0013462325070570241
Cenpt,-0.057522887709354265,0.0013405880519224845
Adamts19,-0.05754481052596878,0.0013338100523467345
Cnnm4,-0.05755330755227976,0.0013313596667545902
Morn2,-0.057565202926355336,0.0013283746821342792
Gm48933,-0.057573370008202805,0.0013260389832065466
Tmem41a,-0.05760280311242793,0.001317216905870705
Atp6v0b,-0.05762571637276327,0.001310236209394016
Zfp275,-0.057629000218104284,0.0013094702314460625
Clec2l,-0.05763296267085964,0.001308490705633839
Apeh,-0.057674324178656575,0.0012960444462006785
Prpsap1,-0.05771363853595159,0.0012841735252339627
Cdc42bpa,-0.05773636546317083,0.0012775820777800955
Lamb3,-0.05777350546460164,0.0012664389767155257
Tmem175,-0.0577845743770392,0.0012633189894487571
B4gat1,-0.05780060552009859,0.001258696231338973
Xpo6,-0.05782177568994851,0.0012525326235760176
Mb21d2,-0.05782289947266264,0.001252451669611998
Sft2d3,-0.057826518245176234,0.0012516157583690043
Tom1,-0.057835751889361624,0.0012490838740706785
Nacc1,-0.057838168370827586,0.0012486129672633572
Tubg2,-0.05785376461529128,0.0012446868987145447
Abtb1,-0.05787884771131722,0.0012376718777425378
4933434E20Rik,-0.057909113778921883,0.0012291510012319528
Arhgap21,-0.05791436207611956,0.0012278453799197562
Zfhx3,-0.05791494986426439,0.0012278453799197562
Angptl7,-0.057953882723319416,0.0012169103754380369
Zfp365,-0.05795403406627922,0.0012169103754380369
Akirin2,-0.05795970475263646,0.0012157004162829696
Erlin2,-0.05796503080225262,0.0012143853192788535
Zfp266,-0.05799238069293818,0.001206615758822937
Ypel3,-0.05801521275951328,0.0012002063743072713
Dync1li1,-0.05802245809792794,0.001198349139275373
Clmp,-0.0580485217087566,0.0011915423005938685
Adam17,-0.05806030144222685,0.0011883897480485614
Gtf2e2,-0.058061208969149083,0.0011883753692792198
Sergef,-0.05806251518115746,0.0011882461096205713
Gm16286,-0.05806317407011554,0.0011882461096205713
Sptlc2,-0.05806784861677903,0.0011872037955869758
Sdc3,-0.058088243128744985,0.0011818353282788854
Wdr45,-0.05809291195650083,0.0011807428844930546
Kin,-0.05813895658035651,0.0011681033787198957
Pin4,-0.05814360748015758,0.0011670278286853779
Prkrip1,-0.05815007378709719,0.0011656822202119486
Ext2,-0.05815312033206008,0.0011650628197864316
Sp3,-0.05817912271664706,0.0011584500989529416
Dnaja3,-0.05818606789732581,0.0011567377809995815
Fam172a,-0.05819623945154997,0.0011541223254185994
Ppp4r3b,-0.05822315207620635,0.0011470739676196745
Atp6v0a2,-0.05825085908258009,0.0011398454485121643
Zmat5,-0.058262215008210716,0.0011369379205484625
Rbmxl1,-0.05830922365606724,0.0011244721018834798
Safb,-0.05831977281083091,0.001121821561745046
Anapc10,-0.058333718879494435,0.0011184851291747414
Gnl1,-0.05835477683940232,0.0011134602460857756
Wdr11,-0.05836756058058824,0.0011104616866581187
Fhod3,-0.05840019715205683,0.0011023540303683002
Zfp397,-0.05840334811846872,0.0011017382394471471
Tmem222,-0.05841895662670211,0.0010977822292531961
Ccdc28b,-0.058432565678855915,0.0010943732056921268
Tarbp2,-0.05845573443649776,0.0010884318042930514
Mtf1,-0.05847295432776365,0.0010843213704110981
Egln3,-0.05850429171330742,0.0010763285476157022
Nop56,-0.05850534169513063,0.0010763285476157022
Bfar,-0.05851342675233158,0.0010745593951390947
Dpagt1,-0.05853195728378396,0.0010701551668979893
Rhno1,-0.058537270892272314,0.0010689911890870184
Pcif1,-0.05855282161549705,0.0010651600380720723
Iscu,-0.058555237737360724,0.001064755000871086
Ggnbp2,-0.058562851008724146,0.001062998790620887
Tor1a,-0.05858084101208505,0.001058556099401347
Fcer1g,-0.058601123187090855,0.0010535398941317743
Rab5a,-0.05862503563033568,0.001047614898605945
Kctd1,-0.05863107355490686,0.0010462883507552606
Elmo1,-0.05864929026435501,0.001042072461522901
Cldn3,-0.058700094171306325,0.001029839013376087
Tufm,-0.05874436116595088,0.0010189423756245717
Slc4a7,-0.058762307518559535,0.001014896651641535
Stox2,-0.058763622831148506,0.0010147833241700413
Zfp787,-0.05877514412770121,0.001012133612625647
Sharpin,-0.058795576572943944,0.0010072859726399314
Col22a1,-0.05886148395308901,0.0009921683767812367
Eif2ak1,-0.058877035453350456,0.0009885947085097938
Usf1,-0.05888799774561059,0.0009861443289233562
Cdk13,-0.058908941295688744,0.0009814971913356773
Dgcr8,-0.05890973236428046,0.0009814971913356773
Ccdc47,-0.05892081462188147,0.0009792580952275678
Rab3gap1,-0.05892282337292782,0.0009789817530047751
Slmap,-0.05906279217811705,0.0009472400281667552
Gm7361,-0.05906307218299263,0.0009472400281667552
Ei24,-0.05907482796811569,0.0009450361846498943
Babam1,-0.05910763059820177,0.0009378250276452811
Qk,-0.05911731918106097,0.0009357862364260518
Kera,-0.05912217604092389,0.0009348646681378236
Limd2,-0.05914441856987356,0.0009299483100305481
Gnpat,-0.05915581141343812,0.0009275355043461728
Apol9a,-0.059179933061657225,0.0009222274407073268
Smim10l1,-0.05918522391420669,0.0009212196677454282
Snhg17,-0.059209688222635455,0.0009158679119900005
Tusc2,-0.059218545305341014,0.0009140614065061031
Cbwd1,-0.05922052068066314,0.0009138098081942265
Cdc34,-0.05923068965973059,0.0009119055019083601
Eif2b3,-0.0592327103589443,0.0009116443338721329
BC004004,-0.059246089103672406,0.0009090233491844342
Rabggtb,-0.05925722963383636,0.0009067178696325651
Smim8,-0.05927991345662943,0.0009018415435594566
Cetn2,-0.05936019942649019,0.0008843006093122837
Ift22,-0.059367132694718716,0.0008831606702317997
Ncaph2,-0.059406399715973064,0.0008749901510328664
Tbrg4,-0.05942811526582738,0.0008706679357508167
Mettl21a,-0.05944251677011655,0.0008679173363178023
Shmt2,-0.059488863388410404,0.0008583904669472028
Ahsa2,-0.05949444310195179,0.0008573866417254799
Cep170,-0.05951188115248493,0.0008542337522111447
Trim11,-0.05956982851912747,0.0008423989161243339
2610001J05Rik,-0.05957543068485094,0.0008415876945116321
Trappc2,-0.05958431215390272,0.0008399134842414664
Lancl2,-0.059599272262360795,0.0008371569505619273
Ndc1,-0.059624751649077205,0.0008324093292967209
Adgre5,-0.05962588313204105,0.0008323534458269281
Dcakd,-0.059644080038662915,0.0008289531917893021
Alkbh1,-0.05965545222876333,0.0008267905628542804
Pstk,-0.059684188382295465,0.00082160867137889
Rhog,-0.05970682517878455,0.0008173464196428932
Fuom,-0.05975205083354319,0.0008083731571245527
Rmdn1,-0.05975640731910583,0.0008076702035879738
5033421B08Rik,-0.059814089029658256,0.0007968344534768122
Cog4,-0.05982079360141849,0.000795675241918593
Sco2,-0.05982248443635673,0.0007955108977202723
Ift46,-0.05982355495074404,0.0007954695669958245
Gfra4,-0.05982417468578503,0.0007954695669958245
Scaf1,-0.059837383106823364,0.0007930737151297117
Ppp2r3d,-0.05986520282158967,0.000788609520372007
Pex16,-0.059868495324595865,0.0007881319508733878
Pkp4,-0.05988300021068565,0.0007854552768800681
Maf,-0.05988467738515159,0.0007852958449861929
Cox7a2,-0.059911394724595946,0.0007802472031530486
Tbpl1,-0.059926621316142556,0.0007774555538527329
Ngly1,-0.05993632286052006,0.0007759095795731757
Adora2b,-0.059953180890305866,0.0007728176068204771
Cxcl3,-0.05995697747673859,0.0007722518437943793
Ascc2,-0.05999616614760889,0.0007652250346031935
1500011B03Rik,-0.06001887614506083,0.0007610590989025206
Phkg2,-0.0600205103925782,0.0007609958783818924
Atg4a,-0.060024304038743294,0.0007605197027746844
Zbtb43,-0.06003157117456848,0.0007593034724933206
Nucks1,-0.06009805948208935,0.0007471047274758541
Fuca2,-0.06010329656647975,0.0007462875729694872
Cdr2,-0.06011278608308791,0.0007446783375547242
Xpot,-0.06011859660757767,0.000743756933374315
Gnl3l,-0.060134969835117305,0.0007408749785622131
Plb1,-0.06015027648831419,0.0007383603342201401
Sc5d,-0.0601522580782461,0.0007383135112567796
Ranbp3,-0.0601526137894642,0.0007383135112567796
B3gnt9,-0.06015540161128639,0.0007380520249254953
Lpcat3,-0.06016738527120765,0.000735999557680618
Cenpm,-0.06021052312224249,0.0007284028377018902
Hspb8,-0.06023675543697006,0.0007239422070237608
G430095P16Rik,-0.06023707890706925,0.0007239422070237608
Pclaf,-0.06023968810101067,0.0007237238304495051
Nsrp1,-0.060257988435532095,0.000720566241351314
Zfp654,-0.060283695793709964,0.0007162449264443168
Lims1,-0.06033223816759054,0.0007078781078496904
Wdr77,-0.060337285591869634,0.0007071350093065084
Psrc1,-0.06034519007142981,0.0007060393409521669
R3hdm1,-0.060351925952914186,0.0007049990563488539
Slk,-0.060355962722221886,0.0007044376587272391
Gstp1,-0.060408634793172315,0.0006954777003660999
Txndc15,-0.06046199113078621,0.0006865064891226979
Phka2,-0.06048494043836637,0.0006827020803290056
Coa7,-0.060502645032767685,0.0006798144354383553
Abhd16a,-0.060520710838470895,0.0006768766717461631
Dexi,-0.06052312769666114,0.0006766121408088559
Tmem199,-0.06052653931053873,0.0006761783240426348
Rnpepl1,-0.060535486925618914,0.0006749503105847658
Setd5,-0.060554000015977424,0.0006719565052884736
Rsf1,-0.06061999152928022,0.000661304353958884
Tmem184b,-0.06066210515466692,0.0006546016920367336
Dusp28,-0.0606729825403068,0.0006530922352674332
Wwp2,-0.06068174825614,0.0006519208570031006
Washc4,-0.06072044468421458,0.0006458770538080337
Arpin,-0.06073729243674447,0.000643274868161534
Slc24a5,-0.06073753935769866,0.000643274868161534
Ngf,-0.06075893527619004,0.0006400465562526129
Ypel5,-0.06076987461027215,0.0006385586850992603
Phb,-0.06078396902548463,0.0006364269706221526
Actg2,-0.06078756725961195,0.000635987422412359
Rnf215,-0.06080913325392874,0.0006326672859412205
Wapl,-0.06082440711574267,0.0006303659307482098
Ube2c,-0.06083558690220103,0.0006287233093540865
Rdh10,-0.06089580805089555,0.0006193485398464019
Rab35,-0.06091589513859548,0.0006166109007626224
Coa5,-0.060929805754923703,0.0006145765820747914
Gripap1,-0.06093277827285055,0.0006142485461074318
Ppp3cc,-0.06093654832435929,0.0006137966533401976
Prc1,-0.060950019883412275,0.0006119733241427251
Tspan15,-0.06095507660309022,0.0006113236673593824
Odr4,-0.06096339127158367,0.0006101706044962385
Ubald1,-0.06097432046399387,0.0006087496822116747
Fbxw7,-0.06103251433119527,0.0006000945801798828
Impa1,-0.061037437897144844,0.0005994770210308179
2200002D01Rik,-0.06104032603217572,0.0005991694709525447
Qsox2,-0.06104923049294869,0.0005979484313511415
Cyth1,-0.061061869638879926,0.0005961643108926766
Pradc1,-0.061100595974048405,0.0005907204942232031
Spata13,-0.061119334712905184,0.0005880446993996956
2700062C07Rik,-0.06112415586759506,0.0005874541089368934
Mcat,-0.061127626893223916,0.0005870654481713956
Cul4a,-0.06121573430646243,0.0005744398813462933
Erc1,-0.061217952533789984,0.0005742422645047093
Derl1,-0.061219612603239104,0.0005741262608718473
Rragc,-0.061230277956975686,0.0005727262307950242
Hadhb,-0.06124758711463679,0.000570448144701214
Ss18,-0.0612477710993737,0.000570448144701214
Mia2,-0.06129381293813314,0.000564129088511846
Ccdc88a,-0.06130113950599325,0.000563201532343916
A630023A22Rik,-0.06131503810902858,0.000561334721970648
Pwp1,-0.061325422273818,0.0005599750129929244
Daglb,-0.06133718830223665,0.0005584216887883511
Las1l,-0.06134475110150991,0.0005574693894851256
Bloc1s3,-0.061350419180306565,0.0005569105409650721
Prpf38b,-0.061367225553340926,0.0005547745573869385
Usp4,-0.061394746753104246,0.0005512598800023143
Uhmk1,-0.06140881063117669,0.000549407089216526
Gm43848,-0.06140888107965617,0.000549407089216526
Slpi,-0.061480544505766836,0.0005399157466512258
Lpin2,-0.06148333592557638,0.0005396504581022095
Eprs,-0.061488131246437906,0.0005391092844039553
Micu1,-0.061488802924538545,0.0005391092844039553
Rangap1,-0.06150423269447046,0.0005372533638930512
Ftl1,-0.06153094708129841,0.0005337163996963363
Golph3,-0.061535863414834684,0.0005331643568082482
Fubp3,-0.061584605686361225,0.0005267939255846291
Klrg2,-0.06160042953569444,0.0005248985976293392
Adarb1,-0.061648881291467894,0.0005186595688114724
Stk36,-0.061675268228413176,0.0005153954485005857
Fbxw4,-0.06169843451920747,0.0005124595292906146
Wbp4,-0.06170157227748079,0.0005121615072432738
Nup93,-0.06171727695431728,0.0005102177769081879
Kdm2a,-0.06172632359990935,0.0005091492483304311
Trmt1,-0.0617709445183762,0.0005035808705480923
Gga1,-0.061776661502209694,0.0005029548243646697
Cmtm3,-0.06178820396525114,0.0005015793041378276
Tmem154,-0.06179625994313757,0.0005007665408068146
Ube2w,-0.061817107728458165,0.0004984274185792065
Kpna3,-0.06183095980544982,0.0004967689112762378
Tssc4,-0.06185907709675654,0.0004933050649300531
Eml6,-0.06196941434999379,0.00047983155281553153
Tmem230,-0.061969585202103605,0.00047983155281553153
Rnf149,-0.06197434080874303,0.00047943773993290427
Bnip1,-0.06199853266809862,0.00047656888396710315
Ebpl,-0.06200027783175508,0.00047646125893122923
2310061I04Rik,-0.062005485021196495,0.00047592940195055947
Gm14055,-0.062009517802661375,0.00047554184900880435
Zc3h18,-0.06202387583571401,0.0004738932603297454
Baiap2l1,-0.06207667531789685,0.0004675969138029827
Isl1,-0.06209329009517053,0.00046570329026863707
Dbt,-0.0621151102404307,0.0004634021398950845
Rnaseh2a,-0.0621285372077704,0.0004619040182957552
Gtf2h3,-0.06216489827848549,0.00045769479874293445
Gpatch4,-0.06222696417639157,0.00045052192751468437
Trim3,-0.06223353633083312,0.0004498586698140881
Rpl27,-0.062251249288597196,0.000447905582675684
Mapk6,-0.06225341502300959,0.0004477553519845847
Ciao1,-0.06225695237155206,0.00044744661181741254
Glrb,-0.06225878840187924,0.00044733466032893365
Pir,-0.062266146820088034,0.0004465851230878335
Prkch,-0.06227006141464532,0.00044623368252001293
Pop1,-0.06229434956418483,0.00044364045483978354
Scml4,-0.062302586048788,0.0004427962393951641
Dhx40,-0.062320392973573405,0.00044096022817816344
Mad2l1bp,-0.06232264956402785,0.00044080194356874283
Tfip11,-0.0623654096786529,0.00043624712119615664
Lemd2,-0.062387929842448675,0.0004339070541133781
Creld2,-0.0624012362446871,0.0004326095314426246
Tmub1,-0.06243550979157882,0.00042907657244347676
Dtd2,-0.06255219777945038,0.00041657295812260435
Selenok,-0.06255910355138618,0.00041592086788600684
Erfe,-0.06258586761420802,0.0004132280333525422
Mfsd9,-0.06259390260104598,0.00041255292988202566
Tnpo2,-0.06260683661442165,0.00041126257632052247
Ogfod3,-0.06261318469028881,0.0004106778110937639
Gcnt1,-0.06262978459251217,0.00040900335555714125
Yaf2,-0.06263715778729824,0.00040831287415558795
Usp24,-0.0626439658965776,0.0004076833423085256
Lcmt1,-0.06266219955510383,0.00040593967011328004
Akap13,-0.06266539822386345,0.0004056939757196648
Angptl6,-0.06267750876516419,0.0004045104019145177
Kirrel,-0.06270421330230531,0.00040189339283829993
Nme7,-0.06273850870981552,0.0003984145483615283
Pkdcc,-0.06276578654398896,0.0003956861295393112
B830012L14Rik,-0.06278228691634907,0.0003940794660384723
Mrpl1,-0.06281755822990287,0.0003906534534391396
Cdc42se1,-0.06285092996538101,0.00038744722382480897
Dusp11,-0.06286213211995494,0.0003864052752561461
Ano10,-0.06286232720185554,0.0003864052752561461
Fam160b1,-0.06287666024154125,0.00038511921912247994
Cenpa,-0.06288528210532512,0.0003844287297399418
Adsl,-0.06288958263185665,0.0003840849806102331
Lnx1,-0.06289509320963761,0.0003836204764501561
Fmnl1,-0.06289891591433003,0.0003833251863569391
Neo1,-0.06290389568064791,0.0003829145669963407
Atg9a,-0.06292531051340201,0.00038095462161416685
St6galnac6,-0.06293327723138413,0.0003802499893790059
Ppp2r1a,-0.06294230112841316,0.0003794419098586945
Sfn,-0.06295169055018346,0.00037859933597428515
Gle1,-0.06296248590388706,0.00037761993702538615
Apol9b,-0.06299715340534334,0.0003743878000570359
Pde7a,-0.06300435052632872,0.000373769737633473
Mapk9,-0.0630388745558993,0.0003705825326749113
Tbc1d9,-0.06304059060925647,0.00037050064869561524
Mafg,-0.06304343201775998,0.00037030988974745544
Tnks1bp1,-0.06306263041054629,0.0003685979996708224
Myo1e,-0.06308492662217996,0.0003668994723295624
Vps13b,-0.06310033229108575,0.0003655077008926298
Slc38a10,-0.06310235852625774,0.00036539733984549425
Gm17501,-0.06310570148834307,0.000365161252731131
Knstrn,-0.06312024938982266,0.0003638573281362064
Fgf18,-0.06312037524502469,0.0003638573281362064
Fbxl6,-0.06313831462759965,0.0003623069133264769
Trappc11,-0.0631393463459523,0.00036229177550272323
Gm43154,-0.06316897009898631,0.00035957578593195157
Ccl9,-0.0631879976423011,0.00035787064333497556
Ranbp10,-0.06320280587997308,0.00035664838466571523
Auh,-0.06321095720805579,0.0003559690620275126
Ahi1,-0.06321551762010419,0.0003556253333139973
Ppp3cb,-0.06324855815930626,0.00035272113598142465
Tbc1d17,-0.06326060076134338,0.0003516899775886763
Lias,-0.0632760885502848,0.0003503450708024187
Slco2a1,-0.06328988176151877,0.0003491601348313391
Def8,-0.06333415844621935,0.00034536530092203944
Hdac4,-0.06334316361747112,0.00034462902460823694
Nucb1,-0.06335309647441249,0.00034381050603646263
Zbed5,-0.06339358500116223,0.0003402530179373429
Plekhj1,-0.06340007837863136,0.00033975107905016654
P3h3,-0.06342805771760422,0.00033734028275125957
Sept6,-0.06343362864500697,0.00033692405174452896
Lrch3,-0.06344453523872301,0.0003360367735478191
1110012L19Rik,-0.06349529289934919,0.00033173433362714276
Degs1,-0.06351082594055786,0.00033045751300833133
Ppcs,-0.06353662811997096,0.0003282969735218626
Copz1,-0.06354084128642234,0.0003280084450601114
Hnrnpu,-0.06354118683357904,0.0003280084450601114
Borcs6,-0.063544273540021,0.0003278628138898676
Sf3b3,-0.06360155225994468,0.00032302940290050345
Prkab1,-0.0636306375942973,0.0003206371538828093
Acbd3,-0.06365086300765115,0.0003190058198172401
Tatdn1,-0.06366971955530364,0.00031749688531142113
Nup43,-0.06367208462588864,0.0003173719137526017
Shld2,-0.06368016709260521,0.0003167690617152655
Cbr4,-0.06369860639154917,0.00031530480007007787
Ccdc58,-0.06371006970651309,0.0003144974521341657
Ssbp1,-0.06373086191380418,0.0003128487743067669
Hand2,-0.06375567751968791,0.0003108778831939107
Mrps25,-0.06377166020490035,0.00030964010230314075
Pus1,-0.06377221758346238,0.00030964010230314075
Idh1,-0.06378563045141955,0.0003086420310175478
Wbp11,-0.06381170472107216,0.00030659415949192383
Slc37a3,-0.06381177134488072,0.00030659415949192383
Cuedc2,-0.063812486534603,0.00030659415949192383
Kank2,-0.06382823103969888,0.0003056103967527386
Sirt6,-0.06384738572811248,0.00030420749194887543
Nudcd1,-0.06388396293177397,0.00030134914861335217
Atg13,-0.06388589919216395,0.00030126442590303434
Exoc6b,-0.06390190750359903,0.00030019942727465724
Prpf38a,-0.06395560254804904,0.00029603210859521637
Pmm2,-0.06397524085628513,0.00029463297059779866
Ankrd39,-0.06406767243419893,0.000287636907856487
Chsy1,-0.0640759461296365,0.00028707292239373044
Rars2,-0.06412892458495133,0.00028313175767712595
Zfp511,-0.06415781475027861,0.0002810337433582065
Prdx4,-0.06415902709186859,0.0002810083578988379
Lasp1,-0.0641599325483503,0.00028100588493792206
Slc7a1,-0.06416993873431717,0.0002803901329741987
Gatad2a,-0.06417801324283645,0.00027991925724370605
Dolk,-0.0642009662606711,0.00027828228514558925
Rspry1,-0.06420288157916225,0.00027820523307308043
Nom1,-0.06420513159423144,0.00027810348175469785
Atp5h,-0.06423833094151818,0.0002757885792787845
Atp8b2,-0.06424315917087194,0.0002754987904608249
Tm2d3,-0.0642548625485198,0.00027470670869541013
Msl3l2,-0.06426908416316314,0.0002737334043210996
Fkbp15,-0.06427468832673754,0.00027338924270596716
Baiap2,-0.0643062857247006,0.00027129003413562996
Birc5,-0.06433854420933317,0.00026903349855815484
Fastkd2,-0.06435899058219666,0.0002676352248446874
Atp6v1d,-0.0643640452195655,0.00026733742577753674
Vwa1,-0.06438925602643758,0.0002656719871832266
Ftl1-ps1,-0.06441648399864595,0.00026381302531039007
Odf2l,-0.06445970254054348,0.0002608518420668127
Ndufs1,-0.06446478357694897,0.00026055932545834864
Gpank1,-0.06448740640165283,0.0002590522190043892
Wdr20,-0.06451470944140701,0.0002572918401130588
Mrpl3,-0.0645203287276223,0.00025696618401445295
Pomt2,-0.06452039116669162,0.00025696618401445295
Rnf14,-0.06453001639952323,0.00025642218729899193
Pigq,-0.06453316845141278,0.0002562663107711856
Arf4,-0.06454571901845466,0.0002554687456360423
Bcl2l12,-0.06455397348702943,0.00025496583874255366
Oxld1,-0.0645669152040862,0.0002541455481178765
Aar2,-0.06456904015594173,0.0002540606803196958
Kazn,-0.06457024102408306,0.00025403853909344214
Lmbr1,-0.06457222181204526,0.0002539635061998852
Mto1,-0.06457283085256402,0.0002539635061998852
Tfam,-0.06457415870016864,0.00025395083061597137
Zc3h13,-0.06457960803634472,0.00025364076235764605
Tmem209,-0.06458457515382719,0.0002533636927503353
Kcnn4,-0.06458547633864853,0.00025336195940740846
Gstz1,-0.06459356636167202,0.0002528741333558114
Rab15,-0.06461716998949497,0.00025134307810411476
Add3,-0.06461850720847438,0.000251312084318338
Fam219b,-0.06462942020920767,0.0002506388001397345
Zfyve16,-0.0646341937201204,0.00025037781535289987
Vars,-0.06463666980371469,0.00025027075536354946
Eif2ak3,-0.06472675884208991,0.00024436898607152084
Frk,-0.06475234165247053,0.00024281484022186845
Abhd14a,-0.06476569242200637,0.00024200501687519847
Ago2,-0.0647869265191679,0.00024068892902429
Mast4,-0.06481789006500284,0.00023892439413911542
Tbc1d10b,-0.0648203728420193,0.00023882152334992563
Net1,-0.06482303165393528,0.00023870744138128453
Htatip2,-0.06483049561739822,0.00023834229546249253
Sh2d4a,-0.06483821474669366,0.00023796143182268662
Zfp106,-0.06484601165858139,0.00023752036021984851
Set,-0.06486097141656554,0.00023662512238989704
Fxr1,-0.06487677562778164,0.00023567968263926684
Emd,-0.06492019224557269,0.00023311461722429493
Lrrc14,-0.06495765839154498,0.00023089030246624983
Spc24,-0.06496576334830158,0.00023044256152323928
M6pr,-0.06496719988793874,0.00023044256152323928
Edil3,-0.06497217048098544,0.0002302090401357282
Panx1,-0.0650036883830459,0.0002283756731062053
Ssbp4,-0.06502021566255028,0.00022741720227746897
Atg12,-0.06502660128589481,0.0002270807728027117
Pofut2,-0.06503087228619134,0.00022687374903964676
Hgsnat,-0.06506514891428772,0.00022484547880709837
Pcgf3,-0.06506804796882006,0.00022472328495990837
Adipor2,-0.06507141157530005,0.00022457310075823167
Me1,-0.06508853866658648,0.00022359363189904176
Iah1,-0.06509443052271337,0.00022329222746829533
Tmem238,-0.06510860687308874,0.00022249464896059354
Mlycd,-0.06513326675294787,0.00022107500887458961
Ankzf1,-0.06515436491562314,0.00021987472197270485
Larp4b,-0.06516087465341346,0.00021954152248142498
Dctn1,-0.06522700335025845,0.0002158687575420841
Bysl,-0.06524051554439508,0.00021513477968233109
Sec24b,-0.06524736564036784,0.00021478866644094615
Ubfd1,-0.06525699516075627,0.00021428241496112863
Baz1a,-0.06527203543247578,0.0002134655382801364
Megf8,-0.06527488642138513,0.00021335200146618168
Cul3,-0.06531438925111545,0.00021119018892199368
Opn3,-0.06531440112026055,0.00021119018892199368
Urod,-0.06533704294610643,0.00021000230535362784
Spns1,-0.06535273710305972,0.00020916392601140046
Hist1h1c,-0.06537454088953816,0.00020798520054872644
Phf3,-0.06537618218998999,0.0002079423682205101
Trnau1ap,-0.06537977165658002,0.0002078395290923926
Dnajc8,-0.06540132053318434,0.00020668208834807175
Mrpl10,-0.06540166434162521,0.00020668208834807175
Camk4,-0.065405652194078,0.00020653844304495875
Oaz1,-0.06542017435740634,0.00020577832232537472
Caprin1,-0.06545836365747193,0.0002037130325948115
Mast2,-0.0654734740533064,0.00020297873557443522
Pdgfa,-0.06553043332341488,0.00019996932660309305
Pbx3,-0.06554118955346692,0.00019943533231860032
Ppil1,-0.06554271929803282,0.00019940022328086916
Cdk7,-0.06555716333696414,0.00019871650399788917
D5Ertd579e,-0.06558274234880318,0.00019739153011151555
Ebna1bp2,-0.06560714439449979,0.00019613746552978061
1810058I24Rik,-0.06560974445624515,0.0001960460437370318
Rfxap,-0.06561975242747659,0.00019556163034215867
Ppp2cb,-0.06563144391563643,0.00019498934118352955
Ddx42,-0.06565344004359604,0.00019387615976232162
Nle1,-0.06567184289873051,0.00019300303312965928
Cnot1,-0.06568300170587656,0.00019251160962431967
Borcs8,-0.06568368460888231,0.00019251160962431967
Loxl3,-0.06568787612153659,0.0001923490781345844
Wbp1,-0.06568928296642759,0.000192321629842072
Rdh14,-0.065690171994399,0.00019232121257190918
mt-Nd5,-0.06577689491268723,0.0001879360654918066
Cpd,-0.06578725943038292,0.0001874524826316723
Wdr45b,-0.06580500358334934,0.00018659552225762298
Gtpbp10,-0.06581671710359471,0.00018604697854422253
Anp32e,-0.06584031459537205,0.00018494589617944128
Vps4a,-0.06592634501002612,0.0001807542085821348
Dcaf13,-0.0659330052107544,0.0001804700255837129
Nectin1,-0.06594872264198104,0.00017974246433935423
Btbd19,-0.06595739285710887,0.00017936158661928435
E2f3,-0.06598087791605754,0.00017830343055464217
Nup50,-0.06599039591587624,0.00017788435242565027
Akr1b3,-0.06600934967583098,0.0001770104757168609
Sil1,-0.06605204299545021,0.0001750883518269363
2810408I11Rik,-0.06608728215523654,0.00017349687113087428
Aimp2,-0.06611642510337354,0.00017216399657338848
Prmt3,-0.06613899427131681,0.0001711888772945189
Btf3l4,-0.06614895220318147,0.0001708062092651239
Spg7,-0.0661699300958941,0.000169871336055321
Stk39,-0.06622620290173022,0.00016731963877944362
Rab14,-0.06627032101478456,0.00016543279695056782
Cfap298,-0.06628032684470768,0.00016506014806481323
Ten1,-0.06628369569774817,0.00016498761459210156
Mrps28,-0.06628702676923101,0.000164877081083982
Ptcd2,-0.06628766397407898,0.000164877081083982
Myg1,-0.06629820622649853,0.0001644925414451389
Zcchc17,-0.0663132922180671,0.00016385441435099382
Gm32219,-0.06633082397574355,0.00016310939292078606
Pdzrn3,-0.06634319544689832,0.00016259714822732286
B9d1,-0.06635983375975744,0.00016193626257559444
Dagla,-0.0663954526180128,0.00016044149993536081
Pam,-0.06640396995283293,0.0001601062008040514
Sik3,-0.06640611260883537,0.00016005092048032002
Nudt16l1,-0.06643947279023792,0.0001586708675356208
Fryl,-0.06646724324744631,0.0001575053042382055
Bckdha,-0.06654995784711171,0.00015408232950338667
Psmd5,-0.06655032821357668,0.00015408232950338667
Exosc3,-0.06655453789986056,0.00015396325272755488
Vps35l,-0.06655746165095602,0.00015387697746589685
Dnajc5,-0.06659906135069328,0.0001522763044119405
Snrpe,-0.06663694109072359,0.0001507358068886755
Hacd1,-0.06671170559449965,0.00014773946649506627
Miip,-0.06671991766596948,0.00014744174788496115
Hax1,-0.06672011065679995,0.00014744174788496115
Rbms2,-0.06673258593230737,0.0001469999272346016
Gfra2,-0.06675713551998581,0.00014604520674455616
Trnt1,-0.06679922016577022,0.00014439713694638378
Rnf26,-0.0668123626621895,0.00014391014843188104
Coasy,-0.06683821828068641,0.0001429229914517657
Slc25a17,-0.06684727015211,0.00014260145407799053
Smc3,-0.06686148872156455,0.00014207804047859163
Aldh3b1,-0.06687712712108287,0.00014150102373290918
Dnaja2,-0.06688111703464081,0.00014137979249061538
Klhdc4,-0.06689018096327418,0.00014106108308258592
Tafa2,-0.06690490229453909,0.0001405577681145982
Kpna4,-0.066937942482763,0.00013934979548832984
mt-Nd2,-0.06694497131066991,0.0001391135702465764
Ywhaz,-0.06696186281532733,0.00013850003858215565
Rrp8,-0.06697435940664871,0.00013805655010142728
Polr3k,-0.06698098415163087,0.0001378377913424263
Lsg1,-0.06699674922076801,0.00013727230675048292
Plagl1,-0.06700882824471127,0.000136848336257845
Map3k7,-0.06702332446609167,0.0001363345010016044
Bmp2,-0.0670708637189791,0.00013462013557332327
Aamdc,-0.06707218400713409,0.0001346038686215699
Rps6kb1,-0.06710335838474937,0.00013354600369315061
Lyrm9,-0.06711849200098395,0.0001330204656782835
Ccdc43,-0.06712025308478095,0.00013298817633947488
Emc4,-0.06714832596873035,0.0001320233995125439
Dvl1,-0.06716619955189389,0.00013140380772723106
Mettl23,-0.06718042213906182,0.0001309192965780157
Ube2k,-0.0671873731368348,0.00013069948237354222
Fam133b,-0.06720421658607771,0.00013012291538790733
Hsbp1,-0.06721084279354096,0.00012991606348919792
Amigo3,-0.06722439950546148,0.00012946064507124604
Chmp1b,-0.0672469925175369,0.00012868399515470445
Ddx41,-0.06726413907144874,0.0001281050938977946
Hs6st2,-0.06728955385645287,0.00012723653001850405
Zbtb1,-0.06731422493696272,0.00012643065224573327
Xpo4,-0.06736717478276048,0.00012467778537485728
Pfn2,-0.06738835340077153,0.00012400752675187495
2900097C17Rik,-0.06740379368096519,0.00012353748694054012
Ptrhd1,-0.06741672168886363,0.0001231248088093662
Mmgt1,-0.06742817688563846,0.00012279387750217696
Ccdc167,-0.06744569677967303,0.0001222274481877892
Dhx36,-0.06748918290937944,0.00012081786092524916
Pcnp,-0.06751576452440736,0.00012001636755317774
Zfp358,-0.06754267520192657,0.00011920901687156764
Plpp5,-0.06757584873655206,0.00011814222089867557
Arhgef28,-0.06760974798351604,0.00011706081874133696
Fam193a,-0.06761061814851418,0.00011706081874133696
Pinx1,-0.06761187502329707,0.00011704921361088398
Usp7,-0.06761381090681194,0.00011701497705999288
Trim30d,-0.06765916968860658,0.0001156021026675658
Mrps31,-0.0676595799206528,0.0001156021026675658
Gmnn,-0.06767110514832242,0.00011530347872438109
Eef1akmt2,-0.06768522656605107,0.00011487870932316438
Tmem267,-0.06769392234451103,0.00011462877080114431
Aatf,-0.0677146977463624,0.00011402274996027372
Glmp,-0.06772269194071392,0.0001137968589142583
Tctn3,-0.06772496803927507,0.0001137527578924656
Puf60,-0.06772621178481437,0.00011374143990651954
Pcsk5,-0.06773129816502088,0.00011360824074033228
Acad9,-0.06773417096505627,0.00011354531572390467
Sult2b1,-0.0677503702339117,0.00011306110865342861
Mrpl19,-0.06777914574438204,0.00011221203713164841
Tsc22d1,-0.06778077949445988,0.00011218866598085598
Paip1,-0.06778352657257973,0.00011213043781261411
Gfpt1,-0.06780026877251842,0.00011166272902740058
Rgs19,-0.06783281446488225,0.00011070693919592057
Ddx56,-0.06785154105006064,0.00011015638259525266
Stradb,-0.06785932797606588,0.00010994416536051771
Ccnc,-0.0679054697184129,0.00010861560617013068
Gpr107,-0.06790627976360501,0.00010861560617013068
Eapp,-0.0679266854197183,0.00010802653937096055
Zfp865,-0.067929405860056,0.00010797119151958897
Tmem165,-0.06793816817852961,0.00010773357096550615
Cdkn1a,-0.06796604990835564,0.00010694929245338452
Ndufaf3,-0.067980799116419,0.0001065616064268698
Spire1,-0.06799071391115746,0.00010629262752752341
Mgat1,-0.06800512020539531,0.00010589099426203385
Plet1,-0.06802327252300573,0.00010538014614302715
Rbm4,-0.0680245237476194,0.00010536947376858425
Ccdc162,-0.06808743009378927,0.00010355364356568115
Ncbp3,-0.06809965438536641,0.00010322499112023887
Atg4b,-0.0681072179427027,0.00010305765299984305
Dicer1,-0.06812589392918236,0.00010254472156332454
Arfrp1,-0.06812915759031256,0.00010247644638680987
Letm1,-0.06818491535596685,0.00010093555377408257
Ldlrap1,-0.06819536658766141,0.00010066490990132696
Nfkbib,-0.06821063973662275,0.00010025907647929875
Stard3,-0.06821260027484356,0.00010022893030221443
Arhgap17,-0.06822024893314602,0.00010006384392992759
Clptm1,-0.06822286987337106,0.00010001521069040743
Tfdp1,-0.06823132893669707,9.980276921922437e-05
Hbp1,-0.06825162410836012,9.928490322087466e-05
Zfp410,-0.0682624808093695,9.900719378155392e-05
Zfp867,-0.06826484997815632,9.896606712565942e-05
Ddx19a,-0.06828293393375055,9.848888197548361e-05
Supt16,-0.06832404954398762,9.738097846618878e-05
Hectd1,-0.06835290135395251,9.661784200413521e-05
Cuta,-0.06835339400469491,9.661784200413521e-05
Nfatc2,-0.06836386383087828,9.636851574542178e-05
Efcc1,-0.068372838140175,9.617362498497044e-05
Maf1,-0.06837823678013712,9.605167506513562e-05
Tbl3,-0.06838172436303706,9.598150339411163e-05
Ndufaf7,-0.06842634475774366,9.485437831787504e-05
Ptk7,-0.06843933928391445,9.453150461923655e-05
Arhgap22,-0.06846055766774112,9.399158138360467e-05
Fap,-0.06846718953708195,9.383964628526423e-05
Lrrc8d,-0.06849051765497176,9.324799277697423e-05
2410004B18Rik,-0.06850367831739648,9.294934521617965e-05
Sumo3,-0.06850563254765545,9.292151686182034e-05
Ppp1r37,-0.0685109179752961,9.280647093197945e-05
Gm19412,-0.06853341817235702,9.224254517853867e-05
Zbtb22,-0.06855152908120911,9.179550503813035e-05
Cnot11,-0.06856848534810342,9.138029902998642e-05
Ivns1abp,-0.06857257754276842,9.129781385104435e-05
Rpap2,-0.06857718528653084,9.122512550451808e-05
Mcts1,-0.06857917719296214,9.119683984970389e-05
Tmem219,-0.06859095760020127,9.091697530951968e-05
Tcaf1,-0.0686176961467411,9.025585336067484e-05
Eif2b5,-0.06862775203630932,9.002257526856973e-05
Lipa,-0.06863184546731091,8.99412412168926e-05
Mif,-0.06863628530605825,8.98511871510219e-05
Rpl13,-0.06865560649228075,8.938458996638457e-05
Daxx,-0.06874538928912503,8.71660275538127e-05
Them4,-0.06874909206866907,8.709676312692378e-05
Pnn,-0.06878374938416368,8.629029702535913e-05
Keap1,-0.06881391513263076,8.557809190441337e-05
Ulbp1,-0.06883109359913427,8.51842900954067e-05
Gm15902,-0.06883891668459716,8.501723770973374e-05
Selenow,-0.06887836700389152,8.409345035901813e-05
Tsc22d3,-0.06892342213495053,8.308917747460561e-05
Gm10941,-0.06896435036807909,8.219250714694182e-05
St6galnac4,-0.06896536956174504,8.218957393229109e-05
Zdhhc18,-0.0689811812156284,8.18631113825626e-05
Pam16,-0.06899134291663937,8.164804595508082e-05
Serpinh1,-0.06901580104730981,8.112422973432342e-05
Atad1,-0.06901840520321956,8.108484803316176e-05
Wasf1,-0.06905577578187562,8.02694894972662e-05
Wdr75,-0.06908765663131151,7.956579042455322e-05
Ccnb2,-0.06910210471411413,7.925983155768861e-05
Chd7,-0.06910874784702291,7.913039665206738e-05
Ing4,-0.06911409995083549,7.903016988840108e-05
Bmp8a,-0.06917272457959125,7.774302839188845e-05
Syce2,-0.06922510062847005,7.665106089330191e-05
Spata24,-0.06924068582784712,7.635048475365704e-05
E130309D02Rik,-0.06924835633456718,7.620326999815356e-05
Smarcc1,-0.06927627719853542,7.561878546136906e-05
Rpl10,-0.06928649962653319,7.541804533992915e-05
Maip1,-0.06931768565805656,7.476965461707123e-05
Rmnd5b,-0.06933121592099303,7.450075381108786e-05
Ctdnep1,-0.0693374711754635,7.440593085377038e-05
Mob1b,-0.06935148637248026,7.412802296063348e-05
Serp2,-0.06941303870360775,7.285600460266694e-05
Trak1,-0.06942697652022556,7.25852057427556e-05
Erp29,-0.06946411531076217,7.183774312613812e-05
Exosc10,-0.06947597842325189,7.161298127554708e-05
Sh3glb2,-0.06949079518634421,7.132866008767014e-05
Rab18,-0.06951079096506453,7.094032085442306e-05
Zfp330,-0.06951671013201258,7.08384992326477e-05
Eri1,-0.06952780222769919,7.063228255600783e-05
Lars,-0.06954388228793543,7.032625691745197e-05
Fam102b,-0.06956457764176395,6.994701385219835e-05
Tubb4a,-0.06956531935432259,6.994701385219835e-05
Hist1h4i,-0.06958230632382885,6.962879768190277e-05
Farsa,-0.06959022411199664,6.948902712640987e-05
Cab39l,-0.06966237223374684,6.808592008548996e-05
Smim13,-0.06966440383673664,6.806375153618543e-05
Fam49b,-0.06967783508510478,6.781976690896448e-05
Vangl1,-0.0696832991740365,6.773104785102285e-05
Trnp1,-0.06969892239974904,6.746312479479069e-05
Gm10369,-0.06970531332530341,6.73569627077624e-05
Ints11,-0.06972928136337492,6.694735049184648e-05
St6gal1,-0.06973913558164635,6.677563100816572e-05
Gpd2,-0.06977289144506904,6.614933024770781e-05
Rpf2,-0.06980351034700139,6.560449850559428e-05
Akr1e1,-0.06983989179364765,6.493968745843107e-05
Slc43a2,-0.06984121923360347,6.493163955674063e-05
Tamm41,-0.0698870476804371,6.409913581841268e-05
Nob1,-0.0698977525899151,6.393520037727048e-05
Cep19,-0.06990607959362267,6.379883280206788e-05
Ufd1,-0.06992379624170987,6.349117729035376e-05
Lrwd1,-0.06993769533598468,6.32543145242898e-05
Bcl7b,-0.06993770937356557,6.32543145242898e-05
Ndufa4l2,-0.06995033395183878,6.305738355059237e-05
Rraga,-0.06996038728219926,6.289157637077755e-05
Tmco3,-0.06997397829601926,6.267856017608835e-05
Bphl,-0.06997606042698212,6.265719801799479e-05
Zfp688,-0.07003861806946814,6.155534090961742e-05
Gnb5,-0.07006548375263338,6.112838681578906e-05
Rpp30,-0.07007036809786124,6.105823795599971e-05
Ttc9,-0.07013257314010157,6.0020282952678924e-05
Igf2r,-0.07014112634366783,5.98879814726466e-05
Ppp4r1,-0.07014674511600612,5.980652872751345e-05
Nono,-0.07017681002269431,5.932102938248595e-05
Fosl1,-0.07018308216446587,5.9229152447135534e-05
Nxt1,-0.07020006247801143,5.895503308004248e-05
Mdga1,-0.07021279725720513,5.875404839066727e-05
Nol11,-0.07021975302438996,5.8651440373075995e-05
Luc7l2,-0.07022136355965776,5.863938194035096e-05
Lbp,-0.0702251906164422,5.858984312360427e-05
Zfp462,-0.07023147266385807,5.849888721175297e-05
Def6,-0.070256726473303,5.808908765970723e-05
Myh9,-0.0702791363875475,5.7729413224145496e-05
Ppp4c,-0.07028484999288645,5.764919320270028e-05
Tuba1c,-0.0702852427882007,5.764919320270028e-05
B3galt6,-0.0702903870625117,5.75869626624482e-05
Usp8,-0.07030453397482994,5.7367022676426656e-05
Atp6v1e1,-0.07031793428479191,5.716021154535326e-05
Mrpl4,-0.07035269187002126,5.660364400076377e-05
Gm45187,-0.07038338128935247,5.611822086081597e-05
Nkapd1,-0.07042075772977788,5.552923604327788e-05
Snw1,-0.07044324552521425,5.5197778765801595e-05
Lrrc20,-0.0704494485703415,5.511310895699615e-05
Coq3,-0.07045341372850575,5.5064220264442746e-05
Serpinb7,-0.07045497389164469,5.505368601883822e-05
G2e3,-0.07045610408264093,5.505000781189914e-05
Wdr61,-0.0704754135276559,5.4757404732276425e-05
Gnai3,-0.0704842810517339,5.4631223041065075e-05
Upf3a,-0.07048660239039968,5.460873887563008e-05
Stoml1,-0.07051677497314628,5.4161836268590934e-05
Cript,-0.07053219085798508,5.3948610184047555e-05
Grwd1,-0.07053669253997062,5.389234475931742e-05
Nagk,-0.07058947536207838,5.311567081184467e-05
Mdm2,-0.07063596573185879,5.2445328787322526e-05
Cops7b,-0.07064236553473463,5.2375405907293745e-05
Ccdc74a,-0.07065573643904695,5.2186225043436656e-05
Otulin,-0.07065897081502522,5.215090026724335e-05
Pyroxd1,-0.07072137021233582,5.122798257261414e-05
Lrrc73,-0.0707430310896092,5.0919963891477985e-05
Selenot,-0.07076725916723858,5.058920399158741e-05
Ppp2r2a,-0.07077512901979298,5.0486839357586356e-05
Cdk1,-0.07077663898487543,5.0477906578108975e-05
Pabpn1,-0.07083492840929945,4.9655555062765836e-05
Fam114a2,-0.07083882852843643,4.961225469062166e-05
Tuba1b,-0.07086702944347999,4.921973526301834e-05
Krtdap,-0.07098731316987668,4.756273002463075e-05
Prdx3,-0.0710087631686463,4.7278654478479086e-05
Tysnd1,-0.07102374298977766,4.7084956506503416e-05
Trim35,-0.07105169034300159,4.67149761429923e-05
Grpel2,-0.07115231412797837,4.538658888719329e-05
Fastk,-0.07116331163493846,4.5252902959599574e-05
Mthfd1l,-0.07117224665161066,4.514679187730006e-05
Stk25,-0.07118618075541812,4.4975168037405756e-05
Rnf152,-0.07120856208947308,4.469367334516408e-05
Gm42047,-0.0712436669431191,4.428387268418874e-05
Csk,-0.07125458847085692,4.4154270927736366e-05
Sec23a,-0.07127405882565782,4.391506165156573e-05
Ikbkb,-0.07131303450062373,4.3451355083317324e-05
Ddit4,-0.07134523422574383,4.305499409085902e-05
1110032A03Rik,-0.07137040870113392,4.274997497847173e-05
Cgref1,-0.07141154335521328,4.2260091136591985e-05
Ghdc,-0.07141211373335268,4.2260091136591985e-05
Tmem42,-0.07142196604283174,4.2153436256708954e-05
Phykpl,-0.07142522197045235,4.21243480812922e-05
Rps5,-0.07145846489370584,4.1748833628388474e-05
Pgam5,-0.07145989590892297,4.174235286162245e-05
Bglap,-0.07146240584944395,4.1722670905596464e-05
Luc7l3,-0.07147567799107762,4.157155938248798e-05
Gpn2,-0.0715065473518331,4.1229469169770865e-05
Prkra,-0.07152469416330484,4.103219652113698e-05
Erp44,-0.07155340083213305,4.069861871800195e-05
Epop,-0.07155349432506201,4.069861871800195e-05
Nup88,-0.07157849425919295,4.042121220584516e-05
Csnk2a1,-0.07158239530182484,4.0385629134975995e-05
Rfc4,-0.07160803879408434,4.0093138106602215e-05
Pla2g4a,-0.0716114689991598,4.0063374700974694e-05
Tmod3,-0.07165994992024238,3.9517445047201004e-05
Unc93a,-0.07166873157726888,3.942599635376949e-05
Asb8,-0.07169577008513206,3.912407824938977e-05
Pmepa1,-0.07170105025220859,3.9073730792344916e-05
Zbed4,-0.07170862826308168,3.8997072013917256e-05
Crabp1,-0.07171083016662426,3.8982176588233396e-05
Cotl1,-0.07171277364544869,3.897025214339708e-05
Ipo4,-0.07172543148361653,3.88356908954468e-05
Crnkl1,-0.07173799009396943,3.870270368280219e-05
Mrpl44,-0.07175977649860196,3.846550669220997e-05
Aup1,-0.07182766719218847,3.7713954470990515e-05
Dnajc30,-0.0718543420610784,3.742856741016009e-05
Cd63,-0.07187372442763922,3.7225205234766156e-05
Med4,-0.07191298512876984,3.680644158930822e-05
Fam204a,-0.07192665100295999,3.66681061576856e-05
Eif3f,-0.07195503567302582,3.6371914593166976e-05
Mfsd7a,-0.07197156925477574,3.620447224423408e-05
Churc1,-0.07198431050334678,3.607814569323454e-05
Ppfia1,-0.07199137447887971,3.6012570351112666e-05
Pdcd2,-0.07200317722514965,3.589683306587191e-05
Tmem101,-0.07201831371202483,3.574622976558118e-05
Pdxdc1,-0.0720307811361775,3.562431319958441e-05
Eloa,-0.07206488547830535,3.527647967700303e-05
Igsf9b,-0.0720827750210518,3.509977901413455e-05
Hikeshi,-0.07208431318578284,3.5093195321775366e-05
Hps1,-0.07209754706168174,3.4965479757898164e-05
Btg3,-0.07210705739074277,3.487659669724421e-05
Wwox,-0.07211572356323043,3.4796617556659046e-05
Dcun1d1,-0.07212600560678026,3.470022287178456e-05
Bloc1s4,-0.07214513995009633,3.451356387067087e-05
Map4k5,-0.07215575122460707,3.44329981329978e-05
Hsp90ab1,-0.0721687613215502,3.430985325091905e-05
Zfyve21,-0.07217124812689694,3.4293793810514986e-05
Tmem50a,-0.07218677682408163,3.414565481732196e-05
Tcf25,-0.0722438063000903,3.359176177614152e-05
Impdh1,-0.07224647669687137,3.357419772730985e-05
Mcm2,-0.07226571434319902,3.339230272041558e-05
Tmem158,-0.07226998933765554,3.335897191749375e-05
Kcnk12,-0.07227261005458302,3.334201881271958e-05
Nkx6-1,-0.0722804720378203,3.327334269379428e-05
Tipin,-0.07230377364477139,3.3062032143476076e-05
Ccne2,-0.07231894511974364,3.29224659836072e-05
B4galt6,-0.07232871049951647,3.28360746055199e-05
Ebf1,-0.07235357148071853,3.2603558153189716e-05
Gchfr,-0.0723694952214267,3.245859344086223e-05
Smarcad1,-0.07237053822024236,3.245859344086223e-05
Scamp3,-0.07239939694782552,3.2197761757194815e-05
Nudt19,-0.07245578395206582,3.1688649659936184e-05
Triobp,-0.07246158085631052,3.1642643721374077e-05
Ift52,-0.0724733210159983,3.154095079962335e-05
Mettl2,-0.07249790126010869,3.1319810314479005e-05
Slc44a1,-0.07251242824799763,3.119325276128629e-05
Cybc1,-0.07252663109485989,3.107017842887193e-05
Gusb,-0.0725278388749699,3.106740210946593e-05
Cryzl1,-0.07252847447611356,3.106740210946593e-05
Tbk1,-0.07254486187593844,3.092720461759294e-05
Fam120a,-0.07256227873747223,3.077569401497124e-05
Nop16,-0.07260447471853769,3.0399873496618615e-05
Snrnp25,-0.07265062408824902,3.0001209611768883e-05
Sf3a3,-0.07265732825802122,2.994945533673586e-05
Esyt2,-0.07267054631620876,2.9839826216662073e-05
Thoc3,-0.07269971243168885,2.958962089793815e-05
Hmbs,-0.07271207908967925,2.949671351858939e-05
Pigp,-0.07271224528012818,2.949671351858939e-05
Map3k10,-0.07271367729052643,2.949671351858939e-05
Thoc7,-0.07271883358448901,2.9461302974331968e-05
Ereg,-0.07273615606399848,2.931748416444797e-05
Hoxc13,-0.07276908969324156,2.9046679776778303e-05
Tbcd,-0.07277765647587878,2.8980399417155587e-05
Cenpx,-0.07279737267900474,2.881823223561294e-05
Trmt112,-0.0728178573449063,2.86503595810109e-05
Orc2,-0.07283356684929895,2.8524057029593108e-05
Mcts2,-0.07287531381061049,2.8178313046041638e-05
Slc35b2,-0.07291325319100482,2.786826973688604e-05
Kars,-0.07295080081477802,2.7564716313661892e-05
Cox19,-0.07295604596103433,2.7536477485561105e-05
Sec24c,-0.07296485201471903,2.7471527025535556e-05
Nrbf2,-0.07297088524024696,2.7429460988949356e-05
Mrpl41,-0.07297989791859896,2.7363062138277283e-05
Exoc1,-0.07303255329763945,2.696467563155197e-05
Slc49a4,-0.07304560129669302,2.6866880671086688e-05
Yars,-0.07304606502366087,2.6866880671086688e-05
Rorb,-0.07305412575528643,2.6813008240658006e-05
Pde4dip,-0.07306569578345007,2.6727566321482734e-05
B4galt7,-0.07309314502208875,2.651597611824694e-05
Ndufa4,-0.0731013231201154,2.6458310602972263e-05
Zfr,-0.07311020384905828,2.6395208657178535e-05
Rbm7,-0.07312750809095757,2.6265868828704626e-05
Slc31a2,-0.07315190564346337,2.608874080461032e-05
Mical2,-0.07315450940529239,2.6075504447149485e-05
Cyb561d2,-0.07316925606774558,2.5967568295460357e-05
Saraf,-0.07318945584997959,2.5817803005774678e-05
Chic2,-0.07319082441733453,2.5814261418965313e-05
Sirpa,-0.07319446202568103,2.5793162919448404e-05
Raly,-0.0732039176434571,2.5727146095078973e-05
Tmem184a,-0.07320646372643852,2.5714536274876995e-05
Thoc5,-0.0732358291456949,2.5495947910311055e-05
Cant1,-0.07324139929211117,2.54603309466309e-05
Aamp,-0.0732627670032564,2.530448968158619e-05
Oga,-0.07327369925066539,2.52353936642879e-05
Cdc5l,-0.07328055182993827,2.519042626900041e-05
Ass1,-0.07332345666358824,2.487472013199359e-05
Lta4h,-0.07334128118387923,2.4748642641173875e-05
Ccdc25,-0.07335782260814284,2.4632673569694033e-05
Fam111a,-0.0733833932707959,2.445076242569992e-05
Sec23ip,-0.07342342765141649,2.4171412737195637e-05
Rapgef1,-0.07342721414707576,2.4150524096252122e-05
Sgcg,-0.07343527808670047,2.4098623104401716e-05
Smn1,-0.07345536240431566,2.3960009662328894e-05
Prokr2,-0.07346871096371359,2.3870504584786016e-05
Crls1,-0.07347535874387437,2.3829335831827887e-05
Hspa4l,-0.07350345056451506,2.3635149734891952e-05
Dnm1l,-0.07352222308841037,2.3508372010646706e-05
Ctsz,-0.07353735841132354,2.3407878480483386e-05
Tgds,-0.07354068933833827,2.339083509383358e-05
Klhdc2,-0.07356236690161386,2.324495363703936e-05
Tead1,-0.0735772071833037,2.3147595755003598e-05
Smyd2,-0.07358417335645243,2.3105404541069073e-05
H2afy,-0.07359937696409584,2.300608594704193e-05
Fcf1,-0.07362156444863363,2.286528298565466e-05
Scoc,-0.07362787806589385,2.2828078437691298e-05
Zfp207,-0.07364948586199806,2.269228821414398e-05
Dusp19,-0.07366028339274623,2.2624727148797066e-05
Lsm10,-0.07367358320785163,2.254033249213858e-05
Serf2,-0.07367832085161702,2.2514342286568594e-05
B4galt2,-0.07372412878079958,2.221128596566762e-05
Gpr35,-0.07372749312634058,2.219486046587555e-05
Cox11,-0.07377604299244174,2.188987962090851e-05
Gm15706,-0.0737902915346932,2.180185706982999e-05
Dnmt1,-0.07379492000916735,2.1777402309247407e-05
Zfp827,-0.07380657938334909,2.170679521226208e-05
Fam98c,-0.07381619046025215,2.1649809511734042e-05
Ngdn,-0.07382891404564924,2.157265624385588e-05
Cacfd1,-0.07383177806615192,2.155995012178216e-05
Chid1,-0.07384133727080304,2.1503672197063312e-05
Cog2,-0.07385393766087349,2.143375407256928e-05
Clcn4,-0.0738740294280721,2.131569459932657e-05
Cetn3,-0.0738786399655156,2.1291885358804218e-05
Socs2,-0.07390465374378075,2.113666089504751e-05
Gpx8,-0.07390752988359106,2.1124131103063474e-05
Uggt1,-0.07391549450494164,2.1079118692250926e-05
Golga5,-0.07396544268906324,2.0768487982461844e-05
Cd320,-0.07400202131865659,2.05453144970195e-05
Kctd5,-0.07403369005977987,2.0354711022504656e-05
Plgrkt,-0.07407983349120176,2.0088630189251194e-05
Ramp1,-0.074085692493093,2.00585376033554e-05
Trim8,-0.0740910378795075,2.003305849088709e-05
Tspan2,-0.0740953209583039,2.0016737210940734e-05
Spa17,-0.07411110408756483,1.992665747494114e-05
Nsdhl,-0.07411674018303172,1.9909238684324674e-05
Nt5dc2,-0.07411950136170897,1.9898108730815985e-05
Cemip,-0.07415212381673567,1.9707540708127957e-05
Pard6g,-0.07416474731781407,1.9637626102098e-05
Cttnbp2nl,-0.07417505755285078,1.9581700863598265e-05
Cnot8,-0.07418490936219932,1.952864735729359e-05
Ppp6c,-0.07419103061369892,1.949781398120795e-05
Far2os1,-0.07419141030113509,1.949781398120795e-05
Tmem129,-0.07420694600320223,1.941461366211238e-05
Gpr108,-0.0742271059908142,1.9301442084847595e-05
Dr1,-0.07426021474243633,1.9118860154180076e-05
Gtf2h1,-0.07428263488512866,1.8994279228302828e-05
Uso1,-0.07431217412843014,1.8829652593325162e-05
Abhd11,-0.07432045566145583,1.8787526158003907e-05
Leprotl1,-0.07433259429685231,1.872874421339432e-05
Tubgcp2,-0.07435441426121926,1.8609996048300206e-05
Slc20a1,-0.0744067373083709,1.832612868510045e-05
Hells,-0.07444005090426485,1.8146166292370223e-05
Zfp524,-0.07444093722973448,1.8146166292370223e-05
Atp6v1f,-0.07445676608845721,1.8069161594152074e-05
G6pc3,-0.07446505007536496,1.8028654301808095e-05
Ntpcr,-0.07447804582013538,1.796241562891294e-05
Impad1,-0.07448851246184658,1.791021569488291e-05
Mphosph10,-0.0745008555827843,1.7847945691863432e-05
Uqcr10,-0.07455561905696302,1.7557196249975345e-05
Gon4l,-0.07457875441163044,1.7443464662074902e-05
Usp5,-0.07462177708345775,1.7225512039267125e-05
Slc25a16,-0.07464130887197336,1.7127869905778075e-05
Hacd4,-0.07464461691965225,1.7115384293084515e-05
Gm49336,-0.07464773670680228,1.7103892111734283e-05
Spryd3,-0.07465013587432194,1.7096171848349844e-05
Nkap,-0.074651355437315,1.709461573351267e-05
Rdx,-0.0746543894547599,1.7088401487736154e-05
Src,-0.07465560188600591,1.7086887039336188e-05
Nudt8,-0.07465633168440729,1.7086887039336188e-05
Far2,-0.07465679322057835,1.7086887039336188e-05
Mphosph6,-0.07466408334755038,1.7061898826990736e-05
BC034090,-0.0746706249625015,1.703263240228106e-05
Haghl,-0.07467750859450542,1.700163751772364e-05
Nmt1,-0.07467838418624988,1.700163751772364e-05
Nab2,-0.07468813702200225,1.6956072117733702e-05
Polr3h,-0.07469353059274267,1.693292374033412e-05
Ndufs4,-0.0747271448803919,1.676452534744058e-05
Eef1akmt4,-0.07473552330210499,1.672635154527855e-05
Fjx1,-0.07474619095280065,1.667658002354196e-05
Ppp1r13l,-0.07475835114072435,1.661936040347219e-05
Ikbke,-0.07476304077775911,1.66002289572719e-05
Ankrd13a,-0.07476518826989728,1.659402123052215e-05
Polr2d,-0.07477466179845838,1.655067508647244e-05
Cluap1,-0.07478711733327192,1.6497052084379956e-05
C1galt1c1,-0.07479320046878889,1.64710331698562e-05
Thoc1,-0.07483944445922557,1.6244086811382216e-05
Ccn2,-0.07484920745732881,1.6204775594921095e-05
Emc9,-0.07490871569166656,1.5916506241618685e-05
Carnmt1,-0.07491373790039596,1.5901045169489045e-05
Vasp,-0.07494749840591482,1.5741775315938906e-05
Samd14,-0.07494973730718588,1.5735438726068466e-05
Ankrd46,-0.07497044052559781,1.5640280576780897e-05
Ankrd54,-0.07497841040520056,1.561095909716208e-05
C1qbp,-0.07498241437045326,1.5596228406411722e-05
Dcaf11,-0.07501851483147466,1.5428796736971207e-05
Phldb1,-0.07503360722757463,1.536622508636271e-05
Psenen,-0.0750370783622996,1.535422869762753e-05
Snhg4,-0.07506282446458282,1.5237663981554988e-05
Hnrnpc,-0.07507600951202623,1.5180406775021626e-05
Nat8f1,-0.07513396804085355,1.4920959305918334e-05
Rps6,-0.07513916995040944,1.4901366621474063e-05
Spred3,-0.07515926506378492,1.4818039520887085e-05
Commd8,-0.07517196386496888,1.4768715315560633e-05
Tor1b,-0.07517203796548971,1.4768715315560633e-05
Amn1,-0.07537447875851423,1.3895747190368983e-05
Osgep,-0.07542666761507215,1.3677794391017498e-05
As3mt,-0.07544572447449066,1.3605387547925896e-05
Ift57,-0.07550176296889531,1.3383550105958379e-05
Mcu,-0.07551064529016836,1.335071266349097e-05
Dym,-0.0755244834885144,1.3297582594802121e-05
Dock8,-0.0755480929031592,1.3212304175089552e-05
Tnpo3,-0.07557924149910564,1.309324361935437e-05
Tspan3,-0.07560005144666292,1.3016754336058632e-05
Zfand1,-0.07560356669306038,1.3006348308721236e-05
Mtmr2,-0.07569199427127968,1.2659015172098533e-05
Znrd2,-0.07570985150293788,1.2592848384241011e-05
Chst1,-0.075715334527196,1.257510211835401e-05
Itga2b,-0.07572821954219433,1.2528631966043547e-05
Nfatc4,-0.07572828915475417,1.2528631966043547e-05
Cdca3,-0.07574066604391592,1.2487612410264348e-05
Cyld,-0.07579053065205153,1.2299720669729981e-05
Ptdss1,-0.0758135020058648,1.221597414135555e-05
Itga11,-0.07583178634534242,1.2151727472201742e-05
Mrpl45,-0.07583611252556381,1.2141121460762735e-05
Lgals7,-0.07588439158191636,1.197101091248219e-05
Ankrd17,-0.07594465863250863,1.1755946186716763e-05
2610507B11Rik,-0.07595529570217356,1.1723944075717805e-05
Mcm6,-0.07598556381212478,1.1617596156341426e-05
C77080,-0.07599736493684225,1.157842314484048e-05
Phospho2,-0.0759980699765422,1.157842314484048e-05
Hsp90b1,-0.07600291849821647,1.1565140745129954e-05
Nqo2,-0.07600828345616117,1.154921421270222e-05
Mcrs1,-0.07604059873143033,1.1440412170145205e-05
Nadk,-0.0760541342279709,1.1396693887854343e-05
Zfp326,-0.07607014676603492,1.1345632806157852e-05
Snx11,-0.07610352379014608,1.1234959889510431e-05
Tmem63b,-0.07611121585803099,1.1211351924436871e-05
Pla2g12a,-0.07615519002157631,1.106216770954291e-05
Atpif1,-0.07616069033820226,1.1046442821481986e-05
1190005I06Rik,-0.07617576561302454,1.0997902958335859e-05
Snrpd2,-0.07617647386564028,1.0997902958335859e-05
Ubxn8,-0.07619982488385135,1.0922139824600657e-05
Chchd4,-0.07627343001658744,1.0677571703594628e-05
Ubac1,-0.07628916129581233,1.0631498477273058e-05
Topbp1,-0.07632415072615031,1.0522220902446922e-05
Parva,-0.07632565184651263,1.0520351121557811e-05
Pafah1b3,-0.076332241119967,1.0501798894778051e-05
Ngrn,-0.07634312784983593,1.046923103530039e-05
Triqk,-0.07635558523183075,1.0431645896010378e-05
Borcs5,-0.07636585106561707,1.0406084402047876e-05
Frg1,-0.07638729055065964,1.0346977056480614e-05
Pgm1,-0.07638780621800896,1.0346977056480614e-05
Btbd1,-0.07640597667892969,1.0292782210354535e-05
Cox17,-0.07642747341887009,1.022689298992755e-05
Frmd6,-0.07644389019797074,1.017754838806927e-05
Napg,-0.07646969867024045,1.0098750132444915e-05
Gosr2,-0.0764711446970511,1.0097133797040885e-05
Lrrc41,-0.07648706375090097,1.0049953548554519e-05
Rsph1,-0.07649416625817904,1.0030593923254534e-05
Dap3,-0.0765271299513607,9.933543429863344e-06
Zc3h7a,-0.07652966898433561,9.928560126338155e-06
Ccdc90b,-0.07661759407525533,9.664768508808067e-06
H2afj,-0.07662379598854925,9.648841816303565e-06
Ap1s2,-0.07663684617265759,9.61230500293171e-06
Kctd20,-0.0766517634976327,9.57310504250154e-06
Wdr83,-0.0766547503838413,9.566954481073632e-06
Tsr3,-0.0766604291571812,9.552749907601798e-06
Ccnd3,-0.07666408569253566,9.544610670722071e-06
Fam20b,-0.07668751929505113,9.477568890793049e-06
Npr1,-0.07668834596037365,9.477568890793049e-06
Reep1,-0.07674930406142458,9.303957701172034e-06
Aip,-0.07676278345133591,9.270149571870373e-06
Fhdc1,-0.07676739668762154,9.259464352968222e-06
Med9,-0.0768041776725494,9.158609314904902e-06
Ppp1cc,-0.07682265437374582,9.111009532976127e-06
Pafah1b1,-0.07685612738524254,9.018419521705051e-06
Rab13,-0.07685637810680714,9.018419521705051e-06
Hnrnpd,-0.07685908618607766,9.01534761890224e-06
Garem1,-0.07686696886887874,8.995705955569616e-06
Ubac2,-0.0768740328290244,8.978414124950826e-06
Mapre1,-0.07688684706263067,8.947618859600693e-06
Fam98a,-0.0769866094992014,8.676516379894266e-06
Wdr12,-0.07700818635330424,8.62291280414244e-06
Eef1d,-0.07711637340619808,8.341567555123186e-06
Ramac,-0.07712999241311243,8.308308205511708e-06
Wdr60,-0.07716232810337419,8.228939567290228e-06
Steap2,-0.07719071419384262,8.158042930440506e-06
Ralbp1,-0.07721478670591715,8.09874337583021e-06
Ubap1,-0.07722266579205427,8.08581486553518e-06
Fopnl,-0.07722580458633888,8.08020478123894e-06
Spg21,-0.0772639852506493,7.98581775806202e-06
Ift27,-0.07729851706029078,7.903928244570805e-06
Dld,-0.07730775921349976,7.883233964872868e-06
Rnaseh1,-0.07730917304123494,7.882051685495363e-06
Sdc4,-0.07733812500725483,7.812629047802956e-06
Exosc8,-0.07735632360431316,7.770148272549046e-06
Sltm,-0.07739079303232238,7.688253417480024e-06
Csnk2b,-0.07740472689206905,7.657891466837742e-06
Mrpl16,-0.07741486007766983,7.639051169686927e-06
Grhpr,-0.07747027487536023,7.508567963197616e-06
Slc39a14,-0.07747813218044354,7.492151706494254e-06
Dnajc17,-0.07749424059290687,7.456276060941266e-06
Xrcc1,-0.07750436985591407,7.434622084306549e-06
Ncln,-0.07754474282294668,7.342386318231422e-06
Galnt17,-0.07756788806519677,7.290931273931356e-06
Pdlim7,-0.07758358462667453,7.259089150371292e-06
Pithd1,-0.07758919768631764,7.250509916533696e-06
Med31,-0.07762102765264775,7.1798834232537425e-06
Sucla2,-0.07762742203900344,7.167482307085809e-06
Ddx1,-0.07763883373414612,7.143730609974e-06
Nubp1,-0.07765864016527638,7.101127538411817e-06
Serhl,-0.07766577504868752,7.0871932808670075e-06
Utrn,-0.07768218044302164,7.054624114042948e-06
Prcp,-0.0777679522935202,6.873395703370499e-06
Eif2s3x,-0.07777951336027204,6.850256705055574e-06
Lgr4,-0.07778182197141507,6.847283946459635e-06
Rab7b,-0.07781559653753843,6.7762450047579655e-06
Ppme1,-0.0778354119337132,6.737746610074312e-06
Cmc2,-0.07784505164257738,6.719148855987077e-06
Snx12,-0.07784515876525028,6.719148855987077e-06
Ppp2r5a,-0.0778500643060603,6.712473318763426e-06
Pigk,-0.07789618089239654,6.616757928231957e-06
Kti12,-0.07792792441530068,6.554214848816024e-06
Pitrm1,-0.07793206722018904,6.547545841498315e-06
Igdcc4,-0.07796775875030425,6.477487299493822e-06
Kpna6,-0.07805998663232852,6.291887602065407e-06
Mapk1ip1l,-0.07807045950222857,6.272807969987571e-06
Gtf3c4,-0.07807494580803048,6.265727855820391e-06
Jkamp,-0.07817979863658217,6.0669680671630886e-06
Rpa3,-0.07819659985276123,6.036340087518085e-06
Nif3l1,-0.07819984410046403,6.031907864620214e-06
Gm15417,-0.07824203645349996,5.952990485519683e-06
Wipi1,-0.07832989816710126,5.791680438758922e-06
Crnde,-0.0783842608986414,5.693578039107287e-06
Gpalpp1,-0.07840194743731332,5.664866354807404e-06
Lzic,-0.07841642378697594,5.6420881711120744e-06
Plin3,-0.07846202247948608,5.562008720833786e-06
Cs,-0.07846944058971338,5.552164207126439e-06
Rgs4,-0.07847403589936443,5.545674612719628e-06
Ap2a1,-0.07851866211480323,5.4686138637732695e-06
Ints1,-0.07854222968106914,5.430749718701266e-06
Crcp,-0.07857702439849185,5.37375944249892e-06
Mrps30,-0.07862747140272386,5.290710693756814e-06
Cbll1,-0.0786288996094608,5.289888430075315e-06
Ephx4,-0.07867848774807962,5.207944122351705e-06
Rps6ka3,-0.07870571349304013,5.164179637781614e-06
Rest,-0.07870624146579586,5.164179637781614e-06
Tiprl,-0.07874936520767628,5.096905942784841e-06
Fmnl3,-0.07879079916730553,5.032535727605652e-06
Hdac3,-0.07881404440353007,4.996580619281688e-06
Cars,-0.07882234958141708,4.984767079625098e-06
Cers6,-0.07884837546003247,4.944715116221235e-06
Daam1,-0.07885227677631959,4.940013719834449e-06
Ube2e1,-0.0788698258393507,4.915186671539566e-06
Ethe1,-0.0788730809188788,4.913028613768271e-06
Sav1,-0.07887903816477926,4.9051114178304015e-06
Fbn2,-0.07890284469554953,4.86915228849401e-06
Sap30bp,-0.07890677165785757,4.864481729846673e-06
Asnsd1,-0.07895147288703189,4.799347989424617e-06
Ubap2l,-0.07897618071806695,4.764203924392332e-06
Yipf6,-0.07897696079536419,4.764203924392332e-06
Eif2s3y,-0.07898987261196277,4.746126753692382e-06
Sf3a1,-0.07900439183579859,4.725413078026305e-06
Rab5b,-0.07900516745011603,4.725413078026305e-06
Rtkn,-0.07901536871887202,4.7130398697011715e-06
Mrpl23,-0.07901729586540711,4.7115525521799316e-06
Evi5l,-0.07901863869914635,4.710953323551405e-06
Sh3d19,-0.07906488949340934,4.645480033458444e-06
Pnkp,-0.07909258219024999,4.609808112079295e-06
Scn1b,-0.07910313102827529,4.595552490289126e-06
Polr1d,-0.0791110316591599,4.585256359683783e-06
Rae1,-0.0791158877739114,4.579480060071389e-06
Ccl2,-0.07911655197877657,4.579480060071389e-06
Dkc1,-0.07911988353988829,4.576385021736264e-06
Cep85l,-0.07912175259514678,4.575029049293136e-06
Chchd1,-0.07912669895019935,4.569133347995791e-06
Asl,-0.07913342987856213,4.560617361054446e-06
Mars,-0.07915198342871597,4.534775175347629e-06
Pmaip1,-0.07915632465812988,4.529814987277247e-06
Kmt2e,-0.07922562345999619,4.432266862654831e-06
Lztr1,-0.07926599547217014,4.376149670954751e-06
Dpy30,-0.07930644746471152,4.32060437805588e-06
Arntl,-0.07931466273139512,4.310464009821547e-06
Nr2f6,-0.07933469127608593,4.283941329882719e-06
Ano1,-0.0793362753218675,4.2830647915017616e-06
Vps41,-0.07935496741778261,4.258546009221922e-06
Adamts6,-0.07940267493825497,4.1958631750142885e-06
Aen,-0.07942954773611256,4.160784331251067e-06
Taf11,-0.07944585732290349,4.140133983065896e-06
Ptpra,-0.0794732375397137,4.104828276231045e-06
Flot1,-0.07950597562241271,4.064002779733914e-06
Scd1,-0.07952742869998039,4.037075018266822e-06
Coro2b,-0.07954103678964307,4.0205374257274315e-06
Cdk9,-0.07955324832073382,4.0058796408693555e-06
Tpcn1,-0.07955556630342712,4.004105681515659e-06
Espl1,-0.07955606217696448,4.004105681515659e-06
B230118H07Rik,-0.07956034318114669,4.000378121381895e-06
Nipsnap3b,-0.07959147554889745,3.961392406509168e-06
Lyz2,-0.07963088521122655,3.913454567293475e-06
Ephx1,-0.07963852108241322,3.904971643444237e-06
Prkaa1,-0.07965910188757876,3.880157895877924e-06
Zfp637,-0.07970702280339197,3.821393537500805e-06
Usp14,-0.0797671982841133,3.7485166679734147e-06
Tmem60,-0.07978571631387768,3.7271603384841666e-06
Srxn1,-0.07979299298166077,3.7195006607033905e-06
Ddt,-0.07979643836783586,3.7164863113400802e-06
Hspa14,-0.07981230617541062,3.6984941924483e-06
Mzt1,-0.07992179101404279,3.571175354096607e-06
Emc7,-0.07994062567680195,3.5504256873417435e-06
Smarcb1,-0.08004866526320267,3.429636781540032e-06
Nudt5,-0.0800707987459666,3.4060094260600696e-06
Hdhd2,-0.08013541207192691,3.3380116858577513e-06
Cd14,-0.08017000717470249,3.3015202205628565e-06
Cdkn2a,-0.08017274179484316,3.29959822531661e-06
Gapvd1,-0.08022211516235915,3.2498039604580443e-06
Micall1,-0.08022290857107833,3.2498039604580443e-06
Ttc37,-0.08023519649805273,3.2399707567181583e-06
Npas2,-0.08024309135998452,3.2326242214946633e-06
Arl4d,-0.08026234097664457,3.214339237922388e-06
1700025G04Rik,-0.08026583096716046,3.211674465021907e-06
Tcta,-0.08032895435615882,3.1469846572386103e-06
Nmi,-0.0803417547866929,3.1357822939728145e-06
Ndufs6,-0.08035232156215782,3.1259273457878457e-06
Sec11a,-0.08035997079631753,3.1190816004524038e-06
Gm49035,-0.08038340470314254,3.097167944117096e-06
Prex1,-0.08039853043815663,3.0828214600689725e-06
Ptpn22,-0.08043997849875169,3.0431297590300656e-06
Uxs1,-0.0804486554795341,3.0354361851132534e-06
Stim2,-0.0804579095896201,3.0271885203133377e-06
Sart1,-0.08046062327385561,3.025444868549596e-06
Fam136a,-0.0804750756482832,3.0120839275147226e-06
Ift74,-0.08053267342078618,2.9575532996367735e-06
Lsm2,-0.08054029850888497,2.951087393042909e-06
1110038B12Rik,-0.08054334031472259,2.949068824114807e-06
Mpg,-0.08055307956772757,2.9405795029272654e-06
Evi2a,-0.08055530731893952,2.9393537088798093e-06
Ensa,-0.08057282678471465,2.9234137873075314e-06
Zmat3,-0.08057712909659988,2.920205185032798e-06
Egln2,-0.08060451192837198,2.894970987276888e-06
Eef1a1,-0.08063852224149137,2.863703299865105e-06
Poldip2,-0.08068541183453383,2.8207911801676413e-06
Snrpa,-0.08072142715143943,2.7884558389985915e-06
Ripk3,-0.08074794754065143,2.7651034758546906e-06
Thumpd3,-0.08075115788912812,2.7630548527254265e-06
Tmem30b,-0.08080308222824005,2.7179456368307447e-06
Vps35,-0.08081255223400974,2.7103385926484426e-06
Senp6,-0.08082690734777986,2.69925933386111e-06
Sac3d1,-0.08086073808909103,2.6701878463534648e-06
Vma21,-0.0808696381729578,2.664051719326889e-06
Wdr55,-0.0809065290730464,2.632688274743759e-06
Gpr1,-0.08093023525061062,2.6138440199138384e-06
Rce1,-0.08094092487510471,2.6054703368311734e-06
Chchd6,-0.08097413775731728,2.577897684779718e-06
Ptgr1,-0.08098017595936616,2.573581785809932e-06
Cmtm8,-0.0809973565654194,2.56065455137355e-06
Cby1,-0.08101833034583207,2.54379581099357e-06
Creld1,-0.08102150621352051,2.5419361048813457e-06
3110040N11Rik,-0.08103140449827459,2.5352511134217484e-06
Mrps22,-0.08103177581952067,2.5352511134217484e-06
Meaf6,-0.0810379111111336,2.5314169699099498e-06
Cmas,-0.08108446404830548,2.4943790493768173e-06
Wwp1,-0.08110378932387394,2.480079303736799e-06
Arf3,-0.08112089913376483,2.466880492084014e-06
Abt1,-0.08113526568229854,2.4559754276603606e-06
Tstd3,-0.0811685172980756,2.4314440240911058e-06
Pop4,-0.0811721787780481,2.429275257085433e-06
Endod1,-0.08118864887524238,2.4168486485246304e-06
Tcerg1,-0.08119745468969791,2.4105872854452583e-06
Pmpca,-0.08120571256425668,2.404777538498e-06
Arpp19,-0.08121732619671815,2.3963193449867164e-06
Rab24,-0.08122925950127724,2.388282794329405e-06
Stx12,-0.08126817925485033,2.3585819738871077e-06
Vapb,-0.08127560796876868,2.353539457763886e-06
Med28,-0.08127592112686721,2.353539457763886e-06
Phc2,-0.08129274390776114,2.3417183843568725e-06
Atp5j2,-0.0813067173746296,2.331651392538572e-06
Pip5k1a,-0.08133140838275131,2.3141374966712974e-06
Pex3,-0.08135766143370318,2.2948276696424435e-06
Efemp2,-0.08137714006306462,2.2807893415776134e-06
Rit1,-0.08137748819627627,2.2807893415776134e-06
Nop9,-0.08146066391524132,2.220609514125146e-06
Med29,-0.0815514752954909,2.1553522352697696e-06
Ube2e3,-0.08155665688903053,2.1523353281990493e-06
Il11,-0.08156320642275156,2.1487155849122863e-06
Fam91a1,-0.08156716994234264,2.1468958573001498e-06
Utp11,-0.08156960301775461,2.145849592656694e-06
Nsun2,-0.08158297706862683,2.1370212461837996e-06
Tgfbi,-0.08158691774418575,2.134910127154224e-06
Exosc1,-0.08161733579545195,2.1147939441036016e-06
Snd1,-0.08163976577643643,2.1004323687215293e-06
Snapc2,-0.08166740271995955,2.0832256280518397e-06
Nudt2,-0.08175598069923361,2.0246693178257443e-06
Stac2,-0.08178489633017415,2.007206933958663e-06
Ppp1r16a,-0.08179413935973404,2.001682343190353e-06
Tm9sf4,-0.08183711638842268,1.9738606340512743e-06
Rbm25,-0.08184751993522894,1.967663293300789e-06
Ddr1,-0.08186176145458882,1.9589768470696564e-06
Farp1,-0.0818795227719951,1.9480398703274712e-06
Mri1,-0.08191749579529227,1.9253906576893337e-06
H2-Ke6,-0.08192363802793036,1.92207099740791e-06
Tnni2,-0.08192890436145853,1.9193177669665233e-06
Snapin,-0.08199240441668666,1.8802862940281902e-06
Fam214b,-0.08199713074975316,1.878537764714632e-06
Smco4,-0.08201591854312619,1.8679994609550776e-06
Krtcap2,-0.08206700527898882,1.8375817844286683e-06
Zdhhc12,-0.08209955277746284,1.8182904196484093e-06
Selenon,-0.08210864607149061,1.8133597112443397e-06
Slc30a9,-0.08211130703462373,1.8123354346301804e-06
Tor1aip2,-0.08213960821394505,1.795848265012322e-06
Blvra,-0.08219280856303687,1.7647417745214893e-06
Endog,-0.08230181131825959,1.7025951650194978e-06
Acads,-0.08230421326394007,1.7017786505398709e-06
Gpcpd1,-0.08245176024160122,1.6217294201944261e-06
Tmem198b,-0.08247724665674844,1.6089611188800598e-06
Mrpl48,-0.08249451362886259,1.6001807212483825e-06
Slc2a1,-0.08250339168361827,1.5959369410231535e-06
Tmem263,-0.08254479360013073,1.5749207308252894e-06
Nfe2l3,-0.08256306319886053,1.5657919589266675e-06
Rnf170,-0.08258700818206495,1.5537470463417092e-06
Hspa9,-0.08262589652465002,1.535065375871963e-06
Arl6ip6,-0.08265892256641381,1.5186017836667375e-06
Chst7,-0.08281361321873576,1.4434050911597222e-06
Asna1,-0.08282887362867454,1.436469302375502e-06
Api5,-0.08289055109444428,1.407360088823348e-06
Dnajc1,-0.08292886246650753,1.3897386927057476e-06
Hspb1,-0.08293502335039214,1.3873064014052863e-06
Pdlim5,-0.08299539709089433,1.3602039200689567e-06
Smad4,-0.0830236115826354,1.3477428193937723e-06
Ccdc68,-0.08305970585141316,1.3318399759596982e-06
Myo9b,-0.08306554398061711,1.3296506297516275e-06
Chrd,-0.08309348414190433,1.318014789765597e-06
Rpl3,-0.08315825952149772,1.2898725754940774e-06
Ddx39b,-0.08316367054843278,1.2879360385821349e-06
Fam192a,-0.08318320151726842,1.280292062748964e-06
Gtf2f2,-0.08319332983131776,1.2763298199257886e-06
Arl2,-0.08319705190434873,1.275142145913041e-06
Crlf2,-0.0832052241603502,1.2720376062878136e-06
Ttc7,-0.08332133051049391,1.2237758955139277e-06
Twistnb,-0.08338911611521913,1.1967502522474949e-06
Tmem259,-0.08339805647407111,1.1935188131925897e-06
Exosc9,-0.08341195627825297,1.1884118008302458e-06
Zdhhc5,-0.08341705854555444,1.1870214179692423e-06
Rpl18,-0.08344446813217862,1.1764164719412234e-06
Pofut1,-0.08345303188475349,1.1743585220462944e-06
Pes1,-0.08348617222836893,1.1629454942681382e-06
Car5b,-0.08350529191753384,1.1557991491919023e-06
Cfl2,-0.08350853942906576,1.1549071382769643e-06
Tram2,-0.08353522861609428,1.1448595933626842e-06
Trim29,-0.08354095443514924,1.143012640643743e-06
Mrpl55,-0.08354119836604995,1.143012640643743e-06
Lrp12,-0.08360904604518651,1.1183362514523546e-06
Sgms1,-0.08364669814781242,1.104835130204233e-06
Vgll3,-0.0836721030830213,1.0956873481908511e-06
Rpl11,-0.08368581763768686,1.090946325231526e-06
Hspb11,-0.08376172977078766,1.0638081535142997e-06
Nosip,-0.08381570010264383,1.0447649635838253e-06
Hnrnph2,-0.08385405852863036,1.0315302491092617e-06
Trabd,-0.08388574240591691,1.0207797863207214e-06
Fbxw9,-0.08391469183388403,1.011417741747316e-06
Vkorc1l1,-0.08393411845753125,1.005067282699921e-06
Rap2c,-0.0839567640382165,9.979908174252405e-07
Gorab,-0.08395836959448688,9.977765727280768e-07
Stk38,-0.08396031216600977,9.974476654328935e-07
Paics,-0.08396389190730727,9.965615879929863e-07
Ruvbl1,-0.08406455825345521,9.635056776738866e-07
Psph,-0.08409725075509095,9.540683184500006e-07
Nae1,-0.08410255358582888,9.526580269149781e-07
Ppp2r5c,-0.08414088395773081,9.405606288788897e-07
Serinc1,-0.08414981324454467,9.380047400319076e-07
Phf10,-0.08417149713710634,9.316923433674197e-07
Hadha,-0.08419418058723176,9.247943283660001e-07
Psme3,-0.08425960432641101,9.049057042097666e-07
Wars,-0.08431995136832643,8.866756351237473e-07
Cdc16,-0.08434175541576,8.803652844132264e-07
Becn1,-0.08434760010377562,8.788971143105385e-07
Ciapin1,-0.08435848089977194,8.759167622995699e-07
Pdpn,-0.08439177588862888,8.662576747583346e-07
Pycrl,-0.0844142197104995,8.598989041895913e-07
Mpv17l2,-0.08443627805063862,8.536982237157377e-07
Cdc27,-0.08444137921941434,8.524908031697129e-07
Abraxas2,-0.08444333697916248,8.522045268948413e-07
Tnxb,-0.0844438659097673,8.522045268948413e-07
Lancl3,-0.08445649785887348,8.492186700106248e-07
Nap1l4,-0.08452696449263966,8.291840463327604e-07
Rcn2,-0.08454227512893034,8.253876245569699e-07
Rad17,-0.08455436172195023,8.222420950514584e-07
Spcs3,-0.08456261635558346,8.201882298628082e-07
Nfatc3,-0.08462221194372509,8.040883866567672e-07
Pdk1,-0.0846318198021513,8.017049624787113e-07
Dera,-0.08465419560179888,7.96092284627172e-07
Rtf2,-0.08469856144785595,7.845543109312296e-07
Il3ra,-0.08476893906418888,7.665375313364427e-07
Ammecr1,-0.08479069118051719,7.610690464247305e-07
Trappc13,-0.0848842205417373,7.371573228028767e-07
Ppp2r3a,-0.08488621130959637,7.369006576473868e-07
Tmem19,-0.08489146434016749,7.358152115702945e-07
Plxdc1,-0.08492562617230708,7.274352714092556e-07
Gins2,-0.08493137826153785,7.262381894606129e-07
Vps36,-0.08497278983563436,7.164109480269751e-07
Wdr26,-0.08498001372256254,7.148679061036772e-07
Dyrk2,-0.08503472079481249,7.017174676614411e-07
Kdm1a,-0.08506616518225357,6.943653462897023e-07
Agfg1,-0.08506887646849366,6.939503802160827e-07
Vsir,-0.08509249059159668,6.885395304078133e-07
Ehbp1l1,-0.08509394456174188,6.884273803721287e-07
Mogs,-0.08510450266712126,6.863843336229675e-07
Pih1d1,-0.08512766049407439,6.811381090165489e-07
Nmd3,-0.08513061607456225,6.809054447015484e-07
Mrps18a,-0.08513843115297032,6.792977139113857e-07
Dnajc21,-0.08514200161961895,6.786900841249937e-07
Psmg1,-0.08519432784677979,6.66960086315721e-07
Slc25a24,-0.08525086565304993,6.544702574810069e-07
Orc6,-0.08527463000760228,6.493235298035147e-07
Ost4,-0.08530022352407123,6.438074799606488e-07
Gm765,-0.08534307656078642,6.347434752198139e-07
Apopt1,-0.08537605277812617,6.279516825902086e-07
Chtop,-0.08538807014764535,6.2555214663855e-07
Hnrnpul2,-0.085406687763618,6.21948268315564e-07
Adprh,-0.08543876683761578,6.152699498818668e-07
Arfip2,-0.08551873506004899,5.988211051741628e-07
Tpcn2,-0.08558249597667032,5.860928601828043e-07
Cyb5r4,-0.08558410234940932,5.85966482840537e-07
Atp11a,-0.08558587777362064,5.858057467272263e-07
Tmem33,-0.08558995223294169,5.851769354084583e-07
Rxrb,-0.08561627634428651,5.800411705408318e-07
Nt5m,-0.08561643817408829,5.800411705408318e-07
Parp8,-0.08564896811487405,5.73873246993942e-07
Yeats4,-0.08566364666732561,5.711445831934332e-07
Ppil2,-0.08568658349566562,5.667961680473245e-07
Fbxo28,-0.08569630069230118,5.650756790177193e-07
Zmiz1,-0.08577981061550934,5.492477255457496e-07
Riok1,-0.08578208851994731,5.490007886436566e-07
Nsfl1c,-0.08578765233778592,5.481257390841424e-07
Ftsj3,-0.0858227870564621,5.416378803750508e-07
Dusp18,-0.08588026819496884,5.312500923702143e-07
Ankrd40,-0.08588425427498192,5.306946086211123e-07
S100pbp,-0.08589033292453097,5.297526746507987e-07
Dnajc14,-0.08589969848507452,5.282060106031556e-07
March5,-0.08594135037443726,5.207597116734733e-07
Gtf2f1,-0.0859889442614833,5.12350124612039e-07
Ndufa13,-0.08602687167958306,5.059531272779359e-07
Gnl2,-0.08603683244584641,5.043687681370458e-07
Ptpn11,-0.08605350064790727,5.016114086297075e-07
Slc35a4,-0.08610622482335727,4.926160500644362e-07
Drg1,-0.0861142891600048,4.913980960453539e-07
Dpy19l3,-0.0861626923424113,4.834780490884167e-07
Atp6v0c,-0.08618814462711964,4.795206791541994e-07
Vbp1,-0.08621121962470399,4.7582584220979947e-07
Mrpl36,-0.08621213394077852,4.7582584220979947e-07
Tmem237,-0.08628802220564402,4.635114811954316e-07
Mrps11,-0.08630517434854262,4.6089228981310296e-07
Sike1,-0.08630543717220687,4.6089228981310296e-07
Clba1,-0.0863405298304241,4.5552881149099983e-07
Sympk,-0.08634305619748005,4.5528347250818306e-07
Ppp2r3c,-0.08634473746911348,4.5517323477459283e-07
Oip5os1,-0.08634487446124604,4.5517323477459283e-07
Mrps36,-0.08639004497877918,4.4830568513981744e-07
Cdc123,-0.08640714140224917,4.4593368522034053e-07
Rnf2,-0.08644803591780681,4.398823842346364e-07
Akr7a5,-0.08650966057889432,4.307610760843122e-07
1110008P14Rik,-0.08653326767379407,4.274995583827471e-07
Manea,-0.08658455033037407,4.202152355363036e-07
Lrp10,-0.08658633725628805,4.201819906055116e-07
Syngr2,-0.0866003240198584,4.182657952262235e-07
Thap7,-0.08663222003076457,4.1388704822059194e-07
Tmem45a,-0.0866498421715699,4.1175995312692245e-07
Mrgbp,-0.08670114277869202,4.045307106611417e-07
Ccdc97,-0.08673375273422888,4.0005041687383086e-07
Smu1,-0.08673461733812339,4.0005041687383086e-07
Taf12,-0.08679299540199562,3.921962886510924e-07
Dnajc4,-0.08679887217913895,3.915218296014123e-07
4833415N18Rik,-0.08688742817194439,3.796134193498514e-07
Mark3,-0.08690285823761629,3.776841536260517e-07
Golim4,-0.08695123955298932,3.714174866453212e-07
Csnk2a2,-0.08696471616098607,3.6978361859821195e-07
U2af1l4,-0.08699731262133775,3.658066105491754e-07
Epn1,-0.08699838515524352,3.6579661932043613e-07
Mrpl33,-0.08700455790455465,3.651280068647179e-07
Phf14,-0.0870134884136308,3.641055623340039e-07
Rab22a,-0.08701481431009936,3.6406312651598754e-07
Procr,-0.08703663395401998,3.613933028890668e-07
Lhfpl2,-0.08704891373294771,3.60081433002209e-07
Gar1,-0.08710257374531812,3.5343692088013094e-07
Irx5,-0.08711741529942425,3.5180065797191235e-07
Tmx2,-0.08713257262187789,3.501991427429011e-07
U2surp,-0.08713951585290916,3.494630802990938e-07
Dbnl,-0.08715761843506228,3.473537782091981e-07
Eif3h,-0.0872533684217189,3.358904774759541e-07
Eri3,-0.08725400182051656,3.358904774759541e-07
Ythdf2,-0.0872660747399521,3.346179496838793e-07
Atraid,-0.08731572853396347,3.291286088795562e-07
Sub1,-0.08733064189945436,3.2750849114578695e-07
Car6,-0.08733315075724503,3.2733315294767037e-07
Ino80e,-0.08736012841072328,3.2456066613966157e-07
Dnal4,-0.08740395108848788,3.1966584732413836e-07
Serpinb8,-0.08742969650864668,3.169825107162996e-07
Rnf11,-0.08745104298610222,3.1470063949577587e-07
Cmip,-0.08748461399105747,3.1119141461850554e-07
Casp8,-0.08753956444826017,3.0528200097504694e-07
Otud6b,-0.0875997605730761,2.9892302547058344e-07
Znhit2,-0.08761697664444802,2.9720357184095985e-07
Atp10a,-0.08774471533024952,2.8419209131639367e-07
Nelfe,-0.08778252643391926,2.804884116488859e-07
Triap1,-0.08779707601751004,2.791369228493602e-07
Jagn1,-0.08783561952674127,2.754251099983391e-07
Shc2,-0.08786041966227297,2.7309685106147145e-07
5031439G07Rik,-0.08786056917050761,2.7309685106147145e-07
Bicd2,-0.08786751369375147,2.7260101536669477e-07
Ppm1a,-0.08788846023861667,2.7066785111633665e-07
Cop1,-0.08790533136069145,2.691391708867622e-07
Dhx32,-0.0879584714601232,2.641756228720756e-07
Esrra,-0.08796420856724411,2.6372913512185536e-07
Perp,-0.08798054725373791,2.6238212092347594e-07
Dus1l,-0.08798873813638344,2.6170912997987466e-07
1600012H06Rik,-0.08799515291670967,2.6120352080642205e-07
Hint3,-0.08800132911910308,2.607211028718803e-07
Cdc37,-0.08801858300748767,2.5921147647338237e-07
Blzf1,-0.0880976693732836,2.521658326588792e-07
Lclat1,-0.08818244905834147,2.447185954831547e-07
Immp1l,-0.08821958849551415,2.415724007086291e-07
Ttc13,-0.08829251518486901,2.3542672822136552e-07
Vps72,-0.08829690762278089,2.3514073672270492e-07
Hif1a,-0.0883370075509728,2.3195091007051573e-07
Ubqln1,-0.0883656431824319,2.2966339593829523e-07
Mex3c,-0.08837441521790913,2.29024129165975e-07
Slc30a4,-0.08841919242222282,2.2553583385595797e-07
Wdfy1,-0.08844095507949282,2.2394192955106366e-07
Sypl,-0.08844814776205823,2.2344482269468421e-07
Arl16,-0.08845358369468749,2.2308947771805111e-07
Rrp15,-0.08846447365087128,2.2229891036697095e-07
Gpr137b,-0.08852231216631934,2.1796367785472803e-07
Plekha1,-0.08861318827010377,2.1111017948248408e-07
Sun1,-0.08862627866034357,2.10194350902632e-07
Klhl9,-0.08864140199606456,2.0912936420477328e-07
Dync1li2,-0.08866575947833837,2.0737933455206433e-07
Ptges2,-0.08866590971155587,2.0737933455206433e-07
Ncam1,-0.08868293650226755,2.0625028294443364e-07
0610009B22Rik,-0.08870637325968987,2.0459142744435539e-07
Rab12,-0.08875317314943958,2.0124489285005768e-07
Fam104a,-0.08880852752027521,1.9741350525297486e-07
Cavin2,-0.08886224976099437,1.9376686472342074e-07
Nkiras2,-0.08897295117501415,1.8631373732420865e-07
Arfgap2,-0.08906433693459044,1.8039396047017762e-07
Cul1,-0.08906805636078818,1.8021701717677232e-07
Dclk1,-0.08906855125159434,1.8021701717677232e-07
Nek1,-0.08915457962422144,1.7485592863015357e-07
Ap3s1,-0.08924279309176603,1.6942243302034272e-07
Glo1,-0.08930406826112454,1.6582366166505592e-07
1700123O20Rik,-0.0893107738609646,1.6548140317613942e-07
Flnc,-0.0893270939567421,1.6456536171851322e-07
Nova1,-0.08935570326826642,1.6292668515583827e-07
D830050J10Rik,-0.08935642805292332,1.6292668515583827e-07
Uox,-0.08937362286997212,1.619894395633172e-07
Ctu2,-0.08941126498157652,1.5990927177880668e-07
Ndfip2,-0.08946879780862099,1.5666219588373324e-07
Gss,-0.0895087529885439,1.5457498525084703e-07
Eid2,-0.08957707093881222,1.508957252439673e-07
Prrc1,-0.0895777020872444,1.508957252439673e-07
Pef1,-0.08958578221705905,1.5052877613235442e-07
Cinp,-0.08959857196659213,1.4988539872438394e-07
Entr1,-0.0896428841371269,1.4759769779766218e-07
Katnbl1,-0.08964582451065851,1.474939586184602e-07
Maea,-0.08968760142721212,1.4532244881728853e-07
Snx21,-0.08977979283535176,1.4068051239707043e-07
Sdk2,-0.08979098497880142,1.4015956493256362e-07
Slu7,-0.08980084979754245,1.3970804175152957e-07
Slc25a46,-0.08981369510155116,1.3910678456195137e-07
Plod1,-0.08982727379216966,1.3847102992846142e-07
Plaur,-0.08984352041114692,1.377041255203937e-07
Rcn3,-0.08985004677373438,1.3742745097681284e-07
Med19,-0.08989330149898854,1.3532684824536253e-07
Map4,-0.08995621243921173,1.323537270099395e-07
Bola1,-0.08997456438394216,1.315186048514507e-07
Adam15,-0.08999116812802904,1.3082023582345206e-07
Nipa2,-0.09000067604044124,1.3046308315887639e-07
Pggt1b,-0.09003548751743555,1.2886259534401893e-07
Sf3b4,-0.09004837333893491,1.2830482415325574e-07
Mrps18b,-0.09016460326568712,1.2310423632434202e-07
Acad8,-0.09021311856529601,1.2111751752505035e-07
Alkbh3,-0.09023320609948185,1.202748669463577e-07
Bop1,-0.09026631370353588,1.1886989499661647e-07
Actr1a,-0.09028066194371205,1.1829078970679597e-07
Clint1,-0.0902830598030118,1.1823076512231778e-07
Cox14,-0.09032126962628363,1.1663074572704961e-07
Mrpl13,-0.09034320144082174,1.1574015469047722e-07
Tmtc2,-0.09036567323944193,1.1483343221856033e-07
Tceal8,-0.09037855059744476,1.1433506673360871e-07
Rnmt,-0.09039459915379847,1.137065188181396e-07
Golga7,-0.09041752259667969,1.1279657838470052e-07
Ubr5,-0.0904463325124426,1.1165233547606102e-07
Ewsr1,-0.09045707266467384,1.112545911249679e-07
Dnttip1,-0.09045994735194308,1.1117863730336023e-07
Derl2,-0.09046924957797703,1.1084101784130274e-07
Engase,-0.09048085449460498,1.1041105665357794e-07
Ppm1m,-0.09049194383886802,1.1000353520137973e-07
Mrps33,-0.09053038987983618,1.0850222538321115e-07
Rrp1,-0.09053512028638054,1.0835427463468811e-07
Exosc7,-0.09056273660435918,1.0734083066063508e-07
Ruvbl2,-0.09059440023454678,1.0613898385076591e-07
Pik3r2,-0.09060844808040226,1.0563188763183368e-07
Cndp2,-0.09063892656791099,1.0449412728578741e-07
Maged1,-0.0906535988466748,1.0400962868687301e-07
Ppp1r35,-0.0906682988889139,1.0352628987845344e-07
G3bp1,-0.0907540277299481,1.0042467327575653e-07
Gatd1,-0.09080411339937648,9.862672761802007e-08
Tusc3,-0.09080763625642504,9.853574572271521e-08
Galnt2,-0.09080885037240377,9.85285985964655e-08
Pitx1,-0.09083146779691909,9.77478227174498e-08
Ube2d2a,-0.0908381066671195,9.754561692457944e-08
Spsb3,-0.0908831865314851,9.597461689956583e-08
Vat1,-0.09090120474053522,9.53750658654627e-08
Gm49257,-0.0909449660222516,9.391890324430261e-08
Ccz1,-0.0909899045105038,9.2409437694333e-08
Rnaseh2c,-0.09104724208884081,9.050825459896949e-08
Coq9,-0.09106814339379143,8.98461594835486e-08
Snrnp40,-0.09107088194547178,8.97890929861016e-08
Nans,-0.09111640888934285,8.839139217978157e-08
Ube3b,-0.09115957807704189,8.702512022427701e-08
Nap1l1,-0.09122398218435093,8.500904246871185e-08
Orai3,-0.09126886147848902,8.364059715806757e-08
Ndufb11,-0.09149941951064226,7.68496760340144e-08
Mat2b,-0.09151515529647414,7.643113411608538e-08
Tent2,-0.09153083479251332,7.604510364359171e-08
Cul7,-0.09155509102327364,7.539200331281931e-08
Tjp2,-0.09158833386492372,7.452350940568867e-08
Ganab,-0.0915896701964609,7.45147085618729e-08
Itgb1bp1,-0.09159080133869887,7.45115963361286e-08
Rab10,-0.09159601355860696,7.439565624292129e-08
Emx2,-0.09160808635358575,7.41189331655995e-08
Bin3,-0.09166784206326245,7.251896825556718e-08
Tmem107,-0.09167360570663047,7.239121766215831e-08
Fgfr1op2,-0.09172412823340481,7.107110427671565e-08
Rxylt1,-0.09173382388371588,7.08421621641748e-08
Vps51,-0.09174488270949435,7.057814625681884e-08
Ykt6,-0.09176109251727992,7.018047889550946e-08
Timm50,-0.09176265300402775,7.016638651717197e-08
Cela1,-0.09178832603518394,6.952572136840773e-08
Cyp20a1,-0.09181831537053307,6.878013903494905e-08
Vit,-0.0918270605067405,6.858265469170839e-08
Trdc,-0.09183736448150663,6.834604786587197e-08
Krt10,-0.09185477320787573,6.793028023863248e-08
Zfp423,-0.09191460569748112,6.648357768076865e-08
Rbm17,-0.09193546871803747,6.599380248269853e-08
Tsta3,-0.09194020037880694,6.590262525689218e-08
Smad5,-0.09195678092998327,6.552153423784517e-08
Tsnax,-0.0919639365365507,6.537189997830307e-08
Acer3,-0.0919713698969888,6.524074119527244e-08
Hgs,-0.09207398653894137,6.291048813159797e-08
AC149090.1,-0.09208267604657741,6.27307542236711e-08
Bccip,-0.09209640346389186,6.243398689785286e-08
Cln5,-0.09222837073851871,5.945318920013103e-08
Ppp2r5b,-0.09228952863573434,5.815254319547289e-08
Sec11c,-0.09232655237257012,5.73752570281422e-08
Krcc1,-0.09236268910033524,5.662609070434018e-08
Acot7,-0.09239200567744629,5.6029359427530606e-08
U2af1,-0.09243102215926943,5.5258844705038874e-08
Stxbp3,-0.09244193113620668,5.5054576049385e-08
Timm8a1,-0.09246959405364816,5.450771412912993e-08
Aida,-0.0924770911121779,5.437564732400911e-08
Kif1b,-0.09248509801364369,5.4254389195118214e-08
Dlx3,-0.09252448348079997,5.35002262064118e-08
Rwdd4a,-0.09255170729133955,5.297710087568471e-08
Ddrgk1,-0.09257564532387398,5.2523663924618746e-08
Zfp771,-0.09259350975258018,5.219283555902327e-08
Smurf2,-0.09266411434217547,5.0866709966134804e-08
Aplp2,-0.09267858618803614,5.061048273400018e-08
Emc10,-0.09279638922065603,4.84558299068797e-08
Sae1,-0.09287819063395433,4.700530517799945e-08
Hspe1,-0.09288149327993153,4.6965044857457995e-08
Inpp5a,-0.09289639322475986,4.672039687864251e-08
Snrpc,-0.09290419532813277,4.660136930657198e-08
Pop7,-0.09290908451792951,4.653365297262977e-08
Pdha1,-0.09296292806210114,4.561710518537253e-08
Cyb561,-0.09300609848500752,4.489837674301896e-08
Plin2,-0.09304245727529131,4.4304305149315066e-08
Aebp2,-0.09306002059504864,4.402889458536206e-08
Sv2c,-0.09308587550205327,4.361850834765861e-08
Rpl7,-0.09309001644128499,4.3567309756748266e-08
Ccs,-0.0931094822093391,4.326528903603959e-08
Atp5j,-0.09312840450434615,4.2974117855573996e-08
Sdhaf1,-0.09314566231180217,4.271167985120541e-08
Tln1,-0.09320517906768183,4.179498289742881e-08
Ddx54,-0.09322237135013714,4.155672720625715e-08
Rcn1,-0.09336627022003408,3.9371667392333875e-08
Atp2c1,-0.093488458081946,3.7606526650599523e-08
Rfc2,-0.09355325034085141,3.673730455956978e-08
Dlg4,-0.09355807628176224,3.668444799536956e-08
1810055G02Rik,-0.0936107731731012,3.597269265567611e-08
Zfand6,-0.09364936716713536,3.54774904450552e-08
Rnft1,-0.09365969863474821,3.535246559213985e-08
Alyref,-0.09368526307661795,3.502477509239057e-08
Coa3,-0.09370344619505808,3.4797423129573717e-08
Spp1,-0.09371038593551202,3.471941880822989e-08
Ndufaf2,-0.09374747412390856,3.426060380999207e-08
Pgm2l1,-0.0937596822327507,3.4115432459905085e-08
Pmpcb,-0.09377649410499282,3.3911492238088815e-08
Kif13a,-0.09390255479114851,3.234981659643376e-08
Itfg1,-0.09390843523470259,3.229016941975648e-08
Mif4gd,-0.09391033436426448,3.227949438122494e-08
Ube2v1,-0.09395628205439002,3.1732386511591416e-08
Rpn1,-0.0939721028612288,3.155421427657996e-08
Wtip,-0.09398956838408276,3.1357371260956805e-08
Dtx2,-0.09401671441727913,3.1059232013258006e-08
Tfb2m,-0.09401979623479888,3.103498305707023e-08
Tes,-0.09404252854444087,3.077947257028647e-08
Mrpl9,-0.09409286740742381,3.0206492605641174e-08
Eloc,-0.09411507304292514,2.996363278091437e-08
Mcfd2,-0.09411609461644738,2.996363278091437e-08
Ncbp1,-0.09414320145810973,2.967896830311891e-08
Fam114a1,-0.09414935045031284,2.9621110219870635e-08
Bud23,-0.09418662178322741,2.9214420824381332e-08
Dtymk,-0.0942038067704877,2.9034907641639764e-08
Nubp2,-0.09433626328945881,2.7624488258284655e-08
Rtn3,-0.09435609140085603,2.7426756176055573e-08
Faf2,-0.09437400869806827,2.726106798368609e-08
Ilk,-0.09440208189315492,2.6991335448238332e-08
Zc3hav1,-0.09442068630292955,2.6810564469982634e-08
Got2,-0.09444132392036148,2.6610265247139365e-08
Gabarapl2,-0.09444180576544067,2.6610265247139365e-08
Nras,-0.09445329310929784,2.6509665994997023e-08
Stmn1,-0.09450609951928758,2.598956536888901e-08
Clpp,-0.09452143303096303,2.5847678725525953e-08
Srprb,-0.09453591229809791,2.5714957730871086e-08
Flii,-0.09456510325729646,2.5439144758826013e-08
Rps15,-0.09468311397879967,2.432374007185476e-08
Cox7b,-0.09468997022401943,2.426949169759213e-08
Mrpl22,-0.09474721215247865,2.375172612122249e-08
Fam173a,-0.09477231660032819,2.3533302855088366e-08
Polr2g,-0.09477395279000746,2.3527873659033832e-08
Cyp21a1,-0.0947944202401016,2.3352997610785896e-08
Dusp10,-0.09485869485374691,2.280166078673363e-08
Ak3,-0.09491257427523053,2.2343245059529484e-08
Tmco1,-0.09496947106901366,2.187711472911773e-08
Dync1i2,-0.09500566538719069,2.1583185429740857e-08
Zc3h14,-0.09504063681080366,2.1303124465796843e-08
Camk2n2,-0.09511687849861265,2.070326975726661e-08
Nsf,-0.09512328987623533,2.066044018533436e-08
Glis2,-0.09519245714660804,2.0125000965009446e-08
Emilin1,-0.09533895690023989,1.9041828923571662e-08
Fkbp8,-0.09536777502954012,1.8846162133693067e-08
Ndufa12,-0.09541783578330593,1.8492580891605393e-08
Golgb1,-0.09543072919178029,1.8408036236666895e-08
Zpr1,-0.09543939483722313,1.8361193139776712e-08
Trappc6b,-0.09544230573569573,1.8347900149512718e-08
Mical1,-0.09546048945543459,1.8226691321219814e-08
Rsl1d1,-0.09547072781082466,1.8161972131572885e-08
Nrm,-0.09549080440781657,1.8028758715957055e-08
Ube3c,-0.09549204800517733,1.802732736321709e-08
Gmds,-0.09549894609267279,1.798652297524407e-08
S100a13,-0.09553002114169007,1.777876001728233e-08
Fnta,-0.09556136670157979,1.757149319247541e-08
Spata6,-0.09556325875435108,1.75656946961048e-08
2210016F16Rik,-0.09559128876310463,1.7390141234237195e-08
Sys1,-0.09563064572396657,1.7134046035806383e-08
Golga2,-0.09565486851039794,1.6980887308365295e-08
Ap2a2,-0.09565735937435686,1.697134842948923e-08
Tomm20,-0.09567276779194167,1.6877146044140968e-08
Mxra8,-0.09575236647590875,1.6384226158890138e-08
Mrpl42,-0.09587287109835353,1.5642142106995036e-08
Gpr180,-0.09587752143187098,1.5620235673958545e-08
Lsm8,-0.09587755327956796,1.5620235673958545e-08
Drg2,-0.09598273853414302,1.5012549968031652e-08
Tsen34,-0.09599008232005334,1.497614689613689e-08
Fibin,-0.09599442879399504,1.495691968542078e-08
Pygl,-0.09600045596865603,1.4927962414429035e-08
Leo1,-0.09602534468974322,1.4796199008992303e-08
Tbca,-0.09603361066832954,1.4754698714565248e-08
Gtf3a,-0.0960701586622414,1.4552350392044046e-08
Cul5,-0.09607096181764381,1.4552350392044046e-08
Sec22b,-0.09608429079600642,1.4490198456457217e-08
Hes6,-0.09608944999010187,1.4467017776907897e-08
Rpl19,-0.09611136032770706,1.4350029862024395e-08
Tubb3,-0.09612635726524675,1.4272318045528958e-08
Cfap20,-0.09613235820555076,1.4244812719120158e-08
Dapk3,-0.09613758461367057,1.4221647959670892e-08
Malsu1,-0.09623869902607579,1.3678036572967789e-08
Cnot9,-0.09624102393855057,1.3671216908521367e-08
Dnpep,-0.09625279868067455,1.3614173794981048e-08
Fzd6,-0.09628498413399275,1.344992445033115e-08
Atg5,-0.09630738998119649,1.3338375661599056e-08
Suds3,-0.09631198222224335,1.3319943683754009e-08
Gtpbp8,-0.09634428876421003,1.3163903078138063e-08
Wnt16,-0.09636196980842333,1.3078754514941973e-08
Narf,-0.09636705678591771,1.3058156157267804e-08
Pcmt1,-0.09640892626466482,1.2851772165579405e-08
Lap3,-0.09642720643715462,1.2765604973288407e-08
Myo1c,-0.09644283007605203,1.2693161016663143e-08
Lamtor2,-0.09653859917728413,1.2237051042867426e-08
Ankrd37,-0.09653975422995838,1.2236538611193272e-08
Desi2,-0.09654290955902753,1.2226465264802091e-08
Sdf2l1,-0.09655491654973858,1.2174204478316983e-08
Itih5,-0.09658601561617185,1.2032006121996109e-08
B9d2,-0.09662010121475119,1.1877541233966493e-08
Shf,-0.09663873651093477,1.1796104669644328e-08
Fam171a2,-0.09666765011662626,1.1668184175833367e-08
Nat8,-0.09668339444591942,1.1601267147569388e-08
Mrgprf,-0.09668636428182557,1.1592551358883604e-08
Nat9,-0.09696703250204307,1.0401894560040409e-08
Ube2d3,-0.0970438054127918,1.0101287705582713e-08
Amotl2,-0.09711146306068835,9.840302980924333e-09
Comt,-0.09711969188045673,9.812565314334508e-09
Fars2,-0.09713805125832452,9.746005329922882e-09
Col6a1,-0.09716095727146071,9.666580756164775e-09
Copa,-0.09718470801501569,9.58064542060433e-09
Cox18,-0.09721916820381007,9.455520718472615e-09
Aga,-0.09721962205042199,9.455520718472615e-09
Fbxo36,-0.0972682409277651,9.28229124323708e-09
Tent5b,-0.09739220320184123,8.843500022948724e-09
Idh3g,-0.09742767480968795,8.724281037885953e-09
Mob2,-0.09744180869804217,8.67937622503429e-09
Limch1,-0.09748442046826855,8.538223797259543e-09
Ube2g1,-0.0975175340414513,8.430859244101752e-09
Orai1,-0.0975505286691065,8.328654063478704e-09
Rps11,-0.0975557692675885,8.315340244631171e-09
Hsd17b12,-0.09757128014066413,8.270973492737736e-09
Galm,-0.09758859947166826,8.224834374496443e-09
Zbtb7c,-0.09761140999219482,8.157834381918662e-09
Zdhhc16,-0.09762898811076408,8.108117201490416e-09
Slc39a6,-0.09771795765740326,7.840945898991776e-09
Mbnl2,-0.09773703506104357,7.78524704184538e-09
Radil,-0.09776758718006302,7.698130309088795e-09
Ube2r2,-0.09777083494162087,7.691455727918713e-09
Necap2,-0.09782562976806472,7.529571826884139e-09
Pdcd5,-0.09785958340443908,7.4321131710339776e-09
Tsen15,-0.09787946822861907,7.376887298977032e-09
Mthfd2,-0.09788037751043197,7.376887298977032e-09
Josd2,-0.09789509984383964,7.340556800884551e-09
Trmt6,-0.09790078471015702,7.327110182105044e-09
Urm1,-0.09793784281687572,7.226342313598318e-09
Wwtr1,-0.09794604427384766,7.205909420598944e-09
Stk19,-0.09796783226337875,7.146930541443323e-09
Commd7,-0.09798846597563864,7.091667987955022e-09
Mfsd1,-0.09799613796354052,7.073093196191714e-09
Ssrp1,-0.0980324332391921,6.97784754365211e-09
Ube2b,-0.09805839379424382,6.909239185845994e-09
Nectin3,-0.0980622661855021,6.901532289271783e-09
Apex1,-0.0980684371386765,6.887548379879508e-09
Gipc1,-0.09809863363195898,6.811215788514794e-09
Higd2a,-0.09810547028584894,6.795616011582032e-09
Adamtsl5,-0.09817308470662052,6.621126859465397e-09
Polr2c,-0.09818534956799604,6.591719285404676e-09
Ghitm,-0.09819096811198162,6.579795781438245e-09
Schip1,-0.0981909721828366,6.579795781438245e-09
Rabl6,-0.09819194941792665,6.579795781438245e-09
Lamc2,-0.09820992938188226,6.538682006647531e-09
Bin1,-0.09821185148010908,6.536452320294022e-09
Rpl18a,-0.0982282655879982,6.496690668394982e-09
Uxt,-0.0982342722421561,6.4839392787867795e-09
Micu2,-0.09824417985304684,6.461184049942143e-09
Tctex1d2,-0.09826879718393206,6.40095429387125e-09
Tars,-0.09833951670117719,6.22601053235548e-09
Ice1,-0.09842352558350838,6.026316688167522e-09
Rps3a1,-0.09842957963392816,6.014353513088893e-09
Mef2d,-0.09845209614894732,5.963175920756826e-09
Wdr74,-0.09856392514727287,5.708020682459231e-09
Gamt,-0.09859149922177121,5.6479769150413675e-09
Phtf2,-0.0985964189576636,5.639298907600341e-09
Wnk1,-0.09863100013129854,5.566745454917247e-09
Rabif,-0.09865035696286148,5.528605521207084e-09
Mrpl30,-0.09873119754686,5.357527464037554e-09
Sec63,-0.09873934377037417,5.342396234997853e-09
Txn2,-0.09874065677047614,5.341873128214255e-09
Rsu1,-0.09888037466927238,5.0559433523155276e-09
Tspan5,-0.09888430169180158,5.050162307592243e-09
Bcas2,-0.09889858480087947,5.023526485882551e-09
Sod3,-0.09892382583999973,4.9751581183353084e-09
Serpine2,-0.09895186945299028,4.921717873265211e-09
Cirbp,-0.09895412657981707,4.919376719973031e-09
Hdgf,-0.09898791801639394,4.855330067738355e-09
Ube2s,-0.09902378223709486,4.788118056410559e-09
Nr2c2ap,-0.09905997772946028,4.723210819088878e-09
Rhob,-0.09910236612147695,4.645613084967151e-09
Anapc5,-0.09915702415889974,4.54877363842933e-09
Slc4a2,-0.09916487130743451,4.536421843907968e-09
Gfer,-0.09922191699101793,4.437547492978737e-09
Homer2,-0.09923602652217894,4.41437737947714e-09
Eif3m,-0.0992699493107882,4.358395240061822e-09
Cops2,-0.0992934135223999,4.319365650367097e-09
Cops7a,-0.09932378828884961,4.268805478281654e-09
Yrdc,-0.09933932132837339,4.244067147284365e-09
Trim2,-0.09939003186635237,4.1602087475324955e-09
Il2rg,-0.09939860541509421,4.147677777164335e-09
Uqcr11,-0.09941369683634886,4.124357262926326e-09
Mkrn1,-0.09945949530415114,4.05080557815297e-09
Mapkap1,-0.09950293448245182,3.984034967665914e-09
Usf2,-0.09950326579862606,3.984034967665914e-09
Aph1a,-0.0995302347399848,3.943889475270709e-09
Laptm4b,-0.09957233189548423,3.879258087897841e-09
Ddx49,-0.09963945746782538,3.777358653446758e-09
Dazap2,-0.09965343773166546,3.757754865253287e-09
Magohb,-0.09966291983451062,3.74503730539255e-09
Ecscr,-0.09970861393802809,3.681436246834593e-09
Apbb1,-0.0997388969777436,3.6383075355497805e-09
Aggf1,-0.0997873899642738,3.5693364551507314e-09
Fam189b,-0.09979240835945943,3.563659390100031e-09
Cyth2,-0.09983353535492609,3.5080105204735324e-09
Ccdc34,-0.09985170788638155,3.483868506504145e-09
Actn4,-0.09988342969573263,3.443995212619463e-09
Megf9,-0.09998291560226404,3.3096605110383324e-09
Abce1,-0.09999663565911492,3.2927771742137655e-09
Gmpr2,-0.10000474990829977,3.283416771975923e-09
Rbfa,-0.10000794910493153,3.280600279369705e-09
Lyrm2,-0.10001360017360719,3.2745365313416065e-09
Cebpzos,-0.10003110900270862,3.25283817478021e-09
Immt,-0.10003737777232861,3.2460137146107083e-09
Stx8,-0.10004901250585943,3.232176181575477e-09
Clasp1,-0.100118614891942,3.143732862057186e-09
Nsg1,-0.10020861162662914,3.0324782625682444e-09
Diablo,-0.10022821126015649,3.009793277781243e-09
Oaz2,-0.10030083132373954,2.9262721541011205e-09
Katnb1,-0.10046156005960608,2.7449866091128215e-09
Use1,-0.10051179037554377,2.6918686716675897e-09
Fbxw2,-0.1005376522557499,2.6660491151329505e-09
Trio,-0.10054469110754821,2.6595967064064046e-09
Vta1,-0.10057483836421728,2.628335588291412e-09
Mtch2,-0.10060053944454829,2.602137124993447e-09
Prmt1,-0.10061083832775101,2.5923945107238625e-09
Sars,-0.10062306596180916,2.582936703017925e-09
Ywhah,-0.10066033167964782,2.545167919843488e-09
Pacsin2,-0.10066378355276444,2.5427146039744048e-09
Yipf3,-0.10067529963417748,2.5319354852873546e-09
Jpt1,-0.10068365882290649,2.5244449722942864e-09
Ubl4a,-0.10074024742467395,2.4680027362874856e-09
Dlst,-0.10075388223221546,2.4554120186951207e-09
Slurp1,-0.10075712738979914,2.453251147196966e-09
Nbdy,-0.10077950629575755,2.432049946597619e-09
Sdc1,-0.10085726508959424,2.3592683298672272e-09
Ift43,-0.10089010158682053,2.329933215838603e-09
Ddx24,-0.1009096028694705,2.312487801287701e-09
Mecr,-0.10096945597208302,2.259668018874703e-09
Ikbip,-0.10102096745582508,2.213597134865863e-09
Csnk1e,-0.10105871732620182,2.180676563239842e-09
Steap1,-0.10108761194218967,2.156026577279171e-09
Fez2,-0.10109349434437723,2.151804127442415e-09
Dhrs4,-0.10112034731092368,2.1301986391860262e-09
Rnps1,-0.1011481920867797,2.1070108175328855e-09
Mrpl11,-0.10118338225136447,2.078740617583735e-09
Tor2a,-0.1011972329073977,2.0679119476065437e-09
Srpk1,-0.10122851001510556,2.043426173707976e-09
Spcs1,-0.10126465717723576,2.0152004059504862e-09
R3hcc1,-0.1013786679120278,1.924069218898679e-09
4930453N24Rik,-0.1013805875533944,1.9234155018079974e-09
Prkag1,-0.10139454598261351,1.9132932890421043e-09
Fdx2,-0.10144642871658605,1.8738421514162003e-09
Dnlz,-0.10149812248765079,1.8353275672515874e-09
Cyfip1,-0.10151298469197748,1.825799177049686e-09
Tmx1,-0.10151669840218469,1.8238351993615035e-09
Tomm70a,-0.10153205865015248,1.813181449713275e-09
Rgs10,-0.10155871554901587,1.7942440671188329e-09
Pdrg1,-0.10156590339832514,1.7897579033270335e-09
Pusl1,-0.10157141849553984,1.786510195889216e-09
Med7,-0.10164316612992604,1.7353841710644268e-09
Piezo2,-0.1016774677709085,1.7126209862434917e-09
Snap23,-0.10172068478985401,1.6839623152975651e-09
Caml,-0.10172185571942803,1.6839098191051184e-09
Fitm2,-0.10172445711046739,1.6828669759419396e-09
Pigs,-0.1017783899010357,1.646670097707822e-09
Matn2,-0.10178447971395056,1.6432885528299619e-09
Kcmf1,-0.10179973762493125,1.6337358581839315e-09
Tgfb1,-0.10180378673220453,1.6317511747503513e-09
Qars,-0.10184066290373267,1.6078850641253776e-09
Bet1,-0.10185507570815137,1.5990903011270398e-09
Blmh,-0.10187337387961923,1.5877988997891977e-09
Dazap1,-0.1019119444242637,1.563468390515378e-09
Ccdc115,-0.10205499718490889,1.4758929375361237e-09
Lztfl1,-0.1020731377622344,1.465546960961565e-09
Rgcc,-0.10212167638987624,1.4371187664169702e-09
Psmd9,-0.10214274492670618,1.4253133958004702e-09
Brox,-0.10215956926539484,1.416083754637554e-09
Lsm12,-0.1021670541522743,1.4123524040018658e-09
Ccn4,-0.10220097193697558,1.3933271484108445e-09
Mirg,-0.10222316715247229,1.381229976735479e-09
Ercc1,-0.10223749080396598,1.3736991363565978e-09
Alg3,-0.10226054584111147,1.3625242050334044e-09
Zfand2b,-0.1022661580545546,1.3599847554856974e-09
Pdia4,-0.10229235969038178,1.3459384616636343e-09
Uqcrfs1,-0.10231038513787424,1.336547814807193e-09
Zfp593,-0.10232817550780417,1.327350364512312e-09
Mpc2,-0.1023289222196584,1.327350364512312e-09
Lrrc42,-0.10235843105074317,1.3120297909111952e-09
Psme4,-0.10238156947721504,1.3001155194954467e-09
Ptrh1,-0.10241028155191131,1.2853366596986306e-09
Actr1b,-0.10243206402581237,1.274957799331049e-09
Pmvk,-0.10246900533772949,1.2561677101463706e-09
Dars,-0.10247877067836228,1.2516674187111986e-09
Rcc2,-0.10258361555933435,1.1989700687874371e-09
Ralgds,-0.1026039957339296,1.1894200346664076e-09
Mtmr6,-0.10262413725151229,1.1800612351616912e-09
Tbc1d23,-0.10271687460241108,1.1365311588313834e-09
Tradd,-0.10275982464879192,1.116943653132163e-09
Ppp2ca,-0.10276048466581844,1.116943653132163e-09
Clns1a,-0.10277427174098222,1.111278357864303e-09
Cers2,-0.10278501117339109,1.106837879105796e-09
Dnajc10,-0.10280205214679801,1.0995308565211434e-09
Ssb,-0.1028107369293782,1.096576996213198e-09
Asns,-0.10284520355478197,1.0814713150166091e-09
Cops8,-0.1028927532888326,1.0607792022550468e-09
Tagln,-0.102898694700989,1.0586479414545818e-09
Ackr4,-0.10299668872926784,1.0167996199409312e-09
Ddost,-0.10303074759511796,1.002938513029514e-09
Prpf31,-0.10305070564291607,9.950921865878164e-10
Atxn10,-0.10314492321483795,9.57206612458581e-10
Nsmce3,-0.1031805123144982,9.435369197801374e-10
Magt1,-0.10322002840543454,9.289643225849713e-10
Chpf2,-0.1032759197374888,9.079590418207267e-10
Faim,-0.10329070351494606,9.027882781995594e-10
Acyp1,-0.10329507971525533,9.015570794012341e-10
Lmo1,-0.10334178969412411,8.845445524914133e-10
Zfp91,-0.10336138240029318,8.777384545509826e-10
Ccdc59,-0.10348317634989684,8.345401147244747e-10
Borcs7,-0.10351080267214885,8.253304007972221e-10
Ap2b1,-0.10362040550700864,7.890393360191827e-10
Angptl2,-0.10362910452362763,7.865340321346946e-10
Nol7,-0.10363998158947502,7.833213572761338e-10
Prorsd1,-0.10371587060786601,7.593124540953523e-10
Colgalt2,-0.10386669628632013,7.132502700388764e-10
Rhoq,-0.10389383079164005,7.05824978247482e-10
Marveld1,-0.10396100789360883,6.864999197386324e-10
Tm2d1,-0.10397417778472748,6.830283890016058e-10
Tpst2,-0.10401725807932904,6.710805795917602e-10
Arl2bp,-0.10410962542899219,6.467083164856688e-10
Lrrc17,-0.10413950064097756,6.389244192805355e-10
Prpf19,-0.10414910176123691,6.366444802796619e-10
Cap1,-0.1041616619653003,6.338793237986161e-10
Csrp1,-0.10423202001266185,6.159441536924566e-10
Rpl31,-0.10431609090205919,5.947749319201594e-10
Enpp2,-0.10439622558643397,5.75272136932333e-10
Pole3,-0.10440034848510964,5.74541556744147e-10
Nrd1,-0.10443566450361834,5.66305336969391e-10
Tm9sf3,-0.10445704143325231,5.614802171255853e-10
Slc41a2,-0.10447590347956298,5.575491095766727e-10
Prep,-0.10453186199059461,5.450348572417159e-10
Eif2s2,-0.10455482390750266,5.400252150340851e-10
Mak16,-0.10457513039808314,5.356616424999525e-10
Cdipt,-0.10461255164946406,5.275008379306887e-10
Slc4a8,-0.10464086701702854,5.217126502199355e-10
Tbc1d20,-0.10468995905682936,5.114698344747615e-10
Atp6v1g1,-0.10469153542198573,5.113702615266239e-10
Abcf2,-0.10471767056847482,5.059833621537664e-10
Cnot6,-0.10477725623064342,4.938429118418747e-10
Fam174a,-0.10478093822939184,4.933067482843715e-10
Rflnb,-0.10478375448011752,4.929520027641607e-10
Mvk,-0.10479457955798552,4.909291398952128e-10
Tmc6,-0.10484705566982246,4.805883108429008e-10
Tmem70,-0.10487415791515449,4.753238815773843e-10
Selenoh,-0.10491884189182651,4.666233973754604e-10
Rpl7l1,-0.10496530616490918,4.577327036875019e-10
Rp2,-0.10498911603012642,4.53561786966006e-10
Adk,-0.10505391558022435,4.418842067218691e-10
Scx,-0.1050873165302774,4.35866924233954e-10
1700003F12Rik,-0.10509930683439121,4.340658477195015e-10
Czib,-0.10510056840812129,4.34040229389898e-10
Mrps15,-0.1051308381982085,4.2869759426314706e-10
Cenpb,-0.1051520667918325,4.2504976651972417e-10
Rabac1,-0.10518006206732118,4.2042245004489925e-10
Tcim,-0.10519829873172709,4.1737430241854744e-10
Htr2a,-0.10521683763701975,4.1429453600871394e-10
Amotl1,-0.10529282903262593,4.013051684606237e-10
Edf1,-0.10530595479050749,3.9926036686112784e-10
Akt1,-0.10545229842573078,3.7548992263337603e-10
AW551984,-0.10545485433145434,3.754409960270026e-10
Ppp1r11,-0.10548222511041486,3.7126345156586637e-10
Vps37b,-0.10552376981663301,3.649185086757977e-10
Hdac2,-0.10555883439675341,3.5984571804333633e-10
Rab4b,-0.10564350408011364,3.474059945293998e-10
Efhd2,-0.10565032564064321,3.4656218349352683e-10
Commd2,-0.10565195686190994,3.4656218349352683e-10
C1d,-0.10565492126100356,3.46382967144802e-10
Rtcb,-0.10570079366232929,3.3998925176864765e-10
Furin,-0.10576811529322351,3.305054157866593e-10
Kremen1,-0.10582066864121681,3.2347278982083805e-10
Phf5a,-0.10593758203180462,3.0813219033436495e-10
Rnf6,-0.10594687381544697,3.0705716613049653e-10
Hnrnpab,-0.10609325209655829,2.88806708549652e-10
Nfs1,-0.10616720714317836,2.801955403543658e-10
Nifk,-0.10622414762537187,2.735629571627692e-10
Imp4,-0.10625281445115674,2.7034736269692264e-10
Pgm2,-0.10628127585487461,2.671923291375504e-10
Ecrg4,-0.10632633201605156,2.621968024593993e-10
Gmps,-0.1063381404090131,2.609964763900603e-10
Rai14,-0.10635594623595697,2.591326114167368e-10
Sdhc,-0.10638496012606251,2.5616969597267387e-10
Limk1,-0.10641773658352506,2.5270720320167787e-10
Sidt2,-0.1064330819312094,2.51167073073921e-10
Lefty1,-0.10643537097334137,2.51042375979587e-10
Pop5,-0.10644778507049077,2.498271276614044e-10
Mtx1,-0.10651964402519586,2.423370588756365e-10
Tmed1,-0.10652496462942429,2.419007742363988e-10
Asap2,-0.10656588750237106,2.377912838290716e-10
Kmt5a,-0.10658319890593453,2.361401599724168e-10
Fam3c,-0.10660844488784621,2.3392903058649014e-10
Eci2,-0.10663971785384123,2.3091058938148167e-10
Dpm2,-0.10668269026873743,2.2689468945349726e-10
Tnpo1,-0.10671485139925964,2.2387931321513377e-10
Imp3,-0.10675918048281152,2.200708251780327e-10
Actn1,-0.10676369703455434,2.1975048002834956e-10
Sept9,-0.10678415504105074,2.1792615811263595e-10
Yae1d1,-0.10680112828315422,2.1644202095418782e-10
Dmac1,-0.10682017032912282,2.1477587321804082e-10
Xpa,-0.10698754283306475,1.9989042741970688e-10
Kif2a,-0.1070570601710094,1.9406488520047533e-10
Ppp1cb,-0.1070720367799329,1.9290647570300625e-10
Ubl5,-0.10709726858717585,1.909055744774859e-10
Syncrip,-0.10710132020441504,1.906652586646161e-10
Naa50,-0.10712549807798931,1.8877326050149066e-10
Sh3kbp1,-0.10718916736247598,1.8372980882600755e-10
Polr2j,-0.10729141450598147,1.759393508900876e-10
Prdm8,-0.10738329789866245,1.6923184893372533e-10
Bet1l,-0.10741520992279224,1.6706948015554191e-10
Lsm1,-0.10743301289365005,1.6586541801450696e-10
Bola3,-0.1074822637513738,1.6251667109911505e-10
Clcn5,-0.10748377172615795,1.6249100747912766e-10
Htra2,-0.10757027229719332,1.5657400281615218e-10
Arpc1a,-0.10766483172778193,1.5041475217932273e-10
Eif3c,-0.10768879144137684,1.489287304149073e-10
Krt80,-0.10772546952688415,1.4664288572308875e-10
Wdr18,-0.10778019921815099,1.43332045296689e-10
Hnrnpul1,-0.10778373476542902,1.4318292040698534e-10
Cpne1,-0.1077901011513531,1.429290931012279e-10
Pdcl3,-0.10787175950302202,1.3800116791334576e-10
Ermp1,-0.10794010285900804,1.340158363526687e-10
Synm,-0.1079403786475901,1.340158363526687e-10
Csgalnact1,-0.10797003129429075,1.3240976532191995e-10
Ctsd,-0.10799500032987208,1.3104040379499817e-10
Faf1,-0.107995524326973,1.3104040379499817e-10
Dnajb11,-0.10801105644346315,1.3032112225834938e-10
Rars,-0.108051515691603,1.2810355967232208e-10
Exoc3,-0.10807901482990923,1.266378317264547e-10
Uqcrc2,-0.10810497588562104,1.252726793909868e-10
Pfkl,-0.10814355638880747,1.232403920529533e-10
Pa2g4,-0.10822104149422669,1.1925524169073153e-10
C1qtnf1,-0.10826961384327165,1.1680678732526308e-10
Efnb2,-0.10829869318302739,1.1538788325853676e-10
Cops3,-0.1084058117339331,1.1026716309472509e-10
Dda1,-0.10841607579542961,1.0982782876060111e-10
Dpm1,-0.10845772222464689,1.0789606158711781e-10
Mdh1,-0.10850910019377151,1.055462099786783e-10
Hnrnpf,-0.10855357938364518,1.0361180386483814e-10
Ndufb4,-0.10855379027685741,1.0361180386483814e-10
Xrn2,-0.10855755691582411,1.0353590493103586e-10
Glrx2,-0.10881224264193243,9.267221804562924e-11
Lypla1,-0.10881333339168107,9.267221804562924e-11
Armc1,-0.10881589059961798,9.261756268183644e-11
Lxn,-0.10882965125933917,9.210550495759779e-11
Ufsp2,-0.10883785606049494,9.182034074276187e-11
Notch2,-0.10899456854230374,8.578752035636839e-11
Tubg1,-0.10903094294687496,8.45097284166284e-11
Mrpl50,-0.10904382718874357,8.4074092623182e-11
Atp1a1,-0.10914437124687242,8.046978794173083e-11
Chmp2b,-0.10914560464506752,8.046701541564994e-11
Exosc4,-0.10919486976464236,7.881734771996929e-11
Insig2,-0.10920583274732534,7.847700327683823e-11
Ywhab,-0.10925131335920263,7.695655597130184e-11
Mtss1,-0.10930918781543254,7.505296658794556e-11
Fgf16,-0.10931626664740134,7.485689397215195e-11
Paxx,-0.10942446277323052,7.139802265324835e-11
Rplp0,-0.10953680314601448,6.797099305023555e-11
Yipf5,-0.10956394893175564,6.719344580785681e-11
Metrnl,-0.10957468973776559,6.690891280092638e-11
Colgalt1,-0.10959302416024608,6.64018977247025e-11
Tdg,-0.10959697775740279,6.631972667797695e-11
Fyttd1,-0.10964148536857636,6.505836927757695e-11
Rpl4,-0.10965013830067633,6.484268905397634e-11
Brms1,-0.10970298862846115,6.340661372336333e-11
Ptov1,-0.10980314938983475,6.071401266220702e-11
Smurf1,-0.10983751531299119,5.982587570084853e-11
Zc3h15,-0.10985990267648361,5.926479989876932e-11
0610010K14Rik,-0.10999685507193616,5.5824355568113875e-11
Fam207a,-0.11000496307449982,5.56522122223984e-11
Pabpc4,-0.11008062557324391,5.3894335112201895e-11
Mtdh,-0.11008686330038872,5.377277393618921e-11
Rrbp1,-0.11010730156492034,5.3313600471936905e-11
Memo1,-0.11012486608784393,5.292591340984907e-11
Nrbp1,-0.11022415671756536,5.068977242368524e-11
Ttc1,-0.11026277446448134,4.985101581713785e-11
Ctxn1,-0.1102714256920353,4.968496660226942e-11
Stx4a,-0.11027253719378896,4.968496660226942e-11
Trappc3,-0.11038503138433142,4.730478668969738e-11
Pon2,-0.11043415647810434,4.63033343388778e-11
Ptgs2os2,-0.11045125326370468,4.597527207907206e-11
Sdhaf4,-0.11050507285799147,4.4907169492894125e-11
Pgrmc1,-0.11050952913413516,4.484121636320461e-11
Gale,-0.11052331873617982,4.458912894610956e-11
Banf1,-0.1105895992760291,4.3310755445256505e-11
Me2,-0.11059779320990479,4.317493980598343e-11
Tubb2b,-0.11060236239443844,4.3109330485652964e-11
Cxxc5,-0.11061057146183957,4.2973861093450485e-11
Ramp2,-0.11065395544269628,4.2214505413909764e-11
Ak2,-0.11067379180975338,4.1863584571720084e-11
Gtf2h5,-0.11068544748638527,4.1667708876853724e-11
Ptges3l,-0.11069831290708121,4.1450302660195015e-11
Otub1,-0.11091576833101376,3.76441836173563e-11
B3galnt1,-0.11104818633419382,3.551106960187195e-11
Emc8,-0.11106227769705529,3.5305742736253394e-11
Acaa1a,-0.11112282882925847,3.437706551073598e-11
3300005D01Rik,-0.11112515819299251,3.435916487361692e-11
Pex2,-0.11123932544297413,3.265847618285202e-11
Arhgap1,-0.11129364844339562,3.188727412897505e-11
Dok1,-0.11129623991504936,3.186688890600089e-11
Nudt18,-0.11130954890436279,3.16933902823787e-11
Scfd1,-0.11136808300438505,3.08859457804803e-11
Tmem214,-0.11139770750293515,3.0492941872258945e-11
Angptl1,-0.11151206450091587,2.8977563317104333e-11
Tsg101,-0.11151550479882832,2.8947938531749528e-11
Anapc16,-0.11153802150934963,2.8670814795301586e-11
Npdc1,-0.11159912797742945,2.7921264205332024e-11
Rpl13a,-0.11160278985995285,2.7889929820286312e-11
Uchl3,-0.11162150519603907,2.767014723062634e-11
Maco1,-0.11181483249638578,2.5371176100306925e-11
Srsf3,-0.11183350234194267,2.517137159564572e-11
Sugt1,-0.1118533550051537,2.4959766164107083e-11
Arl6ip4,-0.11189116119352312,2.454984491705764e-11
Dnajc25,-0.11191802131676022,2.426634975071597e-11
Abl2,-0.11198556834918216,2.3548596415674597e-11
Snrpd3,-0.11199090675061864,2.3504250232531983e-11
Eif4h,-0.11202969046179477,2.31075482786182e-11
Lage3,-0.11208528345007795,2.2545139782741304e-11
Pkd2,-0.11212014488117301,2.2204542464127998e-11
Dohh,-0.11219502824653634,2.1485725236686332e-11
Nat8f5,-0.11221434639858129,2.1321064707815436e-11
Rnf4,-0.11224202998816045,2.106630868935038e-11
Cpsf2,-0.11227763243838683,2.0739899457633212e-11
Arhgdig,-0.11229434113057382,2.0605251343662783e-11
Ifi27l2a,-0.1123110930357661,2.046014087345679e-11
Uqcc3,-0.11231828615362,2.0404361413550872e-11
Ddah2,-0.11237382203375547,1.991769386967641e-11
Amfr,-0.11239559988848138,1.973225346217588e-11
Mxd4,-0.11244957236425618,1.9264679326912815e-11
Sar1a,-0.11244971165198003,1.9264679326912815e-11
Pla1a,-0.112572556214085,1.8246494307989984e-11
Mrpl46,-0.11257874225803566,1.8204991330676075e-11
Cald1,-0.112694471497594,1.7280239294346993e-11
Ndufb5,-0.11272240655326618,1.7070969076756357e-11
Snx17,-0.11274970682670325,1.6869062581496484e-11
Uchl1,-0.11279491491829309,1.6534016999578227e-11
Gng10,-0.11279695094457151,1.652757251235505e-11
Ciao2a,-0.11279982712129223,1.6514810166494123e-11
Pfkp,-0.11288543395645485,1.5891190828515558e-11
Ttyh1,-0.11304454880271637,1.4803362653641654e-11
Ube2z,-0.11305441219576792,1.4751318121153017e-11
Naxe,-0.11308888136182192,1.4528689178818211e-11
Ppp6r1,-0.11315545901239756,1.4108489454963745e-11
Ak6,-0.11316062886215536,1.4084744861752138e-11
Pno1,-0.11317049365639488,1.4034620065474955e-11
Gjb5,-0.11320895877089175,1.3797367461459861e-11
Plekho1,-0.11328622040973313,1.3332577039423726e-11
Ppp5c,-0.11329699738121371,1.3274174129053865e-11
Mrpl27,-0.11330937135717545,1.320636561906206e-11
Pigx,-0.11331406116359202,1.3185206202059224e-11
Psma5,-0.11337612750518175,1.2822677976141722e-11
Phax,-0.11346480300247254,1.2318750387117105e-11
Nomo1,-0.11347818530959258,1.2250069606124705e-11
Vamp7,-0.1135025837170791,1.212038292404971e-11
1110038F14Rik,-0.1135196040199772,1.2032696159038657e-11
Rell1,-0.11352758750611976,1.1995254864382213e-11
Gpx7,-0.11358747093246759,1.1676533750021857e-11
Pdia5,-0.11359469143489977,1.1644259148692101e-11
Rab7,-0.11363060698723973,1.146011607338184e-11
Itga5,-0.11372830225299284,1.0969226794252659e-11
Zfpl1,-0.11377709691049043,1.0737712930785794e-11
Hmgb3,-0.11380406452619947,1.0611213170830138e-11
Sf3b2,-0.11384309872737255,1.0428139051685136e-11
Ech1,-0.11408450249809973,9.33620380962269e-12
Aimp1,-0.11408514559794226,9.33620380962269e-12
Naa20,-0.11419596796986693,8.878146199164436e-12
Zmpste24,-0.11421599624908046,8.801307546500204e-12
Acbd5,-0.11422562914958938,8.767084829366021e-12
Dcun1d5,-0.1142524557133801,8.663960208630391e-12
Pdcd10,-0.11426726431978139,8.60966725272532e-12
Cnpy2,-0.11435446699755561,8.274353216446e-12
Nr1d1,-0.11441422553367128,8.053395184029416e-12
Agap1,-0.11445954223876306,7.890755222607587e-12
Rbbp8,-0.11446090339457747,7.890139259760396e-12
Hebp2,-0.11446176352492067,7.890139259760396e-12
Nsmce1,-0.11455883999065751,7.553100750427464e-12
Dmkn,-0.11464762521211852,7.256898899324977e-12
Chl1,-0.11473174977516201,6.9833124386680164e-12
Vamp3,-0.11474547019102549,6.942877461219811e-12
Pgs1,-0.11486197216817749,6.5812892425699876e-12
Hmgcr,-0.11492490458916305,6.395347519409939e-12
Rpl5,-0.11500028539502657,6.182150671440017e-12
Ric8a,-0.11502272151545585,6.121428375468861e-12
Cfap36,-0.1150675947090275,5.998399174091953e-12
Selenom,-0.11507908741100727,5.969749228592846e-12
Hypk,-0.11511043809313783,5.886620339854576e-12
Lsm6,-0.11515140479828029,5.778717470883389e-12
Taf13,-0.11527210381077324,5.469077840037651e-12
Eif5b,-0.1153309761833566,5.330026947878065e-12
Fermt2,-0.11538084467469935,5.210478343586222e-12
Slc39a7,-0.1155334643786969,4.855122578194882e-12
Cops4,-0.11570112607785557,4.496909468930277e-12
Ssr2,-0.11576483092296608,4.369817994185884e-12
Unc50,-0.11576485335570641,4.369817994185884e-12
Eif2b1,-0.11577085325550815,4.362413682002265e-12
Polr2f,-0.11578297317189418,4.340185104740928e-12
Exosc5,-0.11578927226828187,4.329843796131422e-12
Med8,-0.11581326328949947,4.283918413330281e-12
Capza1,-0.11583847087168353,4.2360589663145965e-12
Cdv3,-0.11586303341280853,4.189989799520445e-12
Golt1b,-0.11586388810649624,4.189989799520445e-12
Timm8b,-0.11588478712927137,4.152203671188969e-12
Cdk2ap1,-0.11598177782463608,3.970016668958459e-12
Fh1,-0.11605294563834666,3.841924383569977e-12
Snx4,-0.1160600166663675,3.8313664784030364e-12
Cd3eap,-0.1160779109090845,3.8014930589559555e-12
Ttll7,-0.11617873897119559,3.6299323744177095e-12
Ltv1,-0.11618283833833415,3.6250019623620397e-12
Adamts16,-0.116215838186537,3.5712906332772157e-12
Tspan6,-0.11626944032130018,3.4863602486275735e-12
Aldh1a3,-0.1162710155482338,3.4858434740502456e-12
Commd4,-0.11632928470144126,3.39361589897681e-12
Dlk1,-0.11633071637370695,3.3932566549740407e-12
Ndufs3,-0.11633789627949152,3.3837435545106017e-12
Ptprs,-0.1163666925357686,3.340140462961539e-12
Mrpl21,-0.1163714153595153,3.334625236368305e-12
Gabarap,-0.11638654235850135,3.312872410358238e-12
Tspan17,-0.11639646741072512,3.2993213835318055e-12
Prkcsh,-0.11640109456056076,3.2940230920852854e-12
Scd2,-0.11642553393346625,3.2582285325925877e-12
Med10,-0.116426547023806,3.2582285325925877e-12
Mrps10,-0.11643050387709115,3.2543263494502862e-12
Txndc9,-0.1164550902340127,3.219620900876396e-12
Psmg3,-0.1165151994065713,3.1343148437933954e-12
Tsfm,-0.11655518424087605,3.077615769837954e-12
Zdhhc20,-0.11669620563824756,2.8830457353863753e-12
Nemf,-0.11676233717860406,2.7961112890805033e-12
Atp13a3,-0.11677277046814284,2.7839761122536494e-12
Elfn1,-0.11694043416274164,2.576514717167965e-12
Plod3,-0.11699264245232376,2.5166098989501746e-12
Mfge8,-0.11700537303533838,2.5043886514762226e-12
Gltp,-0.11703326835889283,2.474421828294001e-12
Tmf1,-0.11706443279019553,2.439624804198149e-12
Mrto4,-0.11708218474692052,2.4206195920852088e-12
Atic,-0.11711889017466375,2.3803165595329938e-12
Cdc42bpb,-0.11713736783227581,2.3609546429383783e-12
Anxa6,-0.11714557099937961,2.3531643377426068e-12
Slc35b1,-0.11715384538543357,2.3453208139918077e-12
Zmat2,-0.11715392803247948,2.3453208139918077e-12
Cox5b,-0.11716694905919774,2.33486650818807e-12
Magoh,-0.11725851819398037,2.238366913803132e-12
Xylt1,-0.11726857079484605,2.2290232038077858e-12
Acaa2,-0.11727224287517883,2.2264396327656937e-12
Cd151,-0.11729643288622342,2.2023411057161467e-12
Uba5,-0.11729733090916059,2.2023411057161467e-12
Ergic2,-0.11729765739356351,2.2023411057161467e-12
Rnf126,-0.11730365099568035,2.1986500975330495e-12
Dnajc15,-0.11733227535927271,2.1715454180736437e-12
Glt8d1,-0.11737214772461604,2.1321176247627973e-12
Cfdp1,-0.11739638064551924,2.1102118784364657e-12
Chchd3,-0.1174078045884592,2.100032542803788e-12
Eef1e1,-0.11743019917778832,2.0790520387883008e-12
Ralb,-0.11747526461027995,2.0362494484000792e-12
Fam20a,-0.1174782076595755,2.034595982050477e-12
Smim14,-0.11756682256483807,1.9518998327505233e-12
Galnt18,-0.11756819264724255,1.951771931023673e-12
Sar1b,-0.11757848145301265,1.9433931731219863e-12
Hmgb1,-0.11762187015649547,1.9048525050795285e-12
Cnn2,-0.11763248819156621,1.896375451748101e-12
Plaa,-0.11768477037403498,1.8509071811525523e-12
Rab11fip5,-0.11775532706975914,1.7908714589313432e-12
Bzw2,-0.11777341049504086,1.7765708565264323e-12
Fam32a,-0.11784892524376198,1.7148505910070643e-12
Cox6b1,-0.11787494193557341,1.6947311473350418e-12
Kpnb1,-0.11787545636010315,1.6947311473350418e-12
Dctpp1,-0.11797188463524545,1.6201361146373448e-12
Gpr153,-0.11812861206090605,1.5060956628932407e-12
H13,-0.11819142144778583,1.4633285805025464e-12
Rbm43,-0.11819708821519245,1.4602362162463804e-12
Rab8b,-0.11823733956096887,1.4332757221573915e-12
Commd6,-0.11824603261540127,1.4281798547292058e-12
Mob1a,-0.11829413823098982,1.3973757344439647e-12
Tbc1d12,-0.11832230934677643,1.3795007964222132e-12
Zfp706,-0.11842834489085687,1.3120576101901397e-12
Mrpl40,-0.11843485277771133,1.3087540941190074e-12
Mrpl2,-0.11847549767789885,1.2843017185838961e-12
Uba1,-0.11851600486800211,1.2603813150157245e-12
Naca,-0.11860479951848958,1.2086094155944355e-12
Ttc39c,-0.1186308312485042,1.1943334722880684e-12
Serinc5,-0.1186530923365131,1.1823588887593382e-12
Bag5,-0.11865727173040713,1.180694845358941e-12
Itpa,-0.11869343072260788,1.1610904341836119e-12
Ppp1r7,-0.11877729980621297,1.11662873665604e-12
Egln1,-0.11885632831789172,1.0756972556389385e-12
Mrpl24,-0.11891219606997828,1.0484639651944534e-12
Ier3ip1,-0.11893234911408411,1.0389804901511558e-12
Ccdc32,-0.1190141693448596,9.995041721424853e-13
Dcaf10,-0.11910246521146833,9.58510210735802e-13
2310011J03Rik,-0.11915231100040478,9.363461246833535e-13
Thyn1,-0.11916769358580714,9.299937547548968e-13
Ntmt1,-0.11918399434368117,9.232755759762003e-13
Gmppb,-0.11920261734017311,9.155805809424687e-13
Ndufs5,-0.11921395037773672,9.111429064238513e-13
Tns1,-0.11926836743958287,8.880969738930964e-13
Eef2,-0.11928567523848978,8.812489861874922e-13
Rtca,-0.11938723490496654,8.401413096878469e-13
Rab1a,-0.11942937453041216,8.237274611303536e-13
Dpp3,-0.11947870986589422,8.057994112715516e-13
Morf4l2,-0.11948008657224432,8.057502720867116e-13
Morrbid,-0.11965113789346789,7.427353277843071e-13
Tprgl,-0.11967717858363557,7.338852533192903e-13
Uqcrb,-0.11973561722669193,7.142946692476001e-13
Lman2,-0.11980399391988854,6.923016203344716e-13
Sumo1,-0.11984277496846152,6.798357463783261e-13
Diaph3,-0.11988385050022433,6.672542513626828e-13
Csnk1g2,-0.11995552153789228,6.448699183285269e-13
Slc38a1,-0.11997457040366474,6.393313033308319e-13
Gng4,-0.11997701694517518,6.389623337672179e-13
Snrpa1,-0.11999536669256199,6.33688655053734e-13
Gprc5b,-0.12004639732306203,6.189519546464391e-13
Cyc1,-0.12012205493261494,5.970046481118044e-13
Dgcr6,-0.12017812902810715,5.81680609804431e-13
Amacr,-0.12023285807570941,5.671140032999816e-13
Ncl,-0.1202923555574737,5.512883826311784e-13
Mamdc2,-0.12029491062757133,5.509414705425568e-13
Smim20,-0.12031631820745647,5.455716540666721e-13
Echs1,-0.12032305253608117,5.441218225670915e-13
Ap1m1,-0.12038938086380911,5.27172317806159e-13
Mea1,-0.12039446918840638,5.261919367719343e-13
Timm10,-0.1205726823833156,4.830534965892411e-13
Rps27l,-0.12065765899105872,4.637399573946007e-13
Ccar1,-0.12066005903796884,4.634828084199375e-13
Mmadhc,-0.12070789698281953,4.5335314190986507e-13
Grsf1,-0.12076403726308234,4.419212105554784e-13
Tmem159,-0.12077575634068913,4.3967247076090863e-13
Adrm1,-0.12093185956702296,4.0765045795231957e-13
Tmem97,-0.12099180744285175,3.961230145679313e-13
Smarce1,-0.12099675751018432,3.954100978304505e-13
Mindy3,-0.12100021361045396,3.9498701800925074e-13
Ubtd1,-0.12107025687436462,3.819206951376617e-13
Klc1,-0.12108580623243552,3.792611049104133e-13
Stk38l,-0.12112376069932239,3.727437781805315e-13
Zeb1,-0.12120382839186739,3.5885898536509765e-13
Lamtor5,-0.12120938650028991,3.581060341289879e-13
Yipf1,-0.12121805121607472,3.5681134661813103e-13
Brix1,-0.12131582580843453,3.4032945871150923e-13
Miat,-0.12134497147302555,3.3570962914532954e-13
Stoml2,-0.1213528794413006,3.346188637037018e-13
Scp2,-0.12140398919134715,3.2653785354978336e-13
Acan,-0.12141534819043132,3.249258631571857e-13
Il17rc,-0.12158429147278028,2.994338766678192e-13
Pls3,-0.1216092527178081,2.959685017672317e-13
Rab23,-0.12161462701015172,2.953726293268932e-13
Commd9,-0.12173590696900995,2.7844688180345305e-13
Bcap31,-0.1217864769501551,2.7177368769877964e-13
Rnf187,-0.1218101886651459,2.687886113717926e-13
Anxa7,-0.12182252730909392,2.6732855310210986e-13
Bad,-0.12182453261359799,2.6723251053961244e-13
Clptm1l,-0.12183184241060228,2.6643983452747526e-13
Gemin7,-0.12183910182485293,2.65656147276844e-13
Slc35a2,-0.12184086516729394,2.6559262592338593e-13
2010320M18Rik,-0.12191365609004408,2.5640030842451215e-13
Mrpl15,-0.12194845572885211,2.5219979732061307e-13
Psmd3,-0.1219578915530734,2.5118793238565424e-13
Tax1bp3,-0.12195979432735914,2.5111079681106994e-13
Vti1b,-0.12201208096927016,2.450298132947078e-13
Pak1ip1,-0.12201689638247898,2.4475790586997287e-13
Gja1,-0.12207048715406472,2.3852395659454985e-13
Papola,-0.12211349454518335,2.33663463514301e-13
Copb2,-0.12213639542409305,2.311836538716862e-13
Mrpl35,-0.12213793597478839,2.3115440698832786e-13
Ccnyl1,-0.12214598776530627,2.303835728381156e-13
Ctnnbip1,-0.1221500220030616,2.3007120024222567e-13
Nip7,-0.12215335252359553,2.298391630142916e-13
Mcf2l,-0.12216186121470743,2.2902120834562786e-13
Bnip3,-0.12216224813230908,2.2902120834562786e-13
Mdp1,-0.1222327867361812,2.2156071357403634e-13
Dusp14,-0.12226534205756354,2.1830362266774663e-13
Nudc,-0.12228529191760472,2.1629995495385766e-13
Cdc40,-0.12228818141848954,2.1612921387629615e-13
Hnrnpk,-0.12229557090826987,2.1547890710873766e-13
Cmah,-0.12229899572397442,2.1525200282487042e-13
Timm17b,-0.12234589933392453,2.1072246060365494e-13
Cbx5,-0.12234597118199668,2.1072246060365494e-13
Mtx2,-0.12235366887159164,2.1018374157945738e-13
Wasf2,-0.12243580273849898,2.0194499957277614e-13
Bub3,-0.12247019041434262,1.9866481260035162e-13
Erh,-0.12248630423841789,1.972131563039391e-13
Psmd11,-0.12257185737842764,1.8927570586307703e-13
Glod4,-0.12257492678782142,1.8910981342006714e-13
Ninj1,-0.12259703048072543,1.8717068103962876e-13
Hint2,-0.12270158320836243,1.7806152951000112e-13
Dynlt1f,-0.1227500179617698,1.7405946693662882e-13
Fabp5,-0.12276511741636408,1.728721288190639e-13
Eif5,-0.12286656790742315,1.6459516386862138e-13
Gtf2a2,-0.12294181875691151,1.5865893084273347e-13
Acta2,-0.12306940514810051,1.4900431576764974e-13
Mvb12a,-0.12309377342637416,1.4730447374814163e-13
Stub1,-0.12313751004301851,1.442268559243349e-13
Fgf1,-0.12315703499965525,1.429248332744079e-13
Rgs3,-0.12317572380313385,1.416933756452031e-13
Gtf3c6,-0.1232051939644553,1.39720279659449e-13
Anapc15,-0.12325641870414471,1.3628928074262762e-13
Jtb,-0.12325767324770977,1.3628928074262762e-13
Cab39,-0.12332003097201504,1.3220903717391567e-13
Uba2,-0.12335684981130246,1.2988920448985693e-13
Ndufa11,-0.12353320121484805,1.1910405893516692e-13
Gm17018,-0.12358604844938305,1.162294628129188e-13
Micos13,-0.1237029527422867,1.0977710988032621e-13
Rps19bp1,-0.12391241920411224,9.898229145077435e-14
Sri,-0.1240792682532595,9.110142373452158e-14
Svbp,-0.12410559307051484,8.996547557096838e-14
Napa,-0.12413159138094769,8.897502979860842e-14
Fez1,-0.12413693092446852,8.87954259209906e-14
Hsd3b7,-0.12414301200963172,8.858324461191794e-14
Edem2,-0.12417400132194885,8.733136744291854e-14
Bod1,-0.12417668995086145,8.727119806831444e-14
Eif3k,-0.1242278579677474,8.511411608654264e-14
Mrps23,-0.12430119434720244,8.214445240428395e-14
Ackr2,-0.12431931662951352,8.145374110931061e-14
Arcn1,-0.12436874911428972,7.95075584179336e-14
Irx3,-0.12437458639121285,7.932714862269856e-14
Dact2,-0.12441540327586666,7.776721804373754e-14
Pepd,-0.12445207611594018,7.639657793488189e-14
Robo1,-0.12446642947557936,7.589730085191782e-14
Moxd1,-0.1246427928862617,6.94947080270544e-14
Akt1s1,-0.12465497926980126,6.91152528128474e-14
Arhgap42,-0.12479501848404462,6.453251164864178e-14
Rab1b,-0.12484629118251779,6.292638599514381e-14
Prpf40a,-0.12489363756253183,6.148135548115769e-14
Eef1akmt1,-0.12491994860405467,6.071050894025952e-14
Mien1,-0.12494991172271797,5.98387027702787e-14
Washc3,-0.12500854856453927,5.813088612589077e-14
Chn2,-0.12505033724438416,5.699223154952197e-14
Ndufs7,-0.12508068544139564,5.6199754172061036e-14
Kif5b,-0.12508858476032592,5.601329311500104e-14
Gas7,-0.12520332190140737,5.292559537696442e-14
Ddah1,-0.12523506204283405,5.211707279142224e-14
Ppig,-0.1253419489908855,4.940389166814297e-14
Maged2,-0.1253499496709707,4.923714450377755e-14
Col6a2,-0.1254669180994548,4.652761301142348e-14
Otud7b,-0.12546745321600108,4.652761301142348e-14
Gtpbp4,-0.1255249717627906,4.52689502380545e-14
Papss1,-0.12557514680733292,4.416054859150799e-14
Bak1,-0.12578644266920194,3.9692121421313516e-14
Creb3l2,-0.1257903314303423,3.964056311384967e-14
Rbm42,-0.12582510491364157,3.8972066100288755e-14
Zbtb8os,-0.12583202171787192,3.886154801363544e-14
Utp3,-0.12589079395505406,3.7742229327264325e-14
Rpl14,-0.12590352785114284,3.752389754621925e-14
Dlc1,-0.1259841042666172,3.606461001872652e-14
Tpgs1,-0.12602167190699987,3.5405100712745713e-14
Eif1ad,-0.12607590348561548,3.4463518462012075e-14
Mycbp,-0.12618203845913925,3.269248235073479e-14
Fam89b,-0.12624383826776012,3.16992720521997e-14
Naxd,-0.12629080705559256,3.099059559104626e-14
Pafah1b2,-0.12631695337433896,3.062147102462639e-14
Rpl36al,-0.12632543527425918,3.0510009814621744e-14
Tpr,-0.12637821490912973,2.9739167409292825e-14
Pthlh,-0.12638115001913253,2.971499600089297e-14
Ywhag,-0.12639034327417892,2.961641896899478e-14
Manbal,-0.12642594655117728,2.9102419835482475e-14
Adh5,-0.12644595163894826,2.882616915606133e-14
Cdc26,-0.1265228839447618,2.7733225066746208e-14
Zcrb1,-0.12653642024334455,2.7560839642861923e-14
Mff,-0.126609306035029,2.6570119809882166e-14
Gm47283,-0.1266516682559919,2.6018015811547914e-14
Mrps17,-0.12682753245283387,2.3808783092920084e-14
Fam92a,-0.1269216082326328,2.2702787669068275e-14
Wdr1,-0.1269992632060223,2.186098449654472e-14
Umps,-0.1270486929986206,2.134259539024604e-14
Ube2a,-0.1271654487577889,2.011358225142724e-14
Naaa,-0.12717398529828958,2.003941564953543e-14
Pfdn4,-0.12719538848023487,1.9833853100576906e-14
Tle5,-0.1272480422551621,1.9317304187836865e-14
Cdon,-0.12733392385177103,1.849491896842946e-14
Nol12,-0.12735382738959936,1.8319110515205105e-14
Dnajc2,-0.12740514967502586,1.7866136411060444e-14
Hmg20b,-0.12763046748614926,1.5939928541948726e-14
Msi2,-0.12775901117253594,1.4926750549840305e-14
Psmd10,-0.1278692832340745,1.4119608941158941e-14
Cnbp,-0.12800732769120585,1.3164872757750106e-14
Snx7,-0.12808881801107608,1.2629807549208918e-14
Tomm40,-0.12811056853556588,1.2497090523765368e-14
Bud31,-0.12816415837196163,1.216339924056471e-14
Sigmar1,-0.12821627437385513,1.1847534231822114e-14
Eif3l,-0.12834059840103387,1.112325311637895e-14
Clip4,-0.1283670640073724,1.0979241878971114e-14
Stmn4,-0.12839190378748513,1.0853886380501135e-14
Srp14,-0.12840655175950264,1.0779265914003673e-14
Rab3il1,-0.1284169723908002,1.0728681416947821e-14
Acot9,-0.12843773305792314,1.062114273312947e-14
Sestd1,-0.1285143360956161,1.0213967165416248e-14
Cdk4,-0.12852854159387841,1.0146024891803588e-14
Pbdc1,-0.12855661995430762,1.0006108222156141e-14
9130401M01Rik,-0.12863144646710858,9.631061589153666e-15
Gng5,-0.12874859064279814,9.074333205089078e-15
Ptprj,-0.12879741142759624,8.852829086690964e-15
Nfu1,-0.12881648167215595,8.771564988330217e-15
Psmd1,-0.12885198942029466,8.616918178644235e-15
Hdlbp,-0.12891526681048002,8.355219585472346e-15
Rab5c,-0.12894482584874775,8.233313114048216e-15
Actl6a,-0.12895246426809143,8.20644803672764e-15
Gorasp2,-0.12900615237311874,7.985530164261237e-15
Denr,-0.12903982240409492,7.852079293512913e-15
Glrx5,-0.12910274673691072,7.603805368935024e-15
Spr,-0.12910615480449197,7.595731731488507e-15
Chmp1a,-0.12912679297091637,7.519707614103668e-15
Vps28,-0.12916207648438485,7.387703950692625e-15
Pebp1,-0.12920524093305824,7.233357208472373e-15
Pdia6,-0.12924456986160435,7.09129975061461e-15
Sf3b6,-0.12930094972643205,6.895250943312018e-15
Brinp3,-0.12932725996094566,6.805928634878942e-15
Rps3,-0.12933688883420788,6.7795007972068e-15
2310039H08Rik,-0.129410925925913,6.528553132403002e-15
Ebp,-0.12950264128170827,6.226961012661346e-15
Yipf4,-0.1295101224150326,6.207099846335013e-15
Rpl8,-0.12951112361515027,6.207099846335013e-15
Psma1,-0.12956984253479142,6.0246199381754354e-15
Med30,-0.1296243502561778,5.859177599542366e-15
Sarnp,-0.12974507278326952,5.503664867831498e-15
Tecr,-0.12986141482943267,5.1850920929419104e-15
Rrp7a,-0.12992522075282625,5.017807554324167e-15
Dync1h1,-0.1299427433309304,4.975432515234899e-15
Hist1h2bc,-0.12998245708209377,4.87619383116751e-15
Pde10a,-0.1300389804456937,4.736842690039159e-15
Sdk1,-0.1300795542049608,4.6401946800142264e-15
Ankrd29,-0.13011459843192147,4.565174481529618e-15
Snx3,-0.13012215387982248,4.550618268483076e-15
Tmem63a,-0.1301647885645268,4.456150213688455e-15
H19,-0.13021872041371355,4.334550543810811e-15
Basp1,-0.13027264371783737,4.2224402144085555e-15
Mrps18c,-0.13028953541836763,4.188100694176486e-15
Chmp6,-0.13031852193548504,4.127639302044267e-15
Ly6e,-0.13038813073997624,3.981823017221184e-15
Arpc3,-0.13060213584369332,3.559121770214595e-15
Mrpl51,-0.13065750383892177,3.459052505748046e-15
Tram1,-0.1306668919193195,3.4444733119831675e-15
Mbd3,-0.1307426146379077,3.3117410005077573e-15
Rbx1,-0.13079775253194123,3.218921179796741e-15
Zdhhc8,-0.1307992537056472,3.2187462188092677e-15
Eif4ebp1,-0.1308059738581224,3.2096972471493306e-15
Arl3,-0.1309335363752003,3.0023238376678727e-15
Fam53a,-0.13096461585351363,2.9554906299545456e-15
Samhd1,-0.13100357767428242,2.8994030805876978e-15
Palmd,-0.1310164245439907,2.881870608633313e-15
Selenos,-0.13104880266929708,2.834940100144452e-15
Tmem128,-0.1310732668284441,2.800490649672225e-15
Serp1,-0.13113247227519492,2.715943865601227e-15
Thop1,-0.1312630973622737,2.537811389746904e-15
Gsr,-0.13132196977673413,2.463360159406708e-15
Tek,-0.1313559989234022,2.4210305971158686e-15
Polr2h,-0.13136636928884005,2.4095271156084686e-15
Csrp2,-0.13138194808629874,2.3914492497712713e-15
Smim7,-0.13140150471127449,2.368492428093604e-15
Snx6,-0.1315684819450069,2.1704480156644145e-15
Pkig,-0.13163935993737239,2.0916383488114766e-15
Slc1a4,-0.13168146626759125,2.0467867461220056e-15
Rabgap1l,-0.13175492019765242,1.9711811520988153e-15
Syf2,-0.13181416879640803,1.912766680019804e-15
Cttn,-0.1318798734508481,1.849678225197569e-15
Rheb,-0.13193058513724187,1.80301521804511e-15
Dad1,-0.1319493310204958,1.786414259402263e-15
Tmed3,-0.13196846963810874,1.7695934937366978e-15
Ndufa10,-0.13211561999051616,1.6395358790432424e-15
Sytl2,-0.13229520282060822,1.4905026267545874e-15
Acly,-0.13243533355098258,1.3848412444795112e-15
Paip2,-0.1324367223174408,1.3848412444795112e-15
Ube2n,-0.132532216741555,1.3197779700183944e-15
Snrnp48,-0.13259459497515574,1.277326563015419e-15
Pdzd11,-0.1326079204734371,1.269197063200644e-15
Dstn,-0.1326185395160036,1.26295199840785e-15
Stk16,-0.13264747856533324,1.2444419078340678e-15
Scara5,-0.13265029822771057,1.2435128677400918e-15
Stk24,-0.13266423450588036,1.2351926453247022e-15
Spag7,-0.1327124222273335,1.2054961505774533e-15
Rian,-0.13280070549681314,1.150545646809012e-15
Rpn2,-0.13282807570581295,1.134618662041018e-15
Ndufc2,-0.13283103124189174,1.1336904458593699e-15
Sema4f,-0.1328525296133358,1.121528942179493e-15
Cycs,-0.13295601706474353,1.0632755095422992e-15
Srsf9,-0.13295998657247005,1.0618277411206492e-15
Tubb4b,-0.1329866966736673,1.0474864119932255e-15
Nhsl1,-0.13301193654337412,1.0341543897955449e-15
Smap1,-0.13305233771803646,1.0126901983534994e-15
Chst15,-0.13323439598840942,9.187853189489881e-16
Tex261,-0.13327321183235719,9.00452873588997e-16
Rpl7a,-0.13332324810173438,8.771553964879826e-16
Tsku,-0.13334512004118101,8.675387227540663e-16
Gatad1,-0.13335330008448518,8.643898535286289e-16
Ssr3,-0.1334403052381435,8.26015971390429e-16
Ccdc12,-0.13349442697934263,8.02845164740233e-16
Prune2,-0.13352816645949914,7.889578406367973e-16
Map6,-0.13360291709468491,7.58307942088315e-16
Nudt21,-0.13363281271950492,7.467313200291021e-16
Timm22,-0.1336880184360006,7.258975564632488e-16
Eif1,-0.1339692716419283,6.248001032004221e-16
Ppa2,-0.13400090096390951,6.146578832205066e-16
Rhoj,-0.13409484206039562,5.854968289323916e-16
Hnrnpa0,-0.13418806104936068,5.570414592272789e-16
Suox,-0.13419513227192736,5.55343895110506e-16
Stt3a,-0.13420387680122572,5.535856924109975e-16
Pdia3,-0.13430793130067087,5.23567550327145e-16
Leprot,-0.1344659934140034,4.811963912811401e-16
Bok,-0.134480195154476,4.782485730543325e-16
Ola1,-0.1346001380661946,4.483655171866818e-16
Atp5c1,-0.1346276390743001,4.420480677097512e-16
Sfr1,-0.13465275817828717,4.3638468530326e-16
Lbh,-0.13473943521613682,4.172375111781215e-16
Fdps,-0.13475626448479514,4.1375494500575643e-16
Glipr1,-0.13476960874843327,4.1108199315293243e-16
Ehd2,-0.1348103011674627,4.0237716602409904e-16
Pfdn6,-0.13488822761421945,3.859292972266954e-16
Azin2,-0.13492401260457992,3.790670781992136e-16
Rin3,-0.13494364691528796,3.753242175462583e-16
Ap1s1,-0.13505840268205044,3.5279331620786403e-16
Mgat2,-0.13548642157387644,2.793060680565434e-16
Rpl29,-0.13550602573475487,2.7654069242295065e-16
Smim15,-0.1355286867509206,2.7334362441129313e-16
Ncald,-0.13552883343510133,2.7334362441129313e-16
Srp19,-0.1355393306352148,2.7240889524842923e-16
Hmgn1,-0.13570054140140153,2.4973703601121613e-16
Emc2,-0.13575932033003668,2.419952457965132e-16
Eif3a,-0.13589153695336167,2.2520777179439643e-16
Tmem147,-0.13595351592774413,2.180088865908775e-16
Ndufa9,-0.13597690652958444,2.1539431752581678e-16
Tmem65,-0.13599486723932455,2.1344794207819689e-16
Gspt1,-0.13600046856852352,2.1296339452243457e-16
Osbpl9,-0.13606213268184245,2.0601975416016491e-16
Sept7,-0.1360889481537534,2.0316363576613448e-16
Rbm8a,-0.13610538733270147,2.0149549979096095e-16
Rpl12,-0.13619172443406344,1.9228731139809806e-16
Csde1,-0.13622535486209772,1.8890785160176167e-16
Dynlt3,-0.13625208820735918,1.8629451305359612e-16
Cltb,-0.13636374487137987,1.753044346134578e-16
Mrps26,-0.13638282013347242,1.7360947506746405e-16
Elof1,-0.1364692537039522,1.6578647455034203e-16
Pkd1,-0.13658395135024415,1.5585648660828194e-16
Emc3,-0.1366329067007828,1.5194186078363706e-16
1700019D03Rik,-0.1366831578206798,1.4789667390434473e-16
Mrps12,-0.13679818354944717,1.3888542756979946e-16
Uba3,-0.13682063959151153,1.3728133200653005e-16
Dynll1,-0.13695290431397206,1.2778743750830093e-16
Srpx2,-0.13696058674293318,1.273491518500708e-16
Emp1,-0.13700496550003596,1.2435521011569033e-16
Cd80,-0.13702253124684943,1.2325095859379867e-16
Camk1d,-0.13704065634442014,1.2211852894219656e-16
Lrrc8b,-0.13708464854975966,1.1927163271091186e-16
Tuba1a,-0.1371834242375892,1.1299922878424985e-16
Adamts15,-0.13718734046663528,1.1284715573707765e-16
Ptpmt1,-0.13748397906207901,9.59235501855519e-17
Gcsh,-0.13750000478548655,9.515052624482492e-17
Slc39a13,-0.13750037192084952,9.515052624482492e-17
Chmp3,-0.13751192012966526,9.46788218424325e-17
Sh3gl1,-0.13764667697899333,8.79772228837562e-17
Arhgap29,-0.1378173194417047,8.005632539492791e-17
Mrps34,-0.13792800677012415,7.532117407558159e-17
Traf7,-0.1379366998586117,7.50190146217782e-17
Rwdd1,-0.13802734043757342,7.137346986743973e-17
Mrpl18,-0.13803143617927185,7.126992844118464e-17
Trappc1,-0.1381788090206562,6.568571459040753e-17
9530068E07Rik,-0.13817934867780166,6.568571459040753e-17
Arhgap5,-0.13823062216206242,6.391525663989772e-17
Ccdc124,-0.13824554742355324,6.346058427206845e-17
H2afz,-0.13825216054935197,6.330870179079166e-17
Serbp1,-0.13829170615851724,6.197423400562613e-17
Glrx3,-0.13846259704207015,5.636130041122613e-17
Etfb,-0.13865383374418566,5.0668288080589515e-17
Ppp1r12c,-0.13869023150773777,4.9684878211385604e-17
Prelid3b,-0.1388410255069864,4.572445273608093e-17
Smim12,-0.13914418253205124,3.8680621616483545e-17
Spcs2,-0.13925670343146737,3.633343781616277e-17
Gmfb,-0.13930722239187482,3.534244007135534e-17
Dhrs1,-0.13942169993276848,3.315866792926534e-17
Elk3,-0.13949336995485997,3.1869997164159844e-17
Srp72,-0.13959802904009788,3.009033597974316e-17
Elovl1,-0.13969807712893773,2.8458731684957465e-17
Mindy2,-0.1397119424561327,2.826042267378256e-17
Selenoi,-0.13971901576064316,2.8171598950313224e-17
Ubxn6,-0.13975257594742424,2.76650958272165e-17
Flna,-0.13976197892882114,2.7541795333716467e-17
Carhsp1,-0.13999134566091895,2.4226233266821446e-17
Cux1,-0.14022128443196227,2.133499744809979e-17
Bvht,-0.1402314235723699,2.1249081095097408e-17
Npm1,-0.14024035943794258,2.1159735837870174e-17
Gde1,-0.14028115437821517,2.0692688499525754e-17
Chmp5,-0.1403464013530741,1.99564139985838e-17
Slc25a39,-0.140508366327322,1.823101110938891e-17
Rora,-0.1405132899379781,1.8195756991009325e-17
Pbxip1,-0.14051621949691492,1.8181213799151908e-17
Metap2,-0.14056916147936502,1.7656572238970922e-17
Abcf1,-0.14065002494410198,1.6876202217084003e-17
Gngt2,-0.14068279124662772,1.6592812650932927e-17
Slc25a1,-0.14068306205680628,1.6592812650932927e-17
Slc25a3,-0.140746049182871,1.6032929800311542e-17
Acp1,-0.14081976292762952,1.5399573709471822e-17
Sumo2,-0.14087067329717345,1.4971642001929886e-17
Ctbp1,-0.14089220622692852,1.4814663966997324e-17
Dut,-0.14103042892451081,1.3713976709642008e-17
Mrfap1,-0.1410578032067391,1.3512943058385075e-17
Uck2,-0.14111043368240317,1.3123918710999834e-17
Nabp2,-0.14111744875194376,1.3082891121635973e-17
Trim16,-0.14119874109233835,1.2499427613117914e-17
Chrac1,-0.1413594274778768,1.1420899464007121e-17
Taldo1,-0.14142447466495336,1.1012758553628678e-17
Aopep,-0.14148463601979633,1.0648816734341275e-17
Rpl10a,-0.14150644338915105,1.0525788814090003e-17
Mfhas1,-0.14150765992712194,1.0525788814090003e-17
Rpl15,-0.14155530659712368,1.0253024440872532e-17
Camkk1,-0.1416075378693362,9.959120803678257e-18
Ap3m1,-0.1416473709674995,9.751310294422455e-18
Mtmr11,-0.14167076225706488,9.638374790889703e-18
Rab21,-0.14173465320866466,9.307699867605763e-18
Itm2a,-0.14175044005309692,9.231907936838611e-18
Tgfb1i1,-0.14192430480560536,8.361232777489532e-18
Plat,-0.14199739747001922,8.031233286653647e-18
Cisd1,-0.1420898314212403,7.621819552177583e-18
Bloc1s2,-0.1421243473427385,7.485206040689169e-18
Txnl4a,-0.1422216340583632,7.083452142767743e-18
Mrpl14,-0.14232576549935358,6.676584786866796e-18
Sox5,-0.14244969145105146,6.2325224132654965e-18
Hprt,-0.1424961681214197,6.0839231873526615e-18
Disp1,-0.1426767359477689,5.4859064371211985e-18
Parl,-0.14270900372077158,5.3893381842091235e-18
Tmem126a,-0.14277653857968634,5.1874829838378796e-18
Mob4,-0.1428702732679039,4.9179045422872824e-18
Ndufs8,-0.14287110062887556,4.9179045422872824e-18
Cks2,-0.1428798781649144,4.899520028517002e-18
Lgmn,-0.1430226358380727,4.514580139580573e-18
Mlec,-0.14304699572727586,4.455311730714668e-18
Ndufv2,-0.14329821054166492,3.8613272991382134e-18
1110065P20Rik,-0.14331430612612936,3.828883907957848e-18
Rap1b,-0.14337582913300964,3.701165363411467e-18
Insyn1,-0.14339035387814958,3.6734110133092144e-18
Diaph1,-0.14341989127657373,3.614176312097141e-18
Praf2,-0.14344690777782793,3.5611043742999894e-18
1110004F10Rik,-0.14351734562340673,3.42126861622735e-18
Sdhb,-0.14366322252456185,3.1455807146163507e-18
Eif3d,-0.14378893846585078,2.926049470563656e-18
Cct5,-0.14385637019983358,2.818407812275152e-18
Bmp6,-0.1439072215010344,2.738545367131807e-18
Mrpl57,-0.1440036417186914,2.5910566098057257e-18
Eif4g1,-0.14400566256199307,2.5903970197827233e-18
Kras,-0.14400568606189718,2.5903970197827233e-18
Rassf5,-0.1440190110338518,2.5750509053702614e-18
Ssr4,-0.14422891722945147,2.2841046668208387e-18
Vcp,-0.1442728785178924,2.2281858613445604e-18
Gps1,-0.1443768667108727,2.1005245028836646e-18
Tacc2,-0.14440882630132948,2.0639818941778378e-18
Wdr83os,-0.14455888687451302,1.895114690004059e-18
Fibp,-0.14465600778411167,1.7918631312131376e-18
Mtfr1l,-0.1446944593769234,1.7535306612140687e-18
Srm,-0.14478732309023573,1.662054424947996e-18
Ak1,-0.144809845932428,1.641756057725672e-18
Ube2g2,-0.14482153980414977,1.6320521448671992e-18
Bcat1,-0.14492560483595912,1.536689489504431e-18
Pitpna,-0.14495589183944677,1.5109932332169865e-18
Prrx2,-0.14497180184460332,1.4983363007349243e-18
Znhit1,-0.1449743914247401,1.4974691866017251e-18
Ndufb6,-0.14500208676187085,1.474669672609814e-18
BC031181,-0.14503166223854116,1.450608631027764e-18
Pi16,-0.14511205525904802,1.3848940811277843e-18
Fbxo17,-0.14524194437239368,1.2841313167194305e-18
Mvp,-0.14526462283596245,1.2682889672114119e-18
Med15,-0.14533663622982756,1.2167381230544451e-18
Cdk5rap3,-0.14535262501207313,1.2064679816405577e-18
Aif1l,-0.14542290530509427,1.1585851247907634e-18
Cct3,-0.14544474282417746,1.1448439485349412e-18
Atp5d,-0.14553840692045658,1.0843068856602788e-18
Tnfaip1,-0.14554512828868787,1.0810430568371434e-18
Ubxn1,-0.14582909454309037,9.148932250319927e-19
Mras,-0.14590707988216656,8.74465632850271e-19
Tnfrsf11b,-0.14594313277258908,8.568180343041459e-19
Dcbld2,-0.1459799302110606,8.391526576973852e-19
Sec13,-0.14607019113641417,7.962212519676621e-19
Vapa,-0.14615360999263194,7.592610793062014e-19
Nus1,-0.1461632046646186,7.556793649987843e-19
Tsn,-0.146163614081686,7.556793649987843e-19
Kctd9,-0.14653061626900954,6.093185184031035e-19
Fam162a,-0.14677090261763936,5.296689388093385e-19
Eif3b,-0.146923179441923,4.846601471731799e-19
Yif1b,-0.14694198732683686,4.797202727368781e-19
Gna11,-0.14694222042883842,4.797202727368781e-19
Polr2e,-0.1470265006247455,4.570237956885523e-19
Eif1ax,-0.1470642610960245,4.472756787118156e-19
Trappc5,-0.14712395724295624,4.3203817800633758e-19
Lims2,-0.14714204900234154,4.2781278107480886e-19
Eif4a3,-0.14715953310676005,4.2378228904962564e-19
Actr10,-0.147191758965474,4.161094431729756e-19
P3h1,-0.1472034951668134,4.1360629802901755e-19
Creb3,-0.1473367694067468,3.826870061432847e-19
Pycr2,-0.14737026466227288,3.7546545847027574e-19
Tob1,-0.14737318973812003,3.7517698346401744e-19
Tma7,-0.14753673404139442,3.408661025520129e-19
Ube2i,-0.1475415887471445,3.4021116472339204e-19
Cask,-0.14756771345114356,3.352598812137651e-19
Mrpl32,-0.1475749184685543,3.341454397360113e-19
Adam10,-0.1475972928537617,3.30022479007923e-19
Ergic1,-0.14760556239188805,3.2871609278569364e-19
Vdac1,-0.14760694132872612,3.2871609278569364e-19
Ndufv1,-0.14760869626693182,3.2871609278569364e-19
Gpsm2,-0.14768799408446043,3.1380307362629317e-19
Piezo1,-0.14779556139336888,2.9449260860523702e-19
Tmed10,-0.14783925369016662,2.8715789850124244e-19
Tmbim4,-0.14815718554121804,2.3746802301863324e-19
Ppib,-0.14830123994984248,2.1818522210341715e-19
Zdhhc3,-0.14844485759832518,2.0030434817490983e-19
Nhp2,-0.1484761350579303,1.967600731623329e-19
Swi5,-0.14858548798133855,1.843887139580165e-19
Arl1,-0.14863131242416022,1.7954025766660158e-19
Snrpb,-0.148860440636305,1.5665318338569184e-19
Mtcl1,-0.14887617292059693,1.553263259647379e-19
Ubxn4,-0.14889094214024998,1.5410038801704868e-19
Supt4a,-0.14894759182475628,1.4906127571221462e-19
Arf2,-0.14899974405239827,1.4457797154649932e-19
Msrb1,-0.14907197495419222,1.3853430999803749e-19
Eif3g,-0.14936364537322508,1.1644602691474638e-19
Vdac2,-0.14937519926092022,1.157497908337641e-19
Tubb2a,-0.14938961448653276,1.14858241293509e-19
Tpd52l2,-0.14942794623425634,1.124456385989857e-19
Mlf2,-0.14948069987321191,1.090132953487458e-19
H3f3a,-0.14951231337588222,1.0704984730639429e-19
Adgrd1,-0.14956265708166108,1.0393248100494583e-19
Tbrg1,-0.1496219559919987,1.0056221443331735e-19
Smarca4,-0.1498101023180125,8.978418145513944e-20
Cdc42,-0.1498783968441084,8.62174238161175e-20
Chp1,-0.14999667791058338,8.030826111533286e-20
Slc25a11,-0.1502229151593945,7.003347349243871e-20
Cox6c,-0.15025172804332615,6.888355264454624e-20
Tex264,-0.15026292084507548,6.848488416290174e-20
Psma3,-0.15047913048516956,6.013668057481436e-20
Llph,-0.1505715491639694,5.68914452686376e-20
Mtpn,-0.15058885500057878,5.63504746109935e-20
Samm50,-0.1506729449589028,5.3579815376944444e-20
Hnrnpm,-0.15072379785211448,5.204507328940776e-20
Wnt9a,-0.15079966322013105,4.973382518837844e-20
Pomp,-0.15082603336401607,4.8987560646511426e-20
Strap,-0.15106879416439226,4.2256042216776755e-20
Cavin1,-0.15106951996320978,4.2256042216776755e-20
Smdt1,-0.15124486181455346,3.8044150107065296e-20
Antxr2,-0.1512528568425902,3.789714878530177e-20
Manf,-0.15127603165880643,3.7400224505338796e-20
Mrps24,-0.15130971877882624,3.671035764655884e-20
Cox4i1,-0.15139350140188512,3.494006014310305e-20
Calcrl,-0.15141296107671892,3.456051747159333e-20
Mrps7,-0.15152884184579324,3.221552444541269e-20
Casp3,-0.1516494902094982,2.9939892621005286e-20
Anp32b,-0.15166050016130458,2.976873675103368e-20
Nupr1,-0.15182010253755096,2.706437159881514e-20
Ptgs1,-0.15196886045693644,2.471628451543331e-20
Dst,-0.15200250994954706,2.4233545885432665e-20
Mettl9,-0.15207384960581555,2.321322819990252e-20
Adam9,-0.15218821159529056,2.1651699417333266e-20
Cd47,-0.15222938479675738,2.112965547982269e-20
Sgms2,-0.15224396222440378,2.0962192013681616e-20
Lsm4,-0.15231197904322108,2.0140976779660344e-20
Ube2j2,-0.15232378154416246,2.0015666418007813e-20
Mrps14,-0.152363758509104,1.9547190233452102e-20
Srp9,-0.15236453028039806,1.9547190233452102e-20
Inpp1,-0.1523861020193318,1.932698142806085e-20
Psmc3,-0.15252653053969562,1.7747859833988964e-20
Ndufb10,-0.15290876876441956,1.4059694394979608e-20
Nt5c,-0.15298631421895634,1.3412433273477423e-20
Eif2s1,-0.1530286798849495,1.3077744608423312e-20
Ldlrad4,-0.15320604654976477,1.172358927877512e-20
Trir,-0.15337109877466207,1.058925179242655e-20
Actr2,-0.15344435027425382,1.0127358431307596e-20
Nckap1,-0.1534942713824658,9.838086966452639e-21
Tmem234,-0.15372366768114618,8.543609405265684e-21
Atox1,-0.15377218708909443,8.297408987080951e-21
Lurap1l,-0.15393225798225119,7.515060428450236e-21
Tprkb,-0.15402045687249996,7.11912148037494e-21
Polb,-0.15402076296154305,7.11912148037494e-21
Pdcd6ip,-0.15404388175458275,7.030765390704035e-21
Sra1,-0.15414473923365893,6.607461157905996e-21
Spon2,-0.15436427536795175,5.776467192130713e-21
Commd3,-0.15436476745920127,5.776467192130713e-21
Eif3e,-0.1544059908238449,5.639531173014899e-21
Hars,-0.154578203337344,5.078007769708681e-21
Copb1,-0.15468985649174058,4.749427833987275e-21
Timm10b,-0.15474717821618805,4.586266319691821e-21
Kctd17,-0.15480126283469156,4.4426129654216526e-21
Fads3,-0.15482804097592318,4.373197559902176e-21
Enpp1,-0.15486469108975567,4.278178651046292e-21
Phlda3,-0.15495878356320072,4.036441837714904e-21
Tomm5,-0.1549985497379959,3.940920811506478e-21
Rer1,-0.15500250391309864,3.9354974617524344e-21
Rpsa,-0.15527848418666418,3.31024567178593e-21
Dph3,-0.1555346074665314,2.821777740908229e-21
Fkbp11,-0.1556989520027292,2.5458392353368057e-21
Suclg1,-0.15576778913552292,2.439944329782816e-21
Psmc6,-0.1558987701462273,2.248062783606479e-21
Park7,-0.1559005201106387,2.248062783606479e-21
Mrpl12,-0.1559144313845675,2.2308573608754585e-21
Il1rl1,-0.15591992241638386,2.2256076819431893e-21
Cnih4,-0.15594307621447448,2.1956345022165927e-21
Bnip2,-0.1560641877131359,2.0377986601853913e-21
Cdk16,-0.15616381268574875,1.915024339230362e-21
Ino80c,-0.15644806638367564,1.6001575191909263e-21
Tfg,-0.15679398459176222,1.2850497217341878e-21
Scand1,-0.15687089108358118,1.2248943405937747e-21
Meg3,-0.15688309877648388,1.216768817112839e-21
Drap1,-0.15698153228112952,1.1452450693188112e-21
Enah,-0.15704946672296766,1.0978498600037853e-21
Lman1,-0.1571721529471254,1.0161865587364318e-21
Mrps16,-0.15759210690357398,7.774150208156308e-22
Timm17a,-0.15769139440412008,7.302707492168997e-22
Cd9,-0.15786280182327259,6.549021718098646e-22
Rras2,-0.15798870722348676,6.0537457226456955e-22
Cspg4,-0.15800978463518134,5.979109666591856e-22
Calr,-0.15802994984593643,5.908856652463149e-22
Rtraf,-0.1582098287912041,5.275007282880105e-22
Klf3,-0.15822721400332287,5.222301199172892e-22
Duox1,-0.1582507488797039,5.155647788208745e-22
Syne1,-0.1582561797810107,5.143601395867213e-22
Osbpl3,-0.15847647844089677,4.472955211391528e-22
Itpr3,-0.15889776743848305,3.4190422755792687e-22
Pfdn1,-0.15899811000761682,3.2153196532007073e-22
Rasl10a,-0.1590191202006404,3.1755963730770024e-22
Dlgap4,-0.15915194689422274,2.920634878641869e-22
Eif4a1,-0.15928430146042463,2.6836176449976324e-22
P4ha2,-0.1592878551542814,2.680592555598204e-22
Slc25a5,-0.15930405488558855,2.655699443076618e-22
Cox6a1,-0.15937928038767546,2.532169390531846e-22
Ndrg4,-0.15940039401986855,2.500656697416969e-22
Efemp1,-0.15941651435262782,2.4775532919340563e-22
Arpc5,-0.15948617913873836,2.3707812312053894e-22
Atp5a1,-0.15983849701316466,1.8921021742261136e-22
Dock11,-0.15994937766875775,1.7623869231025105e-22
Ddb1,-0.1601578823645932,1.5402313384026522e-22
Tmed2,-0.16061361208241806,1.1449711493127816e-22
Copg1,-0.1607066974079506,1.0798728351834659e-22
Psmb4,-0.1607160004045221,1.0746007490713978e-22
Surf4,-0.16079867806095718,1.0191810566618671e-22
Vasn,-0.16095879246217648,9.187438887856701e-23
Esd,-0.16105561668998863,8.632391809423918e-23
Cav1,-0.16116754584970397,8.030513998164146e-23
Fyn,-0.16122714787267808,7.731516731663693e-23
Rnf7,-0.16124386526186202,7.656290641100498e-23
Prdx1,-0.16129980321790324,7.388877266434738e-23
Gpc1,-0.16132456398092695,7.278383531399366e-23
Sgta,-0.16137893545044438,7.031293310347353e-23
Pgf,-0.16142911698261356,6.81126276665748e-23
Psmd12,-0.16151684051147286,6.437037819982617e-23
Dsel,-0.16154705477964693,6.317946428950627e-23
Cmtm7,-0.16166147335568354,5.866501058168193e-23
Cdc42ep2,-0.16169407752809029,5.748813823395041e-23
Pgd,-0.16177458128731992,5.458372837456562e-23
Rab5if,-0.16210903284638728,4.3932739226570073e-23
Ap2m1,-0.16218670900581092,4.178547665345289e-23
Mrpl28,-0.16241159252366863,3.605353076197671e-23
Knop1,-0.16246483317688412,3.484744200253853e-23
Mrpl34,-0.16264166330536767,3.107072109053733e-23
Vcl,-0.16270024368849978,2.992371129751963e-23
Npepl1,-0.16274302295873527,2.912238160703455e-23
Hivep2,-0.16275027795996377,2.9018364581349537e-23
Map2k2,-0.1629098565438469,2.619875588980962e-23
Ppfibp1,-0.16294478654601832,2.5629689016181807e-23
Psmc2,-0.16319839329594876,2.173386178406325e-23
Cct4,-0.16327039304706223,2.074279254374019e-23
Fam126a,-0.16339109371023694,1.9212620408713594e-23
Snrpd1,-0.16345336070140948,1.8454872737900223e-23
Poglut3,-0.16361959923030583,1.6559880704407774e-23
Gm15675,-0.16363156632723339,1.644886728004136e-23
Myo1b,-0.16379856116861122,1.473206105913709e-23
Rab11a,-0.1640649826903221,1.2375231936661865e-23
Atp5g3,-0.16416431732720801,1.159384199424714e-23
Rtn4,-0.1642320324591703,1.1122100772229505e-23
Mocs2,-0.164257217987827,1.0949953959043165e-23
Phb2,-0.164519121637807,9.209842635254347e-24
Ran,-0.16467308261012917,8.315970449753639e-24
Aurkaip1,-0.164729942284043,8.014518471111782e-24
Clip1,-0.16478302434079764,7.743538513431382e-24
Psmb2,-0.16480032987960036,7.663798236214263e-24
Cwc15,-0.16496818451662953,6.854342552540786e-24
Sema3e,-0.1651296035655437,6.156282989234046e-24
Ldha,-0.16551314518719612,4.771325301941246e-24
Prkca,-0.16564032400775877,4.389797218322095e-24
Dtnbp1,-0.16571743801716007,4.1721985680732905e-24
Psmd6,-0.16576618694725265,4.042118944171662e-24
Rex1bd,-0.16580793873583236,3.9346467147535695e-24
Ackr1,-0.16585579925586968,3.814206610560266e-24
Txnl1,-0.16608912031054837,3.2693942819013094e-24
Adipor1,-0.16612312891664818,3.1990604562378452e-24
Ube2l3,-0.16623602995738607,2.9788316599994304e-24
Tnfrsf12a,-0.16627026441189244,2.9142641686556615e-24
Tomm22,-0.16632455121474668,2.8125400291224596e-24
Tnfrsf23,-0.16635777318971906,2.753442873254159e-24
Acadvl,-0.16693484220775834,1.869345916734495e-24
Eif2b2,-0.16727616046269328,1.4829780890231783e-24
Psmc1,-0.16727671293945268,1.4829780890231783e-24
Gpi1,-0.1672961416940761,1.4667771149114107e-24
Chmp4b,-0.1673479875818468,1.4176226053114335e-24
Rps2,-0.1675473356223164,1.2403013824575998e-24
Sap30l,-0.16781970561550263,1.030648245338493e-24
Card19,-0.167857853221064,1.0067479038094712e-24
Lamtor4,-0.1680765181872995,8.676823538476352e-25
Arpc5l,-0.16819584864400194,8.015725565325353e-25
Mustn1,-0.1682811172708105,7.569772483569755e-25
Spsb4,-0.16845726965089336,6.715186674002421e-25
Thbs3,-0.1689242003461034,4.8742066038662975e-25
Wsb2,-0.16900825391465052,4.611938280650171e-25
Abhd17a,-0.16901476714767702,4.597489647477351e-25
C1qtnf6,-0.1690852832766712,4.384907141903112e-25
Efna5,-0.1690934329143024,4.366237558641408e-25
Lmna,-0.1691871037758029,4.0981450927654183e-25
Pgm3,-0.16920209256625243,4.0614489334066195e-25
Vps29,-0.1692573860252345,3.914454714344366e-25
Pold4,-0.16927120450197095,3.8825415601559734e-25
Emc6,-0.16934837490268642,3.6857586474122778e-25
Duoxa1,-0.16947261032535832,3.386682868972684e-25
Lamtor1,-0.16953873985516066,3.2395128751464784e-25
Kdelr3,-0.16965009748873008,3.0030454103187346e-25
Psmd13,-0.16965989977829476,2.986826028168706e-25
Gars,-0.17000026060710077,2.3649300853769638e-25
Taf10,-0.17010168779162518,2.207015550050654e-25
Mtch1,-0.17032652122893394,1.8926867071965384e-25
Twf1,-0.17051340348458818,1.6639660374937842e-25
Atp2b4,-0.1707281760768106,1.4344710668534474e-25
Ssna1,-0.17098659856517087,1.202588777095462e-25
Ryk,-0.1709918689954223,1.1998464413669283e-25
Hnrnpa1,-0.17105314717182515,1.1511359682704079e-25
Ece1,-0.1711824891258659,1.0530184192019557e-25
Gadd45gip1,-0.17119191760166572,1.047565303756043e-25
Pdap1,-0.17123126025303062,1.0205442407277435e-25
Rad23b,-0.1712354161375159,1.0190162871927747e-25
Capns1,-0.17143857022931816,8.850783464744075e-26
Ezr,-0.17177720067082763,6.988576914028092e-26
Ddx39,-0.17179227457499274,6.924765562011075e-26
Fis1,-0.1720053268404847,5.978437679096912e-26
Cops5,-0.17203787515582888,5.851408228636381e-26
Ndufb8,-0.17205819850336018,5.77654868592665e-26
Arnt2,-0.1720898850801164,5.65721998334553e-26
Sec61b,-0.17210837570726717,5.592051868995729e-26
Eif4g2,-0.17243527429199962,4.4606351240980823e-26
Wnt2,-0.17265509039490481,3.830551837414777e-26
Slco3a1,-0.17270331397785288,3.707595096384713e-26
Med21,-0.1727523600612433,3.5916610293875104e-26
Cct7,-0.1729561586201783,3.1140828000003563e-26
Dnm1,-0.1729978213843953,3.027988023001294e-26
Lrrfip1,-0.17335739969670477,2.350308242321914e-26
Psmd2,-0.17337746085358416,2.320467531739583e-26
Arsi,-0.1734110215654396,2.2691648395259453e-26
AA467197,-0.17349599037087146,2.1394692713580307e-26
Cast,-0.17377827899785664,1.7531557006060352e-26
Tmem134,-0.17389632983380987,1.614277488798745e-26
Hhipl1,-0.17419331458695347,1.3102876590273783e-26
Filip1l,-0.17435316236964146,1.1742456336833922e-26
Fam167a,-0.17468414290578446,9.310738233832253e-27
Ptp4a2,-0.17497238167093138,7.586129756095636e-27
Aig1,-0.17500471338854257,7.423418874962523e-27
Grpel1,-0.17513890018940037,6.752610073425654e-27
Mrpl54,-0.17516627000602597,6.631210766207225e-27
Eef1b2,-0.17520594830202985,6.454734514773002e-27
Eny2,-0.17572678743372985,4.45940978781514e-27
Pts,-0.17576811667468142,4.3351922288383654e-27
Gap43,-0.1757682956171855,4.3351922288383654e-27
Heg1,-0.17601273691752428,3.6456347633600174e-27
Slc16a3,-0.17604175769931651,3.5809242173364266e-27
Serpinb1a,-0.17609047078146756,3.462526631675513e-27
Rras,-0.1762403703467415,3.1122097364692287e-27
Mrpl53,-0.17629566410439193,2.994927513387475e-27
Ndufs2,-0.176344182347486,2.8961756524469917e-27
Psmd14,-0.17641393939463634,2.762200599093712e-27
Eef1g,-0.17642439625457185,2.7455875537886983e-27
Tmbim1,-0.1764410626694703,2.7168568335025815e-27
Psmb1,-0.17680443210686925,2.101488215753712e-27
Rab32,-0.1769169023824051,1.942968783054933e-27
Lpar1,-0.17696631192549286,1.8774894752766818e-27
Tln2,-0.17703510518134563,1.7888691380996733e-27
Mpc1,-0.1770383311732189,1.7874542196832337e-27
Rexo2,-0.1771147896275509,1.6936060411898086e-27
Ext1,-0.17729853857566644,1.4843354412451227e-27
Txn1,-0.1773245856119292,1.4587720866920333e-27
Adamts14,-0.1773864170606901,1.3968346254734765e-27
Ston2,-0.1773882554623269,1.3968346254734765e-27
Chmp2a,-0.1776050720863331,1.1970081389933804e-27
Atp5g2,-0.17766079445656094,1.1512191105292732e-27
Tcp1,-0.17769023990609412,1.1285654875631474e-27
Fkbp10,-0.17776429172767963,1.0709776097702442e-27
Cib1,-0.17782250860809207,1.0281059620806931e-27
Ccn3,-0.17788206156487515,9.859771648816214e-28
Mrpl58,-0.1779217743680578,9.593459648742858e-28
Sin3b,-0.17796291760809377,9.339364195285812e-28
Mrpl17,-0.17808320484127174,8.568027316356152e-28
Ttyh2,-0.17818177646960204,7.998342444060575e-28
Cct8,-0.17821378808314908,7.8259324198987845e-28
Anp32a,-0.17834562928482683,7.118316718286641e-28
Arpc1b,-0.1784640454937253,6.548618156664696e-28
Alg5,-0.17854829888475868,6.166867184580532e-28
Il13ra1,-0.1786839689973308,5.601541511559844e-28
Mcrip1,-0.1787120997277732,5.496117478768784e-28
Bzw1,-0.17871818666436864,5.480508017023597e-28
Sec61a1,-0.1787788943532343,5.250468751733045e-28
Coro1c,-0.17880015245999586,5.186077814977112e-28
Xpnpep1,-0.17891282398552985,4.782489338804853e-28
Psmb7,-0.17900778322869018,4.4750990207832045e-28
Shisa5,-0.17904987819493662,4.345998342455208e-28
Ssr1,-0.1792687685699347,3.7124345151098482e-28
Bsg,-0.17929516728785183,3.6470496983933053e-28
Col5a1,-0.17932522917683968,3.579070812931436e-28
Tnc,-0.17942956895222859,3.3255573456307674e-28
Rab27b,-0.17944583609267367,3.2914257677994574e-28
Uqcrc1,-0.17958814940882167,2.9738086972335653e-28
Ndufab1,-0.1796876997274577,2.768060510582721e-28
Klhdc8a,-0.17971191594276792,2.72362205017791e-28
Slc27a3,-0.1797270572892344,2.697889713830275e-28
Ptgfrn,-0.18010388564667903,2.0565368178754815e-28
Bax,-0.18011779160709232,2.0389431322260592e-28
Kdelr1,-0.1803487150840022,1.7217454380096972e-28
Brk1,-0.18037599820412561,1.6901820857853537e-28
Trappc4,-0.18038886842289453,1.6769942228204408e-28
Fxyd5,-0.1804353765210456,1.6229855485085302e-28
P4hb,-0.1806793223545375,1.356905151571022e-28
Ltbp1,-0.18070867631705267,1.3322178532562663e-28
Tpi1,-0.1807355976950011,1.3081123691362507e-28
Eif5a,-0.1809502521901018,1.1192778770225654e-28
Pin1,-0.18100509608703935,1.0782937943424965e-28
Vdac3,-0.18143620712404898,7.837965507295544e-29
Thy1,-0.18169473755641813,6.475252204761896e-29
Rack1,-0.18264495062994857,3.2029139733312376e-29
Plscr3,-0.18288622159443904,2.6769284007508846e-29
Pcolce,-0.1830604794274274,2.3523885986530834e-29
Galk1,-0.18327091737788961,2.011380293664328e-29
Ift20,-0.18330473984206108,1.9642312198412487e-29
Ufc1,-0.18335361255401006,1.8965589671384206e-29
Osr2,-0.18373519383371711,1.4272823584168542e-29
Eif6,-0.18376045506133395,1.4027853923770545e-29
Hint1,-0.18379581799826425,1.368230274826133e-29
Psmb3,-0.1842577415303861,9.682096559780818e-30
Rnasek,-0.1843579525276292,8.990208590836448e-30
Mdh2,-0.18446541332426292,8.301656321540038e-30
Adamts5,-0.1844758855725794,8.25067447835e-30
Rcan1,-0.18449407393795553,8.152183351042622e-30
Chchd2,-0.1846926378070782,7.024437763133221e-30
Uqcrq,-0.18473439085551188,6.817409781575175e-30
Psmd7,-0.18483451901510917,6.329411732692197e-30
Ndufa8,-0.18502116340532399,5.501903861723958e-30
Cct6a,-0.1851122165628913,5.1428551879393136e-30
Lgals1,-0.18516276131994336,4.957662867212912e-30
Micos10,-0.1854623138719223,3.9673397942768565e-30
Tubb5,-0.18557599372356035,3.644358392705105e-30
Arf1,-0.18558985590500926,3.612572377108561e-30
Psmb6,-0.18562116516226587,3.5336942093665874e-30
Myl12a,-0.18612199844112706,2.4272883409758037e-30
Commd1,-0.18614056969615556,2.3974248444905874e-30
Riok3,-0.18621710194262006,2.2692979434441578e-30
Zyx,-0.18695717807568396,1.2904849686193091e-30
Dctn2,-0.1870083173061088,1.245311790847195e-30
mt-Cytb,-0.1872468687351,1.0382534890415382e-30
Psma6,-0.1874681073547394,8.770454633787863e-31
Timm13,-0.18763122277463493,7.747239410218353e-31
Ecm1,-0.1879601029808245,6.019228073028351e-31
Dpysl2,-0.1880450127716749,5.6469536368458705e-31
Iqgap1,-0.18829608730245231,4.666275294347736e-31
Ywhaq,-0.18831372548988357,4.6115954306497286e-31
Ckb,-0.18840519585087123,4.312067221501189e-31
Tubb6,-0.1884292296814311,4.240452323237502e-31
Sf3b5,-0.18859420705318414,3.7378270659168758e-31
Nptn,-0.18881452048837052,3.1556573880984952e-31
Ybx3,-0.18890069427419268,2.9567156038708065e-31
Plec,-0.18890783357336624,2.9459705819143263e-31
Psma7,-0.18901505055444032,2.715321198420555e-31
Cope,-0.1891522580154269,2.454255082976352e-31
Atp5g1,-0.18927064360046192,2.2422624623530505e-31
mt-Co2,-0.18937432034766383,2.0721027317292356e-31
Pdcd6,-0.18957016263766066,1.7852861276031027e-31
Nbl1,-0.18958012696940488,1.774899266831748e-31
Inhba,-0.18984880503033824,1.444317241642664e-31
Tmem14c,-0.1900212591808503,1.2644357474873154e-31
Ehd1,-0.19007973550260615,1.2125906432924334e-31
Tcfl5,-0.19010823649123879,1.1881568493559654e-31
Mrpl43,-0.19028560421619306,1.0359869185062887e-31
Atp6v0e,-0.19038303735250833,9.635659588559748e-32
Bcl7c,-0.19039271741721833,9.581759342299832e-32
Ndfip1,-0.19039890841521848,9.554317798610516e-32
Prss23,-0.19054369633614293,8.544798401244723e-32
Ap2s1,-0.19076530861770924,7.222290475209212e-32
Rala,-0.19080648000481706,7.006252342090201e-32
Pamr1,-0.1908172676218273,6.961060689034551e-32
Cops6,-0.19110203301082043,5.57434290906818e-32
Lrrc8c,-0.19130063403356706,4.785848735254378e-32
Copz2,-0.19135828460453788,4.582359586217944e-32
Pxdc1,-0.1915901878568794,3.8312508943190636e-32
Mgst3,-0.19162309503503433,3.7405523936081155e-32
Wnt10b,-0.1924329759904874,1.9735562675299542e-32
S100a6,-0.19253385155616382,1.8291328232946795e-32
Psmd4,-0.19285112140653857,1.4272281732293118e-32
Psmc4,-0.19314726807698132,1.129704091237876e-32
Islr,-0.19329891060181872,1.0031146016669152e-32
Yif1a,-0.19396599551233804,5.8980087850542036e-33
Medag,-0.1940067923748992,5.720319850256661e-33
Gm17455,-0.19401885083987944,5.6771653161019706e-33
Thbs2,-0.19408892064820135,5.378485283157176e-33
Pxdn,-0.19417828818525673,5.027749357569466e-33
Fkbp1a,-0.19424785409991105,4.764983956933719e-33
Atp5b,-0.1944209016103567,4.155983866691904e-33
Sh3glb1,-0.19476459623926906,3.1597155868417696e-33
Txndc17,-0.19490106386694675,2.8371239112493245e-33
Cct2,-0.19503611946521981,2.550163852111927e-33
Ndufb9,-0.1950927380454531,2.4416307961098296e-33
mt-Nd4,-0.19532615980015786,2.0313752585702123e-33
Col5a2,-0.19534588657991506,2.0035774117907963e-33
Gnb1,-0.19551034039069495,1.7620148969250512e-33
Akr1a1,-0.195613755012715,1.624270495778541e-33
Lgi3,-0.19592881211831184,1.2615910635125129e-33
Eif3i,-0.19610245309860166,1.1008215053978403e-33
Psmc5,-0.1963352051868316,9.13464912111426e-34
Ranbp1,-0.1964738636013503,8.180036330933169e-34
Htra3,-0.1965178317826839,7.91032421821953e-34
S100a16,-0.1968479598821751,6.061522846528335e-34
Psma2,-0.1969091366528426,5.779752727709351e-34
Guk1,-0.19697301499709732,5.498903501673714e-34
Clta,-0.19725361570639197,4.3844956292861905e-34
Hras,-0.1974785267130107,3.6573251413658495e-34
Prrt4,-0.19794785219199545,2.502792303700758e-34
Uap1,-0.1987389772746266,1.3164616063618981e-34
Psma4,-0.19940889277839458,7.632014314747972e-35
Selenof,-0.19941106746803283,7.632014314747972e-35
Pgp,-0.19947893310691456,7.235771240222356e-35
Hmgn3,-0.19955398925827839,6.816267870893424e-35
Cd164,-0.20026949836626334,3.787331767098919e-35
Clec3b,-0.20027908361239533,3.7659046307874986e-35
Aldoa,-0.20065153356836973,2.7769719154130965e-35
mt-Nd1,-0.20070431050112011,2.6638904867289603e-35
Timm23,-0.20116892395422398,1.830558272148479e-35
Ntn4,-0.20140231944245632,1.5173693645720767e-35
Lamc1,-0.2014894844502337,1.4142043006534012e-35
Calm2,-0.20154275311183817,1.3558589644809572e-35
Ywhae,-0.20170224088083677,1.1895131237594769e-35
Hmcn1,-0.20190790902253852,1.0062876340017244e-35
Mydgf,-0.2019957017250272,9.372155846981186e-36
Col8a1,-0.20227160091737867,7.473438381473802e-36
Got1,-0.20227623189133698,7.462245287117117e-36
Nudcd2,-0.20230990543299307,7.271850725071088e-36
Rbm3,-0.20231718180812414,7.244946386432075e-36
Mcc,-0.20232911715634802,7.190033284701879e-36
Kdelr2,-0.20282683817578873,4.7681131166257956e-36
Ndufb7,-0.20341896274088447,2.909753180262342e-36
Flnb,-0.20374534108082842,2.2196681789120103e-36
Mgll,-0.20385571061169738,2.0268870780231876e-36
Rac1,-0.20388147631850834,1.9880718001647904e-36
Cdk6,-0.20426115277609996,1.4558633335492494e-36
Psd3,-0.2042938496111717,1.4195938253698743e-36
Snf8,-0.20485241560591813,8.857528126008804e-37
Cmpk1,-0.20536674803468338,5.730894232127331e-37
Tmem160,-0.20550945688438504,5.099637027975388e-37
Cd109,-0.2056545344651571,4.51702796659853e-37
Gdi2,-0.20593843881824325,3.5529221107171624e-37
Nedd8,-0.2061291698573706,3.0255859449188563e-37
Itgb1,-0.20615921531451412,2.956235812700308e-37
Capza2,-0.20659489846503165,2.0452858572580515e-37
Prg4,-0.20694217002191403,1.5255359498042956e-37
Eno1,-0.20715002775980082,1.2823208255818618e-37
Cadm3,-0.20734213984786207,1.0895942993210952e-37
Ptgis,-0.20747957815710316,9.703743974516056e-38
Dpp4,-0.20754761558641063,9.198394931101498e-38
Arl6ip5,-0.20767259086712875,8.279631269926166e-38
Cd81,-0.20811206753502268,5.708046825771357e-38
Ostc,-0.20814457325636185,5.579102551673881e-38
Cox5a,-0.20822574694062063,5.228241787368756e-38
Lrrn4cl,-0.2082510202026699,5.128726028497683e-38
Lrrfip2,-0.20847896057105275,4.2322235701962074e-38
Arpc4,-0.20870396963691237,3.491177826032115e-38
Prdx2,-0.20950330096356926,1.7466517816041767e-38
Cdh13,-0.20980347233382546,1.3479148094248908e-38
mt-Co1,-0.21036545066722268,8.291469532226453e-39
Tmem208,-0.21043186721767748,7.865706665011244e-39
Capn2,-0.21044526848757153,7.795211960634919e-39
Il18,-0.21055785892970877,7.08229647158731e-39
Btf3,-0.21065519017973625,6.520933400916911e-39
Tpm2,-0.2113930666612854,3.428791598178315e-39
Ociad2,-0.211664799863661,2.7063147369425458e-39
Tnn,-0.21173798606117206,2.5513537305161082e-39
Ret,-0.21186415781449555,2.288979486785627e-39
Ube2m,-0.21194241230184613,2.1422011495099815e-39
Dctn3,-0.21249635450439616,1.3163395998046058e-39
Abracl,-0.21261260777018182,1.1908941926740849e-39
Lrrc59,-0.21306811332375133,7.97290841032712e-40
Pgam1,-0.21346570050835087,5.614804078490059e-40
Prr13,-0.21404602899531497,3.3857213165203855e-40
Tbcb,-0.21407699800275048,3.312432357739844e-40
Gas2l1,-0.214257591747597,2.8271274155263932e-40
Tmem43,-0.21465775558969263,1.9821351805843542e-40
Atp5o,-0.21479554393785666,1.757068266388006e-40
Arhgdia,-0.21482974356589551,1.7090105001068235e-40
Clic4,-0.2149802806107901,1.497590257366799e-40
Barx2,-0.21580931252503707,7.149500596729141e-41
Cd276,-0.21656852465322704,3.6241756120045816e-41
Ssu72,-0.2166528980450306,3.367831914812716e-41
D8Ertd738e,-0.21689262650001961,2.7188111488407986e-41
Pde8a,-0.21790661272835937,1.0888493144730842e-41
Lgals3,-0.2179312780951139,1.06786784170185e-41
Ufm1,-0.2179982432727557,1.0077044341990219e-41
Atp5f1,-0.21803578815368108,9.767620720038231e-42
Sfxn3,-0.21931163968382753,3.051256006046287e-42
Cnih1,-0.21940188058421672,2.817352208171735e-42
Dynlrb1,-0.21954013626463853,2.4890996965346283e-42
0610012G03Rik,-0.21963763067582684,2.2828440925606537e-42
Zfp385a,-0.2198111708988656,1.9522127604567258e-42
Eif4e2,-0.22057882547513802,9.652776481113559e-43
Itgb3,-0.22091476646389702,7.098601274759047e-43
Rhoc,-0.22095380909492937,6.868084190857004e-43
Pdlim1,-0.22098088240645272,6.719067300196558e-43
Thbs4,-0.22114861573648628,5.7708400104102626e-43
Glipr2,-0.2215406030241086,4.025348694337154e-43
Reep5,-0.22230759822371698,1.9917785900113116e-43
mt-Atp6,-0.2229006274256496,1.149107305299942e-43
Psmb5,-0.22335760953635075,7.566306781884095e-44
Vamp8,-0.2239124043295561,4.526202598126163e-44
Plp2,-0.2243955831965708,2.892355827692372e-44
C1qtnf3,-0.22502482970185897,1.6032697777800013e-44
Rab2a,-0.2257954235395735,7.758463020282845e-45
Sdhd,-0.2259958421169161,6.457549444746051e-45
Olfml2a,-0.2261313527593624,5.696820406179731e-45
Arpc2,-0.2262198850418917,5.2547133821602704e-45
Cfl1,-0.22627142195498584,5.02022594604556e-45
mt-Co3,-0.22697752560843007,2.5804665836670298e-45
P2ry10b,-0.22820419469801823,8.062830743561172e-46
Col12a1,-0.22907080049354944,3.528087430422134e-46
Slc25a4,-0.22959547340907574,2.133822481409394e-46
Ybx1,-0.2299130997919047,1.5749453166063084e-46
Tppp3,-0.23046436325631692,9.295338940074181e-47
Prdx5,-0.23073693478031865,7.183432761724792e-47
Islr2,-0.23084682992520086,6.478253172582315e-47
Mrpl20,-0.23171586088167237,2.797727956710528e-47
Capzb,-0.23219051699055554,1.7653775820842342e-47
Itgb5,-0.2324285300547874,1.40331189960023e-47
Gnb2,-0.23247165488563362,1.350019296114994e-47
Atp2b1,-0.23288418162264565,9.071637003426513e-48
Galnt1,-0.23402024165434782,3.006807816288869e-48
Pdlim4,-0.23413671834974384,2.6897912162530826e-48
Tpm4,-0.2343308440755028,2.228259916325685e-48
Postn,-0.23458977473441794,1.730916463765659e-48
Ptms,-0.23473747432812206,1.5008304083828248e-48
Tmed9,-0.23518408779597297,9.708031941059416e-49
Wls,-0.23527277775979863,8.92245254046177e-49
Prelid1,-0.23544654227226988,7.591885516980614e-49
Ppp1ca,-0.2357816415480734,5.480280202194742e-49
Ssc5d,-0.23600305525227447,4.411941543985271e-49
Pfn1,-0.23631522304366315,3.2434854257623903e-49
Tmem167,-0.2366088681564178,2.4279486330057985e-49
F2rl1,-0.23662843720507426,2.3900545194321665e-49
Galnt16,-0.2378741154134456,6.903984228821494e-50
Aqp1,-0.23790951188185017,6.688342831010198e-50
Crabp2,-0.2399694972195091,8.393698055693902e-51
Arf5,-0.2401727511824182,6.853333132829529e-51
Actb,-0.24133533491614292,2.1438494872596063e-51
Dbn1,-0.2413655566884622,2.0869918617842755e-51
Pgk1,-0.2442238229030875,1.1256472526452238e-52
Pdgfc,-0.24440876059570232,9.36868162833008e-53
Oaf,-0.24529512538826467,3.7572223801911954e-53
Lama4,-0.24587598873702013,2.057569056316107e-53
Pgls,-0.24692534230055502,6.969325467394187e-54
Pcsk6,-0.24851534891238752,1.3558275887682163e-54
Cd34,-0.24922941175284558,6.416905731741823e-55
Dpysl3,-0.24967436176901536,4.034953685038614e-55
Capg,-0.2497306049790713,3.8355241762421e-55
Hspg2,-0.2510480906502355,9.52594474472684e-56
Msn,-0.2513031082813519,7.281941801804649e-56
Arl4c,-0.25207111584316244,3.2212984578005e-56
Gnpnat1,-0.25358189073456855,6.454323158836584e-57
Ppa1,-0.25375732441874777,5.362391199023525e-57
Rnh1,-0.2539513176133074,4.365755532085809e-57
Anxa3,-0.2557227197298504,6.425175465096259e-58
Tagln2,-0.2566566464211267,2.3181967271890836e-58
Ppia,-0.2568802474532904,1.8219020447629498e-58
P3h4,-0.2574369958574367,9.915326854011883e-59
Anxa5,-0.2582228368475382,4.22425676901457e-59
Antxr1,-0.25875227088499747,2.3732514678946453e-59
Mcub,-0.2592705071142551,1.3412461269874231e-59
Higd1a,-0.2594507648370036,1.1089912539706515e-59
Serpinb6a,-0.25986212160387095,7.048894275667189e-60
Avpi1,-0.2603761193212119,3.991367769540242e-60
Dap,-0.2607771498859958,2.5616582394656637e-60
Nme1,-0.2629724986232171,2.1752329730792395e-61
Agpat4,-0.26390093728382796,7.632993146459423e-62
Actr3,-0.2644137560960626,4.282719240554123e-62
Calm1,-0.26601707020488163,6.928699053953836e-63
Timp1,-0.2663962353931394,4.508198360907126e-63
Efhd1,-0.26671713164508354,3.134492693486994e-63
Sdc2,-0.2676469157120023,1.0849790416652661e-63
Sh3bgrl3,-0.26788631070983615,8.27321816012067e-64
Prelp,-0.2680531233973471,6.859727922264437e-64
Stxbp6,-0.26964252724645665,1.1077162554887776e-64
Mfap5,-0.27041316182970543,4.583851802666085e-65
Vim,-0.2707842964542432,2.9860866510339296e-65
Sulf2,-0.2708148386019009,2.8983578885315494e-65
Ugp2,-0.2708351166455105,2.847341307342848e-65
Psmd8,-0.27222136994297785,5.683221612576556e-66
P4ha3,-0.2722301971388101,5.659087536157663e-66
Gpx1,-0.2729066978789195,2.5612118428680787e-66
Lsp1,-0.27323432500029565,1.7487653780498584e-66
Fhl1,-0.2742215093737507,5.556212754185309e-67
Bmp1,-0.2744553785495227,4.2332514908421126e-67
Uqcc2,-0.2746947021643615,3.20360224904467e-67
Fndc1,-0.27551806902849363,1.2061160605975076e-67
Cd44,-0.2777491279592598,8.35722326159998e-69
Myof,-0.27975463288095226,7.47759397451176e-70
Myadm,-0.28111457843506166,1.4277755264422897e-70
Calu,-0.28217215909137966,3.945861759425496e-71
AI506816,-0.28232484150668896,3.2918594528533164e-71
Epb41l3,-0.2825514506574865,2.5066917669822984e-71
Myl6,-0.28295957675562555,1.5249815852160296e-71
Clic1,-0.28545425788864,7.068237030767742e-73
Tm4sf1,-0.28756702032341586,5.211934124485039e-74
Rap1a,-0.2876956116078258,4.465514242931543e-74
S100a11,-0.2879402590927847,3.3044373232687376e-74
Emilin2,-0.28812516368834734,2.6569495707540985e-74
Anxa1,-0.28830499479868854,2.133282633903424e-74
Loxl2,-0.2884140171929278,1.873194255048005e-74
Pkm,-0.2893826236313025,5.61888717667382e-75
Axl,-0.28947258105601625,5.052950832619533e-75
Tmem100,-0.2896122469795679,4.3012978369381684e-75
Txndc5,-0.2900198006803962,2.581770396842492e-75
Tmsb4x,-0.29041510680286553,1.5727605281900718e-75
Adgrg2,-0.29073007499824866,1.0793277961668322e-75
Tgfbr2,-0.29195150586438184,2.3171764552161666e-76
Ly6c1,-0.2936118016729977,2.774737940165171e-77
Fbln2,-0.29448554315960607,9.023274100825994e-78
Gapdh,-0.2964416412357962,7.309912903233e-79
Cd248,-0.2977124429693768,1.3916505556079315e-79
Col5a3,-0.3006681336617472,2.8297778073941e-81
Creb5,-0.3020661066800402,4.4997988190888433e-82
Lamb1,-0.30212047962835203,4.226129497806535e-82
Ostf1,-0.3031963006063507,1.0269610208394392e-82
Nme2,-0.3061854685952442,1.9074715222195035e-84
Sulf1,-0.3095120892070396,2.0021917651303982e-86
Rhoa,-0.31303566391664855,1.5506238038107285e-88
S100a10,-0.31488702204162666,1.1860746020456256e-89
Glud1,-0.3167668573691269,8.444313350295133e-91
Ly6a,-0.32186633751418,5.935146340229031e-94
Cavin3,-0.32366165066742797,4.380163795685227e-95
Lrrc15,-0.32436003833072835,1.5946639306363697e-95
S100a4,-0.3271117572060659,2.817839912317677e-97
Tspo,-0.3329704286473936,4.420895177993802e-101
Bag1,-0.33687368836860077,1.2083485201949524e-103
Actg1,-0.3407397041794495,3.1547985489913637e-106
Sbsn,-0.34387077933116705,2.3825403703612367e-108
Anxa8,-0.346094793631724,7.135268754108197e-110
Cyb5r3,-0.3462404377600993,5.761325776105844e-110
Anxa2,-0.35083117364240984,3.6593569837266125e-113
Emp3,-0.3536797046897928,3.4928476554938637e-115
Cd55,-0.3567666281351257,2.1270826549983155e-117
Fstl1,-0.3572557850756564,9.601599239731148e-118
Sema3c,-0.36266906544808175,1.1197390981097607e-121
Crip2,-0.3672113287732876,4.822108176077881e-125
Fbn1,-0.3768108119162359,2.1179382288229152e-132
Cthrc1,-0.3968439001513881,1.3233229932097553e-148
Igfbp6,-0.40253328428485624,2.13053583692875e-153
Vcan,-0.40433468248767784,6.381371677672221e-155
Ackr3,-0.40533427422855,8.997958552407441e-156
Crip1,-0.4282047824792461,1.6611232954793217e-176
Ppp1r14b,-0.44574719320676154,1.1392179473205213e-193
Aspn,-0.44793740960394857,7.170152735611147e-196
Fn1,-0.46036288302757367,9.070804626549775e-209
