,T-FAP_2_corr,T-FAP_2_qval
Cxcl14,0.5753932957300056,0.0
Hp,0.552593204796158,0.0
Gas6,0.5354490217076894,6.186343722058759e-301
Angptl4,0.5176226007156186,1.331346674257531e-276
Sfrp1,0.5130170123456901,1.2053418226746217e-270
Igfbp4,0.5020890642628567,8.940277213641003e-257
Cxcl5,0.47921567128356907,1.9659547946641767e-229
Chl1,0.47522811631292033,6.008520088175655e-225
Tmem176b,0.4655247896563249,3.2023476088248037e-214
Cxcl12,0.4629940972084152,1.611848973031491e-211
Tmem176a,0.4538138604054024,8.301587144130693e-202
Slc39a14,0.42292282746850596,2.311402384767378e-171
Cdh11,0.421069053440055,1.1206421703832904e-169
Gfra1,0.42087080089107815,1.586953610618669e-169
Emb,0.4186898985414339,1.5062904811079125e-167
Ccn5,0.4117472977137838,2.705585574313178e-161
Il1r1,0.40555205923276166,7.100597104653015e-156
Dram1,0.3948631644221843,9.380983562819972e-147
Ptx3,0.3917524449559043,3.490683520611707e-144
Serpina3n,0.39127801374577315,8.213301115578625e-144
Tnfsf11,0.39094282810417896,1.4193728828848131e-143
C3,0.38888514308046807,6.713911921408273e-142
Slc1a3,0.3866388076364024,4.394306309304443e-140
Sfrp2,0.3847682018986676,1.383417606029863e-138
Megf6,0.3835437017739774,1.2898792531432973e-137
Kcnj15,0.381370011099786,6.820349596385188e-136
Sgk1,0.3778315942322673,4.019852370532343e-133
Saa3,0.3749783703709651,6.618471043956053e-131
Hif1a,0.3664628122270413,2.0992449003182846e-124
Ugcg,0.3663797027594679,2.3509463154839215e-124
Pcsk5,0.35960052267041187,2.4723442234965027e-119
Cfb,0.3593377237264416,3.741614235908814e-119
Rnf150,0.35377190505709094,3.810773102995702e-115
Slc16a1,0.34983112760691853,2.3550167027337043e-112
Slc16a2,0.34854969538300334,1.8314080500080733e-111
Gfra2,0.3461314941328083,8.746362976547419e-110
Sod2,0.34472026137281025,8.128539352166996e-109
Brinp1,0.34453888615656747,1.0591710937032428e-108
Ecrg4,0.3427526918854546,1.7583975420618283e-107
Slpi,0.3358878890226944,7.484166692941783e-103
Igf1,0.32564021967910683,3.6564076055936823e-96
Csgalnact1,0.3255264584728302,4.234881893111251e-96
Hsd11b1,0.32287786948909114,2.0250213915287703e-94
Brinp3,0.3213486425705741,1.8381705685061486e-93
Svep1,0.31622822148994945,2.760699581949675e-90
Gm26771,0.3160134911371434,3.674751130033006e-90
Arl4c,0.3156749800551615,5.8307468588625904e-90
Mmp3,0.3126854513880638,3.869274424454591e-88
Ctsb,0.31010001616306837,1.394254469780282e-86
Nudt4,0.30389497781048386,6.669857770952349e-83
Gpm6b,0.3030850206043337,1.954013892876308e-82
Ereg,0.3020059100464935,8.184991554641767e-82
Camk4,0.30043448797083716,6.567052262207165e-81
C1s1,0.29958614928573424,1.9946369365695572e-80
Tnc,0.298452908955188,8.794480419533175e-80
Smoc2,0.2978370969719816,1.9495905558157824e-79
Vcam1,0.2973510950881944,3.6374588410229256e-79
Il4ra,0.2957922505235663,2.760179067494298e-78
Gpx3,0.2947919217679093,9.858837965287713e-78
Srgn,0.2929010423370894,1.0920870807969429e-76
Efemp2,0.29272880406521523,1.3444443507568002e-76
Rgs3,0.29271469217965584,1.35010514689553e-76
Ecscr,0.2915308857150531,6.099729141224378e-76
Cfi,0.29145345565716946,6.645320967948647e-76
Chsy1,0.2913682721466169,7.313100093946079e-76
Il6st,0.28982352545096446,5.190518723162201e-75
Fgf7,0.28827623022111265,3.6488875417418016e-74
Emilin1,0.2847038266953525,3.188778018355875e-72
Postn,0.2840671752150085,6.949484337559697e-72
Runx1,0.280605176863093,4.8356338433501e-70
Gzmc,0.26972687296059067,1.984841271316943e-64
Fbn2,0.26896981560500993,4.737567278857161e-64
Bdnf,0.26875187310773,5.966985296659814e-64
C1ra,0.26838355004041226,9.04783179547894e-64
Fth1,0.2672060032534458,3.4920994428972113e-63
Ncam1,0.2669988192572632,4.3863555725153715e-63
Mfap2,0.2663506517304018,9.147397390578714e-63
Apod,0.2661983615658765,1.0780842138726142e-62
Cp,0.2661244535437145,1.1613044942606587e-62
Sorcs2,0.2650604569632748,3.8856449989060843e-62
Mdk,0.2645140134513628,7.17325590499159e-62
Steap4,0.264496635937587,7.242776305742165e-62
Ccl7,0.2644507393650483,7.555187699697349e-62
Ptgfr,0.260925004813585,3.9793252147938065e-60
Cebpb,0.26013486257424157,9.539625945099193e-60
Ddit4,0.2593402920854309,2.2693328048740284e-59
Plac8,0.25906306787605693,3.059717580207848e-59
Ptger4,0.2578787253248407,1.1265091657078263e-58
Scn7a,0.257618868357061,1.487216794519844e-58
Prokr2,0.2565593832990157,4.733440210987598e-58
Mycbp2,0.2562804156122848,6.3715512923248124e-58
Runx2,0.2543354454111773,5.146538558555661e-57
Mme,0.253871732681955,8.443208262107911e-57
Tspan4,0.25128029983823735,1.3469965241329203e-55
Cyp26b1,0.24936869023208807,1.0108184182200003e-54
Ank3,0.24713733412683028,1.0351380756562794e-53
Gm6093,0.24663689101225983,1.7371034558335484e-53
Lcn2,0.24641033722830327,2.1855602224533536e-53
Smim3,0.24498581221441804,9.601625397931872e-53
Mt2,0.24417186489332446,2.2023073926444554e-52
Col12a1,0.24392058525881677,2.8356003962294454e-52
Trib1,0.24374103040269784,3.389011645052797e-52
Lox,0.24102978902080466,5.382257669460236e-51
Glis3,0.2400186554405517,1.486183653646558e-50
Nek6,0.2388621906810823,4.765049401434141e-50
Srpx2,0.23781341565332195,1.3524162767545957e-49
Pten,0.23724770049382407,2.35358144502863e-49
Gas5,0.23714881798797874,2.5807573660012923e-49
Serping1,0.23634735367634985,5.714995169341394e-49
A630023A22Rik,0.23467080204788748,2.986997059239007e-48
Neo1,0.23324192036634311,1.19940114527511e-47
Cxcl1,0.23305532313161437,1.4313237059146537e-47
Kif26b,0.23203905519542878,3.850584060548726e-47
C2,0.23178872047810223,4.885488599090787e-47
Npm1,0.2312416176993912,8.275761290716374e-47
Actn1,0.23074327955889834,1.3265251616929862e-46
Lgals3,0.23071330622649733,1.3569686234730471e-46
Rnf19b,0.2302753487788982,2.062418498258339e-46
Lgmn,0.2296784813447104,3.652013880509243e-46
Lrrc32,0.22947706419325772,4.408566754695152e-46
Rrad,0.22944077599897317,4.537225734712745e-46
Hivep3,0.2290048213262819,6.8654406239976925e-46
Porcn,0.22883559463553343,8.030587772222795e-46
Nt5dc2,0.2274593275579572,2.988138689718205e-45
Fosb,0.22672853657887074,5.928452485510159e-45
Gng2,0.22668185401627297,6.160623883951067e-45
Cd63,0.22405424256502143,7.26679602832319e-44
Rpl22l1,0.22256906159216797,2.8678783216565247e-43
Bmper,0.2225424347086217,2.922993879146192e-43
Hs2st1,0.22194093123956551,5.059161197842403e-43
S1pr3,0.22123716573666302,9.611637859805531e-43
Col23a1,0.2203516866702217,2.1667217564155714e-42
Rps20,0.2198839491716323,3.3149998979329134e-42
Nxn,0.21971805224009175,3.8399174633423993e-42
Tpm1,0.21962809933672547,4.147808903920069e-42
Kng2,0.21913185751477116,6.468658403590842e-42
Sphk1,0.21905129035008458,6.926416322290845e-42
Hspa8,0.21832419476783538,1.339361851695813e-41
Spon1,0.21710857603768613,4.0046696555269744e-41
Tmem173,0.2166558957867505,6.002798811227793e-41
Angpt1,0.2165731549610557,6.435147480546378e-41
Top1,0.21563130070287928,1.4974039904240149e-40
Bgn,0.21500249288061374,2.607307012162352e-40
Cyp7b1,0.21239268330382785,2.6402886510540703e-39
Fndc1,0.21207918292277245,3.465877484737632e-39
Cyp1b1,0.21171277073576908,4.7649155939920834e-39
Snhg1,0.21152035807089106,5.6169140769312775e-39
Ggt5,0.21137516051897165,6.350807141176349e-39
Acsl4,0.21079000724856892,1.0515332593509083e-38
Mmp19,0.2096862682203487,2.7348631583961316e-38
Lifr,0.2074140826666213,1.933282427475734e-37
Rpl10a,0.20734098634569123,2.0489917668328463e-37
Gsr,0.20730832871287308,2.097281059346914e-37
Aebp1,0.20722401006805405,2.244416200608247e-37
Il11ra1,0.20575794611399695,7.780390137248557e-37
Aqp2,0.20551847054658653,9.50049885542045e-37
Rps19,0.20529273424890196,1.1463094156457656e-36
Ly6e,0.2047025796462661,1.8763818737721207e-36
Rps18,0.2045817726581857,2.0694831752210903e-36
March3,0.20408419009594966,3.126591276938568e-36
Adgrb3,0.20381916765261987,3.8946179104283825e-36
Csf3,0.20348560401913246,5.1154611322024e-36
Dio3os,0.2033659448964583,5.633356775663613e-36
Cdh2,0.202800627042878,8.90758723297125e-36
Enah,0.20139946638083298,2.842716201353784e-35
Adra2a,0.20048832598831218,6.016121480734246e-35
Tcim,0.20038649990740534,6.518486209190045e-35
Timp1,0.19954074675877861,1.3072641749511661e-34
Mmp13,0.19925187921131568,1.6521145479323197e-34
Chst2,0.19910502051154297,1.8567889454511917e-34
Bdkrb1,0.1989746501874713,2.0585168525162663e-34
Aprt,0.19847780468645637,3.0583891176408238e-34
Spink6,0.19777693903121454,5.3867500973128485e-34
Ier5,0.19760564239292233,6.170915925136174e-34
Slc7a2,0.19710756572874416,9.227402822167849e-34
Gzme,0.1966458590493601,1.332647081648998e-33
Gzmb,0.19650064961439495,1.4934321065492303e-33
Irs2,0.19625565911166107,1.8145894932273826e-33
Med13l,0.19575657529369161,2.6966813321506908e-33
H19,0.1957474001020083,2.7059002481668878e-33
Cda,0.19491416874943202,5.196353411972397e-33
Susd6,0.19487473684415582,5.342975678045968e-33
Ptgs2,0.19457407054738707,6.77788998720325e-33
Masp1,0.19454282255391564,6.92326260337346e-33
Mt1,0.19393484202034256,1.1230098391449269e-32
Ppp3ca,0.19363240759058953,1.4248698953365108e-32
Lamp2,0.19354097921457905,1.5269855295566014e-32
Rnd1,0.19319192516908537,2.0097883676709723e-32
Pnrc1,0.1931804162887777,2.020601166457007e-32
Uck2,0.19308171679663047,2.1776826786180354e-32
2600014E21Rik,0.19207216341819625,4.8200838408466304e-32
Tspan11,0.19195893950690895,5.25252227618725e-32
Ltbp3,0.19120333966789133,9.400606320352666e-32
Rplp2,0.18961528270156047,3.2330635637591895e-31
Rpl23,0.18958595566544273,3.295954548110983e-31
Sod3,0.18925790145897012,4.2267993187210505e-31
Rpl32,0.18852369670918837,7.402839654330094e-31
Col27a1,0.1882843752124103,8.881440637231583e-31
1110038B12Rik,0.18800135294938825,1.098037753904848e-30
Ak2,0.18711961526093726,2.1537600270149393e-30
Ddah1,0.18620613796746174,4.313744356171019e-30
Nfasc,0.18556626474422142,6.987318646795248e-30
Bach1,0.18446881837317095,1.5936644199840783e-29
Aqp5,0.1843760890627962,1.6980938012750997e-29
Trf,0.18382716277664085,2.5637214988316146e-29
Map4k4,0.18309201629154262,4.432064417362855e-29
Ccbe1,0.18261463227085017,6.301139262980861e-29
Ube2ql1,0.18241582944088922,7.289394564240595e-29
Fbln2,0.18235648415512234,7.595423860662973e-29
Ssr2,0.18146462015037268,1.4689148155088786e-28
Cemip2,0.18141592815355587,1.5181595161363627e-28
Rps15a,0.18135875089905998,1.5789997373039187e-28
Rps27a,0.18113037336664,1.859248451108658e-28
Spp1,0.18111636663094705,1.8726116620042673e-28
Serpine2,0.18101006649776,2.0199981209399674e-28
Tnfrsf21,0.1809139897615875,2.1624210887724744e-28
Dennd4a,0.18081545672550683,2.31903910786148e-28
Olfml3,0.18059568260214648,2.7208262084188393e-28
Cpxm1,0.1797230239001068,5.104552274941531e-28
Tiparp,0.17903707117402543,8.402806517712637e-28
Pros1,0.17871410502360638,1.0615939519971712e-27
Rps8,0.17820086182564326,1.5358762349165954e-27
Col16a1,0.17808391322046652,1.6625008164624698e-27
Col24a1,0.17733640304977538,2.8482283940955254e-27
Ly6h,0.1771687631935928,3.2072564037215347e-27
Pkdcc,0.17700931704330125,3.589730752621271e-27
Mmp2,0.17663973907996994,4.66357817843986e-27
Chil1,0.17635774727640371,5.701202467843416e-27
Mif,0.17614841300946366,6.591663983053407e-27
Bicc1,0.17564633967874402,9.380041272706055e-27
Rps13,0.17561037427808301,9.5973145706472e-27
Ppib,0.17544650286577732,1.0765279078597494e-26
Rpsa,0.1733592501783848,4.735749959235711e-26
Gpr88,0.17325294626784804,5.091642538009246e-26
Ahr,0.17268355921271983,7.574055832864682e-26
Rps23,0.17265561154113587,7.680417850229313e-26
2410006H16Rik,0.17219540614383044,1.0534363981244377e-25
Nsg1,0.1720992901576045,1.1239783140818888e-25
Nectin2,0.1717550944043336,1.4276787228336098e-25
Mgst2,0.17087749450264453,2.6326074780425457e-25
Galnt10,0.170762163285483,2.8453324166547018e-25
Pdia6,0.1700848259581961,4.522531399047217e-25
Itm2a,0.16994797546422138,4.945915373312439e-25
Sned1,0.16961942840049343,6.194960939355097e-25
Jun,0.16961472575651979,6.197922236357652e-25
Ctps,0.16950073047016678,6.688732790176484e-25
Il6,0.1693495716826764,7.406108128996824e-25
Rpl36a,0.16917875991996673,8.288995311695853e-25
Eef1g,0.16907821302635848,8.86104154664188e-25
Rpl12,0.16867027214529642,1.1709148331803524e-24
Rplp1,0.16800473332270818,1.840338149668541e-24
S1pr1,0.167685133675378,2.2848617237953034e-24
Acvr1b,0.16751749420495926,2.5557125100325465e-24
Eef1b2,0.16713139488734036,3.309254483786464e-24
Traf3ip3,0.16690362317917562,3.834357611284762e-24
Zfp36l1,0.16687037192895038,3.911782432388838e-24
Rpl28,0.1662840811492112,5.781746961395916e-24
Clmp,0.16607312435322077,6.653558363709513e-24
Il18rap,0.16593047451523055,7.290305831833935e-24
Ctsc,0.1658295243709181,7.765280948602904e-24
Pdpn,0.16540728128256857,1.0249665258453754e-23
Fst,0.16537296236731147,1.046278168338817e-23
Rpl41,0.16496880748575135,1.3667802856644666e-23
Myo10,0.1649616806392857,1.369839335893584e-23
D130058E05Rik,0.1646666415022557,1.6661446714456155e-23
Aoc3,0.16407196292180617,2.463512832309776e-23
Gsto1,0.16388034137366447,2.7862185772319296e-23
Mgst1,0.1637348418376291,3.062915806659556e-23
Rpl3,0.1636342107166069,3.259343842195604e-23
Cnn3,0.1631816013489934,4.395610650609531e-23
Tmeff1,0.1629018062849824,5.267840943936099e-23
Lif,0.16261829251596166,6.342419413390213e-23
Azin2,0.16228950661726468,7.846336748760692e-23
Adgrl2,0.16198019852186707,9.602172479432288e-23
Serpine1,0.16187901272489646,1.0240123555658056e-22
Rnf149,0.16174744802192612,1.1113772179954342e-22
Rpl39,0.161573370164341,1.2433965592962439e-22
Calr,0.16149153514867765,1.309027931998018e-22
Mex3a,0.16047126940706233,2.5254134636491456e-22
Rps3,0.16041389633240774,2.61563681058537e-22
Rplp0,0.1602660882674854,2.873865076754473e-22
Ptk7,0.16020219168472963,2.9891189094145334e-22
Psmb8,0.15983662898848058,3.784309226916962e-22
Dio3,0.15914730996363158,5.89347570292499e-22
Bzw2,0.15892898431396713,6.772473549219426e-22
P4hb,0.15880324819842284,7.329017774312255e-22
Rpl27a,0.15814696465277953,1.1088253004136355e-21
Rps21,0.15787404696537208,1.3124144842773734e-21
Cldn2,0.15769141297508352,1.4689372471919002e-21
Rpl36,0.1576839301463435,1.472615691280456e-21
Fgfr2,0.15766414537269338,1.4880117211450472e-21
Rps28,0.1575349772398481,1.6091665934555615e-21
Zfp36l2,0.15733066691972994,1.8300462839945345e-21
Nfkbiz,0.15724517931612855,1.9285850291976596e-21
Stox2,0.15655308873538853,2.9797873318104605e-21
Ndrg1,0.1560201920404204,4.134895686971865e-21
St3gal5,0.155812931521795,4.7052979135580725e-21
Myc,0.15576685643861266,4.83394568496535e-21
Btg1,0.1552113400251754,6.838434352778273e-21
Rbp1,0.15512859918158314,7.173258702135848e-21
Rps24,0.15507256683285028,7.414994946647408e-21
Rpl27,0.15500848939683037,7.703784886804315e-21
Vmp1,0.15454055351743387,1.0297021666003147e-20
Ptn,0.15453161201933602,1.0332480680049716e-20
Ifi205,0.15444659094444646,1.0875639282271305e-20
Ifitm3,0.1538192148579616,1.6009560537410898e-20
Sox9,0.15365990565614687,1.7647564068981727e-20
Rpl24,0.15357184290429335,1.860514996734303e-20
Taf1d,0.15325524334978793,2.2617610911738396e-20
Il13ra1,0.15322613129280632,2.298217274749919e-20
Il20ra,0.15314123703509194,2.4177900138846066e-20
Rps12,0.15288492037089962,2.829582068024869e-20
Ddit4l,0.15283904003765167,2.9052045656053156e-20
Tfr2,0.15276823182989763,3.0293645981883296e-20
C1qtnf12,0.15274691041414565,3.0632278680124746e-20
Ifrd1,0.15269043650924385,3.159118106047981e-20
Ryk,0.15257893365444103,3.364069009332529e-20
Rac3,0.1524639796508359,3.597432280130312e-20
Maged1,0.1524315606301267,3.655153813297294e-20
Rps5,0.1522197862075399,4.1584904239400637e-20
Kcnma1,0.15210522813328697,4.4544927279961325e-20
Fbl,0.15194235984027102,4.915797848804681e-20
Ggta1,0.15170560788512083,5.677093225160131e-20
Col14a1,0.15161504943189183,5.99053810434867e-20
Colec12,0.1515980310305538,6.04123533023719e-20
Tnfaip6,0.15148255616101441,6.473089918972976e-20
Rps9,0.15143872594758467,6.622907630742203e-20
AU020206,0.15119448286711648,7.649014295774026e-20
Igfbp7,0.15038753238980468,1.2488396769968448e-19
Mest,0.15032302864907612,1.2963953796345078e-19
Apln,0.15028837343164902,1.3214497165827926e-19
Ccn4,0.14992640365803386,1.6411231470721564e-19
Igsf3,0.14990210239281315,1.6622528226676187e-19
Rpl9,0.14963573061965174,1.946804398013046e-19
Rpl34,0.1493638293049002,2.29162440108829e-19
Cpxm2,0.1491051176725007,2.6699447764158268e-19
Csnk1a1,0.1490126291135235,2.818075120930506e-19
Tnn,0.14896487182203227,2.8949520766465664e-19
Lgals3bp,0.14891197368297762,2.983166897793435e-19
Rpl18,0.1479675772038205,5.249563949364623e-19
Rps16,0.1479632865424215,5.252809674231822e-19
Tor2a,0.14785936959444587,5.580043658127585e-19
Pabpc1,0.14758913471101828,6.548743602048792e-19
Gaa,0.14736517792097473,7.459061346877303e-19
Btg2,0.147036856427855,9.057763855548692e-19
H3f3b,0.1468773735535232,9.942260055450344e-19
Fau,0.14677932877328423,1.0520000702615446e-18
Ier3,0.14587712321555923,1.7904880535716387e-18
Rpl18a,0.14516643805537985,2.713348326321413e-18
Qsox1,0.14426932389732863,4.559037517330459e-18
Pim1,0.14415287706597404,4.861843141670563e-18
Noct,0.1439481125279847,5.469238177211337e-18
Pnp,0.1438077597019415,5.924740342884786e-18
Rnaset2a,0.14369803753670113,6.292309440537905e-18
Dusp1,0.14363605394867013,6.48952052748773e-18
Bhlhe22,0.14345690475304285,7.159884694336262e-18
Arid5b,0.14338083403597202,7.469832722402782e-18
Pth1r,0.1431998610867547,8.282616509145816e-18
Snhg12,0.14280955665383244,1.0347560370296418e-17
Nfkbia,0.1426482164191175,1.1318317119756278e-17
Crlf1,0.1424219954843014,1.2851564525621227e-17
Vegfd,0.14231608541988466,1.3636611130116247e-17
Chd7,0.1421092787125278,1.5335157642399947e-17
Ncam2,0.14207595216234298,1.5603881838328917e-17
Gm14636,0.14192722199336658,1.6967607755886547e-17
Osmr,0.1419068588613156,1.7136368231091796e-17
Eif4a1,0.14186831762690152,1.748870072103007e-17
Ckap4,0.1418547900109638,1.7593391779012683e-17
Nfil3,0.1418306676361862,1.780688255246595e-17
Rps7,0.14169900186840798,1.9171708242505025e-17
Adam12,0.14166447585470546,1.9520434843826975e-17
Rps10,0.14154249917703185,2.0860882760994464e-17
Il3ra,0.1410745456430062,2.7223369227471734e-17
Rpl7,0.14104286490544277,2.7671376518901217e-17
Crtap,0.14103020385805706,2.7822661508692663e-17
Casp4,0.14037774991101132,4.0146002417021307e-17
Rps17,0.14033005444373772,4.117683992535707e-17
Rpl11,0.14012222123480905,4.6012172876408436e-17
Tbc1d2b,0.14010358657202218,4.6419931956568856e-17
Rbm3,0.14005977971632994,4.7422163111241755e-17
Col1a1,0.13991975015334335,5.1163276249157587e-17
Sdc4,0.13955032341819373,6.295515871021125e-17
Mdfi,0.13909950674076163,8.077495274221735e-17
Gas1,0.13878093716155246,9.630384026113754e-17
Rpl6,0.13876465461031273,9.702204780314101e-17
Zbp1,0.13866528332946648,1.0241702754940657e-16
Draxin,0.13842123135204432,1.172477319118468e-16
Etv6,0.13816027387616775,1.3500636769322486e-16
Ephb2,0.13760795845187734,1.8284530906244878e-16
Arhgap8,0.13703016280646135,2.5085050387602076e-16
Cox6c,0.1368198127820782,2.8140512301035604e-16
Hspd1,0.13664303190891622,3.0929646857269775e-16
Rpl13,0.1366163608930938,3.1336721835035267e-16
Plxnd1,0.13642944892275358,3.4689369608816797e-16
Fosl1,0.13595669641688463,4.486979267206541e-16
Kcne4,0.13590505405686784,4.608632257396264e-16
Grb10,0.135872165307405,4.6849685071904e-16
Hspe1,0.13584800300525945,4.739759639835218e-16
Rcn1,0.13558790215784253,5.431803604349959e-16
Gm12840,0.13532747570169623,6.255291687375831e-16
Rpl19,0.13509742893975807,7.082978655933031e-16
Slc44a2,0.13468593016382288,8.795021840575876e-16
Dclk1,0.13426310155562837,1.1034932237524324e-15
Chrdl2,0.134222579001744,1.1262267629019676e-15
Rdh10,0.1341245541007707,1.1839571871259832e-15
Zfas1,0.13411291530721195,1.189535857954909e-15
Smoc1,0.134021947013031,1.245698520747905e-15
Tnfsf15,0.13389329423413468,1.3335379100185033e-15
Hsp90aa1,0.13375751154167315,1.4329973771224929e-15
Slit2,0.13368900768912562,1.4847358712626018e-15
Rps2,0.13353058261690876,1.6097867965695503e-15
Gem,0.13328359721848454,1.8306433199089338e-15
Arsi,0.133280224311495,1.831070146000478e-15
Il1r2,0.1329996831403805,2.123107724678306e-15
Gxylt2,0.13279045075439783,2.36846277613513e-15
Sdc1,0.13265473095107697,2.54353349282041e-15
Rps25,0.13250341343150798,2.7413711793949322e-15
Gnl3,0.13248579768700536,2.763065320723767e-15
Tubb2a,0.1321486845325193,3.29415554122104e-15
Gja1,0.13210532036547873,3.366184311834835e-15
Mapk6,0.13199585730744778,3.563391821015825e-15
Whrn,0.13188917018365304,3.766392294365216e-15
Rpl37,0.13179550299694837,3.947149665652029e-15
Cd320,0.13169738557156752,4.15267034864659e-15
Plppr3,0.13134916976162442,4.982646861459224e-15
Gm17167,0.131344784866543,4.986621611185583e-15
Serpina3g,0.13133672821005615,5.000356566840848e-15
Cstb,0.1313168267003815,5.038100067179057e-15
C1qbp,0.13121817661316496,5.292927601195498e-15
Cdkn1c,0.1307586405676666,6.7419819236700984e-15
Marcksl1,0.13058297069977554,7.364467835097387e-15
Angptl8,0.13056745372417233,7.413874288762626e-15
Pdlim5,0.13049706274038608,7.683020833469586e-15
Nfkb1,0.13043034725350142,7.94636998005601e-15
Comp,0.13003019140965355,9.78156115586457e-15
Rpl8,0.13002608243945687,9.788047529900449e-15
Myo7a,0.1298706392508334,1.057383158643314e-14
Cebpd,0.12944243230590124,1.32162238045223e-14
Rps3a1,0.1293993156035239,1.3497801301380641e-14
Nme4,0.12936908628704083,1.3692667138805465e-14
Pde11a,0.12918167281894719,1.5035367838068142e-14
Dusp6,0.1291587923382993,1.5193717979709212e-14
Fzd1,0.12901219380936285,1.6378022655210732e-14
Slc5a3,0.1289819961691821,1.6613613783655077e-14
Plagl1,0.12878809603468544,1.8326569999895452e-14
Junb,0.1287767063246744,1.840861122808334e-14
Capn6,0.1287304309025513,1.880249647141276e-14
Rab20,0.12860828899588833,2.0007085196466193e-14
F730043M19Rik,0.12813254460836468,2.5389707597929425e-14
Ctsz,0.12808149135973532,2.5995023685767926e-14
Jak2,0.12804381742682475,2.646901231723149e-14
Odc1,0.12743064605364657,3.612365306370264e-14
Oat,0.12704240260104516,4.404686367030396e-14
Gpc1,0.12699794441322382,4.4999848760129064e-14
Sbno2,0.1269148780843508,4.6893193115661336e-14
Prdx6,0.12620923606460266,6.671538125646275e-14
Lamb1,0.12608656602970705,7.092234967124226e-14
Uba52,0.1260097686972353,7.344217549402303e-14
Rpl31,0.12579748584730613,8.159311244796027e-14
Egfr,0.12572142454175728,8.45732307909967e-14
Vtn,0.1257049683029081,8.516456834509727e-14
C4b,0.1256374875880499,8.801216919763276e-14
Fscn1,0.1256263955926339,8.838628119633116e-14
Clec11a,0.12559343186216557,8.975338526645971e-14
Olfml2b,0.12557592057443842,9.042928494356004e-14
Tsc22d1,0.12553824864330534,9.204739898640796e-14
Rpl14,0.1254860383339235,9.425733620266658e-14
Pcnx4,0.1253274182964958,1.0200920180319404e-13
Gdnf,0.12485313213254981,1.2930061754136356e-13
Nfe2l2,0.12481361779382448,1.3172351598642464e-13
Rsrp1,0.12471274036203481,1.3840831331813501e-13
Gng12,0.1245149988166196,1.52278008295324e-13
Rpl15,0.12440952925805161,1.6013883842780637e-13
Rps26,0.12438566252393601,1.618517475913514e-13
Efnb1,0.12436568012455068,1.6304226760993408e-13
Grasp,0.12420627342216531,1.7639686365557083e-13
Fuca2,0.12399086534299128,1.9625878643294006e-13
Nfatc4,0.12379725900987469,2.15947623077863e-13
Mfsd10,0.1237804974600044,2.1747243092821366e-13
Ampd3,0.12376679488884736,2.1867326907563682e-13
St6galnac5,0.1237566401663106,2.194910982613279e-13
Rps6,0.12374769621190694,2.2017891150402048e-13
Ccdc12,0.12369256063869645,2.2603025166786258e-13
Rps27,0.1236637448504447,2.290023814639591e-13
Arxes2,0.12325857553210688,2.7994045813740556e-13
Adh1,0.1229711042284857,3.221277541040598e-13
Sptlc2,0.12294993713202615,3.2510017539446044e-13
Ctsl,0.1228069620882699,3.482584916467124e-13
Rps14,0.12272073745239066,3.6234691141953087e-13
Il17ra,0.12267780512567487,3.691648540925608e-13
3010003L21Rik,0.12259776219858556,3.8359788297793425e-13
Akap1,0.12259499390517284,3.836176422810335e-13
Mcoln2,0.12188938864737509,5.379382384137412e-13
Klf6,0.12178476393111189,5.65638404708936e-13
Riok3,0.12172384324759833,5.820917675163466e-13
Phldb2,0.12165348732466844,6.018009254475793e-13
Tapbp,0.12147939616144963,6.538367135127577e-13
Nr4a1,0.12117611375595871,7.567025205441944e-13
Npm3,0.12107455560626189,7.942425818998124e-13
Rpl4,0.12063529804559231,9.792259152209477e-13
Mafb,0.12063235447822479,9.793732338527506e-13
Elovl5,0.12047913381125609,1.0512273948983111e-12
Spidr,0.12026073553766738,1.1630995948577826e-12
Ppm1l,0.12011460094077034,1.2470624431665787e-12
Tspan6,0.12000817273929602,1.3098169149302851e-12
Skap2,0.11993771905563973,1.3519009229156885e-12
Thbs2,0.11984251814459448,1.4121421705794268e-12
Eif3i,0.11965686277307835,1.5409918077394325e-12
Pkm,0.11952912430754459,1.6329531855611315e-12
Slc39a1,0.1193928774199863,1.741778750174179e-12
Rnaset2b,0.11936340781783045,1.7623048014530686e-12
Avpr1a,0.11915017791156954,1.9481537520786625e-12
Pdia3,0.11861647472595697,2.5143504254740714e-12
Csrnp1,0.11831105528341368,2.895758232406298e-12
Mapkapk3,0.11819810714901594,3.052555792574332e-12
Smad7,0.11802346015104347,3.309702560483893e-12
Foxp1,0.11799489757944559,3.3509551469885643e-12
Ace,0.11768576019007639,3.872803092861634e-12
Anpep,0.11758046415407335,4.0665629704396734e-12
Acsl3,0.11752758831293944,4.159822737069964e-12
Tmem121,0.11718888047458587,4.866660073854318e-12
Rspo3,0.1167131878671351,6.034431457350722e-12
Rps15,0.11656358755245816,6.467418059870661e-12
Mpzl1,0.11653854161404589,6.53626560828188e-12
Rpl13a,0.116446611802979,6.817081881364601e-12
Med10,0.11642026023719972,6.893822539524461e-12
Rrp1b,0.11626462187014455,7.39044429550018e-12
Tpt1,0.11620770280827605,7.581587439609802e-12
Mark1,0.11615222284249098,7.771835840200237e-12
Ccl2,0.11614981469940071,7.771835840200237e-12
Echs1,0.11597152294635418,8.439479628200415e-12
Kcnj2,0.11594122024521815,8.549960030611132e-12
Zfand5,0.11588682382132695,8.76014827565532e-12
Rack1,0.11579584536779057,9.119541965903199e-12
Igf2,0.11540194365605157,1.091214970336224e-11
Tgfbr3,0.11540148611327,1.091214970336224e-11
Sirpa,0.11525163450412865,1.1687527902364922e-11
Col1a2,0.11524271682958051,1.1722337173189056e-11
Stk24,0.11491041220607276,1.363274912529654e-11
Rasa3,0.11445406259295034,1.674463016068196e-11
Nr4a2,0.11443309526280712,1.6888056313709228e-11
Ccnl1,0.11423683448618108,1.846922645058474e-11
Nedd4,0.1141506357181295,1.915168220874105e-11
Adm,0.11407294262174482,1.9788150885336782e-11
Igf2bp2,0.11407219166162332,1.9788150885336782e-11
Ell2,0.11388240846604493,2.1545598271481515e-11
Ncl,0.11356210448388183,2.4847151542519905e-11
Eif1a,0.11322171740362187,2.897398501749659e-11
Rps29,0.11313296779375338,3.00707152367067e-11
Epas1,0.11312164456265203,3.0159480589542976e-11
Rpl29,0.11312152998198134,3.0159480589542976e-11
Tanc1,0.1130817378432523,3.0677983870939e-11
Csrp2,0.11307294591199661,3.0766459896801567e-11
Slc3a2,0.11285246987910635,3.398499946408929e-11
Galnt9,0.1128352271142256,3.42143962266044e-11
Rpl38,0.11259341563095587,3.815432114439046e-11
Plk2,0.11252119922857035,3.9317497751391154e-11
Marc1,0.11247579452152327,4.006892118987356e-11
Hspa5,0.11246369195472683,4.019925910278589e-11
Hs6st1,0.1124582302844598,4.025386858292961e-11
Atp2a2,0.11241952605425388,4.09219605466901e-11
Rpl26,0.11231123134345349,4.2936076084532694e-11
Socs3,0.11206598113647746,4.793108431292614e-11
Dnm3,0.11198866659172291,4.9472006361636164e-11
Ssr4,0.11197555330932904,4.971093343704997e-11
Prmt1,0.11193776882286782,5.051160748177792e-11
Cd7,0.11191158016864217,5.1056543527930536e-11
Hspa9,0.11189359141612258,5.141631809788413e-11
Midn,0.11171948840782477,5.5561937879694646e-11
P3h1,0.1114759024894921,6.167031399012996e-11
Lrmda,0.11118624516000548,6.994432513374176e-11
Icam1,0.11116358212229675,7.058248237193983e-11
Nid2,0.11068513281191937,8.689190036479673e-11
Hnrnpa0,0.11059190470805129,9.049131136608578e-11
Fblim1,0.11056008182534181,9.168730930862903e-11
Birc3,0.11047036222140687,9.533169833849495e-11
Pde4b,0.11037388015586934,9.941726061812135e-11
Slc10a6,0.1103384362507333,1.0089153501525107e-10
Fubp1,0.11010535631406815,1.1132446758188343e-10
Nisch,0.10959355949121624,1.3911857407915764e-10
Hnrnpdl,0.1093432781258345,1.5441100700624227e-10
Rpl37a,0.10926485489278567,1.5934332595578475e-10
Ssbp2,0.10913578077466257,1.6832464365496858e-10
Sf3b3,0.1089800016575854,1.8009559781724353e-10
Col11a1,0.10874927665919296,1.984942695748439e-10
Gpc4,0.1086689938685712,2.0518665650601407e-10
Apobec3,0.10862304568405173,2.0892785208187002e-10
Ccdc85a,0.108373729453252,2.3216793332069544e-10
Casc4,0.10829138644619243,2.398523686805271e-10
Pvr,0.1081841475161422,2.5084801626558217e-10
Slc11a2,0.1080877323146763,2.613711232046529e-10
Bex3,0.10800563279228728,2.706295486506596e-10
Id3,0.10787898514663656,2.8540896598671815e-10
Rpl23a,0.1078476157415411,2.890388310711702e-10
Tma16,0.10781924396823037,2.923319286812218e-10
Snai1,0.10763016024858268,3.16759590990288e-10
Ptpn2,0.10760133928790395,3.204242141180864e-10
Sqle,0.10757474889506616,3.23816319620534e-10
Tubb5,0.10751814922332875,3.3153966298963113e-10
Eif4e3,0.10745636924001255,3.402077731634887e-10
Ftsj3,0.1073724069219852,3.521127280325401e-10
Fgfr1,0.10722069793394039,3.7528642643486916e-10
Unc93a,0.10719079023938258,3.794038550625124e-10
Anp32b,0.10694070739145278,4.2233463634133307e-10
Malt1,0.106855458918839,4.3728696452242135e-10
Rps4x,0.10660902907084774,4.858402342772609e-10
Steap1,0.10654127215707286,4.98706139606593e-10
Tomm20,0.10640367725914032,5.280566727070247e-10
Prdx1,0.10638657351831972,5.314166601832774e-10
Srpx,0.10635001503056939,5.387448709601622e-10
Dbi,0.10633422332132836,5.418668869920536e-10
Sh3bgrl,0.10627542412328726,5.546123981332031e-10
Ror1,0.10624893398990987,5.603944381142901e-10
Rpl17,0.10586287192010418,6.605923166170005e-10
Il15ra,0.10579308904936677,6.785635107911181e-10
Tra2a,0.10578792326206253,6.793834022948724e-10
Gm43560,0.10574864579587098,6.901975625985948e-10
Aldh1l1,0.10572193221913812,6.967296934434473e-10
Tnfrsf1a,0.105492369128669,7.661729620790316e-10
Frrs1,0.10523496262594269,8.498767828277653e-10
Auh,0.1052213350036706,8.539731156111254e-10
Cbfb,0.10512384482430133,8.892346422947101e-10
Eva1c,0.10487019693552681,9.873923893340197e-10
Sec11a,0.1048560625414325,9.9234981880435e-10
Pim3,0.10485155414281658,9.93271402972531e-10
Dkk3,0.10446498499548589,1.167478710618674e-09
Cd302,0.10419887066367291,1.2997930052539922e-09
Phyh,0.10408925651498496,1.3598625162481651e-09
Eid1,0.10380720479221398,1.5250571024940083e-09
Hnrnpa1,0.10377402515439905,1.5449401470225616e-09
Pcolce,0.1037367751752076,1.5662336336459627e-09
Rnf125,0.10371444765186347,1.5794395546926588e-09
Pappa,0.10370798713277952,1.5806983176698522e-09
Rpl22,0.10354088925895454,1.6904023076672384e-09
Acat3,0.10330401260016595,1.8592643258524218e-09
Erp29,0.10307067266251249,2.045463402390276e-09
Timm8a1,0.10300837302009411,2.0972463308364876e-09
Rpl21,0.10299021613900534,2.1091335015825127e-09
Msi1,0.1029132583165522,2.173651363912023e-09
Bckdhb,0.10270989527749821,2.3609229229808743e-09
Neto2,0.1026828763977223,2.385295604740021e-09
Rpl30,0.10264079907601263,2.4227272469794726e-09
Amotl2,0.1025029002206097,2.5629156945723005e-09
Hk2,0.10246837285742474,2.5973944160891245e-09
Gm15283,0.1023150920583595,2.7571598564036336e-09
Tmed9,0.1022546643398935,2.8242838987338372e-09
H6pd,0.10213222250648642,2.9652952938118633e-09
Ydjc,0.10185937682343978,3.303017780832101e-09
Syt16,0.1018557938061967,3.304805192703031e-09
Gapdh,0.10171399273848922,3.4871650952827657e-09
Lyar,0.10159163897659312,3.6568640898057304e-09
Ubb,0.10156940597446647,3.6869998896252354e-09
Tuba1c,0.10099868000964594,4.623877290849632e-09
Lonrf1,0.10097804808068704,4.658725991347738e-09
Bmpr2,0.1005637774503945,5.480502771275031e-09
Pgs1,0.10036743181468548,5.914152766641754e-09
Utp14b,0.1003624383920544,5.916644155018043e-09
Uhrf2,0.10036191635468653,5.916644155018043e-09
Dcun1d5,0.10034731579465869,5.94641795392261e-09
Plod2,0.10005203016615141,6.672259933158712e-09
Slc25a5,0.10000438540203772,6.79601538693764e-09
Ebp,0.09984551563062037,7.227249289062769e-09
Serbp1,0.09971306005543386,7.596864429691876e-09
Serpinh1,0.09967926035363638,7.687356146119699e-09
Adamts7,0.09957324235576541,8.008648540019279e-09
Mid1,0.09931650984739974,8.856435201655183e-09
Ddost,0.09920855145277103,9.232443849750178e-09
Cdk5rap2,0.09911326991722673,9.575200480134181e-09
Pfkfb3,0.09910223672749593,9.609126887430642e-09
Palld,0.09887157042882475,1.0483434020830704e-08
Tmsb15b1,0.09878222202169903,1.0845651190227703e-08
Ran,0.0986540639178147,1.137528430456057e-08
Selenoi,0.09853749268700573,1.1906410033168057e-08
Tnfaip2,0.09842798872817425,1.2415761231101073e-08
Impdh2,0.09833200068477332,1.2888150221288819e-08
Nav3,0.09814998158040036,1.3819162809493365e-08
Dctd,0.09800465070798478,1.4588885329191004e-08
Tmed5,0.09789053574781562,1.523752040574181e-08
Gm10076,0.09770329292173613,1.6359071560988605e-08
Gm49643,0.09762330320742946,1.6863760652943564e-08
Pak1,0.09752691375117095,1.750300368216921e-08
Nlgn2,0.09736645867561633,1.8582404612143356e-08
Slc39a8,0.0973038308129677,1.90302652407187e-08
Rasal2,0.09726284054740922,1.932332875959028e-08
Rpl7a,0.09719446612063953,1.9799370874949416e-08
Rhod,0.09716002187595162,2.0052289141175914e-08
Zfp428,0.09679482653716581,2.3044880712357568e-08
Gch1,0.09672841463519406,2.3632135667077406e-08
Stk17b,0.09668278818194363,2.403760510601175e-08
Lum,0.09658480202450449,2.4955744104932704e-08
Gadd45b,0.0962404063523034,2.8377781655554718e-08
Cdc42ep1,0.09605161074558555,3.045864200104892e-08
Adcy5,0.09604996513361644,3.045864200104892e-08
Nap1l1,0.09603208184976356,3.06196165334505e-08
Slc16a4,0.09599271903424253,3.1013550304313684e-08
Plod3,0.09575076888220585,3.398232297877468e-08
Shfl,0.09562453965150776,3.559645659466053e-08
Fxyd5,0.09555575058162169,3.6465764072833704e-08
Gm49257,0.09549497149252545,3.730226609706424e-08
Isyna1,0.09529032080458476,4.027068111134595e-08
Gm43707,0.09516516512697172,4.222717074604048e-08
Crabp2,0.09515260913434904,4.239685466212582e-08
Hsp90ab1,0.09513440499872383,4.265996494550882e-08
Rcl1,0.09506144106166159,4.3803327793899993e-08
Gpr39,0.0950152223877131,4.4516024029211533e-08
Tent5a,0.09500121532138649,4.4719719102470717e-08
Rpl5,0.09480141783674911,4.8249743730075014e-08
Tmsb10,0.09472417884984238,4.9619905198485756e-08
Gadd45a,0.09468408762338384,5.0306190487904856e-08
Bnc2,0.09466187916035643,5.069484125093011e-08
Plaat3,0.0946028309792714,5.181289194272801e-08
Arrdc4,0.09458134164302343,5.219849816060563e-08
Etnk1,0.09449358270105315,5.3894300272137904e-08
Gm16685,0.0942830816707725,5.8268593682881075e-08
Rpl35a,0.09422018570196666,5.9587669129529874e-08
Dkc1,0.09394158537266752,6.599473815520783e-08
Eif3f,0.09390299196210061,6.686262871701192e-08
Il33,0.09367176483583692,7.27090319595051e-08
P4ha3,0.09365297657558828,7.317030970543557e-08
Col9a2,0.09363106105291946,7.372187450943753e-08
Dpep1,0.0935279394484344,7.659993919084756e-08
Ksr1,0.09344215821059185,7.900278494650245e-08
Rps11,0.09335099774607117,8.164482489323739e-08
Alpl,0.09331858294108418,8.251958416912142e-08
Clip4,0.0932366670296297,8.504654959544006e-08
Snrpf,0.09320910059784127,8.586814924785074e-08
Colgalt1,0.09318700595041285,8.651852657888778e-08
Sphkap,0.09314211739828408,8.792706152852302e-08
Hpgd,0.09310428401800533,8.912033265111949e-08
Snhg8,0.09310104917762113,8.91580723947992e-08
Egr2,0.09292461992935208,9.506187044017348e-08
Tfpi,0.09287553698459099,9.652801487383487e-08
Adam9,0.09287058509577613,9.663152917306215e-08
Cemip,0.09282302018391772,9.829882176960807e-08
Dnmt3l,0.09261244874633838,1.0605760871159455e-07
Actr3b,0.0926093432858085,1.0609763738897776e-07
Penk,0.09250313103084742,1.1023678516335672e-07
Gpr176,0.09244902158960594,1.1231871343513241e-07
Rrp15,0.0923870234814132,1.1486760646611652e-07
Prdx4,0.0923741031504527,1.1533417079669468e-07
Cnmd,0.09234001841718616,1.1672374312550237e-07
Dcakd,0.09225840275233783,1.2024872457372028e-07
Hmox1,0.09220838748878964,1.2232692159838286e-07
Gcnt2,0.09217408512441602,1.238083652802486e-07
Nus1,0.09214603052276989,1.2501515810945543e-07
Dbx2,0.09210718634494275,1.267430077110085e-07
Synpo,0.0918945982824358,1.3698769161860666e-07
Psme1,0.09185237493500538,1.389426770356943e-07
Ikzf1,0.09176377206720777,1.4326702540389156e-07
Net1,0.09150358085580172,1.5683438818396409e-07
Ptges,0.09146392896088003,1.5891315426617136e-07
Tmed3,0.09134451450967009,1.6597647471948408e-07
Nrn1,0.09126531060635014,1.703913325518938e-07
Snrpg,0.09124283088539373,1.716829416062832e-07
Lgr5,0.09123516987301482,1.720384155646232e-07
Myh9,0.09118310579431649,1.7502753288894596e-07
H2afy2,0.09118239261197564,1.7502753288894596e-07
Prl6a1,0.09100955389475254,1.8614070065499586e-07
Rgcc,0.09098728880820142,1.875334833899997e-07
Srm,0.09095873792222588,1.893750326079423e-07
Itgb8,0.0909071255241496,1.9257430192768324e-07
Unc93b1,0.09085745560553636,1.9568647481733036e-07
Lrg1,0.09080751406261343,1.9916902409078077e-07
Ifitm2,0.09080399504852707,1.9927645333085784e-07
Rsbn1,0.09073601796240774,2.0386355877926175e-07
Jund,0.09068088276987678,2.0772734716908962e-07
Barx2,0.09061212189969631,2.127249797948876e-07
Lmo4,0.09043985950032486,2.2576518242735614e-07
Atp8b1,0.09037628232136143,2.3091753087658293e-07
Lsm7,0.09029805924466906,2.372767650072089e-07
Rnf144a,0.09026589385356391,2.3972969368564997e-07
Evl,0.09020587130357872,2.443250792837873e-07
Sh3pxd2a,0.09018221375946528,2.4608258410666357e-07
Hs3st3b1,0.09008041963516723,2.5522426493989025e-07
Zbtb34,0.09006855959715884,2.561424326679163e-07
Plekhg5,0.09004844463663197,2.5784029378931664e-07
Hmgb1,0.09002763430615626,2.5961506487295796e-07
Usp53,0.08987607965147411,2.7417450619550686e-07
Pdia5,0.0898560187790084,2.759827177204537e-07
Hnrnpab,0.08973976876777948,2.8770926270280584e-07
Psmg4,0.08972053893320309,2.8951635519463216e-07
Bcl2l11,0.08959489515965617,3.0260856752708946e-07
Erf,0.08957179674503511,3.049348523455416e-07
Pdia4,0.08953530156202294,3.0866913591396195e-07
Ppic,0.08953424267968844,3.0866913591396195e-07
Lactb,0.08949276025714518,3.1312436751696597e-07
Zbtb10,0.08948344961096426,3.139537341244574e-07
Artn,0.08937655413418998,3.258920169844787e-07
Arap2,0.08936679391511924,3.268076196915014e-07
App,0.0892531162669993,3.395559954720581e-07
Pvt1,0.08919181768374557,3.46416123832281e-07
Dse,0.08915532744175167,3.5076479211189535e-07
P3h3,0.0890908274269245,3.587819459588864e-07
Itih3,0.08899912684661485,3.703305227005757e-07
4921508D12Rik,0.08897895691065233,3.727666978791382e-07
Gnptab,0.08889953100909244,3.8305111723635804e-07
Tgif2,0.08882384528861412,3.9308002957765193e-07
Gns,0.08873840984897524,4.0448941390335326e-07
Tmem268,0.08864930538437862,4.1737259617865765e-07
Tomm6,0.08852815360864133,4.3532737966996186e-07
Adamts12,0.08850368391482051,4.388547491554872e-07
Pik3c2a,0.08839802343284218,4.551664612421874e-07
Man2a1,0.08816884795247988,4.927092504733876e-07
Prrx2,0.08814441667500342,4.96679459479118e-07
Hlf,0.08804946495952791,5.127322775104081e-07
Sectm1a,0.08802266715032403,5.170429149690855e-07
Ptprk,0.08802203584831168,5.170429149690855e-07
Tsc22d2,0.08795838807667371,5.28555816392686e-07
St5,0.08794198571354425,5.312809080686937e-07
Dipk2a,0.08791221722363086,5.361910423343463e-07
Phlda1,0.08753389295491071,6.113613372116089e-07
Igf1r,0.08746978071970324,6.24897588273531e-07
Nop56,0.08735491356871217,6.49632010806161e-07
Kcnq1ot1,0.08735037891333565,6.502170691156105e-07
Dok6,0.08733357238452427,6.53641920035438e-07
Tle2,0.0873190082292651,6.565621260057621e-07
C1qtnf6,0.08709142777941585,7.106688133496308e-07
Il18bp,0.08707069287077057,7.153945560051223e-07
Vdr,0.08690774828876136,7.567225545911228e-07
Txnrd1,0.08685040488284147,7.716480648564323e-07
Npc2,0.08679974819905908,7.849913405459328e-07
Abi3bp,0.08674208017253911,7.99999127552402e-07
Cpz,0.08657751630536004,8.453383232604711e-07
Gm29686,0.08650708081042956,8.659267387511895e-07
Prkag3,0.08645702094709842,8.800591630414058e-07
Snhg6,0.08642996634636815,8.878400244409028e-07
Hmgn2,0.08639727584298051,8.974613008364028e-07
Steap3,0.08639133546775457,8.987069621922411e-07
Igsf10,0.0862993280857163,9.262490595947572e-07
Atp1b1,0.08616084808014157,9.70944963403532e-07
Gad1os,0.08609005242038612,9.932288224052098e-07
Elovl7,0.08603178436908296,1.0115690445773456e-06
Ets1,0.08602419652453724,1.0135539103083592e-06
Ranbp3l,0.08591706216144329,1.050753278778808e-06
Angpt4,0.08590384647494183,1.0548834512202555e-06
Ergic3,0.08589345471127657,1.0579862954845577e-06
Fbln7,0.08584904201960532,1.0730758545149709e-06
Fdxr,0.08584891974656057,1.0730758545149709e-06
Mrps6,0.08579078446877637,1.092044565993075e-06
Amer2,0.08576601899224584,1.1000012872533255e-06
Fads3,0.08569259703511951,1.1277293751502219e-06
Mrto4,0.08564343129654492,1.1456286235472539e-06
Pld3,0.08561735619045387,1.1552809740319943e-06
Atf3,0.08553940719609551,1.1837907913171371e-06
Hilpda,0.08553008220948281,1.186569847767037e-06
Akr1b8,0.08549789581029803,1.1977251656272094e-06
Ccn1,0.08547001888769319,1.2085599100733103e-06
Slc38a2,0.08536648944472953,1.2493922721869054e-06
Epb41l3,0.08529930775303508,1.2771158202649195e-06
Mapkapk2,0.08527880979076762,1.2853531526967893e-06
Atxn2,0.08526671181043703,1.2898813196913388e-06
Camk2g,0.08518950173178595,1.3239553838586574e-06
Gm15247,0.08516667281907957,1.3335607513644082e-06
Kcnk2,0.08503895212855903,1.3900515252176657e-06
Itpkc,0.08486100194577824,1.4751804987788636e-06
Gm36584,0.0848539714579093,1.4777692506972012e-06
Mybbp1a,0.08476081856314023,1.522936335901589e-06
Podnl1,0.08473469945629376,1.5336192417818036e-06
H2-Q10,0.08463583753640191,1.5835460403858139e-06
Ndufa4,0.08462270821090047,1.5896549574347725e-06
Tnfrsf10b,0.08460734569821722,1.5970136113116519e-06
Grn,0.08445477438222766,1.6774089795875356e-06
Srsf11,0.0844488139348502,1.6797293237985384e-06
Svil,0.0842406473829201,1.799272891662538e-06
Car12,0.08401700545375429,1.9372316303084547e-06
Gfer,0.0839718317774509,1.964764926566939e-06
Yap1,0.08393398220847686,1.9877007986588334e-06
Nrp1,0.0839274509087042,1.990825593396939e-06
Spry2,0.08391537594557524,1.9964183825990425e-06
Pkp4,0.08390383860123918,2.0029779158196045e-06
Snhg4,0.08385241630134159,2.0370914284808045e-06
Tceal9,0.0838137447752246,2.062779019546756e-06
Nfkbie,0.08369291167030952,2.146655902222295e-06
Gtf2ird1,0.08345176217743276,2.320952422271225e-06
H2-M3,0.08341831952049013,2.345919967054983e-06
Irx5,0.08339653554503099,2.360245854878048e-06
Ifi211,0.08339376588928196,2.360925992683117e-06
Rgs2,0.08323803550713423,2.483960470085657e-06
Erich2,0.08323623952113884,2.483960470085657e-06
Map3k20,0.08312843583391558,2.566411802278963e-06
Tead1,0.08310101888121685,2.5885042082872897e-06
Epha2,0.08308645839653267,2.597919584683061e-06
Rrs1,0.08301571780595184,2.6590642638905045e-06
Tmem123,0.0829397054903019,2.7246858434001485e-06
Stard5,0.08290517317125441,2.7548490808985724e-06
Stat3,0.08277989765239074,2.871854463207522e-06
Parp8,0.08277774368439926,2.8720900147649893e-06
Bag3,0.0826597103043574,2.9866056523097075e-06
Slc8a1,0.0826381435228453,3.006420379169133e-06
Ptbp1,0.08253777371445273,3.1036120675011933e-06
Tmem64,0.08253455191781478,3.104981791376097e-06
Erap1,0.08251462174716076,3.12383781663385e-06
B3gnt3,0.08246598241759355,3.1732464671826026e-06
Gas2l3,0.08243431049396387,3.205108056041898e-06
Eny2,0.08243119829041201,3.206405759528169e-06
Tlcd2,0.08232576470189762,3.319687527083273e-06
Tnik,0.08225528251920251,3.396839375154213e-06
Dnajb1,0.08222800869402229,3.425814870643353e-06
Glrx,0.08221399182420938,3.4397323598499163e-06
Ddx27,0.08220911796684391,3.4431525799334243e-06
Snrpd1,0.0820655820411856,3.605572265701089e-06
Ddx3x,0.08196378110322411,3.723153749758372e-06
Tmem150a,0.08195426555779073,3.7326263556264516e-06
Gm49774,0.08192642968550867,3.7650673471270147e-06
Tmc7,0.08185906433333279,3.84573058667039e-06
Ctla2a,0.08175587945256872,3.975196345087054e-06
Slc44a3,0.08169413621121466,4.0526059545319225e-06
Plekha3,0.08158525108406862,4.194068740448601e-06
Snrpd3,0.08155387594929996,4.235344919966381e-06
Dcbld1,0.08149609432277714,4.311958161020485e-06
Nrp2,0.08149146319415208,4.31587567394099e-06
Zfp281,0.08146551221064263,4.3422828333802905e-06
Map1b,0.08138523826949062,4.448284293771053e-06
Hnrnpu,0.08134477866915939,4.5055171639347695e-06
Ankrd10,0.08134011846113319,4.509659462163859e-06
Cacng1,0.08125091870670154,4.641960874906379e-06
Hexdc,0.08113467651146329,4.814894419933463e-06
Atp13a3,0.08109996023559075,4.867418814000555e-06
Bace1,0.08109147944500612,4.878037125871683e-06
Pde7a,0.0810167184204623,4.993748270299493e-06
Mcfd2,0.08085975077538582,5.240233862341706e-06
Ccdc30,0.08078891364449456,5.3598590684362655e-06
Catsperz,0.08076706074835677,5.391874950538377e-06
Cdh17,0.08073638777432826,5.4398436352336405e-06
Arhgap31,0.08064028852894543,5.611014812709176e-06
Togaram2,0.08056782157385378,5.7404496232521365e-06
B4galnt1,0.08056710501075791,5.7404496232521365e-06
Soat1,0.08048103065876133,5.89764374311027e-06
Gbx2,0.08045112794266439,5.952099466068267e-06
Ets2,0.0804464657078636,5.957539104765226e-06
Ptgir,0.08030831268645625,6.2180769873364596e-06
Garnl3,0.08027138977962923,6.289811808361443e-06
Fosl2,0.08022357780957445,6.381130329803718e-06
Gm14061,0.08008181880726775,6.6795543997701e-06
Slco5a1,0.08001787118468286,6.816241338282638e-06
Adcy4,0.07994946389182017,6.957231271949665e-06
Rasl12,0.07981786454593215,7.248636349788209e-06
Snhg15,0.07979034335082787,7.309386009929045e-06
Surf4,0.07972360877387176,7.460665110106718e-06
Btf3,0.07970120197085691,7.5060679554735794e-06
Pdk3,0.07969279442494949,7.522034523531807e-06
Dpt,0.07968714927416874,7.531272741724489e-06
Galnt2,0.0796342986776143,7.65239685227547e-06
Dnajb6,0.07949266893578702,8.002552285946928e-06
Acvr2a,0.07948727227078951,8.01171497888197e-06
Ltbr,0.07948360579532662,8.016393063187351e-06
Itm2c,0.07945524257876885,8.080651416511172e-06
Slc25a37,0.0793359737407733,8.358454672439535e-06
Olfr1389,0.07923285235170231,8.621162333189411e-06
Med13,0.0790178253767996,9.218641648323194e-06
Cdkn2a,0.07887677157486282,9.624079423536498e-06
Ptma,0.07866014159032915,1.0281192039353475e-05
Ankmy1,0.07844163689411006,1.0993286980923476e-05
Man2b2,0.07843113882993855,1.1011850802128812e-05
Tenm3,0.07836698530458781,1.122693385916369e-05
Lgals1,0.07829381994186864,1.1479062915355424e-05
Gm47283,0.07819817996446098,1.1814168694094113e-05
Cxcl2,0.07812787365999031,1.2067943303650811e-05
Sox12,0.07796966060677701,1.2662039197299449e-05
Dbt,0.0778931170163003,1.2966562252342114e-05
H2-DMb1,0.07781239816171401,1.3287944749342155e-05
Suco,0.07757467896589763,1.4253579671970046e-05
Mctp2,0.07752468344760657,1.4464177583341973e-05
Nme1,0.07751713223464414,1.4490355751417208e-05
Rev3l,0.07747629944787636,1.465323503939922e-05
Abcb1b,0.07744574867212677,1.4778360980342e-05
A130010J15Rik,0.07743862611877904,1.480309685084117e-05
Peli1,0.07732197735911614,1.5305712054881607e-05
Pik3r3,0.07732008843604397,1.5305997469884376e-05
Sema3f,0.07723677679099503,1.570474725228174e-05
Fmnl3,0.07721231205421239,1.581727363542288e-05
Bcl11a,0.07714147831867804,1.61557960372055e-05
Lrpap1,0.07713657496942786,1.6171455608810206e-05
Pdxk,0.07706174860893157,1.6528512887471336e-05
Ddx21,0.07704279165929291,1.6608330509712112e-05
Gm8773,0.07696933290520595,1.6977095172073917e-05
Tgm1,0.07693872014541137,1.7121626658834075e-05
Tmem258,0.07685168631572073,1.756602658311646e-05
Gm20186,0.07678778265273818,1.788098839622458e-05
Vars,0.07677581440296478,1.7938012819563692e-05
Cep85,0.07672293500771891,1.822755340539893e-05
Tlr8,0.07664359708712942,1.8559412449138966e-05
Ccdc177,0.07664359644001602,1.8559412449138966e-05
Ldhc,0.07664359644001602,1.8559412449138966e-05
Gm50163,0.07664359644001602,1.8559412449138966e-05
Odaph,0.0766435961259389,1.8559412449138966e-05
Gm13613,0.07664359610361621,1.8559412449138966e-05
Kcna7,0.07664359560339935,1.8559412449138966e-05
Celf6,0.07664359560339935,1.8559412449138966e-05
Glipr1l1,0.0766435934972731,1.8559412449138966e-05
Gm33906,0.07664359317295537,1.8559412449138966e-05
Slfn14,0.07664359278844966,1.8559412449138966e-05
Dusp10,0.07663145115127128,1.8619571728496556e-05
Golga7,0.07651436082775721,1.924906436216806e-05
Tmbim6,0.07645234448853369,1.9592681896123996e-05
Prkacb,0.0763842229677278,1.9988131911121307e-05
Nrg1,0.07627605663224277,2.0654378463337762e-05
Shisa3,0.07627061811948199,2.0677810966707554e-05
Arhgef25,0.07619832528417646,2.112518516482398e-05
Cdh3,0.07592731459977692,2.2905490762656064e-05
Lgi2,0.07587733480974955,2.325053314264189e-05
Saa1,0.07583621875203178,2.3527028412283482e-05
Fkbp1b,0.07583561824211611,2.3527028412283482e-05
Aff1,0.07581370561092093,2.367419461949928e-05
4921524J17Rik,0.07575890161290909,2.4049607547837553e-05
Zfp385b,0.07567720038384904,2.4641609222544015e-05
Scn9a,0.07564780901798734,2.4852889172935366e-05
Gm48302,0.07562812365465227,2.4990779096857666e-05
Inf2,0.07559797832056268,2.5210804433473238e-05
Tha1,0.07555749841854412,2.549987921181507e-05
Phip,0.07549223952861239,2.599024946527148e-05
Hfe,0.07539164825518091,2.6750278497716597e-05
Picalm,0.0753353668849203,2.7188345494523735e-05
Gm3830,0.07528534540112637,2.7580066207380283e-05
Clstn2,0.07526295762721472,2.7755528191592024e-05
Cd38,0.0750972380045121,2.914252525853288e-05
Egr1,0.0750268883875661,2.972988978620237e-05
Sec61g,0.0749990955479509,2.995165247951557e-05
Gm20631,0.07499602722106467,2.9963420323248687e-05
Dnm3os,0.07492492127916953,3.05905000006791e-05
Slc19a1,0.07483290214605112,3.136213497858162e-05
1700017B05Rik,0.07476514360464243,3.198443981569625e-05
Fam43a,0.07476051133806857,3.200345922384211e-05
Tmsb15b2,0.07472456713236372,3.233097210154964e-05
Rasgrp3,0.07467398542385113,3.2763410421605126e-05
Cdk4,0.07459971976904181,3.3460601244390044e-05
Phpt1,0.07459220374404193,3.351928366984864e-05
Hnrnpf,0.07458039311100842,3.362211956735615e-05
Eml4,0.0744526495723869,3.4920100935203884e-05
Apbb1ip,0.0743935540549187,3.5496803578694004e-05
Flnc,0.07432628105153784,3.6211621542124e-05
Isg20,0.07426513301665565,3.685158101305212e-05
Dzip1l,0.07418172330030966,3.77364684748319e-05
Gm48045,0.07414198892863942,3.817394439788565e-05
Mir155hg,0.07412545249578469,3.834538389981591e-05
Ptpn1,0.07408099266278947,3.882436505941789e-05
Sfxn5,0.07402764400624681,3.9436319479943165e-05
Tyms,0.0738444323646704,4.1529504361622896e-05
Apobec1,0.07374587194991573,4.273943491184507e-05
Rex1bd,0.07373535173500764,4.2852532430173215e-05
Prr16,0.07361660738241037,4.4344846749509296e-05
Zfp593,0.07360174797535615,4.452021688579522e-05
Lacc1,0.0734614326519231,4.634336132763217e-05
Selenop,0.0733418581953681,4.798904616992246e-05
5430416N02Rik,0.07324391694608122,4.934277229504438e-05
Larp4,0.07312918475515692,5.09618926164408e-05
Smyd5,0.0731127803466449,5.118590105333681e-05
Snhg16,0.07305869051066004,5.1966867359228396e-05
Gm26724,0.07302817247540924,5.238837746025576e-05
Agfg1,0.07298525992493342,5.298140236458401e-05
Rcc2,0.07289061083066069,5.444447336024049e-05
Fcor,0.07268737099797637,5.775691587327225e-05
Lman1,0.07259423974325745,5.928765585513866e-05
Ubc,0.07254305595579935,6.013426771448619e-05
Lrig3,0.07251710066757969,6.0536693033507905e-05
Ptbp3,0.07247884096673456,6.11649907541057e-05
Pgap1,0.07241648383089268,6.227597055883379e-05
Mxra8,0.07241061094993102,6.23520377241951e-05
Nufip2,0.07236179901260616,6.316291547178652e-05
Idh2,0.07216627079778964,6.675684026107003e-05
Wnt16,0.07197375925355189,7.037293265251871e-05
Ctsa,0.0718526928197787,7.281854840248897e-05
Ldha,0.07183732438955612,7.311129951972337e-05
mt-Co1,0.0718040762541213,7.375474284350024e-05
Pdgfa,0.07173564556993839,7.517828808149782e-05
Mydgf,0.07173167778685084,7.52272786564043e-05
Set,0.07172114230624446,7.542195487312338e-05
Egr4,0.07169693727225848,7.592185306152602e-05
Galk2,0.07168803400872675,7.608172335031925e-05
Pabpc4,0.07168506433849169,7.610898069268243e-05
Grwd1,0.07164808818770937,7.690146627848548e-05
Adamtsl3,0.07163800627376404,7.709003839182922e-05
Eef1akmt3,0.07151890109743396,7.97117407449931e-05
Zfpm2,0.0714930497675932,8.027750754623768e-05
Cpne8,0.0714828465135292,8.047684807029618e-05
Asns,0.07139591127163095,8.2343207584322e-05
Pax1,0.07138922091257473,8.246257221938899e-05
Cnksr3,0.07120828536261041,8.672506133941565e-05
Acot1,0.07118160489202503,8.73148376551533e-05
Gm26682,0.07108129788414241,8.968166825487176e-05
Rbm26,0.0709968847807824,9.182373205982304e-05
Wdr43,0.07098220399604421,9.21706746727943e-05
Tcof1,0.07095848974551909,9.276272551029171e-05
Ogfrl1,0.07095433045552439,9.276901093576859e-05
Mcpt4,0.07095303443269592,9.276901093576859e-05
Hsph1,0.0709189083819866,9.355350687546505e-05
Ddx50,0.070878278819572,9.452319708060665e-05
Fas,0.07084475351115682,9.540164631031368e-05
Stx6,0.07079131047889843,9.684712953783223e-05
Lmna,0.07076620653553073,9.740891377435424e-05
Hnrnpa2b1,0.07071636411517761,9.877997240282117e-05
Emc10,0.07070999362026557,9.891307195832273e-05
Kif21a,0.07070380971378724,9.904099402700037e-05
Polrmt,0.07064250700247625,0.00010066718811184087
Prtn3,0.07059040015601284,0.00010209762829092379
Auts2,0.07053279324704573,0.0001036605883732657
Gm15886,0.07049681288817997,0.00010458936242961696
Adamts4,0.07046030127937367,0.00010559517429355352
Gm1673,0.07043272810309306,0.0001063335347251039
Akap7,0.07043104527224406,0.0001063335347251039
Prag1,0.07035175165317402,0.00010869159288098678
Lgals9,0.07028811869310907,0.00011065321618790724
Gm44686,0.07027144329412571,0.00011107659906792314
Erlec1,0.07013733043279947,0.0001152861003520794
Agtr2,0.07008750046006507,0.0001168370939972568
Por,0.0700564082131089,0.00011777093730456352
Trhr2,0.06994173860557885,0.00012135972168013231
Marc2,0.06991432031070388,0.0001222594277041063
Nmt1,0.06989341981927562,0.00012287757974290887
Slc25a4,0.069855640161898,0.00012415360550307056
Fchsd2,0.06974300935824933,0.0001279157445798772
Igdcc4,0.06974006400886022,0.00012796077900042603
Arid5a,0.06966329606267543,0.00013067832758752198
Elmsan1,0.0695738753125429,0.00013380318765432165
Suclg2,0.06950850191069821,0.0001361942977410466
Pigt,0.06948103893341041,0.00013720011429250935
Otulinl,0.06937254364447026,0.0001414474131950234
Naf1,0.06932823646624342,0.00014303607695280267
Gxylt1,0.06927613027586445,0.00014510539702725073
Qtrt1,0.06924099714607021,0.00014649336572766694
Fbln1,0.06922151707215246,0.0001471644288255844
Sgcb,0.06916529296847394,0.00014941065525312275
Tkt,0.06916486737988903,0.00014941065525312275
Rpl35,0.06911335469980319,0.00015152031113176945
Serpina3m,0.06902137148899697,0.00015532778867633748
1810073O08Rik,0.06889526274961429,0.0001606733566981712
Ppp1r18os,0.06888925586473228,0.0001608690240770745
Extl3,0.06882466374071709,0.00016363987708305162
Serpina3i,0.06881190654151459,0.00016404250766425556
Lsm12,0.06879608813155388,0.00016461186718291928
Hacd1,0.06877130399882525,0.00016569058224031208
Gar1,0.06873304275388786,0.00016733217987211708
Trip6,0.06871552524554758,0.00016808207882463295
Nop58,0.06868811763320007,0.00016930793223540578
Cpne2,0.06868510484391227,0.0001693704133895035
Mbd4,0.06867396952225753,0.00016982241045587852
Tln2,0.06864825952864637,0.0001708659278575796
Slc7a6,0.06862801308907582,0.00017165607577396
Bbx,0.06862743560113034,0.00017165607577396
Rest,0.06852726115835754,0.00017607098090740238
Fkbp11,0.0684997663632505,0.00017718658623634044
Rcn3,0.06849654285279057,0.0001772627800588892
Ripk3,0.06845224496184212,0.00017940424700625245
Sik1,0.06841805416046448,0.00018096753503681138
Plpp2,0.06838031677145096,0.00018272616160991515
Fzd3,0.06837655417859956,0.00018283246550706753
Trps1,0.06832823087851789,0.00018498251358731684
Bri3bp,0.06830606840735155,0.0001859620454305426
Fgfr3,0.06824525818464358,0.0001889885649282636
Slc25a30,0.0682342525750624,0.00018939372295269504
Fndc3b,0.06822959078834123,0.00018955186450991192
Cox7c,0.06819674278747985,0.00019112986266499636
Atg101,0.068195427416804,0.00019112986266499636
Nr2f2,0.06815072808414993,0.00019333714861887778
Ssbp4,0.06806304715754165,0.00019796335390906495
Lpgat1,0.06802752133076147,0.0001998495720380971
Fabp5,0.06796937429472792,0.00020303483883925576
Foxo3,0.06794710819803156,0.000204111176386648
Atxn1,0.06790662509588538,0.00020633886847549183
Ugt1a7c,0.06784751104352615,0.0002095798595014473
Tbca,0.06761396622824843,0.00022274772504150882
Cd47,0.06759937953075106,0.00022354969490002847
Slc38a4,0.06759366311401908,0.00022380081923778632
Metap1,0.0674803583692202,0.00023086256423623567
Crisp2,0.06744443948395082,0.00023303523357980993
Ubtd2,0.067443294566582,0.00023303523357980993
Manf,0.0673700444968643,0.00023738116024911386
Psap,0.06732456462919115,0.0002400601782675805
Mgp,0.0672762517446396,0.00024295881873760548
Saa4,0.06726554122152205,0.00024356786250892518
Fos,0.06722945538309844,0.000245902018018381
Eif3h,0.06719959794540722,0.0002477139494301865
Ipo7,0.06709543229999354,0.00025436905500472485
Luzp1,0.06706797990176211,0.0002561888282843354
Chka,0.06696732161382243,0.0002630487441611576
P2rx4,0.06691436942750709,0.00026619797644111766
Matn4,0.06691414445969267,0.00026619797644111766
Gm16538,0.06689196189974814,0.0002677084166973431
Yy1,0.06688405524070291,0.0002681569364232697
Mtf2,0.06688254314381989,0.0002681569364232697
Fndc3a,0.0668675421118316,0.0002691443973155371
Arxes1,0.06681009078094373,0.0002726855985864977
Igfals,0.06676650586058988,0.0002755987437953423
Ppp1r3b,0.0667126860194075,0.0002794555344253334
Dnah1,0.06670472056746402,0.0002799401588187384
Fndc4,0.06667388150033536,0.00028219569347717803
Runx2os1,0.06653522538801794,0.0002923498604847095
Mrpl50,0.06650360925467003,0.0002947628130815784
Nup98,0.06649464973627724,0.00029521822998183027
Cdk14,0.06646738947406274,0.0002970268449472568
Eif3k,0.06645610095885877,0.00029781186965927335
Relb,0.06642102136708357,0.0003004156843791676
Pum2,0.06637919144961359,0.00030374031308997256
Tnfaip8,0.06631748784554592,0.0003083536962130428
Ipo5,0.0662887562886118,0.00031050513815215414
Comt,0.06627273156603747,0.0003117276310823378
Zcchc14,0.06622578752163888,0.0003156114569745687
Plppr4,0.06620613951701908,0.00031716686223045806
Man1a2,0.06612417331746823,0.00032361293710951854
Pum1,0.06609560518941117,0.0003255563014211183
Tubb2b,0.0660706387985922,0.00032763315885231354
Agtr1a,0.06606241205373857,0.0003282208690707147
Arhgap24,0.06597520684149391,0.0003356610612775516
Atp7a,0.0659270416032179,0.0003396330562933451
Nradd,0.0658958950707614,0.0003422160661124999
M6pr,0.06584960798880497,0.0003460848751342424
Rad54l,0.06576341259898391,0.0003536517665081322
Prkcsh,0.0656538349295831,0.0003632299465838845
Phyhd1,0.06565339282138924,0.0003632299465838845
Nolc1,0.06561090317233786,0.0003672738835409059
Smim4,0.06552349720211495,0.0003754013910330002
Shisa4,0.06550844761349224,0.0003764730296428177
Tmem53,0.06550802431901068,0.0003764730296428177
Mmp23,0.0655013139887933,0.0003769893591259725
Frat2,0.06538879946504036,0.00038811603673948166
4933413C19Rik,0.06537935475800835,0.00038893465140121716
Col5a2,0.06535891745836353,0.0003909137894735938
Tasp1,0.06528574297858177,0.0003981809046526966
Noc2l,0.06513135690450789,0.0004136287355104142
Mecom,0.06512259809093668,0.00041442188668848104
Ucp3,0.06510310564388246,0.00041623376802490795
Gm26531,0.06510310564388246,0.00041623376802490795
Gm3896,0.06508019195430252,0.0004184382261564465
Malsu1,0.06503839721601362,0.00042298124852607776
Ch25h,0.06502295029812241,0.0004245540802375749
Ptch1,0.06500087803547508,0.0004265160049864156
Prpf38b,0.06496821466723836,0.0004298965955220054
Rab29,0.06496448902845318,0.00043013781110444596
Bcl9,0.06494981034065232,0.0004314573577110715
Lrp6,0.06487026681293502,0.00044037952032025164
Acot4,0.06478052450193962,0.00045050796582198733
Zfp36,0.06470790477482867,0.0004591514830979541
Adh7,0.06468204664114312,0.0004619343257865441
Lsp1,0.06467450188546654,0.00046266500878591234
Rasl11a,0.06456327757304343,0.00047579184043709317
Ivns1abp,0.06455227343866661,0.0004769836653251158
Mrpl52,0.0645006139243025,0.00048255284977802916
Mdn1,0.06446643701186577,0.000486548335093272
BE692007,0.06440331070246685,0.0004941596257943998
Tfdp1,0.06433813106207763,0.0005021576727549809
Car13,0.06430620016410762,0.000506223427443839
Gm43566,0.06428555836413756,0.0005087902343588302
Utp14a,0.06425758804888833,0.000512144799173196
1700029H14Rik,0.06424807354111622,0.0005132196159646578
Serf1,0.06423506192633541,0.0005147749062090413
Mtss1,0.06418945433150092,0.0005203754934647996
Ostc,0.06418621078000718,0.0005205989524847723
Fxyd6,0.06418323511083641,0.0005207855278847245
Cxcl16,0.06416065236541978,0.0005225637959718032
Pla2g15,0.06405339525994157,0.0005371853924818961
Gstm5,0.06403554227952868,0.0005392693832953688
Prom1,0.0639987162773076,0.0005440893984192858
Cacna1c,0.06386897473146266,0.0005621306377625899
1810013L24Rik,0.06379044185823042,0.0005726906241524534
Irs1,0.06374428853694013,0.000578968693711437
Afg3l2,0.06365476443137587,0.0005915390779469833
Camkk2,0.06362952246554597,0.0005949799682565888
Zfp661,0.06361607646140845,0.0005968372538424205
Gm43086,0.06361038472543298,0.0005973337774751728
Pdzrn3,0.0635451708169475,0.0006060202166524743
Mgmt,0.06349491918461844,0.000613044551825148
Pafah1b3,0.06345993382280915,0.0006184478700651854
Bambi,0.06344845088011981,0.000620054639133183
Tnfaip3,0.06344257259456093,0.0006205281294721435
Cfap206,0.06344232474402053,0.0006205281294721435
Pde3b,0.06343120812259744,0.0006218739042781364
Sco2,0.0634308613660478,0.0006218739042781364
Sde2,0.0633797590664844,0.0006300112092145667
Haus7,0.06336954635784588,0.0006314358987210713
Wwtr1,0.06335198902981942,0.000634084903898055
L2hgdh,0.06333965824073783,0.0006358716954061094
Pfkl,0.06328729998251621,0.0006438501465217163
Myd88,0.06320763798382956,0.0006566028500252992
Arhgap29,0.06319820708954897,0.0006579496329502858
Nab1,0.06314434091303053,0.0006670126408738627
Dnah14,0.06310954458775646,0.000672263959942832
Rpl9-ps6,0.06309333233085171,0.0006745848189431731
Ripply1,0.0630931546002911,0.0006745848189431731
Chid1,0.06305135478969238,0.0006811385538674264
Rsl1d1,0.06298840160274445,0.0006921417843423132
Dact1,0.06287756447636876,0.0007109580167299071
Shc1,0.06279519735826176,0.0007254686928297205
Fbxo10,0.06278474724926406,0.0007268379141523924
D230025D16Rik,0.0627423545916943,0.0007342882804637806
Senp7,0.0627004628263429,0.0007417138993281046
Usp3,0.06265815240395617,0.0007489798672710674
Gm47136,0.06265202832873838,0.0007498605930972849
Esf1,0.06261805533027195,0.0007561927817489512
Nop10,0.06259372390035291,0.000760353012140349
Phb2,0.06254347719503987,0.0007696931153750899
Gm49870,0.06252571078757303,0.0007729274443428282
Gm14698,0.06247477094552455,0.0007825532977577415
Enc1,0.062394056882649,0.0007977621398651504
Adpgk,0.06237796720109223,0.0008007598220220194
Plekhg4,0.06237303356840239,0.0008014512528699895
Ehmt2,0.062326533295787245,0.0008104797792360063
Cks1b,0.0623248404737877,0.0008104997335105646
Dot1l,0.06232247837561622,0.0008106601027299457
Cct4,0.06227419103343938,0.000820503371473452
Nhp2,0.06224034325097644,0.0008266859198182606
Spata24,0.062161923806780726,0.0008418552930601113
Bcl2l10,0.062150995220858256,0.0008433159244476765
Susd2,0.06215032635099386,0.0008433159244476765
Cnpy2,0.06214593162499131,0.0008433159244476765
Sec61b,0.06213661456517944,0.000844295339368843
Lrrc74b,0.06213637603808517,0.000844295339368843
Sorbs2,0.06211849904232467,0.0008475014904838835
9430038I01Rik,0.062081854651912904,0.0008551938360604548
Dctn4,0.06207860483333767,0.0008555600543680127
Nrip1,0.062049028311290916,0.000861398724922925
Xpr1,0.06204005414106318,0.0008630390394704295
Castor2,0.062011779502522964,0.0008687793462359177
Klf2,0.06198720577527666,0.0008737890177893861
Gm46560,0.06185391680196286,0.000903142021399602
Acbd6,0.061797659970463124,0.000915533259767363
Mdfic,0.06178007306476799,0.0009192993368959542
Fam43b,0.06171858738085932,0.0009327689433919723
Socs1,0.06168241071443651,0.000940690776554532
Clu,0.06161484626206737,0.0009567171958930131
Spty2d1,0.06156788443270646,0.0009678876521504886
Gm33055,0.06151666343053274,0.0009790549169900772
Syngr2,0.06137578228144565,0.0010140851100086314
Ankrd17,0.06135212290944617,0.001018982978796768
Adamts9,0.06134824569409856,0.0010195781798175252
Snhg17,0.0612903608581782,0.0010326400171887335
Npffr1,0.06123623886690659,0.0010457015211267828
Ppan,0.061129942494353634,0.0010718665775059262
Snrpe,0.06112254536401215,0.001073345641649838
Gm11808,0.06104764912405315,0.0010921980228224886
2700038G22Rik,0.061043414775407714,0.001092933731260776
Gmds,0.06104009571567037,0.0010934160522898697
Ghr,0.061008694338715336,0.0011012783452842632
B4galt6,0.06096568392441813,0.0011111283767465464
Casd1,0.06093411820825158,0.0011178175327303753
Gstm2,0.06088144951121152,0.0011315257262837586
Uchl3,0.060880242329323625,0.0011315257262837586
Ism1,0.06085019700812841,0.0011386434834303682
Gm29157,0.0608216378775767,0.001146443932555306
Fgf10,0.06080619612311923,0.0011504722857439587
Eps8,0.060796759146673894,0.0011527624989939365
Ell,0.06078340303172142,0.0011557428367059348
Itga1,0.060757261426407354,0.0011624808810186576
Ttyh3,0.06075455407884688,0.001162814988875437
Kcnj3,0.06073804719241706,0.0011658248525890777
Igf2bp3,0.06070622057440622,0.0011747684607079643
Gpr3,0.060671414512188146,0.0011832620800649545
Scpep1,0.06065636855258346,0.0011868249479860184
Podxl2,0.060522418850998856,0.0012251613403248963
Gabrb3,0.06045966587482077,0.0012436853139972375
Trim59,0.060423005474840696,0.001253724156150387
Kctd1,0.060418311939666756,0.0012547109430393565
Ccl19,0.0604030040334453,0.0012576128347719319
Setbp1,0.060402870493068056,0.0012576128347719319
Fam110a,0.06036423366091816,0.001268886108374886
Rps27rt,0.060339700909624205,0.0012762283232930934
Garem2,0.060330617816707094,0.0012786410796506956
Epb41l4aos,0.06031763061923277,0.0012813102434212486
Pa2g4,0.060304647978289244,0.0012849895447999806
Pebp1,0.06030268267196637,0.0012851205659745323
Ppp2cb,0.060232643105079794,0.001307387772285897
Kdm6b,0.0601401031372017,0.0013359243682350649
Map4k3,0.060106482568490466,0.001345678881631281
Gucy1b2,0.060074786157633675,0.0013542799147278962
Hnrnpc,0.060051182006403116,0.001361237791414466
Samd5,0.060031831094921516,0.0013673071458198322
Serpinf1,0.05994924012868356,0.0013927334663254316
Fhad1,0.059931953688836526,0.001398040660701374
1700087I21Rik,0.05988281775647988,0.001414736638296592
Nsa2,0.059778776107139664,0.0014490891334838806
Wdr89,0.05967083023880846,0.001486811002199382
Serpinb9,0.05964721544245602,0.0014949351073389066
Dleu2,0.059645798604172066,0.0014949351073389066
Nop14,0.059636507151772176,0.0014978122966289203
Slc41a1,0.0596291692740711,0.001499966540579807
Bdkrb2,0.059593423300270766,0.0015093113342290827
Fggy,0.059560398632328294,0.001519778198775243
Ltbp2,0.05955926906411955,0.001519778198775243
Serpinb6b,0.0595468390789056,0.0015230021023603865
Cry2,0.059546087225422484,0.0015230021023603865
Tnk2,0.059422883269629974,0.0015648322493658593
Cox4i1,0.05941911172347335,0.0015656957161159666
Crygs,0.05941519505952169,0.001566616106814969
Prr5,0.059411024682226386,0.001567635668279146
Tacc1,0.05933735232043673,0.00159283027877815
Dsel,0.05929495180356728,0.0016090054894880162
Gm31600,0.059244378585905644,0.001627379043214674
Gria3,0.059241283177873263,0.0016280040833253546
Siva1,0.05920455052458504,0.0016422132727618012
Plxna2,0.059173147054800763,0.001653104458410052
Fam83a,0.0590073098135551,0.0017168454649367528
Gm13212,0.058974979239178986,0.0017299029576141281
Mtap,0.05891265334421033,0.0017552890471471685
Amd1,0.05886368628596887,0.001773848523633412
Eif2s2,0.05885723834602295,0.0017759886268441615
Tcf7l2,0.05879782021614435,0.0018000407731993608
Edil3,0.05879475157326444,0.00180071718253625
Ppm1h,0.05871382517285039,0.0018361104672650662
Lncpint,0.058693980754711834,0.0018443299918939706
Plscr2,0.058692517200115396,0.0018443299918939706
Nepn,0.05868210447418807,0.0018476478911030121
Plscr1,0.058645770656830826,0.0018627557278300855
Bcl11b,0.05864039600322785,0.001864506614471934
Gm21860,0.05859299859420923,0.001884836905351682
Dlg1,0.05855550919944951,0.0019000520740392862
Smim41,0.05853942915157814,0.0019068185359853904
Elmod2,0.05852661188815016,0.0019120826595029968
Galnt5,0.05843294892482015,0.001954113698195376
Tcirg1,0.05841589303006333,0.0019600587695950975
Tafa3,0.0584138883425763,0.001960284029364993
Traf2,0.058375037868417974,0.0019774629714355446
Errfi1,0.0583417570019423,0.001992821587008647
Rcan1,0.05826352197925512,0.002028116913405965
Cth,0.05816349372351786,0.0020765012259936788
Trpm6,0.05812316810163756,0.002094597962682469
Col3a1,0.05808353675065422,0.002114058638015166
Ddx18,0.0579872228666637,0.0021591921754495706
Calhm6,0.05795094664317231,0.0021750192302905777
Irx1,0.057926432850465295,0.0021863460243302037
Gsap,0.0579228993277225,0.0021870490390613856
Ythdc2,0.05792204476583187,0.0021870490390613856
Srsf7,0.057919994511176916,0.002187324891286582
Mcl1,0.05788337038237733,0.002203534409236696
E030030I06Rik,0.05770680731156305,0.0022936284253620887
H13,0.05770522326765407,0.002293659697876999
Itsn1,0.057630407398901934,0.0023319739630956182
Fbxo41,0.057626291983077,0.0023334291717628636
Gm19569,0.05757566859956959,0.002359452465761576
Tpst1,0.05757044589802271,0.0023615535745067015
Taf4b,0.057513534263117665,0.002392361489331737
Pcyox1,0.05749275811226267,0.0024025818327496206
Zfp512b,0.0574760385473787,0.002411375084347344
Sox4,0.05746881915307955,0.0024146783462155276
Gm20463,0.0574218312724129,0.0024376735647571204
Alg11,0.05742175578118185,0.0024376735647571204
Gm15406,0.05741218710907119,0.002442388877642588
Fkbp9,0.05737671320809033,0.002461479666335776
Cmtm7,0.05736092056452953,0.002469022676697709
Pdzrn4,0.057337724377143996,0.0024791813684779617
Mfsd2b,0.057285982743315006,0.002506476732914095
Ccl8,0.05724555755017602,0.002528235232075713
Sema4a,0.057245354819523746,0.002528235232075713
Traf4,0.05723873010885976,0.0025313296812894855
Ing5,0.057217818838756936,0.0025431131269002664
Saa2,0.057175198634141694,0.002568255787606278
Gm34667,0.05715929920488374,0.0025771075608660423
Cacna1b,0.05715353403123452,0.0025797272658900244
Lat,0.05714779209371068,0.0025823353025298907
D10Wsu102e,0.0571012751086681,0.0026102680042923644
Gm10389,0.05709962588430888,0.0026103502548955573
Fhl2,0.057025535224070445,0.002655031110643452
Pip5k1a,0.056949220857241724,0.0026969727401346
Psmd3,0.05692458085632741,0.002710901409334786
Arhgdib,0.056921731690671495,0.00271176354953563
Erc1,0.05687542413983151,0.0027398682293323126
Pgk1,0.05683727564400018,0.0027628732070432943
Atoh8,0.056818150349134865,0.0027744766204053912
Tra2b,0.056780208751613145,0.002794052107673113
Rangrf,0.05676959138033459,0.0027986389536714495
Fzd2,0.056709400804311035,0.0028359019267711555
Camk2d,0.05668782726798055,0.002844343680601283
C1rb,0.056682704680580745,0.002845766958758175
Furin,0.056679752310701076,0.0028467436206599194
Rhou,0.0566544671185527,0.0028628573475086515
Acaca,0.056629777775488714,0.0028765919261682497
Erh,0.056585539702295684,0.002904854532841905
Dek,0.05657965065801372,0.0029078746104124636
Twist1,0.056575275675375895,0.002909853337565756
Ndufa3,0.05654866362754378,0.002926804086777044
Cfap69,0.05654775637048449,0.002926804086777044
Chd4,0.05653307372788974,0.002935955748080143
Atf4,0.05650044040483055,0.002956625816811247
Nop9,0.05649738004377228,0.0029577154836237882
Ndufb5,0.056474271184762614,0.002971822374039378
Nol3,0.05642053137279334,0.0030077033431580432
Prr7,0.056382766582968744,0.0030314408809734568
Khdrbs1,0.05637882214781306,0.0030331907188820492
Vstm2b,0.056363925702214046,0.0030428052084258673
Tanc2,0.05635887253962872,0.0030453590545761575
Irf2bp2,0.05635010258228548,0.0030505921395137846
Syce1,0.05634745864364416,0.0030514156954697907
Rnf122,0.056313533495895365,0.0030748673218736634
Snu13,0.05626745165665482,0.0031062848418619672
Mbnl3,0.05625879899118482,0.0031115291976756567
Pcgf2,0.05620792828741605,0.0031457309698113456
Chst11,0.056193300724835346,0.0031543616802930607
Gm44632,0.05618800261050934,0.0031571859538784574
Atp8b4,0.056129221463960405,0.0031966748048715267
Casp6,0.056093435795359775,0.0032214338126329827
Ndnf,0.056074045029720916,0.003233879859189404
Tgif1,0.05604577173366143,0.0032531568810536334
Frmd4a,0.05598054561892376,0.0032987486958529167
Bmi1,0.05596358478353707,0.003309584579248454
Ddx4,0.05595404443020979,0.003314676131854205
Myo1b,0.05594623912262021,0.0033195888640073054
Clk1,0.05589451408594306,0.0033577593854418318
Mospd1,0.0558850231943607,0.0033640606558758878
Wdfy4,0.055860133847060026,0.0033825600351838677
Ola1,0.05585436649476714,0.0033859487438098507
Tuba4a,0.05584917790272751,0.0033888812100810527
Hs3st1,0.05579711376650051,0.003428061625445865
B4galnt4,0.05578722316733927,0.003434806918876729
Fkbp10,0.05575329914687351,0.003459765737405808
Ltbp1,0.055711321973206246,0.0034914612308243028
Wdr13,0.055702215327235814,0.0034976812666961048
Wbp1l,0.05567414947753251,0.003518244128949034
Srfbp1,0.0556652273989667,0.0035231278851353943
Nipa2,0.055641303637189124,0.0035404035294095367
Slc50a1,0.05559678230545763,0.00357615037601896
Prrc2c,0.05556165878654955,0.0036018144757000207
2810403G07Rik,0.05555224220354822,0.0036084784551743123
S100a2,0.055546193064411276,0.0036123162290580156
Nme2,0.055463086028709946,0.0036701997927735025
Gm42699,0.05545769452073635,0.0036728043535818582
Csde1,0.055457065133798535,0.0036728043535818582
Sh2b2,0.05539376800968757,0.003720872982215632
Pde1a,0.05539025490082863,0.003722628342636441
Pi4k2b,0.055384255033645184,0.003725252943159619
Homer1,0.05535351086698642,0.003749392125460328
Gopc,0.05535140409039285,0.0037499350074206117
Snx10,0.055295788617406874,0.0037954076489732608
Six4,0.05528848488061558,0.0037999186002050265
Dad1,0.05526510641212601,0.0038192868877279795
Rps6ka1,0.05523704135747978,0.0038429237470608483
Pole3,0.05520658693462102,0.0038661787118684054
Rbm47,0.055186986650410795,0.0038811226300373295
Atp5c1,0.05515657375394098,0.003903216031248068
D930030I03Rik,0.05515133339812895,0.003906618414910484
Agpat2,0.05509125550289194,0.00395452278137026
Tmed2,0.05507470858429524,0.003965679188670661
Cdc16,0.05502862582799915,0.004004077372634489
Tbl1xr1,0.05499615358946242,0.0040328754299632985
D16Ertd472e,0.054870904071510206,0.004147394099693935
Kansl2,0.05486452013402417,0.004151666331490964
Ccl20,0.05485310505701371,0.004161191728202651
Ssx2ip,0.054836872581580716,0.004174291674054537
Pno1,0.05483651718444098,0.004174291674054537
Calm3,0.054834454415756476,0.004174854483077595
Cdkn2b,0.054822197309022075,0.004185241958959503
Nrl,0.054810996425288146,0.004194632223726125
Ttc12,0.0547855656674369,0.004216421259651658
Heatr1,0.054700479537332265,0.004293974986507656
Gm43672,0.05464669308476897,0.004340041979851325
Reg1,0.05463342350447305,0.004350347056286782
Polr1a,0.05459283378494778,0.0043881280534665305
En1,0.0545681758804093,0.004410055247274108
Meis2,0.054509154704112876,0.004462436942706153
Apex1,0.0544783983222232,0.00448512051943533
Rps6kb1,0.05443311706969566,0.004530373262442212
Socs5,0.05440660355997107,0.004556237065130173
Dedd2,0.05440362715447702,0.004556464023743853
Fgfrl1,0.05439257243932903,0.004564935136988349
2900097C17Rik,0.05433533772793339,0.00461578809354158
Mir17hg,0.0543161902460408,0.004632929669805259
Eif4e,0.054302044028652144,0.004641703779666585
Relt,0.054287522520712866,0.004654014454459906
Exosc1,0.0542804618667627,0.004659968376734503
mt-Co3,0.054268321604285415,0.004669784177559228
Kars,0.0542430332660771,0.004693693339845603
Usp36,0.05417199454944054,0.0047656310105549425
Msl2,0.05414746742128225,0.004787563166530766
Cfap47,0.05411564568134569,0.0048189838971774345
Dgkh,0.05411437865694635,0.0048189838971774345
Tnrc18,0.054043524809405184,0.0048957464033473255
Nsun2,0.05403067941607917,0.0049052369505516525
Cep55,0.05398795401241557,0.0049497879902500605
H2-K1,0.0539561322884783,0.004977446689896697
Lrig2,0.05390708779012045,0.005028209707160655
Crlf2,0.05385053260118219,0.005086428015055063
Dut,0.053829025802461634,0.0051096123331426865
B230307C23Rik,0.05381484712318734,0.005117591279902082
Tomm40,0.05381229201430107,0.005118864036531368
H2-DMa,0.053809100782898155,0.005120876136180124
Ripor3,0.053751660172195674,0.005175348941771598
Plxnc1,0.053750760524736076,0.005175348941771598
Gm14817,0.053704056672706196,0.00522520535094135
Map3k8,0.05369126190482205,0.005238633608634712
Sulf1,0.05360641255749696,0.005334859624259627
Tmem72,0.053576738798263926,0.005367216858332114
Rxra,0.053539167865258676,0.005411168521353401
Slc5a7,0.053535540710325985,0.005413821918978836
Atp5e,0.05348236475776773,0.0054719804096501805
Ly75,0.053477306192655484,0.005474634440892843
2010204K13Rik,0.0534747020134033,0.005476055117602053
Gnb4,0.05339032386055499,0.005575696082461154
Gm29459,0.05333472090451245,0.005640379160525148
2600002D14Rik,0.05332913041887086,0.005645631067412388
Gm10451,0.05326325720251876,0.005724258336820713
Unc45b,0.05324429313030348,0.005746824486697038
Fxyd7,0.053239457122962366,0.005751192988624494
Prc1,0.0532379542250058,0.005751257298203995
Tut4,0.05321862161876894,0.00577439933346132
Gm27019,0.05320583901869166,0.005785334102536256
Naga,0.053198144583790484,0.0057934480116846095
Gm12265,0.05313932335570104,0.00586468485476168
Gm11537,0.05313932335570104,0.00586468485476168
Birc2,0.05312262802481334,0.00588476614511159
Ssbp3,0.053100579208142366,0.005908156352816752
Gm11831,0.05309218178947624,0.005915439442578925
Rffl,0.05309022099949441,0.005916117158926494
Ccr7,0.05308474885980914,0.005921452653039142
Ifnar2,0.05306738925204751,0.005934892345991766
Gm3558,0.05301652541629853,0.005995096953730249
Dcp2,0.053008521124372716,0.00600390228143965
Tshz3,0.05298549112616035,0.006027718377998739
Ppat,0.052956601930670595,0.006058351322763209
Gm45486,0.052933152965368414,0.006086263360962753
Tmem33,0.05292871391167448,0.0060903400123245785
Tom1l1,0.052898396243188796,0.006127783680176118
Prmt3,0.052895883697932806,0.006128990443127275
Gldc,0.052894630097070634,0.006128990443127275
Gm36988,0.05285684060983887,0.00617297415552904
Gm48025,0.052821951961114534,0.006217223155202197
Spry4,0.05281018645605852,0.0062295571863865635
Jarid2,0.05280272586517454,0.006237927874440353
Fnbp1l,0.05278452159251334,0.0062592812160190935
BC024978,0.05277734083189277,0.006265288324736407
Ubxn8,0.05274220565380696,0.00630092770031853
Eef1a1,0.052716648458662446,0.006330288608043624
Ddx39b,0.052701323604649075,0.006349897461300287
Ecpas,0.052667772001692856,0.006393410133507583
Ranbp1,0.052652533659430144,0.006412432372785196
Retreg1,0.052636353482869595,0.006430038967849623
Hmgn1,0.05263324525076095,0.0064324336232534
Prkar2b,0.052609792620621064,0.006459885046543802
Lpcat1,0.05257844649716873,0.006502974680046378
Clptm1l,0.052433511997338776,0.006699082638837229
Mrps18b,0.05242992017308118,0.006701011314468768
Trp53,0.052419808863934235,0.006712452215110949
Hsd11b2,0.05234727113858761,0.006816832677384053
Zfp655,0.052308455169058875,0.006873452503584824
Gm10782,0.052271303998477216,0.006923565726941219
Unc119,0.052251023503289466,0.006948067061769287
Gpr65,0.05223903164471448,0.006962095588252242
March7,0.0521820348793792,0.007034706441056961
A730049H05Rik,0.05211428905168101,0.007129380494470036
Hnrnpa3,0.05211284991498116,0.0071293967745737685
Ece2,0.05209677363021124,0.007152454724030462
Pxk,0.05201886439427026,0.007269390694786193
Fam187b,0.05198012716351734,0.007321467788788346
Pstpip2,0.0519792831678509,0.007321467788788346
Rictor,0.05197743662209524,0.0073221426694632455
Pcdhb9,0.051953825938229795,0.007355644069059471
Ckmt1,0.05190639798105593,0.007421081646097648
Pofut2,0.05189483896093626,0.007437620493956185
Jak1,0.05184681251188468,0.007502371751685076
Cish,0.05184308343634638,0.007506168311971352
Srp72,0.05183337433617885,0.007519829124857261
Eprs,0.051819559857571064,0.007537947322611512
Pex5,0.05174857691476954,0.007641867529540762
G3bp1,0.0517438137194825,0.007647464412345355
Klf16,0.05173408887325957,0.007661389002555337
Arhgef17,0.0516584329138096,0.007769988146610859
Cdc37l1,0.051654224904771576,0.007774729671725492
Parl,0.051578650932179976,0.007879790961856169
Nhs,0.05155793668059816,0.007908184934127266
Chd1,0.05147426302170164,0.008041505646123657
Nrbp2,0.051416831378329995,0.008132776605745582
Ccdc180,0.05137831076678692,0.008191199735907945
Snhg3,0.05129282413575763,0.008332165582920301
Las1l,0.05128755589056019,0.008336586978573951
Ccdc122,0.05127783866295776,0.008351650172575272
Tnfsf13b,0.051266588923722496,0.008369525839812392
Kitl,0.051259737682282334,0.008376850491638934
Cmtm4,0.051225026861732574,0.008435081724809928
Spata5,0.05118467401596906,0.008496275072660113
Adgrl1,0.05116989283888741,0.008518353691682723
Smad3,0.051161843948911837,0.008530631455697298
Kirrel,0.05115002100362066,0.008549922567148831
Tnfsf8,0.051121223015261445,0.00859822454652081
Gm13293,0.05111267778251135,0.008611127226373494
B3gat1,0.051011479074994766,0.008783579307517943
Lpp,0.05100796062298371,0.008784909762843738
Rrp12,0.05100534473489783,0.00878720488511707
Tafa5,0.05099153274473789,0.008805452296016474
Gm37800,0.05094043735402729,0.008900572299340602
Gm49164,0.05089828677469064,0.008969671273446656
Cldn12,0.050897606602806574,0.008969671273446656
Platr22,0.0508782007173948,0.008999696718420321
Pla2g4c,0.05087791116432156,0.008999696718420321
Crb2,0.0508421554853782,0.009061169222975295
Panx3,0.05083432346701947,0.00907374185820543
1700042O10Rik,0.05081954794593363,0.009097192160122145
Olfr933,0.050782756723347824,0.009158546586080422
Syt8,0.050768104489257664,0.009184735478865043
Camk2a,0.050737806552174386,0.009236501865613983
Pard6g,0.0507091878381764,0.009290792611786523
Adgrl3,0.050707224554453194,0.009291911540696873
Pqlc1,0.05069466156605177,0.009311446376017522
Nob1,0.050664713903614635,0.00936598875512707
Brd2,0.050651030112892376,0.009390763360579738
Cfhr2,0.05063462750532484,0.00942110398109822
Sema6c,0.05061872577226417,0.009450516547901569
4930578G10Rik,0.050604537308968675,0.009470812672439375
Glb1,0.050591130746809834,0.009495275340174934
Cdkn1b,0.050578909158149436,0.009514507866639335
Cdt1,0.0505050839316809,0.009647080085391512
Fads2,0.05049808404364202,0.009654872461852532
Ankrd11,0.05048487139805965,0.009676463534116107
Cdc7,0.05042069451326486,0.00980461334029861
Tmem132a,0.05037681333136758,0.009891252422255052
Skap1,0.05036383605593547,0.009912824981263238
Gadl1,0.05034344432449369,0.009953193782106101
Mfap4,0.05033346887280707,0.009971471662769875
Cryaa,0.05032817837181721,0.009974489723544845
A4galt,0.05031996318005055,0.009986137709968083
Dnajb4,0.050289154339530046,0.01004236221673179
Reg3g,0.05028736853289172,0.01004319734553223
Dnaja2,0.0502821924772067,0.010051313843587751
H2afj,0.05026609689837586,0.010075843951494912
B230311B06Rik,0.05023053674331435,0.010135623939075257
Adnp2,0.05021032565339213,0.010173398039377177
Gm48427,0.05020841612095797,0.010174519241789803
Gm3636,0.05017276132377162,0.010246131442797245
Snrpd2,0.05013543538022222,0.010318815077818372
Dusp5,0.05013036333471811,0.010326911954147049
Ina,0.050115263760161156,0.01035712620792572
Parvg,0.05009510891137079,0.010392448558914379
Hipk3,0.050091254250410576,0.010394822306699058
Eif2ak4,0.050076601438975084,0.010421139414660809
Slc38a10,0.05005902571937135,0.01045711694059832
Ltv1,0.05005394682710596,0.010465331874460804
Pcgf6,0.050049195733482224,0.0104728223953682
Gm43514,0.04999351341385732,0.010588236270115526
9430002A10Rik,0.04998517475229582,0.010597630039807897
Tcea3,0.04998265363340161,0.010600181911560001
Slc12a7,0.0499543290549466,0.010654760367980303
Majin,0.04994632275656665,0.010666610454323364
Cd300ld3,0.04994632275656665,0.010666610454323364
Prdx2,0.04992590901511979,0.010700352840806091
Zscan18,0.049919753995572275,0.01071108979294612
Sema7a,0.04990089109874009,0.010744699357917775
Stmn2,0.049895816352731936,0.010753119589978119
mt-Nd1,0.04989209388826293,0.01075542493058289
Gm38563,0.049892037410858854,0.01075542493058289
Bcl10,0.04984334076081411,0.0108607583382876
Asap3,0.04981775933090941,0.01091342650776785
Ifnar1,0.04980100769220759,0.010949036411330885
Rxfp1,0.049758988072814245,0.011037235121775365
Syncrip,0.049737606824761964,0.011080824750321475
Tmem38b,0.04959577429621254,0.01136823263099776
Ppid,0.04957171702559348,0.011416137676489179
Sertad2,0.04956085286859468,0.01143901479538668
Tcp10b,0.049557114303088165,0.011444709977213906
Vmn1r201,0.04950413498439662,0.011556508815999986
Gldn,0.04948912422281272,0.01158872536561146
Gm12184,0.04948817260083275,0.01158872536561146
4933433G15Rik,0.049486062379720745,0.011590512284094988
Actn3,0.04947971233600513,0.011602664697616635
Naca,0.04945418237479253,0.011658479458032625
Ttll4,0.04945043565308077,0.011660726225175149
1500009L16Rik,0.04942912516047241,0.011706578154215769
Cdk17,0.04942120213974183,0.011719327766379661
4930447C04Rik,0.049410772886318205,0.011738284305902014
Cacna1d,0.049366280659263274,0.011838416864612239
Rhpn1,0.04934581588080828,0.01187916638346659
Fbxo15,0.04934581588080828,0.01187916638346659
Cacng4,0.04933901694481192,0.011892721975534686
Bhlhe40,0.04933509593178525,0.011899090292787136
Litaf,0.049324022809499136,0.011916489373807536
Gnas,0.04931853437523214,0.011926800456421048
Siah2,0.049264108439362436,0.012050039017982284
Uba7,0.0492513582991738,0.012078857422497551
Frmd5,0.04921792693701515,0.012156896709197203
Gm47754,0.04918165702049534,0.012239154716238482
Ipo4,0.04916203357023527,0.012282538557484188
Cand2,0.049114072905519925,0.012395886439125271
Cbx4,0.04910848006528338,0.012406847606944372
Trdc,0.04909309828609078,0.012443295043223897
Map6d1,0.04898214014706236,0.012713531475524656
Cd24a,0.04897940403800016,0.012717154765454836
Psmb10,0.04897149697094027,0.012734529618526249
Dtl,0.048965258519846705,0.01274383094008497
Ruvbl2,0.04887379072698165,0.012959762819497202
Plxnb2,0.04878979565801856,0.013177314081058973
Man1a,0.04871540454517071,0.013375264910955918
Cblb,0.048712756168209005,0.013378815507730993
Dnajc25,0.04869882762839097,0.013409968003890388
D5Ertd615e,0.04869330521280092,0.013417720992855882
Rnps1,0.04868634350442221,0.013429498579239437
Ttc21b,0.04868150761147073,0.013439176512292908
G530011O06Rik,0.04863749320774991,0.013547207661470374
Tes,0.04861218230773193,0.013606982740172314
Vmn1r4,0.04860385813085674,0.01362664239833896
Il7,0.048556942196576906,0.013744312348415146
AC132307.1,0.048484029887141754,0.013918042031463445
Piwil2,0.04848146856793239,0.013921487043346618
Ndufa7,0.04846257684455936,0.01396420152574046
Nox4,0.048446971949414705,0.014005425588345598
Ttll2,0.04843325394732982,0.014041276294398141
Ctf1,0.048407757754952485,0.014111242524595195
Myo1e,0.04839427011917977,0.014138988033592564
Itga11,0.048387392876874685,0.014150326836496838
Sdf4,0.04832962187033964,0.014300915411138895
Nop16,0.04832188362582304,0.014315725405399587
Pcdhgb7,0.04830688424458347,0.014356093968874606
Pip4p2,0.04830316338477515,0.014359044312507858
Sema5a,0.04824743529556648,0.014512878957780353
Vgf,0.04823489332805393,0.014546377866112297
Cox18,0.0481674729445099,0.014733344074738136
Sntg2,0.04812845250433191,0.014835114462352948
1110046J04Rik,0.04811372112178632,0.014863909614761662
Gm44265,0.048066406452410844,0.014988280983000656
Gnasas1,0.048043862154792706,0.015048394891195272
Sohlh2,0.04804285376401381,0.015048394891195272
Pde4d,0.04802921824631507,0.015086402368356037
Agpat5,0.04799190343142796,0.015172802534771525
Ilf3,0.04796683790426481,0.015246822442731591
Stat4,0.047920838746823506,0.015387092070072182
Ipmk,0.04787506761161729,0.015514842661318962
Gm43579,0.04782849010504022,0.01564613614845412
Limd2,0.04776646437138309,0.01581958047262426
Gm18336,0.047764982182274277,0.01581998532231902
Layn,0.0477590931897167,0.015830262180490946
Kmt5a,0.04774926509525345,0.01585770550764252
E230016K23Rik,0.04773979154078454,0.015884040901798676
St8sia1,0.04760494179259053,0.016277775947404323
Ogn,0.047597347484181075,0.016298496787775833
4930500A05Rik,0.04754198260317712,0.016460683985188407
Atp5l,0.047528123859101115,0.016498105022547626
Cct2,0.04747965330103851,0.016647903772987614
Rab31,0.04746670284654647,0.016685593507985437
Tap2,0.04746355443947185,0.016688719713359047
Gm10817,0.047457289191069854,0.016705400082134378
Rab4b,0.0474079785795845,0.016855139588978253
Cnpy3,0.047374824494668524,0.016945743190313493
Hist2h2ab,0.04736588189747148,0.016971882292601246
Xpnpep3,0.04735260156641011,0.017003702009406207
Mdga1,0.04731523304592064,0.017119043824081435
Nos2,0.04729630947676597,0.01716507162286024
5430403N17Rik,0.04727681069426253,0.01721991833115744
Cpeb2,0.047243499778789305,0.017317610322490296
Gpr107,0.04723433451612807,0.017340319119944828
Slc52a3,0.04720633484240637,0.017429401204885637
Arhgap28,0.04713256807848137,0.017641818774738815
Zfp263,0.047125888428072686,0.017657564013534383
Adss,0.04712282094229888,0.017663712959837
Maml2,0.047114914441396635,0.017682349612683206
Fem1b,0.04711349988142357,0.01768260071309352
Rpusd4,0.04707808065004778,0.017790265488280655
Thbs1,0.047069639300147105,0.017815786842018965
Ercc8,0.047052039529222184,0.017869516199505178
Ap3s1,0.04695443526711175,0.018205066389336635
Ssrp1,0.04693552893821588,0.018269603574234856
Dcun1d4,0.04690876176936737,0.018353456464802458
Slc20a2,0.046897914042685916,0.01837986911652849
Dpysl4,0.04689758968024855,0.01837986911652849
Grem1,0.046886016999994035,0.01841278144068586
Hmgcs1,0.04684450217892362,0.018549810505848335
Abce1,0.04684382488799837,0.018549810505848335
Rnf24,0.04684313752085962,0.018549810505848335
Ubn2,0.046822096925283795,0.01861084179663918
Gm44949,0.046809186372721384,0.01864914987197876
Polr1b,0.04677821951153624,0.01875040050330572
Cdh22,0.04676101168288017,0.018800133990470935
Psma5,0.046745375147248434,0.01884911276566456
Gm45338,0.0467427895744881,0.01885383008837125
Tctex1d2,0.04672808691529695,0.018904473733891234
Ermap,0.04667286684277755,0.01909452440724354
Gpr180,0.04666348406280129,0.019122437096224076
Macrod1,0.04665965722382932,0.019129752297074473
Glipr1,0.04665472299296059,0.019143546906746037
Camp,0.04663574280588216,0.019206200796279563
Lman2,0.046624670113200394,0.019243697331470487
Qpctl,0.046572571447925926,0.01942987754151993
Ngf,0.04654511922728832,0.01952644116580953
Smarcc1,0.04651766927530424,0.019628677228646047
Gm48294,0.04649688050067125,0.019705146052309778
Spaca1,0.04642637056337053,0.019957933028459027
Smyd2,0.046417697270482824,0.01998717372226178
Ccdc86,0.04640938401448797,0.02001501520900981
Bves,0.04640118030533543,0.0200371062983979
Eef1akmt4,0.046398073122812085,0.0200441833612107
Cmtm3,0.0463870549741605,0.020077576610521914
Frmpd3,0.04637888573839694,0.020104956481707483
Ephb4,0.04634733173274881,0.02022105844109355
Gm46555,0.04632456195191574,0.020307609957236954
Tnfsf18,0.04631580057299571,0.020332257041914378
Tcp11l1,0.04629507843019202,0.02040005468381114
Iffo2,0.04620151584631805,0.0207447365076378
Hspa13,0.04619280017618475,0.020775191233311216
Gm26885,0.04616780166236197,0.020873107967553463
Dab2,0.04613461886356446,0.020999977137026747
Gm12666,0.046128738513090385,0.021007795031696523
Ctxn2,0.046128738513090385,0.021007795031696523
Snhg18,0.046114237531412666,0.021062769489003718
Wipi1,0.04605181054009345,0.021296997556299473
Gm26770,0.04603132322121979,0.021377998059795195
Mlip,0.04602659496508188,0.021392379577576715
Tbc1d14,0.04599014753863638,0.02153599499165928
Nfib,0.04595911682547269,0.021651529282095627
Nup93,0.04592577094510702,0.021783338251473643
Sub1,0.04588206012036009,0.021949229337669317
Plch1,0.04587754293954195,0.021963041003590932
D030056L22Rik,0.04587255519598837,0.021973114711625143
Ext2,0.045852587211889444,0.022048347421708154
Wdr46,0.045823510511011835,0.02215403476919656
Ppif,0.04581379968324156,0.022188640866304274
Fut4,0.04579786415433968,0.022247734841462623
Ajuba,0.04578887639536423,0.022274607593892947
1700001L05Rik,0.045770319370981374,0.022343994763851124
Ruvbl1,0.0457652575589568,0.02235513032077841
Fign,0.04574694207004304,0.02242423665681033
Foxn2,0.04573420222049006,0.022473056326247708
Pdzk1,0.045726641116855586,0.022496441069678963
Clcf1,0.045691690045667206,0.022634073680774785
Tnk1,0.045667489028689265,0.022736226180888386
Srek1,0.04564604527166624,0.022814463883809012
Mapk8,0.045640380424238465,0.022833934018168422
Dlgap1,0.04563183071387871,0.022866392835750062
9130230L23Rik,0.045603665609570854,0.022987391988550147
Ear2,0.045601491973345946,0.022991208620628367
Suv39h1,0.045572329391419655,0.023099227395053042
Gm10320,0.045559789806033334,0.02314412484488011
Tnip1,0.04554639199170329,0.02319301171061062
Lmcd1,0.045509637512763275,0.02334880677510667
A530013C23Rik,0.0454264929572399,0.023689440283195473
Ncbp1,0.04541770869179072,0.02372408007953205
Zfp622,0.04540158488663998,0.023786764271940927
B3galnt1,0.045392759426122094,0.0238093495394241
Hsd17b10,0.04533301058750547,0.024064432952771282
Glycam1,0.045312109404854445,0.024150478455097803
C330024C12Rik,0.04531014485482167,0.02415349411968494
Cabcoco1,0.04526108125433237,0.02437991348688308
Gm31630,0.045249952684077846,0.02442663981986005
Gm20109,0.04523560114074384,0.02448885432882821
Sp140,0.04521561892118359,0.024565486521035015
Hist1h2bn,0.04518714606911507,0.02468958120615146
Tns3,0.04515133599298682,0.024843337091248398
Smarca1,0.045146443588319325,0.02486061718198553
Irak1bp1,0.04511895062701266,0.02498127395020699
Frg2f1,0.04502113349132772,0.025382847732734446
AC160966.1,0.044997903286918085,0.025484639856377146
Asic1,0.044996327170324875,0.025485889721885965
Slc22a17,0.04499449504473247,0.025488409579813322
Lsm2,0.04499250697795162,0.025491703798706074
Rnf169,0.04497555625947425,0.02556338901760957
Gm12059,0.04497541282969901,0.02556338901760957
Sdad1,0.044972578240225915,0.025570900462684475
Srsf6,0.044938405981889966,0.025723160204609935
Sys1,0.04493804928255433,0.025723160204609935
Pcsk4,0.04488589867840736,0.025964858482531272
Gm15859,0.044875649999325466,0.026009856212619795
Dph1,0.044865185482997574,0.02605601432028883
A730020E08Rik,0.0448487531260804,0.026125765805918258
Serpina3f,0.044823278126044176,0.02623490925875596
Tbc1d9,0.04480908586310043,0.026293678449643372
Fsip1,0.044804935767151055,0.026308090433456808
Erp44,0.04480342997272857,0.026309031393999916
Rybp,0.04479680884571588,0.02633605451090859
Fgfr1op,0.04478688206972503,0.02637998447630711
Rpn1,0.044780744199433155,0.02640460265931787
Tmem9,0.04475482597547446,0.02651029769707954
Phactr1,0.044747370021611305,0.026541795968160517
Ccdc137,0.04474178497873658,0.026559329897647935
Rnf128,0.04473813992514861,0.026568884865729767
Hdx,0.044725371779075346,0.02662100385588589
Elac2,0.04471331303815005,0.026669557400711322
4930405O22Rik,0.04469283949789722,0.02674806180089338
Prkag2os2,0.0446856243302368,0.02677857231531752
Fgfbp1,0.04467706005034119,0.02681610476021801
Aldh1a2,0.04461910722803627,0.0270491018934313
Eif1ad,0.04461141965652777,0.02706865334438357
Extl1,0.04458489479398087,0.027186862738860475
Pkig,0.0445652195596115,0.027253393228320537
Gm35818,0.04454664078292863,0.02733273512580189
Tmem39b,0.04452598186115604,0.02742790666617349
Trip12,0.044492136333007776,0.027579425695361138
Erbin,0.04448809190089755,0.027592282830770695
Hotairm1,0.04448709327870268,0.027592282830770695
Il13ra2,0.04447318598394276,0.02765928039481843
Gm50012,0.04443557060285522,0.027853193694650485
Nle1,0.04441359607788976,0.027964105170287995
Srsf10,0.04437352736182821,0.028159004625086075
Bend5,0.04435594673861827,0.028247151874709702
AW112010,0.04428278829937354,0.02862497723153079
Slc30a7,0.04426780474671856,0.028685683972441593
Tmem205,0.04423045102545564,0.028843909981308723
Slc25a31,0.0442299289883932,0.028843909981308723
Prps1,0.044215352234645844,0.028895547488261928
Cebpa,0.04416524373557308,0.02914487782448531
Piezo2,0.04415266210726246,0.02918586928287261
Atad1,0.04412053114002508,0.029334305333604472
March6,0.044120308641978294,0.029334305333604472
Eif3e,0.04411788863577534,0.02933656704916295
Rcbtb1,0.04411522307081788,0.029344185782719596
Carmn,0.04410878090458146,0.029373009164384234
Eno2,0.044072910530883254,0.029560295556189883
Kdm5b,0.0440329905482925,0.029756794329506234
Gclc,0.04401974305095981,0.029817256163744518
Gm17110,0.043997513917028594,0.029929075059153067
Ubqln4,0.04397036796571081,0.030061470754690844
Ginm1,0.04393333377618274,0.030222223462556676
Serpinb1b,0.04391178026505016,0.03032395409927259
Scamp1,0.043902467700477586,0.030370238665266894
Nadk2,0.0438348935800642,0.030709932639874732
Epha4,0.04376244856344417,0.031104853464102227
Gm48284,0.04375544292924366,0.031138551518784693
Capzb,0.04371843276536577,0.031311567319524794
Mlxip,0.04371092022869368,0.031348482892192234
Pus7,0.04368293885263935,0.03149974444495801
Gli3,0.043676519472422945,0.03152253165654956
Slc12a1,0.04366528000460911,0.031581977221349186
Ndst1,0.04362784551534345,0.03177543851088668
Spns2,0.043605240372502775,0.03190390721870173
Myef2,0.043525915609118754,0.032322613946645914
Man2a2,0.043524062830771315,0.0323259809044093
Hsp90b1,0.043522470559799256,0.03232775748663465
Nlrc3,0.04349896071149522,0.03244778693143706
Cmss1,0.04347693667742376,0.032551077261681965
Arfgef2,0.04344200409690651,0.032734351219551254
Gm50143,0.04342355901734447,0.032840451289864965
Snapc4,0.04339723331063106,0.03299290647300542
Ogfod3,0.04339382384651757,0.03300090506690607
Cox5a,0.04339120419855422,0.03300912100433899
Slc1a6,0.043388822578827264,0.033015858097502154
Lpar6,0.043356934320344216,0.03317429489883692
Got1,0.04335034810666077,0.03320736981815984
Nup50,0.043342855476195326,0.033246152001939144
Tex43,0.04332750609070504,0.03331192625397749
Cdk7,0.0432994916250495,0.0334614920921648
Gm16225,0.0432737270451649,0.03360401155055576
Cox8a,0.04326836794498588,0.033625227084585665
Gsc,0.04326316294783812,0.0336499618849009
Loxl3,0.04325706309719694,0.033669329027207394
Atg9a,0.043256216104550195,0.033669329027207394
Otulin,0.04324955437429148,0.03369864626771057
Lrp4,0.043243885677637234,0.03372278415734244
Gm28417,0.04323919380824834,0.033733020980838156
Ntrk2,0.04319456221112842,0.033970770167617056
Gm43689,0.04316581885985937,0.0341214939252748
Airn,0.04315654701814817,0.0341643549265306
Gm48819,0.043147062818279736,0.034208630805579156
Rxrg,0.04313741599382341,0.03424647285370614
Inava,0.04312927498438048,0.034289748652306405
Magee2,0.0431217057158051,0.034330162557353626
1110008P14Rik,0.0431199873196091,0.03433291323813599
Fbxl19,0.043095420733167356,0.03446643324619384
Gorab,0.043087450383438385,0.03450962865547412
Olfr77,0.04306992125500537,0.034606465974074754
Ing2,0.04305839102721302,0.03467294050096688
Gm15627,0.04301091052717269,0.0349404238609948
Dnajb9,0.04297227647478464,0.0351515169670579
Bend3,0.04296950237819465,0.03516128122729468
B930036N10Rik,0.042946308267210305,0.03529711313289635
Gm42595,0.042899259891196855,0.03557187767976202
Amot,0.042897993599131476,0.03557187767976202
Traf7,0.042897085325270014,0.03557187767976202
1700086O06Rik,0.04288953482297873,0.03559616219786898
Mt4,0.0428867909165252,0.03559616219786898
Ccp110,0.04288215898641176,0.03560262365793089
Chd1l,0.04286979248222634,0.035659229678371075
Gpx8,0.04286083265294839,0.035701784643709863
Fcgr2b,0.04285228376752868,0.03574025486936961
Nmd3,0.04282559104010815,0.03588568276300156
Wdr93,0.04279617026669262,0.03604857089337054
Ep400,0.042748678955640565,0.03634292966514987
3100003L05Rik,0.042689992720154245,0.03669827218918035
Rbbp6,0.0426763227541994,0.03678292971171808
Cdc25a,0.042669069790328015,0.036823788114431766
Slamf8,0.04263111806933259,0.03705797941768427
1700095J03Rik,0.042629243510926604,0.03706204652304155
S100a16,0.042627212074056856,0.037067196340712795
Atad3a,0.04261613855613291,0.03713468686379703
Tead2,0.04255131163669678,0.037486034770345594
Gm39307,0.04251166643574358,0.03773578679856425
A330041J22Rik,0.04250415338617375,0.03777043177951427
Fundc2,0.042491122464754436,0.03785278386575498
Gdpd2,0.042441542179440586,0.03815674680392161
Gm19684,0.04242627042641237,0.03825570730873563
Fgd5,0.04240182364991404,0.03841299977759123
Atp5g1,0.04240153632846579,0.03841299977759123
Vsig8,0.04236728733252958,0.03862963203497629
Tmem170,0.042347167228199666,0.038746042361112835
Tbx3,0.04232874118534921,0.03885060471374121
Gdf11,0.042319983686745055,0.038904307969197756
Lrrc17,0.0423142886641173,0.038924418007134746
Phc2,0.04231334603773344,0.038924418007134746
Shmt1,0.04231096112583865,0.03893236601699466
Gm14963,0.04229926267432989,0.03900734939088431
Cstad,0.04228121561727731,0.03910981553186687
Zfp57,0.04226635640625716,0.039198711664354194
Btaf1,0.04223128674760939,0.03941592197662023
Echdc1,0.04222675912619618,0.03943954649911497
Atp6v1a,0.042192565979017375,0.03965153236903965
Slc9a9,0.04219068361770661,0.0396559506772688
Nol10,0.04216269171649705,0.03984220442260658
Larp4b,0.042157828926557,0.039859141727993985
Spin1,0.04213917457960546,0.03996224420342494
4930481B07Rik,0.04213760400047169,0.03996224420342494
Tmem86a,0.04213300141722239,0.03998532082485161
Creg1,0.042130055520646185,0.03998822374013157
H2al1m,0.0421044380425046,0.04015830214354745
4930573C15Rik,0.042085541918737916,0.040288655554990324
Ccdc58,0.042001343756211416,0.040878407790846935
Eif3m,0.041993918897155195,0.04091498415294088
Gm34907,0.041986666685479686,0.040950296552101105
Defb48,0.04196878170735804,0.041075291616872935
Ebpl,0.041942788879121895,0.04122639348052968
Gm27209,0.041940675223548614,0.041229678764491004
Wdr36,0.04193864118646833,0.04123541966501885
Fam168b,0.04191923689358019,0.04137269487366873
Timm9,0.04191111793568759,0.04141494920695613
Casp1,0.04189421075901754,0.041517517572493716
Gm38335,0.041875918368419286,0.04163425332029743
Mylk,0.04187460346713767,0.04163456800353468
Nucb1,0.041867938637137336,0.04167569141539932
Lin54,0.04185756108294492,0.041745215205683806
Sec61a2,0.041841043281367736,0.04184599053388428
2410002F23Rik,0.04181877010066169,0.04197073832470364
5031425F14Rik,0.041794975192962776,0.04212605640129057
Gm17638,0.04179392350564738,0.04212605640129057
Vax2,0.041784117089226955,0.04219183718868494
Limd1,0.04176380883385658,0.042329048571499134
Agps,0.041748547628174766,0.04242752009779448
Gm44190,0.04174005768888091,0.04248349915712753
Atn1,0.041698963119445355,0.04277000963132579
Entpd3,0.041698156686502105,0.04277000963132579
Padi1,0.04166902606802467,0.042987945799359356
Tmem92,0.04166057791144702,0.04303426794943203
Nt5dc3,0.04165700597106221,0.0430523273355961
Ang2,0.04165295221410914,0.043064200695616665
Slc38a3,0.04164427058515458,0.043122426361155666
Gm45709,0.0416235260119639,0.0432557237918488
Mtx2,0.04162009591497233,0.04327275336485999
Ankrd60,0.041562950939666214,0.043631914573633475
Gm12927,0.041562950939666214,0.043631914573633475
Cdk18,0.041553812214830635,0.04368701656149976
Cct7,0.04154475353239905,0.04372880811481428
Slc16a14,0.04152155232628093,0.043893498134754336
Hars,0.04151656180217979,0.04392322482949931
Cd8b1,0.041511285049801595,0.04394513190596466
Yars2,0.04148602057434163,0.044127079867170564
H2afx,0.041473157873225294,0.04419980333593071
Sec61a1,0.04145058006629725,0.04437123212060823
Mcpt8,0.04144745398745276,0.044376011135181866
Shisal1,0.04144200700818267,0.044399505199901546
Dhx15,0.041435086503851956,0.044445112007411476
Plppr2,0.04143281472638486,0.044449601153145585
Eef1e1,0.041431999286378765,0.044449601153145585
Gm41717,0.04142541936956699,0.04448229070913963
C1s2,0.04141645439309236,0.04453427911433147
Tspan9,0.04139783213607609,0.044668416044693064
Usp12,0.04138770015068298,0.04472615995562978
Gm38584,0.04134382432546766,0.045031735710068646
Zfp469,0.041328092418455316,0.045149940721418966
Gm37584,0.04132486210314205,0.045166029461429766
Gm29483,0.041306521482100414,0.045295575905218634
Nnmt,0.041286431340729804,0.04542944794041944
Mboat7,0.04121444136230987,0.04596183727935585
Gcnt4,0.04120794321660898,0.04599511806152626
Pou3f1,0.041202967273381186,0.046009761826996176
P2ry6,0.041202362316090105,0.046009761826996176
Adtrp,0.04117896047056354,0.04619416624400573
Rnf38,0.04116795037667154,0.046243940002506465
Lpcat4,0.04116323407885984,0.04627280028849661
Mab21l1,0.04114616234533298,0.046405069719257244
Usb1,0.04113690382150176,0.04647210017871406
Adamts16,0.04113399882565663,0.0464858883586849
Gm24474,0.04111064863207627,0.04667152005125113
Cyb561,0.04109953029382939,0.04674393335586949
Mab21l2,0.04108873750397462,0.046813700039711054
Gadd45g,0.040993114076281555,0.04755136833420805
Pcdha4,0.04097570868340091,0.04768969503802267
Nudcd2,0.04096507534353024,0.04777015861432259
Tmem11,0.04096219563082546,0.047784066080088464
Fam110c,0.040952424381004354,0.04784640052088286
Qtrt2,0.04094010042374811,0.047941664257007154
Gm45449,0.040907144688758834,0.04816119814233445
N4bp2,0.04090244210718701,0.048179835848744836
Arl5b,0.040886174631483516,0.04830987938239881
Bola2,0.040877219987128864,0.04837667630005894
Nudt21,0.040846852673732635,0.04858614078317989
Gpatch4,0.040835047123266376,0.04867816296348775
Phf2os1,0.04081898775797711,0.04878552799117387
Gm19531,0.04080166886945457,0.048893121496980975
Ptdss2,0.04076520637751532,0.049191468113958116
Mta1,0.0407508985926115,0.04929547514864678
Iars,0.04073193350906254,0.04945201779374126
Mesd,0.04072286920332868,0.049511348784378836
Arl1,0.04072271928969643,0.049511348784378836
Emx2,0.0407174302681355,0.04954144456412688
Xrcc5,0.04071680898963293,0.04954144456412688
Fmr1,0.0407103463177998,0.04958761590980249
Slc29a2,0.0407075353592982,0.04960140546952241
Cd82,0.040695428199770275,0.04969778694528255
Mroh7,0.040692806790616494,0.04970991916120983
Has2,0.040688943791150865,0.04973309931933896
Sh3bgrl3,-0.040751707406263715,0.04929547514864678
Dbnl,-0.0407726222194485,0.04913723093239479
Gtf2f1,-0.04080736208824121,0.04885425763966236
Slc6a7,-0.040808344277717956,0.04885425763966236
Ptpru,-0.04081681260004001,0.04879354971562409
Atp6v0c,-0.0408242014889158,0.048750934654520454
Rmnd5a,-0.04082663726000412,0.04874064371201818
Snx1,-0.04085652483951219,0.04851284206272808
Med6,-0.040862426457084815,0.04847243526852876
Manbal,-0.04086936921522884,0.04842300752666564
Rnf187,-0.04087322855074628,0.04840041039642781
Mad2l1bp,-0.040905793203248116,0.04816173714143984
Efr3a,-0.0409071153036578,0.04816119814233445
Lnpep,-0.04090765197969167,0.04816119814233445
Mrgbp,-0.04091369555174955,0.04813698153458005
Asb3,-0.040916853876631916,0.0481205715315147
Snrnp35,-0.04091892848926947,0.04811353645815777
Gm12589,-0.04095457416192225,0.04783875361176544
Psmd7,-0.04100588272346233,0.04745298502189124
3110070M22Rik,-0.04100674378792757,0.04745298502189124
Dpysl3,-0.041019534070846624,0.047358007830048794
Atrx,-0.04104207839827331,0.047176834203871344
Zfp955b,-0.04104653349709474,0.04714969849136857
Gm37494,-0.04105651954964536,0.047075641001920444
Mill2,-0.0410905853351141,0.046808746325954186
Add2,-0.04110023526417888,0.04674393335586949
Pafah1b2,-0.04116938376110891,0.046242504771371644
Tex2,-0.041171017576615086,0.046239397877535976
Slc26a11,-0.0411755382014234,0.046212192699368854
Zfp709,-0.04120664818327642,0.04599511806152626
Map2k1,-0.041207359326789116,0.04599511806152626
Tnpo3,-0.041216141118593196,0.04595821082393725
Wnt4,-0.041220684125812694,0.04593097312726475
Klhl28,-0.041223381886333184,0.04591906657162062
Gstt3,-0.041227745775342835,0.045893337665633215
Plat,-0.04123819125419518,0.045817208742286925
Magt1,-0.04129656242568603,0.04535657510392128
Gm16638,-0.04130166100274542,0.045325089051405164
Glg1,-0.04131266576485657,0.04525555732123941
Gm42047,-0.04136703545823906,0.044852945733682405
Pex16,-0.04136884763658633,0.04484848369562923
Rnf168,-0.041371790897896527,0.04483482811041231
Flt3l,-0.041384110802883414,0.044745028019832954
Hrct1,-0.041394229898865015,0.04468346101751488
Fis1,-0.04139735049786317,0.044668416044693064
Kcns3,-0.04142199914236805,0.04449969754444324
Prss23os,-0.04143016077065975,0.044454228587164656
P3h2,-0.04144497283728898,0.04438580283263241
Parvb,-0.04144822511834191,0.044376011135181866
Tasor,-0.04147519493828362,0.0441936165779393
Rnf219,-0.04148013817845737,0.044164105030661815
Lars,-0.04149329673355555,0.04407891515914464
Glyat,-0.04151405755398815,0.043933104917990455
Trafd1,-0.04154084554587703,0.04374981994518513
Rhno1,-0.04154476433827462,0.04372880811481428
Zfp560,-0.04154968225305283,0.04370977229596114
Pla2r1,-0.04156201556877645,0.043631914573633475
Ttc23,-0.04157146449787745,0.04358712252859033
5033406O09Rik,-0.0415760637621723,0.043560706324991476
Tmem14a,-0.04157944958010547,0.04354392412850685
Inpp5b,-0.041579623331214545,0.04354392412850685
Ssh2,-0.04158405690214769,0.043527531005389475
AI427809,-0.04159322851788239,0.04346494505316266
Taf13,-0.041611533083047166,0.04333029041499052
Slc25a13,-0.04163073864000421,0.04320890578371256
0610012D04Rik,-0.04163173457621704,0.04320890578371256
Evi5,-0.04165347114790334,0.043064200695616665
Lats2,-0.04166576611923748,0.04300353886006047
Rassf5,-0.041703242966950785,0.04275016008609577
Fcho2,-0.04172892255703378,0.04256009608665985
Rdh14,-0.04176140845107721,0.04233778145976241
Dnajc30,-0.041767069996683545,0.042313662593251616
Psmd14,-0.04181509382091268,0.04198280397796479
Ccdc42,-0.04181793706857426,0.04197073832470364
Kcnq4,-0.04182177939971762,0.04196077442292458
Sgsh,-0.041833710254985584,0.041879029577014906
Tenm4,-0.041835824183672723,0.04187258261531943
Fer,-0.04184056850940573,0.04184599053388428
Crbn,-0.041856055956674534,0.04174698761323399
Timm17a,-0.04188983993686426,0.041537918737639075
Osbpl5,-0.04189379552089325,0.041517517572493716
Mob4,-0.04190129768765267,0.041479853369864844
Thumpd3,-0.041915519939074275,0.04139121833154419
Pptc7,-0.04194238474184706,0.04122639348052968
Oga,-0.041946200117467906,0.04121683335387189
Myo5a,-0.04195127689777139,0.04118811136881393
Med8,-0.041958749145630594,0.0411413269913786
Commd6,-0.04198758508129578,0.040950296552101105
Golga1,-0.041994491249071855,0.04091498415294088
Mrpl40,-0.04205028494122551,0.04052209587285779
Anapc5,-0.042051838674989205,0.04052002626841263
Casc1,-0.042081699779881666,0.040307673548323965
Spryd4,-0.042126752952266186,0.04000314551307949
Egln3,-0.04213068725394545,0.03998822374013157
Etnk2,-0.04213741390004665,0.03996224420342494
Cdr2,-0.0421411989889831,0.03996224420342494
Ercc5,-0.042149547120879045,0.03991058389162098
Cc2d1a,-0.042160553605675555,0.03984851924892538
Aldh5a1,-0.042173814018229325,0.03977002790080686
Plcb4,-0.04219893482472328,0.03961435005108441
Ggps1,-0.04220602847044092,0.039571912151469144
Shpk,-0.042208275250656555,0.03956484795427948
C1qtnf1,-0.04223212501156513,0.03941592197662023
Slc36a1,-0.042250963304138564,0.039291657109695954
Myo9b,-0.04226407344933163,0.03920597755683185
Ctss,-0.042271872464374666,0.03916807135849263
Gm15564,-0.042281216629280326,0.03910981553186687
Me1,-0.04229706420618984,0.039013970855327866
Syn1,-0.042313788971648524,0.038924418007134746
Nipal1,-0.04233377012617537,0.03882370656246816
Mrpl34,-0.04233528586538789,0.0388220208528686
Mrpl27,-0.042362692709759786,0.03864415144244416
Aga,-0.042363954005160756,0.03864415144244416
Tmem35a,-0.042367429235890965,0.03862963203497629
Naa16,-0.042370742850116876,0.03862325837894801
Lmln,-0.04245036295749367,0.03810351060857722
Ulk2,-0.04245206096581399,0.03810057141495241
Dxo,-0.042455897390167224,0.038082548079268974
Ncoa3,-0.04247436603822113,0.03796149029335236
Calu,-0.04250526307174825,0.03777043177951427
Adcyap1r1,-0.042516630054773796,0.03771003471106022
Edn1,-0.04252976915513308,0.0376272016046673
Cry1,-0.042553687368485346,0.037478427470063747
Chad,-0.04256168611109893,0.0374317401341065
Hibch,-0.0425650432609857,0.03741732819535214
Retreg2,-0.042577985812964556,0.037336425424864456
Trpm4,-0.04258175612858697,0.037319184088986275
Angptl1,-0.042597875309844484,0.03721650542511219
Snf8,-0.042601456657986723,0.03720061932466797
Ppp2r2b,-0.04260691366719631,0.03717178674530842
Tspyl4,-0.042609939071048535,0.03715975727505095
Car5b,-0.04261086969185858,0.03715975727505095
Zfx,-0.042663245685850136,0.03684609482915609
Uqcrc1,-0.04266615052068209,0.03683498873837194
Aarsd1,-0.042696825059127246,0.03666040658053606
Dynlt1f,-0.042710061718573285,0.03657894836057639
Hpcal1,-0.04271969095230432,0.03652217067820655
Ppip5k1,-0.04272568718072436,0.036490146560775906
Cbln2,-0.04276939094572352,0.03621162072837652
Gm44040,-0.04277489446022132,0.036183158657202064
Nectin3,-0.04279847752417522,0.03604169529371458
Snw1,-0.04281373106879176,0.03594792917933381
Bloc1s3,-0.04281543685171235,0.03594510388394352
Armc5,-0.04284671125096315,0.035753110854501724
Zbtb46,-0.04284971657609689,0.035741629940237364
Ppil6,-0.04285120742707832,0.03574025486936961
Nans,-0.042856667706478224,0.03572098018309282
Arhgef10l,-0.04286297085797448,0.03569610302912697
Tmem104,-0.04287638620143612,0.03562390652752525
Smim7,-0.04287776335591982,0.035623301566930006
Nudt16l1,-0.04288441753183555,0.03559616219786898
Sh2b3,-0.04288509603901782,0.03559616219786898
Mtor,-0.04288623924879056,0.03559616219786898
Hist2h2aa1,-0.04288805194781473,0.03559616219786898
Zranb2,-0.042893713963016895,0.035585720511979314
Mfsd9,-0.04291812236444496,0.03545793754128982
Mrps31,-0.042932051715008884,0.0353742637954801
St3gal6,-0.042937946658708384,0.03534381830833398
Fam76b,-0.04295381049246971,0.03525612864276814
Gps2,-0.042985388393961384,0.035073847738891675
Thra,-0.04300141869647997,0.03497721851310031
Vdac2,-0.0430035335180916,0.03497181598166131
Rars,-0.043006884655386664,0.03495832402587832
H2afz,-0.043017236617203455,0.03490749538725933
Fzd10,-0.04303531992959965,0.03479788686295437
Abhd4,-0.04303575703686222,0.03479788686295437
Zbtb45,-0.04304268393682422,0.03476672236036035
Bbs2,-0.04307071507617743,0.034606465974074754
Ppp2r3d,-0.04309976947417627,0.03444667494052075
Mfn2,-0.04310540511500946,0.034418619067103765
Fh1,-0.04313729612592701,0.03424647285370614
Dcaf11,-0.04313946035023449,0.03424647285370614
Fam76a,-0.04314780319925215,0.034208630805579156
Copb1,-0.0431608210401166,0.03414523812487475
Rpa1,-0.043181562296950506,0.03402901858558557
Npnt,-0.043184170043035604,0.03402061738645205
Wdr66,-0.04319004076635454,0.033991376926592855
Aox1,-0.043195856668189286,0.0339707665546521
Zadh2,-0.04319945547473282,0.03395605936304144
Pdlim2,-0.04321327186939143,0.03387624716775008
Cyren,-0.04322408427542104,0.033815692689905905
Pdik1l,-0.04323839755775119,0.033733020980838156
Insc,-0.04324260056427121,0.03372278415734244
Ptprb,-0.04324899786642812,0.03369864626771057
Bicd1,-0.043259154687927896,0.03366713351999301
Tomm34,-0.043273019016211244,0.03360401155055576
Hk1,-0.043291538968379804,0.03350344196685415
Tnpo1,-0.04331211365466825,0.03339021835483863
Itch,-0.04331299281972351,0.03339021835483863
Gper1,-0.04332717283737364,0.03331192625397749
Hoxa10,-0.04332838079922787,0.03331192625397749
Plekha8,-0.043336437389913794,0.03327823731937872
Plcd1,-0.04336507123244174,0.03313156396993513
Prxl2b,-0.043375885667358796,0.033072183120611984
Immt,-0.04337849027117846,0.03306404212851604
Gars,-0.04338083001357166,0.03305755520077261
Sult1a1,-0.04339640908340258,0.03299290647300542
Tyro3,-0.04344246710537547,0.032734351219551254
Vps26c,-0.04344835555131578,0.03271117837527534
Brd9,-0.04346755759999239,0.03260078680799516
Mitf,-0.043478858126296434,0.0325472591626566
Zkscan17,-0.043484296899408796,0.032521825059790274
Adcy1,-0.043491702317019335,0.03248433585283456
Gpn2,-0.04351011936890716,0.03238738985864201
Smim20,-0.04351734082217381,0.0323511642248531
Araf,-0.04354206725218138,0.03223197300709821
Lrch4,-0.04356401650095227,0.03210631971485759
Sh3gl2,-0.04356788681131166,0.03209071920560672
Parp11,-0.043572039317826924,0.03207341358163406
Calhm5,-0.043573618425707186,0.032071733392970425
Dpy30,-0.043581824630891275,0.03202985449627459
Zbtb7c,-0.043602109403162684,0.031914955597192055
Nfya,-0.04363352970017643,0.031749070984931835
Apol7a,-0.04363737989640867,0.031733749578567255
Mvk,-0.04365082797954445,0.03166079466674234
Ldlrap1,-0.0436783281514978,0.031519508531113245
Dctn1,-0.04370384695743882,0.031382822003898296
Ano10,-0.043731601424251566,0.031241132143558878
Dcaf4,-0.0437382934939792,0.03120919017565426
S100a1,-0.04373870649244834,0.03120919017565426
Rfesd,-0.04373969913210046,0.03120919017565426
Ccdc71,-0.043745082293221445,0.0311921467803817
Krt79,-0.043796533041939256,0.03091173080117986
Def6,-0.04380943057128483,0.030843685186753175
Cep89,-0.04381964023617753,0.030791505856518516
Nat9,-0.043840623842339305,0.030684089173536
Sgcd,-0.04384149645691165,0.030684089173536
Plaat1,-0.04388412258086185,0.030446251911075816
2610507B11Rik,-0.04388975660079364,0.03042116234685092
Taok2,-0.0438968809538095,0.030387467066609452
Slc17a5,-0.04390035043041604,0.030374940056757366
Tradd,-0.04391308364282056,0.03032395409927259
Dhrs3,-0.04392042236467521,0.03028912900354857
Gatad1,-0.043936957626084024,0.030208873239606797
Pigyl,-0.04395096720381878,0.030135816533572144
Gnb1,-0.04395719092140667,0.030107575505239605
Dnpep,-0.043957589832371,0.030107575505239605
Prss12,-0.043964742306392815,0.030079233297992575
Rftn2,-0.04396914633126503,0.030061470754690844
Faap24,-0.04398225553862845,0.030001355427946932
Evc2,-0.043989327708095535,0.02996837979796635
Rassf8,-0.04401676849942819,0.029826748967138366
Paqr6,-0.04402114709167409,0.02981670405631968
Anln,-0.044035216645817755,0.02975157525515106
C1rl,-0.04403777705202214,0.029744459778736892
Gdi1,-0.044059713559227595,0.029627511838111985
Htr2a,-0.04409992284410283,0.029415439852941414
Ptprf,-0.044119599678652116,0.029334305333604472
Acad8,-0.04413347695224981,0.02927852350981655
Crybb3,-0.044139025433606593,0.02925478797728756
Tril,-0.04415659585341942,0.029171213848156245
Hnrnpul1,-0.04415915424693288,0.029164241129120406
Tle4,-0.04416385122140462,0.02914533991683194
Srd5a1,-0.044168714140501615,0.029132828632707754
R74862,-0.044194642103887835,0.028995843735856324
Srsf4,-0.04420688102024661,0.028935214244374494
Hand2os1,-0.044219262279580604,0.028881157712844788
Hectd3,-0.044220799891543636,0.028879899777604644
Pin1,-0.04422168337507176,0.028879899777604644
A330023F24Rik,-0.04423028895138209,0.028843909981308723
Fbxo8,-0.04423521104143689,0.028836458596483858
Zfp30,-0.0442363573801511,0.028836458596483858
Mpp1,-0.04424458976097106,0.028799149400028375
Rab6a,-0.044246310141803205,0.028796896630377565
Slc25a23,-0.04426932416734841,0.028684544985572883
Ptprm,-0.044269947994638716,0.028684544985572883
Pigq,-0.044333568023910086,0.028354518251489064
Dvl1,-0.044348490096149204,0.0282805090961475
2510009E07Rik,-0.044392964474067105,0.028061087611856723
Card10,-0.044396954762187114,0.028046643926828783
Cdon,-0.04449243212130306,0.027579425695361138
Kansl1,-0.04449284194981927,0.027579425695361138
Gm10522,-0.044502294302811704,0.027546396542749582
Larp1b,-0.044529245996362175,0.027417591900711573
Tfeb,-0.044557871781791714,0.027280517513474118
Clcn3,-0.0445643430714992,0.027253393228320537
Hltf,-0.044568900462717484,0.02724324192738672
Cradd,-0.04456905566164248,0.02724324192738672
Gid4,-0.04457607623893252,0.027219349454149906
Dnal4,-0.044577945637756265,0.027216432013497095
Gm27222,-0.044599660709040916,0.02711639314809309
Micos10,-0.04460091365527103,0.02711639314809309
Fzr1,-0.04461175054368853,0.02706865334438357
Mettl27,-0.04461678547681715,0.027054358972455513
Hbp1,-0.0446194038408708,0.0270491018934313
Herc2,-0.044619446547126504,0.0270491018934313
Lancl1,-0.0446253765747948,0.027036976308698463
Suds3,-0.04463466461338692,0.02699539291585122
4933408B17Rik,-0.0446371671627076,0.02698920966271919
Dnajc17,-0.044639988791464066,0.026981366366393887
Lonp2,-0.0446671428989217,0.02684704207086029
Cobl,-0.04466750389525971,0.02684704207086029
4732491K20Rik,-0.0446733411170638,0.02682855466744236
Smarcal1,-0.04470182201839447,0.026708455204858216
Hnrnpul2,-0.04470377098316365,0.026705195136452087
Cdc42bpb,-0.044708679935779275,0.026686658828480876
Ubr2,-0.044723539481137484,0.02662365002009099
Zfp825,-0.04473502995992993,0.02657809332392763
Uba1,-0.044741318097489075,0.026559329897647935
Oaz1,-0.04475721617861045,0.026504807361763714
Usp46,-0.04476195661010914,0.026487267862093402
Cetn2,-0.04476967773216201,0.02645447105362008
P3h4,-0.04481429647676506,0.02627387545561985
1810030O07Rik,-0.04483885597861402,0.026162525034289914
Aptx,-0.04484153007926137,0.026155668786167843
Ppp1r13l,-0.044860623588024943,0.02607238796302606
Mon1b,-0.04491976660181623,0.0258013820354564
Chchd3,-0.04493434233049771,0.025735074573694602
Gipc1,-0.04496596207133865,0.02559721616531898
Tmem230,-0.04500933672853158,0.025434596700308537
Aff2,-0.04503451319933641,0.025323393456177148
Rwdd2a,-0.04504094618836539,0.025298235999576937
Actg1,-0.04504416249507252,0.025288925236341235
Gm35853,-0.04505262003228999,0.02525384798638237
Rnf145,-0.04505491355682721,0.025249087586935514
Fmod,-0.045075518577769556,0.02515450590572106
Rmi1,-0.045081611653708616,0.02513116380070582
Cdkn2aipnl,-0.04508286869577697,0.02513116380070582
Nat8f4,-0.04509113406111247,0.025097556038154983
Pld2,-0.04509254830340509,0.02509712280817912
Fam189a2,-0.04510499754757801,0.025042806326232937
Akr1e1,-0.04512870374798975,0.024940283184248846
Cbwd1,-0.04516636158941567,0.02477706028542614
Mpv17,-0.045169033679941864,0.02477055718629523
Zfp367,-0.04518809056683736,0.02468958120615146
Abcb7,-0.045223225984597874,0.024535384870624892
Appl2,-0.045228090493956104,0.024518442422515063
Supt7l,-0.04532675027851221,0.02408767073122476
Cox17,-0.04537194173694141,0.0238879864799421
Cdc14b,-0.04537568649720194,0.02387667669878556
Tagln,-0.045378172357318634,0.02387125585379337
M1ap,-0.045393017915505644,0.0238093495394241
Mettl5,-0.045396210209896565,0.023805630225608495
Copg2,-0.0454024779955021,0.023786764271940927
Kif1bp,-0.04543569888868059,0.023652891120955068
Rnf2,-0.04543705770195929,0.023652747198738673
Dhx58os,-0.04545219064366266,0.023588823571157644
Pold4,-0.045482178577717115,0.02345660951766399
Slc6a13,-0.04549238544654944,0.023415783238104556
Hoxc9,-0.045497715316877844,0.023397402258586903
Sqor,-0.04551048461759254,0.02334880677510667
Scnm1,-0.04555325054415933,0.02316782995873346
Fmo5,-0.045567403490413334,0.023115561754692898
Prkaca,-0.045575276867937276,0.02309188011934873
Klhl29,-0.04558368523309609,0.023059774474768615
Zfp652,-0.0455973418241557,0.02300396390037013
Eif4g2,-0.045651528883926644,0.022795822238509563
Smarcd3,-0.0456635109408234,0.022748081350489936
Sh3bp5l,-0.045704477218129355,0.022583054954467663
Ralgapb,-0.04572391756167104,0.02250262093375532
Akirin1,-0.04573324847294691,0.022473056326247708
Lpin3,-0.04575859756917832,0.022378635657978607
2900076A07Rik,-0.04576911483213546,0.022343994763851124
Pdcl,-0.04578620799406459,0.02228048403182862
Cant1,-0.04579632635853956,0.022247734841462623
Ptgr2,-0.04579641493713023,0.022247734841462623
2310039H08Rik,-0.04582303931568265,0.02215403476919656
Acp5,-0.045824059526687694,0.02215403476919656
Rabif,-0.04584947240278651,0.022056108647530163
Mfhas1,-0.04586807612614911,0.021986776998423555
Epn1,-0.045873244804540816,0.021973114711625143
Hotair,-0.04589612104940852,0.02189408635854333
Fam49a,-0.04590410818296649,0.02186530961863263
Uba5,-0.04592029753459572,0.02180117752462247
Glcci1,-0.04593842313172051,0.02173462595767275
Xrn1,-0.04597741161611271,0.02157896412218348
0610009B22Rik,-0.045982595885155686,0.021562522523062778
Spsb2,-0.04600719396345423,0.02146908537703386
Rnmt,-0.046069203884779426,0.021229294653322493
Ndufs2,-0.04608233070472259,0.02117970217234536
H1fx,-0.04609237008774721,0.02114316066413291
Rmc1,-0.04610783598482662,0.02108396019242737
6430548M08Rik,-0.046132217211777675,0.02100442276867694
Mrps18c,-0.04616233575815948,0.020890242148851768
Snrnp25,-0.046218009347940334,0.020682312486425148
Atg4c,-0.0462207950964882,0.020676348932028167
Ehd4,-0.046225367832691745,0.020663043457130242
Gmppa,-0.04623071419229264,0.02064656935426955
Inpp5k,-0.04623501734171573,0.020634389002627433
Slc6a4,-0.04626874058083863,0.02050184713241026
Fsd1l,-0.04629766282662468,0.020394982968461317
Atraid,-0.0463138461082369,0.02033476200509357
Mlh3,-0.04631747565542114,0.02033088504164969
Wasl,-0.04634899743459993,0.020219732162497235
Flna,-0.04639590867887239,0.020047492961755346
Casp9,-0.0464017802411458,0.0200371062983979
Csf2,-0.046434465240583915,0.01993103322716557
Scn1a,-0.04643624954257217,0.019929259157765507
Adprhl2,-0.046463077451684716,0.019828076746430195
Ank2,-0.04646440706909644,0.019828076746430195
Fktn,-0.046558120191246485,0.019480931836873158
Prkag1,-0.04657504829142557,0.019425449011667217
Stxbp1,-0.04658186595447701,0.019404155274717373
Rps6kc1,-0.04663789149403378,0.019203080463571293
Zbtb16,-0.04666290346837708,0.019122437096224076
Glrb,-0.04669254886346937,0.019024413429282877
Parvaos,-0.04669417448649195,0.019023319533590478
Tmub1,-0.04672481414064112,0.018911812659283617
Cdkn2c,-0.04674763799835219,0.018845618592983886
Nphp1,-0.0467649855439893,0.018790191131763796
Tecpr1,-0.046768832632692534,0.018780732013856577
Tubg1,-0.0467948367143425,0.018692935907199643
Pgls,-0.04679554695103024,0.018692935907199643
Nhlrc2,-0.04681254152150014,0.018641600277250137
Umad1,-0.046824100167273904,0.01860836476276639
Necab3,-0.0468287510427091,0.01859598685628931
Pik3c2b,-0.046842455923112244,0.018549810505848335
Ubap1,-0.046851837494529744,0.01853484511369046
Atg13,-0.046890672611392965,0.0184005061501754
Frg1,-0.04690244627841515,0.01837183962366723
Cgrrf1,-0.04691278272871221,0.01834356462179924
Tcfl5,-0.0469192876807777,0.018324508835544703
Mrm2,-0.04698936560090796,0.018082218342287477
Pxmp2,-0.047014946867154496,0.017994031723304618
Dnajc14,-0.04703464703353988,0.01792750123244371
Usf2,-0.047055756693134415,0.017860953621909564
Lrch1,-0.047080575468174374,0.01778612949301845
Sema3a,-0.04709955216003864,0.017722882562854272
Thap3,-0.04710821989370747,0.017696672249922933
Plekha6,-0.047114959558734175,0.017682349612683206
Ro60,-0.04713164650263171,0.017641818774738815
Sms,-0.04713321077869542,0.017641818774738815
Stx12,-0.04713895087334055,0.01763017122032734
1700008J07Rik,-0.04715548075749161,0.017576118642646136
Sh2b1,-0.047166797891268424,0.017540704660386274
Leng9,-0.04717655540441286,0.01751088037638781
Ndufaf1,-0.047178767221680996,0.017507815619785226
Lsm8,-0.04719305574681611,0.017462021528915947
Stk32c,-0.04719411268059671,0.017462021528915947
Chst5,-0.0471961942980912,0.017460452420886625
Ski,-0.0472319457570446,0.01734397617011501
Slc25a1,-0.04723812831293223,0.01733173028257797
Kat2b,-0.047244066055060686,0.017317610322490296
Lrrc15,-0.047244832213384866,0.017317610322490296
Wee1,-0.04725160703150983,0.017303368049881078
Tcf4,-0.047288959824719555,0.01718225641461696
Angptl6,-0.04729524402704573,0.01716507162286024
Tmem63b,-0.04730604362312996,0.017136896711216945
Prkaa2,-0.04730770989370265,0.017135797173037735
Dctn3,-0.04730880837521922,0.017135797173037735
Thap7,-0.047325867671846635,0.017086831966329808
Macrod2,-0.04733154237087402,0.017071848320737954
Pgghg,-0.047357400425767686,0.016991805256364793
1700061G19Rik,-0.04736304595442783,0.01697699821670739
Ppfibp2,-0.04737837957708946,0.01693816332219172
Scp2,-0.04739840004613966,0.01687405789835896
Selenot,-0.04739898172640306,0.01687405789835896
Erich1,-0.04740308372149755,0.016867274415409545
Gorasp2,-0.04743182272339508,0.0167782715076041
Slc22a4,-0.047447951724988315,0.016727943645784768
Nfatc3,-0.04744937779687429,0.016727694303291348
Wdr35,-0.04746582901075177,0.016685593507985437
Bloc1s5,-0.04750319604448605,0.016572904009828256
Sipa1,-0.04751143716415574,0.01654968701439654
2900041M22Rik,-0.04753502869178066,0.016479467056444447
Mtr,-0.04754919547888263,0.016441053352725662
Fbxo25,-0.047558762474205846,0.016413570206540898
Metrn,-0.04757620673296771,0.016359845452629695
Nagk,-0.047595409734976904,0.01630043405002822
Rasgef1a,-0.04761396252110434,0.01625235077072792
Ripk1,-0.047620539112702275,0.016235053299738397
Herpud2,-0.04762128599697554,0.016235053299738397
Enpp1,-0.04765416441095089,0.016132976083002484
BC017158,-0.04768861496957153,0.016024342621418483
Ttyh2,-0.047694583452581804,0.016009252175706708
Gcnt1,-0.04771597713087811,0.01594385475728206
Gm28875,-0.04771729658042986,0.01594385475728206
Art4,-0.04772825323027197,0.015912721767212163
Boc,-0.047729654835154386,0.01591257242363727
Exosc4,-0.04775955818666878,0.015830262180490946
Irf3,-0.04776800325344051,0.01581899332061767
Zbtb22,-0.04778634012247274,0.01576415095040164
Vapb,-0.04778679599405071,0.01576415095040164
Afap1,-0.04781849317917917,0.015669475080040934
Tmem204,-0.04782617073910162,0.01564921637710506
Vamp2,-0.04785734851246274,0.015558272879924279
Ghitm,-0.04786167172536356,0.015548825189223627
Mrpl51,-0.0478736272912738,0.015515103767260792
3110009E18Rik,-0.04789560727432684,0.015453975510992608
Bckdk,-0.04789923807834094,0.015446778842721666
Shisa5,-0.047915711299970194,0.01539898787482854
Snx27,-0.04799283452752092,0.015172802534771525
Ndufb4,-0.04799486992008186,0.015172023041032564
Clba1,-0.04801750955852191,0.015105856735373563
BC005537,-0.048021462674802826,0.015097807426044068
Bad,-0.04802308837609759,0.015096979522594969
Tk2,-0.048025494476428524,0.015093732559954377
Tmem184b,-0.048057210062881495,0.015012446057414317
Dlc1,-0.04806917171148664,0.014983952184286664
Ptch2,-0.048072378465377444,0.014978265629325747
Tle6,-0.04807865401555719,0.014963136420691456
Lysmd2,-0.04810038587116395,0.014900574062189075
Tsen34,-0.04811526589340849,0.014863347843630572
Ralb,-0.04811679109938421,0.01486284697065006
Mcur1,-0.048127227893886085,0.014835114462352948
C130050O18Rik,-0.0481308636687605,0.014832331178761078
Cmc2,-0.048135647737556006,0.014821888722837013
Rab11b,-0.04814376351102847,0.014801297823758391
Stk19,-0.048181561292329984,0.014694773339913831
Dctn6,-0.048195254051265214,0.01465748888263174
Coq10a,-0.04822030537511928,0.014586098010656924
Prph,-0.048273633985354315,0.014438707831335466
Pop4,-0.048285022587151616,0.014408863159485235
Nrbp1,-0.04830428236093933,0.014359044312507858
Cuedc1,-0.04832387815242357,0.014313859269132307
Nlgn3,-0.04834119559784024,0.014270784328867829
Scg3,-0.048371807333176885,0.014184787732810348
Dgka,-0.04838493649171386,0.014150326836496838
Gpr35,-0.04838591248180436,0.014150326836496838
Clcn7,-0.048389840215170225,0.014147952675478201
F13a1,-0.048403021968469885,0.014117404586290365
Eogt,-0.048406497958182734,0.014111242524595195
Pstpip1,-0.04846562736683254,0.013959331028859729
Rrp36,-0.048468545011775506,0.01395484682586078
Rexo2,-0.048486121457223426,0.013915952606971276
Hspb8,-0.048506867362884856,0.013860195726021414
Zfhx4,-0.048519522658975626,0.01382781033575471
Zfyve16,-0.048528848342896565,0.013805018653501056
Baiap2l1,-0.04853536079834733,0.013790301796985139
Mybl1,-0.048536934496009404,0.013789712100726324
Mrps35,-0.04854523462972598,0.013769906159974818
Rabepk,-0.04855420706732308,0.0137482093706898
Apol9a,-0.04856715398045347,0.01371912556231557
Kazn,-0.04857179394697627,0.013709818826363495
Wbp1,-0.048600879576641456,0.01363119674538579
Gria4,-0.04861752819665327,0.013595753358738614
D5Ertd579e,-0.04862024206589869,0.013591958596566615
Slc12a4,-0.04865977616531928,0.013488482224802442
Rad21,-0.048662742572907765,0.013484007462808012
Mink1,-0.04866804822588502,0.013472984320470673
Aldh1a1,-0.04869134513625438,0.013419365192958348
Tmem106c,-0.04869738722238504,0.013410160675209495
Tmem134,-0.04869904553908314,0.013409968003890388
Cnot9,-0.04875604847366276,0.013266429574280056
Ctnna1,-0.048808008526859244,0.013131172645811135
Ndufa6,-0.04884753166439169,0.013027190280910948
Grk2,-0.04889573544143501,0.012904263288554617
Arpc5l,-0.04889806338260492,0.01290168561022053
Rab5b,-0.048904556740427825,0.012887902967754751
Tmem8b,-0.04892193205724566,0.012844928190488115
Mvd,-0.04892548351277481,0.012839083192560094
Insig2,-0.04893601544308017,0.012814553170253465
Ifih1,-0.04895286471339956,0.012773203714725076
Snrpn,-0.04896946187157333,0.01273629436699936
Zfp638,-0.04905179357235333,0.01253332169208623
Vti1b,-0.04905947664221217,0.012516781924929554
Anks1,-0.049064257444882374,0.012507856201166536
Egln1,-0.04907433228535875,0.012485096662477324
Prr14,-0.049090001682166276,0.012447788397368374
Golph3,-0.049144081942356345,0.01232174562352572
Zdhhc18,-0.04914462339605531,0.01232174562352572
Gm10115,-0.04916760998950321,0.012271720031546727
Eif2b2,-0.049196552171849886,0.012204496872433539
Cds2,-0.04919697539249463,0.012204496872433539
Fam98c,-0.04924259830664405,0.012097602313214773
Sec24b,-0.049291009523846234,0.011985603134301054
Zfp317,-0.04930872217484423,0.01194452465359283
Mdh1,-0.04930903572391899,0.01194452465359283
Sorbs3,-0.04932529779389982,0.011916489373807536
Golga2,-0.04932932562154009,0.011910091728796772
Clcn6,-0.04934597351958327,0.01187916638346659
Prkcg,-0.049372760604215936,0.011825712682254646
Tnfrsf23,-0.04939232673381662,0.011780536285669763
Tpgs2,-0.049411297595691975,0.011738284305902014
Pip4p1,-0.049425660616134945,0.011711725389965488
Stambp,-0.04944913471600092,0.011660726225175149
Lgi1,-0.04944963285301726,0.011660726225175149
Exoc3,-0.04945759025590378,0.011653495427794234
Cpe,-0.04950546566385668,0.011556508815999986
Golga4,-0.04953524692430931,0.011487604048737955
Dhrs1,-0.04954835840636833,0.011459201923174808
Lipa,-0.04955433516040657,0.011448090099531072
Wdr83,-0.04957549363923821,0.01141036470400271
Nit1,-0.04958368135426167,0.011393977774585808
Ppp1r14a,-0.049608303090764395,0.011341496249675644
Dhcr7,-0.04961056559831972,0.011339385638979446
Chrdl1,-0.04962374327896423,0.011311160337098862
Dalrd3,-0.04962802957084376,0.01130422048721398
AI987944,-0.04963074451892518,0.011301037267936907
Psmd5,-0.04963337855508682,0.011298048796564505
Wnt1,-0.049641424980958915,0.011282148148259457
Pola2,-0.0496627124090418,0.011234773001732057
Lamtor3,-0.049675727530080135,0.011207170850134975
Mfsd12,-0.049695185265112345,0.011164403494975775
Rnf25,-0.04969528966287383,0.011164403494975775
Babam1,-0.0496969175480107,0.011164403494975775
Npr3,-0.04969844293714662,0.011164403494975775
Pkn3,-0.04970637797965873,0.011151044736617946
Polb,-0.04975111978738369,0.011052402579398607
Psmg3,-0.04976707568658472,0.011021574842265978
Dym,-0.04977905295119383,0.010996868962240768
E130114P18Rik,-0.04983266615041176,0.01088217883762565
Tmcc2,-0.04987560708481639,0.010789829102350991
Man1c1,-0.04990179579557881,0.010744699357917775
C1galt1c1,-0.049918415262412294,0.01071108979294612
Snx3,-0.04993894586443357,0.010673902111784771
Pkia,-0.04994043805099797,0.010673662568851966
Cebpzos,-0.04994207980245698,0.010673084690793653
Abi1,-0.049959954092571125,0.010645170588840958
Tiprl,-0.049976287429125486,0.010611406224688808
Car11,-0.04999040799997641,0.01058897079830971
Tprkb,-0.04999204687969828,0.010588409075836878
Lamb3,-0.04999906493037961,0.010578869670187955
Tom1l2,-0.050026774977454204,0.010519802737311673
Kdsr,-0.05007963947122693,0.010417483749072481
Stimate,-0.0500922937414162,0.010394822306699058
Dtx4,-0.0500970544214668,0.010391222799494304
2700049A03Rik,-0.05010357376534559,0.01037987789822187
Snrnp27,-0.050143999741012295,0.010303050045647735
Plekha1,-0.0501580792357729,0.01027521501551224
Atg5,-0.050201667414858424,0.010186156733212114
Tmem128,-0.05021345653617541,0.010169625953210474
Grik5,-0.050230606299872534,0.010135623939075257
Rusc2,-0.05025264745421952,0.010093881763570237
Slc7a7,-0.05025588743214623,0.010089902664249839
Fam50a,-0.05025953977719424,0.010085037128586632
Dolpp1,-0.050265203222968464,0.010075843951494912
Eef2k,-0.05027053770520495,0.010070369001120062
Ankrd9,-0.050277774807594766,0.01005780658721144
Stac,-0.05031339494303611,0.009993436364883616
Rilpl1,-0.050315519240469064,0.009991882161021568
Apbb2,-0.05031960566078133,0.009986137709968083
Tmem184c,-0.05032785810149593,0.009974489723544845
Etfa,-0.05032831953287335,0.009974489723544845
Rnpepl1,-0.050375168890391044,0.009891770718750288
Rubcn,-0.05039643819742622,0.009852730725471737
Zbtb7a,-0.0504629769726921,0.009719083432223065
Fbxw11,-0.05048841374745329,0.009672016537140246
Cyb561d2,-0.050503247358127695,0.009647080085391512
Tmem91,-0.05050458264136454,0.009647080085391512
Tollip,-0.050509309437871464,0.009643228755952207
Arhgap17,-0.05051065869647216,0.009643228755952207
Fgfr1op2,-0.05053845134004541,0.009588870229170035
Pde6d,-0.05056085952444402,0.009545717800351001
Twsg1,-0.0505648720103374,0.00954036586979931
Tmem45a,-0.05058101363175415,0.009513071158480997
Dnm1,-0.0506045499441757,0.009470812672439375
Sfr1,-0.05060463091079761,0.009470812672439375
Mlycd,-0.05069239417507026,0.009313178931387943
Mlf2,-0.05070148555917226,0.009300587880866821
Crabp1,-0.05074755381749038,0.00921991593477451
Cep152,-0.05075095501790007,0.009215950027340648
Creb3,-0.05078445450361536,0.009157967889354602
Bend6,-0.050797777250334915,0.009134467134743886
Plp1,-0.05081337805500277,0.009106546241066367
Yars,-0.050823781773665054,0.009091643574293743
Rab37,-0.05085767717808893,0.00903360774564705
Adipor1,-0.05087512340327422,0.009002381562759329
Med30,-0.05088273664041453,0.008995788004536055
Hprt,-0.050912690946788235,0.008945929637238927
Tmem160,-0.05092493583848666,0.008925006893373482
R3hcc1,-0.05093232311067209,0.008913481974042818
Dmac1,-0.05099291516469037,0.008805452296016474
Arhgef3,-0.05099571874089777,0.008802842638282344
Wdr91,-0.051007993787924366,0.008784909762843738
Atp1a2,-0.05105177445500141,0.00870994810300885
Fbxw2,-0.051061263675546094,0.008694719696156402
Aktip,-0.05109100965396801,0.008641505592467782
Fbxl20,-0.051093016923914325,0.008640385755424881
3110040N11Rik,-0.05110244022724516,0.008625392174335682
Kctd2,-0.0511114860427288,0.008611127226373494
Trpm7,-0.051123397322434254,0.008596801054079343
1300002E11Rik,-0.051178533037973456,0.00850500086522708
Snap23,-0.05119683442025605,0.008476474378095778
Coa4,-0.05120120198043525,0.008471036903155331
Fbxo6,-0.05120719815506932,0.008462610068508883
Rp2,-0.05121476027274675,0.008451316909317653
Uqcc3,-0.05124673166297827,0.00839798025409733
Smpd2,-0.051263694439430754,0.008372220640569484
Sgsm2,-0.05129090236158386,0.00833308487800392
Gmpr2,-0.05129709405199784,0.008326994042611193
Acadvl,-0.051309933874089976,0.00830632936604526
Prxl2c,-0.05137063786922347,0.00819984435015455
Pik3ca,-0.05137394258549145,0.008196469691032262
Trerf1,-0.05138426997785182,0.008183097477975366
Tuft1,-0.05139345146953267,0.008169267340450098
Cetn3,-0.05141303807454572,0.008136991635922058
Sun2,-0.05144529351471133,0.008084975030495427
Ndufa11,-0.05146770596456833,0.008048043144727794
Mrpl14,-0.05147043918724333,0.008045730347699127
Pi15,-0.051490496861927214,0.008015553838726328
Ntan1,-0.05152445031483298,0.007958837447418323
Smim13,-0.051532672357209285,0.007947019977001774
Foxn3,-0.05153506097055684,0.007945332598475996
Uvrag,-0.051558845660323455,0.007908184934127266
Cap1,-0.05157448344328767,0.007884528261669861
9930111J21Rik2,-0.05158374590481942,0.007873460872861195
Hspa12b,-0.05158379037902312,0.007873460872861195
Nsdhl,-0.051593570720824405,0.00786144327706993
Aldh3a2,-0.0515957029150308,0.007860216380401073
Zfpm1,-0.051602470930429425,0.00785103085135591
Golph3l,-0.05161569405914326,0.007830796480267695
Tfip11,-0.05162950408501574,0.007809607569840295
Spata6,-0.05162962082549723,0.007809607569840295
Mprip,-0.051645214371596325,0.007787651544957426
Vcl,-0.05165869135309042,0.007769988146610859
Hnmt,-0.05166817177727593,0.007758268340104875
Calhm2,-0.05168875595512942,0.0077257957389257415
Shld1,-0.05170854871729037,0.007694781195190519
Derl1,-0.05171154598174528,0.007692124908864438
Mmut,-0.05172240135574883,0.007676247424516414
Actr1a,-0.05173184997170595,0.0076627612378482295
Zfyve19,-0.0517600545288203,0.007625046225943478
Ripor1,-0.051781956782770824,0.0075908908752703634
Ctbp1,-0.05178393605996989,0.007589964097535452
Sgk3,-0.05181255587009204,0.0075448272522581055
Cnnm4,-0.05181683474486265,0.007540101133799332
2610001J05Rik,-0.051826047441256726,0.007529576348388747
Frmd6,-0.05186395217210811,0.007476534074671017
Eif1,-0.05187938849113184,0.007453565710271809
Exph5,-0.05188239956229155,0.00745096906831695
Elmo2,-0.05188470469198071,0.007449528746321065
Pan2,-0.05189250616342528,0.0074391029081070075
Pkd2,-0.051910829068176664,0.007416183436389251
Cdk6,-0.05191276817656476,0.007415348053855026
Sp1,-0.05194652546783214,0.0073628400337558495
AW549877,-0.05194656503070433,0.0073628400337558495
Sugp1,-0.05195822927692787,0.0073508318143827
Ccdc66,-0.0519877433457868,0.007312447033759889
Rbms2,-0.05200100939146633,0.0072934252713894405
Rgmb,-0.05200505927442019,0.007289219427119499
Ppm1a,-0.05202120132946024,0.007267938308642857
Trim3,-0.05208771215691062,0.007164497448127324
Aifm2,-0.05211565759678427,0.007129380494470036
Mpp7,-0.052116140859316755,0.007129380494470036
H2-T23,-0.05214996203459201,0.007080202587343906
Angpt2,-0.05216908219138079,0.007052619902968134
Tnrc6c,-0.05219572403921628,0.007015694010077558
Wdr60,-0.05219918354449044,0.007012550979096861
Mfsd8,-0.05219929893873502,0.007012550979096861
1700007L15Rik,-0.05220763742158642,0.007003896082404123
Reck,-0.052211303907928164,0.007000439376943905
Rarg,-0.05221910917615684,0.006990591844732058
Cers6,-0.05224184126896102,0.0069599762069680665
Ywhaq,-0.05225818079221213,0.006939281735446817
Antxr1,-0.05226295507054148,0.006934158299571832
Dip2c,-0.05228090366075814,0.006911076890701866
Map7,-0.05229361788828677,0.006893859226753946
Vps13a,-0.052366474955219185,0.006790067808428224
Ssc5d,-0.052428938276921945,0.006701011314468768
Prrx1,-0.0524331024540562,0.006699082638837229
Tram1,-0.05246473364699165,0.00665649476222781
Surf1,-0.05247168184823815,0.006648358200862085
Dazap2,-0.05248438122172035,0.006631764798100367
Chmp7,-0.05250337587459939,0.006605974883224626
Exoc7,-0.05252135107232394,0.006581766452941448
Ak6,-0.052549794202952124,0.006542413431642523
Arl5c,-0.052614348358820874,0.006455402168076902
Rras,-0.052621370400267826,0.006447385997729613
Golga3,-0.052642971365884576,0.0064226299377743
Npc1,-0.05265154933118671,0.006412432372785196
Pwwp2b,-0.05269636171482868,0.006354885155752436
Crispld2,-0.052722596408983954,0.006323930142258702
Pacs2,-0.05273892574850346,0.006302984497603134
Ppp2r2d,-0.052741826762541036,0.00630092770031853
Uhrf1bp1l,-0.05274937043040172,0.0062943742957401825
Tdrd3,-0.05275856431960261,0.006283503662142961
Ptpmt1,-0.052762324736758966,0.006280251459481035
Taldo1,-0.052765232652613035,0.006278194064697348
Paqr4,-0.052767653120816424,0.0062768197263990124
Tbx5,-0.052780883423605277,0.0062623505964347235
Map1a,-0.05278798918161474,0.006256451631010468
Nkap,-0.05281402567746053,0.0062262247531271195
Phf3,-0.05284524349909476,0.006186983535213512
Gm11747,-0.05285915148773236,0.0061717757731905454
Bpifc,-0.05288805065560573,0.006134052676005595
Ccdc90b,-0.052892543263909665,0.00612987371697859
Rgs6,-0.052904378072553125,0.006121573577524397
Scn1b,-0.05295133362548266,0.00606353442247587
Dnajc21,-0.052959294564199004,0.006056659919573433
Flii,-0.05296366054903502,0.006052704191018006
Orai3,-0.05296536154490574,0.0060523572013998885
Tcta,-0.05298504494019668,0.006027718377998739
Pgm2l1,-0.052995434812613235,0.006017613750420502
Nqo2,-0.053000121993253595,0.006013250974277351
Snx12,-0.053050113033264026,0.005952112953452073
Serinc3,-0.05306402563967823,0.005935517607014049
Rnf165,-0.05306461912993436,0.005935517607014049
Cep250,-0.05306973371184869,0.005933699713130881
Gapvd1,-0.05307237783004668,0.005932109589809425
Klhl42,-0.053076546044855864,0.005928495741296491
Vps28,-0.053081555825469105,0.005923767272761327
Lax1,-0.0530990437933587,0.005908269058209214
Hist1h1e,-0.05310962530483513,0.005898106515131343
Sos2,-0.053116919482525934,0.0058903856696633965
Spg20,-0.05318795210940198,0.005804826459174996
Oip5os1,-0.0532068820222148,0.005785334102536256
Pml,-0.053212728411984274,0.0057801599532211504
Grina,-0.05326548998103553,0.00572325649573389
0610010F05Rik,-0.053269735777504316,0.005719667050356253
Pex6,-0.05334055649695953,0.0056348213079305196
Acyp2,-0.053387816643849194,0.0055770189238544205
Id4,-0.053404350172336905,0.005559930431918181
Bckdha,-0.05345524210700103,0.005498333149050956
Cyth3,-0.05348066798379502,0.005472279480776626
Txnl1,-0.05350909509079458,0.005440868378992824
Ogt,-0.05351347766463542,0.005437274967875985
Mxi1,-0.053524402451088846,0.005425667403699743
Ppp6c,-0.05359794502030591,0.005343320092315809
Xpnpep1,-0.05361788627683992,0.005322793619941592
Stat5b,-0.05362335779469794,0.0053179641247570845
As3mt,-0.053736136101308854,0.005189099115057922
Chmp6,-0.05374465934788872,0.00518079835834093
Slc41a3,-0.05375320778690837,0.005175348941771598
Mrpl18,-0.05376774862112585,0.005160572170545116
Proser2,-0.05376966684992342,0.005160032485081607
Srcin1,-0.05378105592149973,0.0051484310693550046
Ntrk3,-0.05379344038962006,0.005135694843531793
Fam89b,-0.053794652275806966,0.005135694843531793
Sobp,-0.053817580168620746,0.005116112822664831
Chac2,-0.053818232989784665,0.005116112822664831
Cystm1,-0.053819137076175666,0.005116112822664831
Thrb,-0.053826418031819354,0.0051109420389260415
Hsdl1,-0.05385364845886882,0.005084518378615496
Rgl2,-0.05389575344592991,0.005037824656188532
Mcee,-0.053903870720826134,0.005030215261052854
Tpp1,-0.05393216343395716,0.005001309421708946
Umps,-0.05393807057032489,0.004996259926999279
Mrpl42,-0.05395773159483922,0.004977291203148705
Chrac1,-0.0539650431406355,0.004970677633859814
Vps4a,-0.053972892508210614,0.004963465460154117
Atg3,-0.0539848724370411,0.004951610099589846
Caml,-0.05399337621888102,0.004945333684421396
Smim12,-0.05403062407037283,0.0049052369505516525
Usp18,-0.054041501116563084,0.00489636990100397
Rtkn,-0.054146001750966496,0.004787565339625759
Nod2,-0.054156014307320796,0.004779837317377941
Zfp260,-0.054169949255367236,0.004766262303546999
Cpn1,-0.054180456211372886,0.0047580309501249595
Stk25,-0.05418898693272078,0.004750367428579896
Ank,-0.05425984758880386,0.004677267291728219
5730409E04Rik,-0.05427494816877809,0.004664280734101442
Slk,-0.05428796158259334,0.004654014454459906
Csnk1g2,-0.054303577562736294,0.0046416330000717205
Adamts2,-0.05431076167120163,0.004635570947524081
Naa60,-0.05431429619582306,0.004633380966749796
Cst3,-0.05432933496311137,0.004620576816807377
Rras2,-0.054343999802630674,0.004608200385466749
Unc119b,-0.054346711019241954,0.004606891451437786
Wsb2,-0.05434879430662409,0.004606244882384381
Dop1b,-0.05438049663984747,0.004574490919731957
Coa3,-0.05439102549118273,0.004565015410985273
Borcs5,-0.054401817747351616,0.004556817215847981
Cers2,-0.05440531602338111,0.004556237065130173
Trim30d,-0.05448406921332935,0.00448080480067537
Jmjd4,-0.0544918739030511,0.004474303680657304
E2f1,-0.054502685770618176,0.004464731547831027
Rgs7bp,-0.05450542694601854,0.0044634326608443044
Omd,-0.054507872628436045,0.004462436942706153
Atp2c1,-0.05454734091879349,0.004425203429738473
Manea,-0.054560129916789074,0.0044137255456646665
Twf2,-0.05456042911612334,0.0044137255456646665
Cfh,-0.05456353716869708,0.004413259823827545
F2r,-0.05458914607132861,0.004390358639351854
Stom,-0.054608363103769424,0.004373985672184846
Slc2a13,-0.054644350174563816,0.00434090735053458
Ikbke,-0.054655949432128925,0.004332286580359031
Ddx5,-0.054678643683426946,0.004311201610944002
Mtln,-0.05468412254351673,0.004307234682214004
Rasl10a,-0.05469898069153354,0.004293996826870912
Slc6a12,-0.05472244059779865,0.00427378349451674
Mettl24,-0.05473907912065293,0.004258895091122293
Ppp1ca,-0.05477063334930823,0.0042295015415976765
Sp2,-0.05478555700595613,0.004216421259651658
Scand1,-0.054870462631315745,0.004147394099693935
5031439G07Rik,-0.05492552796326763,0.00409781696121897
Tfdp2,-0.05503738425809223,0.0039973403764814045
Il16,-0.055056216532392954,0.00398132394627185
Negr1,-0.05507727595852579,0.003964679741778846
Ccng1,-0.05508983606567538,0.00395452278137026
Ubxn6,-0.055092728838154616,0.00395452278137026
Rsph9,-0.055106411210700264,0.003943425492295415
Med21,-0.05513991750863785,0.003914280297400135
Degs1,-0.05514767999463655,0.003908586277896516
Imp3,-0.055166031570393584,0.003896006360849922
Pop5,-0.055170569541446716,0.003893246859253623
Nr3c1,-0.055183520696941483,0.003882908484403867
Tdrd7,-0.055200881875772656,0.0038699669001492965
Fam32a,-0.055215376308760805,0.0038596318304383753
Slc8b1,-0.05523233598950449,0.00384579808830153
Utp3,-0.05529508256485202,0.0037954076489732608
Ggct,-0.055314888990168086,0.003780590070067301
Il1b,-0.055379260450195006,0.0037282956703454414
BC005624,-0.055388616702232434,0.0037227608487814105
C1qtnf2,-0.05540251815170714,0.00371458995977236
Snx29,-0.055403247832600845,0.00371458995977236
Chmp1b,-0.0554210429251926,0.0037011712970262084
Hspb2,-0.05544112542233921,0.0036851849878607327
Mapre3,-0.05547118727729973,0.0036645509723357084
Lrrfip1,-0.05547324446636021,0.0036640654685767943
Phospho2,-0.055486914145377556,0.0036536828963102982
Hivep2,-0.0554890116592255,0.0036531649487847977
Rabac1,-0.0554951582142054,0.0036492029964149686
Rab6b,-0.055503323337898126,0.003643530924942749
Raph1,-0.055517056611145164,0.0036331488755022073
U2af1l4,-0.05552690150981185,0.00362607995965593
Znfx1,-0.055535297886894416,0.003620246440795862
Irf7,-0.05556681268501034,0.0035987389694494107
Plekhg1,-0.05557017938704865,0.0035971656756363345
Col4a5,-0.05565734865018346,0.0035283886907956693
Rasa1,-0.05567054718600511,0.0035199786922927765
Cnp,-0.055679111654879015,0.0035153933147533184
Ide,-0.05574154423728074,0.003468081277521365
Atp6v1d,-0.055762684055862155,0.0034533835348546415
Exd2,-0.05581342299416774,0.003416189845276106
B4gat1,-0.05592882900612836,0.0033320094963177863
Dhrs7,-0.05595884068769835,0.0033121090359496674
1700123O20Rik,-0.055969592602240645,0.0033060811421194757
Rtl3,-0.0559885633661697,0.0032937012213586224
2310011J03Rik,-0.05600804783804528,0.003279814856754056
Ahcyl1,-0.05603973975668086,0.0032566262645327016
Tnrc6b,-0.056063673440128976,0.0032406350143081627
Nrd1,-0.056086487299109915,0.0032255665114919387
Itgav,-0.05610505299752203,0.0032137741869240058
Apopt1,-0.05613059355275909,0.0031966748048715267
Rhoq,-0.05614617357787144,0.003186191278425586
Rfxap,-0.05615736845733114,0.0031789258992148363
Htra4,-0.056201677474364164,0.0031492545637158966
Dio2,-0.05621488902846878,0.0031416855304459033
Mdm2,-0.05625065214193751,0.0031164101679301546
Chodl,-0.05631160944257204,0.003075174485939165
Fam53a,-0.056383795827918866,0.0030314408809734568
Kif1c,-0.05638827496868964,0.00302964888904871
Tmem65,-0.0564344423420049,0.002998891128186279
C030006K11Rik,-0.05649382058752166,0.00295915543464261
Ap5s1,-0.056512546203632726,0.0029492133468251164
Ghdc,-0.056621975696790915,0.0028808917305736042
Fry,-0.05664969083224116,0.0028640556145371294
Dnm2,-0.05665119534304534,0.0028640556145371294
Rnf7,-0.05668457135539854,0.0028455243676474814
Tax1bp1,-0.05669061858246948,0.002843477430241299
Nbr1,-0.05669317733654649,0.0028427687209329556
Ndufv3,-0.05669538506052671,0.0028422974202230197
Tmem109,-0.05669791070870649,0.0028416119480313873
Sh3yl1,-0.0566996556483148,0.0028414537509913332
Fam160a1,-0.05673377412495055,0.0028205400403042017
Sh3kbp1,-0.0567529357275236,0.0028087330131253445
Ifit1,-0.05677203931926998,0.0027980159164396057
C430049B03Rik,-0.056779513214472166,0.002794052107673113
Nosip,-0.0567875611347528,0.002790716674878221
Dstyk,-0.05681145066145644,0.0027759018369907257
Slc48a1,-0.056811529470961665,0.0027759018369907257
Bud31,-0.056815656308842284,0.0027751235095664446
Dtna,-0.056863605284598315,0.002746599524522514
Itga6,-0.05688741699653012,0.002733039083143021
Dmd,-0.056943002487498895,0.0026999983995816966
Gnb2,-0.056954887813851066,0.002694304675196322
Nrm,-0.05697768807037949,0.002680662650140546
Ass1,-0.05697862311420061,0.002680662650140546
Slc9a3r2,-0.05699340701838161,0.002672562081862829
Adra1b,-0.05701242662983432,0.0026614229046867622
Tmtc2,-0.05701471015898667,0.0026609361997188075
Plp2,-0.05702985820387598,0.002653253858683093
Tcf7l1,-0.05726840723367473,0.0025161404834022423
Nmb,-0.057297833696564375,0.0025002766327677545
Glt28d2,-0.0572985706130001,0.0025002766327677545
Rela,-0.05732349154086112,0.002486752715809202
Stam,-0.057348439073746316,0.0024737187176225852
Ptpre,-0.05735273477393053,0.002472072013706757
Setd6,-0.057354000926879964,0.002472072013706757
Plxna4,-0.05736596143675604,0.0024669383875159045
Mrln,-0.057380088053248963,0.0024603854249164673
Leprotl1,-0.05743705696104433,0.002430507822137963
Anapc11,-0.05744611194914363,0.0024261137059261003
Arpin,-0.0574666773702893,0.002415036823515413
Dctn2,-0.05751103228058439,0.0023929235336617445
Srp68,-0.05752179894832531,0.0023884864708609258
Chp1,-0.05759670127687856,0.0023483951065540873
Clip2,-0.057607361550038746,0.0023432339718005594
Abtb1,-0.05764114411062,0.0023268038710497216
Rbm42,-0.0576797797756298,0.002306080103566663
Dmrt2,-0.057696843251556225,0.002297454693978308
Rpp21,-0.05772713764807386,0.0022832457787438643
Elfn1,-0.05772800351941975,0.0022832457787438643
Cldn3,-0.05775659280220714,0.002268742096720097
Eln,-0.05780225253015329,0.002244687554206663
Moxd1,-0.05780417964431592,0.002244471126447069
4930404H11Rik,-0.05782904220622404,0.002231849709120054
Rhog,-0.05791246896597831,0.002188882456435349
Scml4,-0.05791524947919219,0.0021882188327368634
Cdkl2,-0.05791620515946721,0.0021882188327368634
Myl12a,-0.05792652341004523,0.0021863460243302037
Snai2,-0.0579585084619733,0.002171844882981903
Clic5,-0.05797259230529075,0.0021652514063195856
Csf1,-0.05797910722292219,0.0021626390560990955
Gm7361,-0.05800299844157395,0.002151752313191533
Gm6277,-0.05800502027285266,0.0021514973589909316
Edf1,-0.058024791517167086,0.002142006349898788
D8Ertd738e,-0.058035298364385444,0.002137350914673562
Gm15706,-0.05803837648865642,0.0021365506860936104
Cflar,-0.058125530549868853,0.002094176398848026
Ap3m1,-0.05813205017560482,0.002091642506163929
Chd9,-0.058173350927750264,0.0020723059997342598
Gm15902,-0.05828545972365846,0.002018069830575703
Cdc42bpa,-0.0583205760717064,0.0020016348273822894
Rnf170,-0.05833868399755761,0.001993569413850784
Csgalnact2,-0.058395366874694966,0.001968422188918147
Crybg3,-0.05841911219307324,0.001959253291056101
Gm16006,-0.05842510376597378,0.001957124280520751
Ing4,-0.05848396895452792,0.001930654015124658
Kcnk5,-0.05849749438335965,0.0019250092104447236
Col22a1,-0.05857287013043146,0.0018927152185043412
Zfp867,-0.058577643649570924,0.0018912173104879406
Ppl,-0.058623011073258714,0.0018717522727174118
Myo1c,-0.05867058192564959,0.0018521717110172712
Zfp462,-0.05868421176503163,0.00184738985427566
Lgals7,-0.058803280132884085,0.0017983094009198146
Atp6v1e1,-0.05881589330258622,0.0017934288342277313
Kcnk12,-0.05886419200691698,0.001773848523633412
Foxd1,-0.05888792576507821,0.001764651663078594
Prcp,-0.058901355716258263,0.0017595034826789996
Abca8a,-0.058957034272136735,0.0017368978828955178
Smc6,-0.059010731621424256,0.0017160501316729798
Vta1,-0.05907067430837106,0.0016915465566310912
Samd4b,-0.05908408743432254,0.0016866048301779832
Uckl1,-0.05909359601948024,0.0016832957084279897
Asgr2,-0.05911844174755415,0.0016736529881646379
Rab13,-0.059139052697477656,0.001665800775935341
Tmx2,-0.05916793836135439,0.0016546017187263843
Csdc2,-0.05917985882855374,0.0016509961297687056
Dapk3,-0.05919089605179834,0.0016471311187883366
Foxo1,-0.0592460027252585,0.0016273457526854943
Syn3,-0.05927124948450168,0.0016178425799196839
Cby1,-0.059360984262433546,0.0015841485561776127
Ubr1,-0.059363354991808594,0.001583823536093307
Lrp3,-0.059381094745876245,0.001577486889745748
Lbh,-0.059399005603504695,0.001571107410366159
Egln2,-0.059407244680337375,0.0015685043907312484
Rab1b,-0.05942829140679583,0.0015633355219756434
Fbxl2,-0.05943046307612081,0.0015630929648364836
Blvrb,-0.05947315875485871,0.0015472354837082892
Vps36,-0.05947335313763112,0.0015472354837082892
Ppp2r5a,-0.05947959449764514,0.0015459532979032328
Lynx1,-0.059522926852599786,0.0015300166761539173
Acbd5,-0.05952346837616137,0.0015300166761539173
Tmem17,-0.059539199744629935,0.0015250217359721395
Mcu,-0.05954759564169945,0.0015230021023603865
Cyp3a13,-0.059566064104594585,0.0015183842141334284
Dlx5,-0.05958150109494209,0.0015131585334454602
Unc50,-0.059593303588027675,0.0015093113342290827
Mapk3,-0.05959646769371951,0.0015092877589591611
Czib,-0.059597787175985246,0.0015092877589591611
Kif1b,-0.05961533760129597,0.0015033889255093027
R3hdm2,-0.059623169077560725,0.001501045587830495
Arl4a,-0.05962405227226048,0.001501045587830495
Ten1,-0.059681134157648086,0.0014835802960854736
Gnl3l,-0.059686108703791305,0.0014823194807218859
Cenpb,-0.05978710074783404,0.001446647954072995
Col6a3,-0.059798941670247255,0.0014429463506399447
Tmx1,-0.05985786295320205,0.0014224645832072622
Saysd1,-0.0598699914237264,0.001418719093727388
Ablim2,-0.05994874431433703,0.0013927334663254316
Habp4,-0.05995170210510847,0.0013927334663254316
Trim29,-0.05998010528411109,0.0013834796905641293
Anapc4,-0.05998184879218568,0.0013834147882755383
Nacc2,-0.06002349612930295,0.0013696259714630953
Pofut1,-0.06005713609596732,0.0013597417247095107
Lima1,-0.06008350966613117,0.001351854315349891
Pcmtd1,-0.060089094581084,0.001350492928127337
Tln1,-0.06009305870833617,0.0013496801746658916
Ppp1r9a,-0.06013220730326994,0.0013375637970962236
Slc35e4,-0.060138664784313484,0.0013359243682350649
Col4a4,-0.06015234559425695,0.0013323959639684102
Gm35167,-0.060158747680620975,0.0013307812904502336
Ifi35,-0.060163860232510975,0.0013295979433465698
Arhgef6,-0.06032420496884722,0.001279698220949723
Cib2,-0.06032753650736689,0.0012791292849133086
Adgre5,-0.060400976349112304,0.0012577179338529316
Lactb2,-0.060407532287652395,0.0012571271234873454
Serinc1,-0.06040795339698063,0.0012571271234873454
Acap2,-0.06043791400549352,0.0012495243221023382
Sgms2,-0.06044869551013847,0.0012466311897819894
Clasp1,-0.06046829059544283,0.0012414785253861188
Rab8a,-0.06055320874729899,0.001216176324476169
Rad23a,-0.06057892108967088,0.001208799011930187
Ap3m2,-0.060639027861156845,0.0011910875396743954
Rilp,-0.06065372036721521,0.0011871493451308228
Lsamp,-0.06065803362288215,0.0011867951552654858
Anp32a,-0.0606750168496009,0.001182654260192066
Sypl,-0.06069711770166474,0.0011765400306960401
2210408F21Rik,-0.060699148471608684,0.0011764023097727055
Arl3,-0.060746282607297884,0.0011638627336033054
Rufy2,-0.060748902026130175,0.0011635537233517055
Rab12,-0.06074999414127794,0.0011635537233517055
Lrrc75a,-0.06075955558624011,0.0011622683704836999
Slit3,-0.060788255454271,0.001154784573168856
Arhgap6,-0.060864910970260346,0.0011348630364468482
Arvcf,-0.06086796064741984,0.0011344389992557402
Cdo1,-0.06087969233865677,0.0011315257262837586
Itga10,-0.06088574028873446,0.0011311465087881082
Inmt,-0.06093605515143873,0.0011177151170045
Rnf14,-0.0609556990310904,0.0011126093299950466
Gm32219,-0.060956618269925045,0.0011126093299950466
Fig4,-0.06095889155157012,0.0011125981061559076
Golga5,-0.06096736037913552,0.001111100568223659
Entr1,-0.06097031064031567,0.0011107142194943971
Esd,-0.06099219429264029,0.001105010913003138
Oxsr1,-0.06099538147610147,0.0011045603666554591
Ccdc141,-0.061023647389129146,0.0010975487332261055
5033421B08Rik,-0.061060849635496996,0.0010889818160188566
Ehd3,-0.06106447890801583,0.001088415982224806
Nbeal1,-0.06108700285950187,0.0010826443048466221
Atp9a,-0.06112955479353914,0.0010718665775059262
Exosc3,-0.06116384885565636,0.0010634198684838713
Gabra3,-0.06118733155616026,0.001057514819281155
Fam171a1,-0.06122044371661889,0.001049067292691586
Actg2,-0.06122634537090363,0.0010479151766542144
Kcnt2,-0.061264801170109025,0.0010385449420619633
Has2os,-0.06128076365222039,0.0010347495239080645
Dock8,-0.0613013734095904,0.001030163139409788
Immp1l,-0.061307515479250965,0.0010289679149248314
Vps35,-0.06132712727751572,0.0010242525851938903
Tgfbr2,-0.06134336741376726,0.001020434189263621
Pdlim7,-0.06135349642974942,0.001018982978796768
Irx3,-0.06136626296129391,0.0010161381720153152
Tom1,-0.061418405054847365,0.0010035250925135956
Mef2d,-0.06154843499875153,0.0009715299167258332
Acox3,-0.061549746593664564,0.0009715299167258332
Rdm1,-0.061561693688253906,0.0009690277553879203
Tsg101,-0.06168657332175906,0.0009400701629112424
Tnks1bp1,-0.061746714374231196,0.0009264439682147442
Hexim1,-0.061766336127199936,0.0009221689404625831
Ece1,-0.06181342247192064,0.0009122087603661438
Mapk12,-0.061864192487031774,0.000901128957442925
Ermp1,-0.061875963074366776,0.0008987749412724299
Ppp1r35,-0.06201113284429502,0.0008687793462359177
Wdr26,-0.06204924696907147,0.000861398724922925
Cav2,-0.06211958703483553,0.0008475014904838835
Acta2,-0.062140296517139613,0.0008441340555748604
Sirt2,-0.062145646961736044,0.0008433159244476765
Atp8b2,-0.06214829281304085,0.0008433159244476765
Trp53inp2,-0.06214964898850165,0.0008433159244476765
Exoc2,-0.062169501479728516,0.0008405568469102943
Smim15,-0.06217965872524107,0.0008387019077172194
Ccdc88a,-0.062204556664349965,0.0008336729170706408
Rsu1,-0.06220599174925194,0.0008336729170706408
Ak1,-0.06225329577440435,0.0008242645212977081
Abhd17a,-0.06225573111583871,0.0008240859544266741
Smarcb1,-0.06233733951879892,0.0008085520012620579
Usp2,-0.06243443695283514,0.0007897913940942869
Ndrg3,-0.06243776983562971,0.0007894367827815295
Sac3d1,-0.06245112896231777,0.0007870356063747237
Gls,-0.062481591236001804,0.0007814952629283699
Mettl7a1,-0.06254413555690809,0.0007696931153750899
Lypla1,-0.06260672226318978,0.0007581062691192495
Adamts5,-0.06266365901444722,0.0007482202506748814
Gm14055,-0.06268860779065911,0.0007436936319366684
Galr2,-0.06273754843058989,0.0007349005178011001
Slain2,-0.06275522580118305,0.0007321385873025386
Ralbp1,-0.06278579689490692,0.0007268379141523924
Zhx3,-0.06283651191816197,0.0007180043005710674
Herpud1,-0.06286981104116043,0.0007120985145350198
Lyrm9,-0.06289638711664762,0.0007077736897070268
Dync1h1,-0.06290035653244225,0.0007073374453599925
Plet1,-0.06291061174210025,0.0007057436955475282
Exoc1,-0.06297008715588259,0.0006951676168607558
Ppa1,-0.06306747295893471,0.0006785596659917323
Pnkd,-0.06307271987254248,0.0006779139758094309
Foxs1,-0.06313109738323927,0.0006687653463557205
Adcy9,-0.06314043482707667,0.0006674139844717336
Igsf9b,-0.06323471947407625,0.0006522355926678026
Sept8,-0.0632761992445121,0.0006454547816874052
Pex2,-0.06329155697098846,0.0006434030552419943
Gm43154,-0.06329509209189106,0.0006430780763794692
Rock1,-0.06349778676223633,0.0006128421503250656
Hes1,-0.06351386725478088,0.0006105142412519635
Ndufa4l2,-0.06351698744060626,0.0006102722101982814
Slu7,-0.06355934348585886,0.0006040200989422297
Ercc1,-0.06356042775171356,0.0006040200989422297
Crat,-0.06357494165787649,0.0006020561764628523
Psmd8,-0.06358311451285556,0.0006010174068119265
Amfr,-0.06359713065192306,0.0005990577147295197
Psmc3,-0.06360968683736148,0.0005973337774751728
Dennd4c,-0.06363652846961498,0.0005941357320792598
Ccnc,-0.06366347187272804,0.000590434634406267
Sult2b1,-0.06366373291923845,0.000590434634406267
Anxa4,-0.06366520367591115,0.000590434634406267
Grtp1,-0.06371551068621968,0.000583133009195557
Cyth1,-0.06374666857363141,0.0005788525664333139
Gna11,-0.06376899112431053,0.0005756975548020475
Ndufb7,-0.06381764499694859,0.0005688332985890322
Slc31a2,-0.06382457508586113,0.0005680358705654416
Mapk8ip1,-0.06385552433896723,0.0005636496464200974
Asah1,-0.06386275339820868,0.0005628146431251523
Isoc2b,-0.06387380327798442,0.0005616543102542848
Ppp1cb,-0.06393028371075135,0.0005535622251014615
Snapin,-0.0639670709508063,0.0005484330613318573
1700021F05Rik,-0.06399891505882202,0.0005440893984192858
Zfp637,-0.0640380544292036,0.0005391423150065077
Npepl1,-0.06413370527992308,0.0005260888037938025
Lmo1,-0.06416428728989321,0.0005222846955968257
Ap2a2,-0.06416641009701807,0.0005222154633834036
Hspg2,-0.0641676367182349,0.0005222154633834036
Med15,-0.06417235385465761,0.0005218419048472351
Ankrd37,-0.06417668053091936,0.0005214676828281496
Mat2b,-0.06419060306476965,0.0005203754934647996
Hebp1,-0.06423128610103147,0.0005150688228725386
Phactr2,-0.0642578417286179,0.000512144799173196
Prkag2,-0.06434941944395205,0.0005008682713834566
Nelfe,-0.06439692848939696,0.0004947855821572322
Syf2,-0.06441889947385548,0.0004923251312647418
Trir,-0.06443706402157429,0.0004901604248420345
Sfn,-0.06449409192906927,0.0004831828000489542
Dnase2a,-0.06451549146262493,0.0004808503992474156
Itgb5,-0.06452297215121085,0.0004801005607288879
Fech,-0.06453504540569882,0.0004787646052393592
Dnajc4,-0.06454254666396289,0.0004780153115285711
Lmo2,-0.06456470341122184,0.00047579184043709317
Cfap36,-0.06459655333013335,0.00047199383968618525
Rraga,-0.06463624071871296,0.0004672183701090624
Rnd2,-0.06470121236126074,0.0004597730605378314
Haus8,-0.06480326598092785,0.00044796780585519785
Osr2,-0.06482568104338429,0.00044548015661238175
B230118H07Rik,-0.06490183558603575,0.000436857434233748
Vamp8,-0.06495126098663793,0.0004314573577110715
Cenpx,-0.0649773382615577,0.00042903306630935313
Uba3,-0.06500177834004252,0.0004265160049864156
Wls,-0.06500823361519179,0.000426048844225924
Pfn2,-0.06508632123600354,0.00041793320185476104
A430005L14Rik,-0.06516340915982632,0.0004102557239117001
Fam20b,-0.06517904421040858,0.0004087124288473455
Mettl23,-0.06519394558599764,0.00040725513936371
Higd1a,-0.06520307749483373,0.0004064341968931896
Pdcl3,-0.06520386341740107,0.0004064341968931896
Slc4a2,-0.06522369742911195,0.0004045401342535414
C1galt1,-0.06524178658429071,0.00040275072773122674
Bfsp1,-0.06529145481987247,0.0003977442382373665
Atp13a2,-0.0653434978474345,0.00039237053877445096
Gpnmb,-0.06539789909929473,0.000387335204584797
Gng4,-0.06541205965032974,0.00038602756222104006
Ndufaf3,-0.0655192563465657,0.00037566499964974433
Fopnl,-0.06552379856277582,0.0003754013910330002
Plin2,-0.06553687517795394,0.00037437829574863974
Nras,-0.06558510644300417,0.00036968493382098154
Pgp,-0.06566995548365749,0.0003619255986202023
Eml6,-0.06570383420758241,0.0003587747840030129
Hsd17b11,-0.06571070496947318,0.00035826681418451423
Ankmy2,-0.06571894180733016,0.00035762694560619073
Txndc17,-0.06572110271113522,0.00035757745410578394
Golgb1,-0.06577528248288106,0.0003526715692795687
Afap1l2,-0.06580098994720739,0.0003503741642099549
Mgat4b,-0.0658400477385941,0.0003468298608588976
Btc,-0.06585747438255697,0.0003455005565118716
Heatr5a,-0.065871587868308,0.00034433164679372195
Mob1a,-0.06592151591076573,0.00033999120259370856
Prkab2,-0.06595182098998982,0.00033750142565236045
Ifit3,-0.06595921134176114,0.00033697466456351373
Wdr54,-0.06598827170873806,0.00033461939222098
Ankrd46,-0.0660343096406272,0.00033059634600407126
Fam180a,-0.06609757676603471,0.00032552831241445585
Mtus1,-0.06610291559212718,0.00032520144565489217
Rnf152,-0.0661129585420599,0.0003244581340593814
Zeb1,-0.06613008294187783,0.0003232376482410038
Fzd6,-0.06613297957053683,0.00032312849589876774
Zdhhc7,-0.06618155250312363,0.000319015196051747
Slc12a6,-0.06619273256144512,0.00031818652847949794
Cop1,-0.06629099768950676,0.00031045584064875694
Gchfr,-0.06634656873649449,0.00030604786507533774
Slc35g1,-0.06635734674336669,0.00030528485831873197
Bnip2,-0.06636846104810509,0.0003044956351636333
Lamtor1,-0.06643263133843075,0.0002995977198530617
Mien1,-0.06647449918496184,0.00029658356658636274
Ralgapa1,-0.06647965516053188,0.0002962997088582094
Dennd2a,-0.06650106470835959,0.0002948338172634452
Pepd,-0.06654402587564655,0.00029177791847775203
Tspan5,-0.06655371518320898,0.00029113600784478065
Plscr4,-0.06657654680000658,0.00028944879979090894
Tmem198b,-0.0666184099311761,0.0002862697950661158
Gab2,-0.06666514161611493,0.0002827450696569001
Rit1,-0.06672129490812433,0.00027892234210777643
Dagla,-0.06677900121500788,0.0002747782411699446
Dusp28,-0.06680108346226084,0.00027323742463912455
Sox13,-0.06683316330962638,0.000271081917372328
Ighm,-0.06683878990593735,0.0002707865153775717
Rrm2b,-0.0668403530195144,0.0002707865153775717
Pltp,-0.06684448338982953,0.0002706112354070332
Ywhae,-0.06686354690430933,0.00026931675791136444
Hgs,-0.06694044285104464,0.0002645174557179453
Snx7,-0.06694402097425438,0.0002643786939263768
Myh10,-0.06694834500636677,0.0002641856380531441
Ccdc68,-0.06695296793714843,0.000263970975383293
Ppp2r5d,-0.06697097111845254,0.0002629056998367183
Arfgap3,-0.06704170224865288,0.00025793715949054774
Ehbp1,-0.06711614685242592,0.0002530329093000354
AY036118,-0.0671582532625124,0.0002502171894264638
Hist3h2a,-0.06716753350820115,0.0002496911610150421
Dpp3,-0.06716911166615168,0.0002496911610150421
Psmd13,-0.06722765605847793,0.0002459100332904077
Mlana,-0.06729262843845979,0.00024197063831357023
Hip1,-0.0672989701933465,0.00024165814425444317
Ift46,-0.0673415316955917,0.00023904404823795947
Dbndd2,-0.06734221125118402,0.00023904404823795947
Cox6b2,-0.06740957771059942,0.00023489867083436886
Il11,-0.06742324294952452,0.00023411803265087065
Ppp1r11,-0.06743646096643431,0.00023336888080974049
Bmp8a,-0.06762672367236683,0.00022206167016199758
Abca3,-0.06767495392105857,0.00021919918968971953
Mmadhc,-0.06768005819299477,0.0002189904157600196
Nuak2,-0.06768910896840785,0.00021854119516313172
Smad1,-0.0677121112526606,0.00021724571610253314
Krcc1,-0.06781365270913492,0.00021127307675369535
Dcaf10,-0.06782457924697405,0.0002107283828561317
Cotl1,-0.0678334771096277,0.00021030423746596543
Snta1,-0.06787395879468343,0.00020813424366539424
Rec114,-0.06795883914114852,0.00020353825300584313
Ccdc124,-0.06810108434048501,0.0001959559707546002
Stard9,-0.06818197551079164,0.00019173953641747556
Ttc1,-0.06819500614101696,0.00019112986266499636
Nsrp1,-0.06823924707399236,0.00018921804950999046
Ints3,-0.06829392626663938,0.000186509320977217
Zfand2b,-0.06831082583888805,0.0001858018584833705
Wdr1,-0.06832994240624979,0.00018498163322094215
Gm45187,-0.06836056910466891,0.00018348174792764122
Zdhhc3,-0.06837317928059174,0.00018291889862570213
Aldh3a1,-0.06840357267581296,0.0001816202952193349
Evc,-0.06843095160838665,0.00018039750593422532
Lipo3,-0.06850653185802792,0.00017693363814376165
Slco2b1,-0.06850880416066699,0.0001769050961149188
Ptgfrn,-0.06854118673299163,0.00017546481025567181
Plcxd3,-0.0685414290018606,0.00017546481025567181
Pde4dip,-0.06855968318928622,0.00017471914325485724
Vsir,-0.06856337755490492,0.00017462098218853236
Taok3,-0.06861058591996401,0.00017239198201087036
Kifap3,-0.06864717514272577,0.0001708659278575796
Micu2,-0.06865882702114588,0.00017046850772028577
Cyp27a1,-0.06875826310229483,0.0001662227808098531
Polr3gl,-0.06881003495778931,0.00016404250766425556
Gpd2,-0.06881091613150096,0.00016404250766425556
Pid1,-0.0688238462208408,0.00016363987708305162
Cyb5a,-0.06885359423716039,0.00016242422333568302
Kctd17,-0.06895289625599627,0.00015814533029127642
Ubxn1,-0.06895724564000068,0.00015802712111085912
Sord,-0.06900456306556639,0.00015599493438817874
Gnaz,-0.06906596346199066,0.0001534474036234372
Ppm1m,-0.0691121418638495,0.00015152031113176945
Rtn4,-0.06923509262750613,0.00014666823193376348
Wwp1,-0.06934730206454788,0.00014233011449009004
Fam174a,-0.06935217673269876,0.00014220196332990004
Chrd,-0.0695219459206907,0.00013573847008199616
Gsta4,-0.06962812771740225,0.00013180648705651807
Rasl11b,-0.06964401310981365,0.0001312728326919537
Selenbp1,-0.06965827631620439,0.00013080200160055024
Leprot,-0.06969795377086326,0.00012945091657600048
Capn1,-0.06976454330037268,0.00012719092644418036
Slc49a4,-0.06976939305219612,0.00012707675816257745
Acadm,-0.0697958091072681,0.00012617960974294401
Mark2,-0.06981931048565922,0.0001253933494030587
Psip1,-0.06989332783994659,0.00012287757974290887
Ptpra,-0.06996283218356909,0.00012068562880772464
Carhsp1,-0.06996454914402202,0.00012068562880772464
Osbpl9,-0.07002077779164848,0.00011880816629771887
Sh2d6,-0.07002185330535621,0.00011880816629771887
Tlr4,-0.07004281607114224,0.00011817404452205179
Rbck1,-0.07006058688040497,0.00011768773087126314
Tpd52l2,-0.07013527446545527,0.00011529710409944959
Dapk1,-0.07020068393421149,0.00011325548455753731
Acly,-0.07022485949171128,0.00011252424794769903
Gdf10,-0.07027214154197468,0.00011107659906792314
Mapre2,-0.0704070253956336,0.00010702159899904312
Papss1,-0.07044823088074824,0.00010591177739793599
Rhbdf1,-0.07046978225658718,0.00010535843766449169
Homer2,-0.07050344723903924,0.00010444086886331976
Lmbrd1,-0.07052393117243977,0.00010387501648923576
Zfp365,-0.07054416200528249,0.0001033714831634994
Plod1,-0.0705650865408902,0.0001027980450295154
Ormdl2,-0.0706114064936635,0.00010152852372990856
Anxa11,-0.07065066322515386,0.00010047970988621017
Creb3l2,-0.07069683706151307,9.919180715787394e-05
Tmem237,-0.07076637661174788,9.740891377435424e-05
Homer3,-0.07078847045489403,9.687822155640518e-05
Sec24c,-0.07088877337044894,9.428253375620353e-05
Sh3glb1,-0.07090895978851575,9.377746570450697e-05
Smim10l1,-0.0709242408898264,9.345562981946778e-05
Znhit2,-0.07092620949948418,9.34493797291535e-05
Serpinb7,-0.07095660337925853,9.276663389518291e-05
BC031181,-0.0710502495877227,9.045179320712825e-05
Pafah1b1,-0.07109820363111405,8.928566086894917e-05
Esyt2,-0.07110462019063046,8.916395448561999e-05
Kidins220,-0.07111479016687507,8.894490058550603e-05
Cox20,-0.07114897114859858,8.810636529565939e-05
Rnf166,-0.07118363449791013,8.730758867673354e-05
Zmynd8,-0.07122730724974394,8.62881514719778e-05
Arl10,-0.0712623585265297,8.545175990105493e-05
Snx21,-0.07128640649219982,8.489602764812642e-05
Borcs7,-0.07133518056540274,8.373540172871969e-05
Zfhx3,-0.07140679214467038,8.212310380127874e-05
Mrpl53,-0.0714175517519307,8.190648413709517e-05
Fkbp1a,-0.07143428485542438,8.154748385173355e-05
Ccni,-0.07144113126065878,8.142570975947674e-05
Mtmr6,-0.07153481017280945,7.93811508157395e-05
Sept6,-0.07155354804173558,7.898624013586076e-05
Tshz2,-0.07173802876235466,7.516439535103822e-05
Mageh1,-0.07181990756139468,7.344950099434743e-05
Spr,-0.0718951067919244,7.195077448574065e-05
Nkx6-1,-0.07192242048817209,7.141035554992657e-05
St6gal1,-0.07199711278294962,6.99255668165004e-05
Crot,-0.07200674763295768,6.976306350371013e-05
Abca7,-0.0720140142958941,6.964964051390627e-05
D830050J10Rik,-0.07202193940807414,6.95228811996982e-05
Ik,-0.07215047384341751,6.696504058642492e-05
Cyld,-0.07215385463055023,6.693288299177608e-05
Plgrkt,-0.07215814997303173,6.688265068896494e-05
Abhd8,-0.07217706299547422,6.657859735743346e-05
Arap1,-0.07219362231340141,6.62875339953388e-05
AC149090.1,-0.07222860357616413,6.563856252364256e-05
Smim11,-0.07226522848440729,6.49640051299214e-05
Lamtor5,-0.07236695852099216,6.309923318854672e-05
Arf2,-0.07238649628293545,6.276719427805053e-05
Nfs1,-0.07250796941962487,6.066946625083417e-05
Pts,-0.07252734330282647,6.038424796504584e-05
Insyn1,-0.07256441899425085,5.978469990047428e-05
Opcml,-0.0726043353001869,5.91408314239112e-05
Atp6v0e2,-0.07266001777331975,5.81989057974636e-05
Tubb4a,-0.07281148931434214,5.568744051083104e-05
Efhd2,-0.07287449285248813,5.4678443678693835e-05
Gjb5,-0.07296907503413266,5.321043163186678e-05
Tle5,-0.07298774542392929,5.296996385293093e-05
Ezh1,-0.07300632395902375,5.270417868864172e-05
Anxa6,-0.07303990216122326,5.223236569035629e-05
Fdps,-0.07310742113792171,5.1241026947310275e-05
Sgcg,-0.07317546159338799,5.028645609174956e-05
St7,-0.07320787012084712,4.9826453198489994e-05
Spsb3,-0.07324034199696067,4.936953471496149e-05
Car8,-0.07328122600425127,4.881914268682181e-05
Klf12,-0.07330262456898257,4.85322108328061e-05
Far2,-0.07337487736298942,4.7540428504531055e-05
Txndc5,-0.07346489894156048,4.631969219068988e-05
Mical2,-0.07353998791478356,4.5308286575813556e-05
Rnf13,-0.07356677051551676,4.4968091854882574e-05
Ift27,-0.0736355502623693,4.411577529567027e-05
Sidt2,-0.07371118996141378,4.3143258887875943e-05
Gm49035,-0.07379237897691776,4.216564198838581e-05
Reep4,-0.07390062023513957,4.08514046311274e-05
Rab23,-0.07390508110092657,4.081815315950477e-05
Reep1,-0.07391404417420464,4.072939669334278e-05
Bax,-0.07396200652246361,4.016373380405933e-05
Smurf1,-0.07396516630575058,4.0146852435901094e-05
Glt8d2,-0.07399567398983403,3.979888503551441e-05
Wdfy2,-0.07408632702703986,3.878244427165083e-05
Slc37a4,-0.0742299848571701,3.720725154343522e-05
Hoxc10,-0.07425376468611238,3.695921937135545e-05
Psmc2,-0.07426866497158567,3.6831905633700255e-05
Pja2,-0.07440530125801621,3.538916562302859e-05
Chst1,-0.07442511390403046,3.519526427637946e-05
Nudt9,-0.07455784068306336,3.383600176446413e-05
Dtx2,-0.07463439276587093,3.3126140793815355e-05
Txn1,-0.07464041586211931,3.3083210304531204e-05
Med28,-0.07468624723774511,3.2658606281604664e-05
Arhgap5,-0.07470890158553897,3.245086120627891e-05
Ndufb10,-0.07470969442023742,3.245086120627891e-05
Car6,-0.07475963614763037,3.200345922384211e-05
Arhgef12,-0.07477177767480767,3.193700640562769e-05
Mxd4,-0.07484064859613117,3.130492287979717e-05
Slc25a11,-0.07485707187567527,3.116488178148898e-05
Ppp1r12b,-0.07486526899912267,3.110373126646534e-05
Ptpn22,-0.07487452950515001,3.1032590155930855e-05
Arpc2,-0.07490616741097017,3.0750012749998054e-05
Plekhf1,-0.0749819549010761,3.0076572269958778e-05
Wbp2,-0.07501678393836442,2.9805862954152933e-05
Nat8f1,-0.07503353294196698,2.968562196551285e-05
Gale,-0.07508685429678044,2.9219557338403635e-05
Lrch3,-0.07511277952157415,2.901966315258346e-05
Bvht,-0.0751637575186256,2.858420535041987e-05
Coro1c,-0.07519010623170345,2.8369146441316317e-05
Dhcr24,-0.07529738139647846,2.7493193528061356e-05
Celf2,-0.07533891979772075,2.7173607703052914e-05
Bub3,-0.07541351007240009,2.658523001414398e-05
Zmiz1,-0.07547869836362509,2.6070226618724796e-05
Cuta,-0.07547892245626917,2.6070226618724796e-05
Mea1,-0.07553859458617404,2.563502503942564e-05
Inpp5a,-0.07556420013812012,2.5461254648907157e-05
Spryd3,-0.07575753938086437,2.4049607547837553e-05
Pdcd6ip,-0.07579777201035878,2.3778143083971024e-05
Tspan15,-0.07605100104194273,2.205437137999664e-05
Pip5k1c,-0.07610681615318982,2.1686961508668934e-05
Use1,-0.0761347228023589,2.15114907038995e-05
Rab11fip5,-0.07615748571070424,2.1371578569475812e-05
Chst12,-0.07617925430617235,2.1239115920061508e-05
Ubr5,-0.07621503219258435,2.1027323629697673e-05
Gm10369,-0.07638295819183917,1.9988131911121307e-05
Elmo1,-0.07641972064452218,1.9782237171475223e-05
Rnft1,-0.07646576185595069,1.9521701999689876e-05
Zfp651,-0.07646659900830283,1.9521701999689876e-05
Lrrc8c,-0.07651766590647094,1.9240032879511256e-05
Nckap1,-0.07652895002658204,1.9183084256800314e-05
Slc16a9,-0.07656764362256287,1.896299856175468e-05
Ptges3l,-0.076580855742384,1.8895436971328995e-05
Vdac3,-0.07659616915074677,1.8815730283367438e-05
Osbpl1a,-0.07665619906397599,1.8559412449138966e-05
Vps29,-0.07679346846130315,1.7859312062703142e-05
Ccpg1,-0.07680916475798935,1.778171958016433e-05
Itpr3,-0.07681718589664638,1.7747154458718542e-05
Pef1,-0.07685316030611147,1.756602658311646e-05
Csnk1e,-0.07687897822783064,1.7436065903742123e-05
Syt11,-0.07695819516219599,1.7026883025271785e-05
Slc4a8,-0.0770087125885382,1.677774714988391e-05
St3gal2,-0.07704577272608096,1.660229147002809e-05
Epb41l2,-0.07710037353438194,1.6338107826679428e-05
Zmat5,-0.07712706732788846,1.6210632581265407e-05
Arrb1,-0.0771550113672073,1.6096321018673615e-05
Sytl2,-0.07733004143974638,1.5275611469034876e-05
Nectin1,-0.07739734955853245,1.4962833105230353e-05
Pon2,-0.07741610463623784,1.4882994003677622e-05
1110012L19Rik,-0.07742170363981188,1.4865278130417701e-05
Mpc2,-0.0774297135824092,1.4836271561649678e-05
Eapp,-0.07746478935183,1.4698151376351738e-05
Ctdsp2,-0.0774882975244558,1.460619781137332e-05
Kif13a,-0.0775136418010965,1.4497935904865056e-05
Aif1l,-0.07756661091250458,1.4281725612398576e-05
Kmt2e,-0.07758632810025716,1.4209360332225763e-05
Ergic1,-0.07766909604780264,1.3849495192562256e-05
Hsbp1,-0.07769204406593617,1.3757085404155255e-05
Itga9,-0.07769564399873011,1.3749414656461287e-05
Khdrbs3,-0.07771251167756746,1.3684026425188585e-05
Ptgs2os2,-0.07772095510503621,1.3655397581998594e-05
Rab7,-0.07774261056801578,1.3569805558546577e-05
Fmc1,-0.07775467095382291,1.352587169730744e-05
Ugdh,-0.0778692786751012,1.3057553945599113e-05
Rrm1,-0.0779790110048366,1.2631825414231807e-05
Psmc5,-0.07798439779972717,1.2617595518243362e-05
St6galnac6,-0.07811583821278334,1.2107222320092885e-05
Dync1i2,-0.07818867242948316,1.1843093865605265e-05
Slc35a5,-0.07821941311194447,1.1741280704309043e-05
Fbh1,-0.07824256773040662,1.1661668108361943e-05
Naaa,-0.07829478584172703,1.1479062915355424e-05
Psd3,-0.07839158896879864,1.1145509115274052e-05
Phtf1,-0.07843566142729512,1.100243147288934e-05
Cgref1,-0.07844010906336449,1.0993286980923476e-05
Eps15,-0.07850306822163866,1.0786641417246807e-05
Col6a6,-0.07863875551806818,1.0333566984844362e-05
Dynll1,-0.07864175464222224,1.0329757303336396e-05
Ccnyl1,-0.07864379273419586,1.0329137320847854e-05
Acot9,-0.07874021315983318,1.0026166017211899e-05
Fam189b,-0.07877009719416671,9.936259149640702e-06
Sh2d4a,-0.07883349896010275,9.741562274287592e-06
Tmem234,-0.07885648778355539,9.675551299936317e-06
Fryl,-0.078872310092061,9.632159342836379e-06
Ankrd40,-0.07890942730875528,9.529138238426292e-06
Sbds,-0.07897805220353582,9.326408556325339e-06
Sgms1,-0.07901584847431012,9.219004285081216e-06
Ube2g2,-0.0790510366828754,9.12591547093158e-06
Ptpn21,-0.07906792973784121,9.081766049062959e-06
Pttg1ip,-0.07916797028464441,8.79849789643209e-06
Abca6,-0.07926238833089161,8.54436923755128e-06
Tmem184a,-0.07928134591322154,8.497253457174623e-06
Pgd,-0.07928229517656282,8.497253457174623e-06
Meox2,-0.07936108392893343,8.295791719363034e-06
Aspn,-0.07936831360480863,8.281380622272404e-06
Nol12,-0.07937498160664905,8.268499214528629e-06
Adam15,-0.07938656670733571,8.242507029583681e-06
Gas2l1,-0.07941829349683784,8.163172445572295e-06
Kctd9,-0.07943355825739058,8.127807171876349e-06
Iqgap1,-0.07945103592593225,8.08679024971022e-06
Hras,-0.07947383369878781,8.036965631855014e-06
F2rl1,-0.0795829533719195,7.776306120827607e-06
Sec22c,-0.07964616399931668,7.627589162906508e-06
Hectd1,-0.07970682283717066,7.496923055500156e-06
Cerk,-0.07978497921012909,7.317696144291411e-06
Ccdc34,-0.07992258390922954,7.009886626737598e-06
Il2rg,-0.07993380217094669,6.9885687250818634e-06
Cyfip1,-0.07998321207999738,6.885307347524926e-06
Agap1,-0.08001333656369086,6.822159022439441e-06
B9d2,-0.08024293578140393,6.344744052825604e-06
Ptp4a2,-0.08031851076945862,6.2011571952091975e-06
Nbl1,-0.08033784172045771,6.165817109272129e-06
0610012G03Rik,-0.08034522012374681,6.154717734335109e-06
Cln5,-0.08051403243714704,5.837728787697712e-06
Stat6,-0.08074545345149953,5.4269940924628e-06
Elof1,-0.0807774749322584,5.3767499246365715e-06
Lamtor2,-0.08085933007387658,5.240233862341706e-06
Rdx,-0.08086696167904607,5.233558807436624e-06
Nmt2,-0.08089309617555114,5.191897574517576e-06
Daglb,-0.08089891463413584,5.185168326485526e-06
Ppp2r5b,-0.08100886951530521,5.003590647336691e-06
Fmnl1,-0.08101969296300451,4.991951897196579e-06
Ninj1,-0.08114305472850222,4.8045733760584306e-06
Rcan2,-0.08123697586638962,4.660520275858144e-06
Nudt18,-0.08141456637290581,4.40799557323664e-06
Fam114a1,-0.08141525531825616,4.40799557323664e-06
Clip1,-0.08142838515511591,4.39334159967114e-06
Spink2,-0.08147070367615068,4.33752990335863e-06
Ccdc88c,-0.08147220948915906,4.33752990335863e-06
4833415N18Rik,-0.08148537769876245,4.321883824303902e-06
Grk5,-0.08154127507555194,4.2504300412110256e-06
Rarres2,-0.08161331975179455,4.1577478461430615e-06
Abtb2,-0.08167783344716245,4.072073137214936e-06
Trim47,-0.0817495995259389,3.980998529096713e-06
Tstd3,-0.08183763095271875,3.8708513931239114e-06
Hoxc13,-0.08190966471106606,3.7837831126772044e-06
Rragc,-0.08198160192827847,3.70342372502996e-06
Adgrf5,-0.08202072550438753,3.6576823044267516e-06
Diaph3,-0.08214835686634074,3.509395931584569e-06
Dusp11,-0.08215444828527646,3.5044835273328354e-06
Macf1,-0.08255851107343685,3.084038417065136e-06
Gpr1,-0.08259110866961916,3.052389922571282e-06
Jam2,-0.08296362667726796,2.704514413223152e-06
Arhgap42,-0.08309223183696499,2.594528972399811e-06
Trip10,-0.08312827397475685,2.566411802278963e-06
Tecr,-0.08314166002775748,2.5581272677158322e-06
Gmppb,-0.08319564703489642,2.51344017739886e-06
Zdhhc8,-0.08322415737661772,2.490908534923516e-06
Pde10a,-0.08323292216993593,2.485138176677167e-06
Ttc9,-0.08335953593542571,2.3853939427173923e-06
Adam10,-0.08338200447596074,2.3688230128542053e-06
Kif2a,-0.08339910703539763,2.3597255189818984e-06
Notch2,-0.08349559997289642,2.2881475649111435e-06
Hook3,-0.08350101603493851,2.2854351008874043e-06
Zhx2,-0.08357460339084428,2.2304428366618692e-06
Me2,-0.08361554127066997,2.2010442957980084e-06
Pitpna,-0.0836808108332137,2.1541053852778194e-06
Aig1,-0.08381001972418764,2.064045211897286e-06
Slco2a1,-0.08391943208199822,1.9949685948524105e-06
Gpr137b,-0.08393420751377527,1.9877007986588334e-06
Tomm7,-0.08399414893737939,1.951130979477668e-06
Fmo2,-0.0840700960990434,1.9036488053426625e-06
Serpinb1a,-0.08411143453759913,1.8781649780769488e-06
Mtcl1,-0.08418811791899262,1.8307247053012505e-06
Inpp1,-0.08424801765877578,1.795925180197783e-06
Galnt15,-0.08426208879951784,1.7884726006883481e-06
Mob2,-0.08438625940563581,1.7150518380454381e-06
Hopx,-0.08445510301295368,1.6774089795875356e-06
1810037I17Rik,-0.08449093102440786,1.658909889526183e-06
Ehd1,-0.08452221494524276,1.6422645727494947e-06
Des,-0.08458815315611325,1.6065206315087373e-06
Mrgprf,-0.0846857558294466,1.5576070890018524e-06
Nid1,-0.08471712281455467,1.5419016336308588e-06
Lgi4,-0.08474299050949265,1.5302687095928888e-06
Smarca2,-0.08474607968561287,1.5296652499094156e-06
Lgalsl,-0.0848184567804943,1.4939752922948163e-06
Nt5c,-0.08482053999055561,1.4939049907765252e-06
Acbd4,-0.0849307430745883,1.4410631270646348e-06
Kazald1,-0.08503454457897668,1.391233721787601e-06
Ccn2,-0.08505258403190602,1.3844483081921295e-06
Jade1,-0.08513375689902543,1.347021841809095e-06
Cd200,-0.08515623433530885,1.3374849388478382e-06
Ssna1,-0.08532134885223593,1.2682508508022349e-06
Syk,-0.08539598416405299,1.237507993423431e-06
Rtn3,-0.08539641996492432,1.237507993423431e-06
Dph3,-0.08539713253518655,1.237507993423431e-06
Il17d,-0.0855112414278259,1.1929950274625352e-06
Tgfb1i1,-0.08552873811023727,1.186569847767037e-06
Krt80,-0.08554499960589013,1.1822983268042247e-06
Atp6v0b,-0.08554538266087917,1.1822983268042247e-06
C1qtnf7,-0.0856117056727392,1.1567629253651982e-06
Elovl1,-0.08568283405713732,1.1307945315748887e-06
Snapc5,-0.08576985830075232,1.099284698771478e-06
Otud7b,-0.08581254666668034,1.0845345340765723e-06
Klf4,-0.08582199821188587,1.0817094677734055e-06
Pnpla8,-0.08584501305340797,1.073799332569165e-06
Trak1,-0.08593522177146075,1.0448336663043149e-06
Spag7,-0.08603616004116181,1.0107227470275567e-06
Vwa1,-0.08604473868226711,1.008394647029336e-06
Mamdc2,-0.08611687119108809,9.846361636552137e-07
Drap1,-0.08615798177219465,9.712443441861264e-07
Daam2,-0.08627028783732367,9.350760709054721e-07
Cc2d2a,-0.08631383316106878,9.221919547174334e-07
Krtdap,-0.086324043344212,9.195364471060961e-07
Dusp14,-0.08647377049885886,8.755084969458214e-07
Tent5b,-0.0866126132313675,8.355508791308613e-07
Jup,-0.08668119326138297,8.161949104626583e-07
Ccdc28b,-0.08668767485493618,8.149060044059478e-07
Tram2,-0.0867978036323631,7.849913405459328e-07
Ociad2,-0.08701175524730405,7.299419727281904e-07
Pink1,-0.08709636694554204,7.099296037394062e-07
Sat1,-0.08745944127585378,6.264141589942164e-07
Fam20c,-0.08746826333134548,6.24897588273531e-07
Cilp2,-0.08769241806888453,5.78247075152468e-07
Acyp1,-0.0877196761153026,5.730685461992945e-07
Tubb3,-0.08785273198190832,5.469134139398527e-07
Sun1,-0.08790192755135205,5.377802679969826e-07
Gap43,-0.08792979333202282,5.332177590336126e-07
Tmem107,-0.08806155726767728,5.108865073662221e-07
Ptprj,-0.08806689519285123,5.102782161984498e-07
Samd9l,-0.08822011940593058,4.840947558825681e-07
Rassf3,-0.08830420304689607,4.700656010454105e-07
Dmpk,-0.08830511687593298,4.700656010454105e-07
Cat,-0.08841572977582841,4.5260945711350106e-07
Atp6v0a1,-0.088642795238404,4.180491174609962e-07
Pard3b,-0.08876352581360775,4.0113667161316196e-07
Trim16,-0.08878139267953307,3.988514744750081e-07
Mical3,-0.08889005944954091,3.840833752323527e-07
Gtpbp8,-0.0889651836242961,3.7435294266770675e-07
Trappc6b,-0.08903330531506379,3.660525062647572e-07
Rapgef1,-0.08920781332506401,3.446677407740232e-07
2010320M18Rik,-0.0892079438032824,3.446677407740232e-07
Dlx3,-0.08927011755787434,3.3771842801175803e-07
Enpp2,-0.08931811642832639,3.321387061442778e-07
Zfyve21,-0.08932608471352652,3.3142362722448254e-07
Clcn5,-0.0894267294219997,3.2024895111956996e-07
Rnh1,-0.0896996224278664,2.915134233192585e-07
Mxra7,-0.09018324562715552,2.4608258410666357e-07
D630033O11Rik,-0.09020833205789816,2.442870725518719e-07
Kera,-0.0902377467556991,2.418515507490406e-07
Sdhb,-0.09024720680278811,2.411953365864468e-07
Lta4h,-0.09027500668547367,2.391096536954141e-07
Cyb5r3,-0.09035256671731201,2.3275923638724537e-07
Cab39,-0.09047218476550441,2.2327075732355643e-07
Fdx1,-0.09052960124808838,2.1877841574349587e-07
Guk1,-0.0905395588819029,2.1814367816706393e-07
Msx1,-0.09055212230574491,2.173027544226785e-07
Yipf4,-0.09063538423717551,2.1107269744041778e-07
Ston2,-0.09070892173493353,2.0575095042972502e-07
Nabp2,-0.09076335333661181,2.0197523257047891e-07
Gas7,-0.09076673570171133,2.0187638569179332e-07
Sec14l1,-0.09089074805438145,1.9344669224063597e-07
Ifi30,-0.09089226816627935,1.9344669224063597e-07
Aff3,-0.0909234124836707,1.9156680608140658e-07
Rala,-0.09093904005036751,1.906108403323939e-07
Pik3r2,-0.09109356943439174,1.8059258869475124e-07
Jkamp,-0.09111818747738246,1.790941247969242e-07
Cmtm6,-0.09118987487875796,1.7481104609590914e-07
Paxx,-0.09132801308790905,1.6660944594166639e-07
Hspb1,-0.0913299259872947,1.6660944594166639e-07
Enpp3,-0.0913418863234264,1.6601042055504487e-07
Arpc5,-0.09149826935244595,1.570226819528584e-07
Gabarapl2,-0.09152506980173981,1.5570888051056734e-07
Bri3,-0.09154192229298251,1.5485753080197816e-07
Spock2,-0.09154233387344315,1.5485753080197816e-07
Slc25a24,-0.09157374412259789,1.5327566480596959e-07
Itga2,-0.09157892844069228,1.5309930955833315e-07
Ccser2,-0.09166880212701879,1.4818689581272967e-07
Kremen1,-0.09172450448648008,1.45262232985866e-07
Gdpd5,-0.09177592522405943,1.4273140807013126e-07
Tbc1d12,-0.09182492381549123,1.4026100676169068e-07
Xylt1,-0.09186292447456586,1.3850558696300742e-07
Micu1,-0.09209975387708087,1.2699615550219203e-07
Chmp5,-0.09224318230647095,1.208404656723944e-07
Rab32,-0.09249709038592237,1.1039987420720271e-07
Maf1,-0.09255663729141841,1.0813174419139492e-07
Zfand6,-0.09270497568208493,1.025163681232844e-07
Capza2,-0.09276818622253588,1.0018852747775482e-07
Dmkn,-0.09278052681811808,9.980354528924348e-08
Card19,-0.09288045470577486,9.642590288641864e-08
Gm42418,-0.09289283170944092,9.605383969111187e-08
Dnajc10,-0.09289832938254003,9.593136910570656e-08
Lrrc8b,-0.09292582979641857,9.506187044017348e-08
Ftl1,-0.09299617158157027,9.268091352035617e-08
Msn,-0.0933253499033323,8.237463672070185e-08
AI413582,-0.09335369656402162,8.162697318912471e-08
Phtf2,-0.09344997523739146,7.883260615694743e-08
Efemp1,-0.09367350991457353,7.27090319595051e-08
Wnt11,-0.09372844252979272,7.127615929132946e-08
Idh1,-0.09380297577799121,6.934221371154217e-08
Mindy2,-0.09387907129398478,6.741923617670826e-08
Col5a3,-0.09390687696203158,6.681797628197985e-08
Lurap1l,-0.09403063424069608,6.384627639706163e-08
Lpar1,-0.09404651116001403,6.351279428048911e-08
Npr1,-0.09406286177921509,6.31696286095062e-08
Papss2,-0.0940852313610782,6.26843178627345e-08
Bdh2,-0.09425378681879744,5.887611176232033e-08
Emc9,-0.09432066134730444,5.74849311967106e-08
Sfxn3,-0.0944680412881537,5.43792630379659e-08
Pacsin2,-0.09453249800297724,5.314073052413489e-08
Hagh,-0.09470866491961658,4.987511158559253e-08
Tns2,-0.09475171192729909,4.9138807295058146e-08
Limk1,-0.09504801503590683,4.399397243600127e-08
Wasf1,-0.09510413403952406,4.312467267827061e-08
Ppfibp1,-0.09530538752240271,4.007043766679799e-08
Vamp3,-0.09540189527661086,3.8636635972984096e-08
Kif5b,-0.0955617928930739,3.6410913747092684e-08
Pmvk,-0.09557825932063779,3.620978050608356e-08
Efcc1,-0.09565075699382433,3.5266281664510436e-08
Ostf1,-0.09566408769809522,3.511397229742584e-08
Btbd11,-0.09579545477398792,3.342643652717551e-08
Tex264,-0.09585295226417297,3.2716321922099376e-08
Bicd2,-0.09601778243707443,3.0738629816825455e-08
Cavin2,-0.09602931254450313,3.062684817565074e-08
Stx4a,-0.0960338147300282,3.06196165334505e-08
March2,-0.0961224582290076,2.9661544949972373e-08
Gpsm2,-0.09623805296637432,2.8379827666494606e-08
Cbr3,-0.09625605335007008,2.8229129904768773e-08
Atp6ap2,-0.09628475595241329,2.7938695798120873e-08
Morrbid,-0.09636576018043501,2.709277750215218e-08
Capn5,-0.09647057973667904,2.602859284644837e-08
Fn1,-0.09647733523776672,2.598203923554438e-08
Chst7,-0.0965823154441656,2.4958797754419397e-08
Fgf16,-0.09683729443718794,2.2683803300327628e-08
Srgap1,-0.09687268535806567,2.2390298950653158e-08
Sh3glb2,-0.09706961100690045,2.0742318413886546e-08
Apbb1,-0.09711450555047786,2.039695341414543e-08
Tprgl,-0.09723162064144902,1.952872211289475e-08
Cys1,-0.09726050421245186,1.932450965882629e-08
Nfic,-0.09737094637253556,1.856554287941774e-08
Ufm1,-0.0974327019099578,1.81345823785177e-08
Vldlr,-0.09750730795406626,1.762376400693071e-08
Ccdc6,-0.09770235440502743,1.6359071560988605e-08
Tsc22d3,-0.09775592244920257,1.604383362634485e-08
Sv2c,-0.09787466890646974,1.5320306184077418e-08
Ly6a,-0.09799071587892613,1.465699518496854e-08
Agpat3,-0.09804876134989265,1.434826948989064e-08
Mfap3l,-0.0980539994581585,1.4330947381914959e-08
Fam111a,-0.09805531982910866,1.4330947381914959e-08
Hmcn2,-0.09816542535968585,1.3746634158440272e-08
Socs2,-0.09823506012505001,1.3383101491687678e-08
Ldlrad4,-0.09849288141518209,1.2109443556876176e-08
Tnfaip1,-0.09867559506220198,1.1287823298120832e-08
Edem2,-0.09873801540699745,1.1019547126193875e-08
Pde3a,-0.098754843154602,1.0955332672194087e-08
Snx9,-0.09881951226087844,1.0694575417322384e-08
Pgm3,-0.09889608861251369,1.0390258000267563e-08
Nr1h2,-0.09892042567747668,1.0298640230924011e-08
Avpi1,-0.09900660285021769,9.958101318905062e-09
Perp,-0.09906723716989115,9.727654957971805e-09
Ildr2,-0.09907260599503112,9.715346553002055e-09
Rtn4rl1,-0.09915939204258394,9.408029859634013e-09
Pdzd2,-0.09923857130724317,9.129960160662505e-09
Pqlc3,-0.09943172852273714,8.463041244322252e-09
Camk1,-0.09949360245950507,8.262282642153118e-09
Chmp2a,-0.09959934616672404,7.9319445912074e-09
Akap13,-0.09968120532945104,7.687356146119699e-09
Frmd4b,-0.09972189220707445,7.576638007645775e-09
Atp1b3,-0.09972232168329509,7.576638007645775e-09
Dag1,-0.09973024576191447,7.564725272017256e-09
Usp24,-0.0998964815718805,7.0863189520627325e-09
Arhgap44,-0.09991899181069815,7.028467539868784e-09
Rac1,-0.10005423717908989,6.672259933158712e-09
Nfia,-0.100201989742581,6.290388346931136e-09
Sestd1,-0.10023324715069955,6.216801289225332e-09
Nova1,-0.10027601652760898,6.115432262097135e-09
Ccn3,-0.10040166507753956,5.837815736718496e-09
AA467197,-0.10040746251720975,5.8293943662391804e-09
Cltb,-0.10045397900178032,5.725481064087579e-09
Slurp1,-0.10058034540613227,5.4486618105021095e-09
Sema3d,-0.10064941652673835,5.302466412200177e-09
Isl1,-0.10069299414819727,5.213968311854041e-09
Fkbp2,-0.10081640984419186,4.962738710225647e-09
Dynlt3,-0.1008726150253123,4.85470119993122e-09
Cyp21a1,-0.10097220899748582,4.6655616836493776e-09
Gna14,-0.10128620897474075,4.114530750315184e-09
Dkk2,-0.10129860332833791,4.097463250779845e-09
Adcy7,-0.10133482224026495,4.04082048903004e-09
Cib1,-0.10134748515935242,4.023612967064249e-09
Htra1,-0.10140833849688526,3.928083869156981e-09
Mtmr11,-0.10141430103988952,3.9221136756975975e-09
Sox5,-0.10147175846781993,3.834279329424936e-09
Cfl2,-0.10163325121426323,3.598195841083566e-09
Chmp3,-0.10166513419681408,3.55464007508645e-09
Radil,-0.10172399755063095,3.4760751812525064e-09
Arntl,-0.10173942276039921,3.4573026867253523e-09
Bmp4,-0.10181980188427796,3.347902615612001e-09
Evi5l,-0.10184883670372191,3.3111951634895775e-09
Klc1,-0.10198545508630782,3.138679818192568e-09
Palmd,-0.1020070113825965,3.1138100891763426e-09
Gm765,-0.10203585891244883,3.0798541969888086e-09
Miat,-0.10210392580753685,2.997334207710264e-09
Lamc2,-0.10216231773640276,2.9314130233510904e-09
Lamp1,-0.10233184087671349,2.7407000447900553e-09
Zcrb1,-0.10237093127652432,2.6992587861081593e-09
1700003F12Rik,-0.10242173179182255,2.6455682546429543e-09
Ammecr1,-0.10267593305078329,2.3899127271051988e-09
Ankrd29,-0.10287350648272636,2.207798924071074e-09
Dcbld2,-0.10292375078876076,2.1662435480940308e-09
Triobp,-0.10299954236871142,2.1029638616192538e-09
Lasp1,-0.10312164829830997,2.004372638526561e-09
Hebp2,-0.10349238085397468,1.7201073779985626e-09
Mturn,-0.10349915316504402,1.7168871518555251e-09
Ackr3,-0.10352436546859406,1.7004989477365854e-09
Epn2,-0.10361746317449477,1.6386292273154515e-09
Chn2,-0.10365959355145021,1.6115067204723845e-09
Tmem63a,-0.10370793960432412,1.5806983176698522e-09
Ngef,-0.10376725469750828,1.5478337412153543e-09
Pir,-0.10381312812199106,1.5227486628031773e-09
Wfdc1,-0.10381835145642648,1.520891757016813e-09
Ifit2,-0.10395655767168233,1.436513439700584e-09
Zc3hav1,-0.10424046350876927,1.2784592510073392e-09
Arl4d,-0.10425060753823615,1.2742494898635977e-09
Ilk,-0.10437906531625969,1.2082341421345786e-09
Nol7,-0.10443285893333075,1.1822655036699288e-09
Adamts19,-0.10483724893696263,9.98331498117875e-10
Prkca,-0.10504486972691257,9.177620049060358e-10
Rin3,-0.10510487413240027,8.955478539909354e-10
Rps6ka3,-0.10527138550766228,8.376360114108058e-10
Hist1h2bc,-0.10536836071614122,8.045531695780685e-10
Jag1,-0.10537242840084082,8.039571637120623e-10
Utrn,-0.10540665807601442,7.931050911025144e-10
Aida,-0.10540920274673818,7.930331228819769e-10
Nptn,-0.10552444022049423,7.565170282815777e-10
Zfand3,-0.10553939712998768,7.524548391960039e-10
Adprh,-0.10573914111501467,6.923150312985224e-10
Ehbp1l1,-0.10579497793172252,6.785635107911181e-10
Il17rd,-0.10582377875821189,6.710596589609114e-10
Sri,-0.10631336504169453,5.461949227815899e-10
P2ry10b,-0.10637195079245003,5.342277771960316e-10
Bglap,-0.10643320970527434,5.219199234145542e-10
Cdk2ap2,-0.10655181723532314,4.969510301829293e-10
Fam102b,-0.10658027333029949,4.913964931319122e-10
Orai1,-0.10686505023082807,4.359235844183802e-10
Cmah,-0.10719884364698612,3.784693575123375e-10
Scrn1,-0.10735113734158326,3.5501300890895153e-10
Sema4f,-0.10742524669139766,3.4448229494831514e-10
Clic1,-0.10780172529205444,2.942672508845701e-10
Sspn,-0.10791682304643592,2.8102994911736995e-10
Aamdc,-0.10819911159778016,2.494719626423719e-10
Poglut3,-0.10831749850443931,2.373744626430427e-10
Pygl,-0.1083458000307246,2.3469666559249987e-10
Dcn,-0.10837292752518082,2.3216793332069544e-10
Emp1,-0.10840683596458779,2.2922504953994695e-10
Cbx5,-0.1085866307494113,2.1207086036767537e-10
Pla1a,-0.10864580557045832,2.0706838271204064e-10
Gm15417,-0.1087403750071299,1.99062080701688e-10
Smdt1,-0.10877736080464293,1.9626638069422037e-10
Psmd12,-0.10880475543018203,1.941219459389481e-10
Anxa7,-0.10885217100533501,1.903172026720833e-10
Efna5,-0.10915241856918861,1.6727151992388031e-10
Ttyh1,-0.1093213431186333,1.555826319742234e-10
Gnpnat1,-0.10933622127784828,1.547280876611581e-10
Wasf2,-0.10936258878719622,1.5326253300945773e-10
Tpcn1,-0.10939744186193748,1.5108097413842006e-10
Slc38a1,-0.109543827967154,1.417590640660772e-10
Hecw2,-0.10954405757253241,1.417590640660772e-10
Rock2,-0.10954536029814167,1.417590640660772e-10
Galnt1,-0.10973985903794342,1.3052532598432562e-10
Prune2,-0.1097586809096886,1.2957965552542065e-10
Uchl1,-0.10999500074028151,1.167980049926312e-10
Cd248,-0.11019091526227749,1.0728047761295331e-10
Oxct1,-0.11023861292485637,1.0513912912052273e-10
Fam20a,-0.11024457174771997,1.0497389591004932e-10
Stx2,-0.1103150427648033,1.01838791664828e-10
Rab43,-0.11069056018004698,8.677585992429135e-11
Timp2,-0.11088117472009978,7.976548830362334e-11
Txnip,-0.1109935557666537,7.592969593607368e-11
Arhgdia,-0.11100077270485943,7.576721717884477e-11
Igfbp5,-0.11112836712005461,7.162900720750786e-11
Trio,-0.11130160022015013,6.648305592549449e-11
Ccdc50,-0.11130818042795729,6.63595990507904e-11
Aldh1a3,-0.11143029976290511,6.288051180371551e-11
Olfm1,-0.11149286128773814,6.126861218713047e-11
3300005D01Rik,-0.11151311237964796,6.077930230283493e-11
Limch1,-0.11162864552906247,5.775859141992146e-11
1700025G04Rik,-0.11170513102635872,5.586118763543389e-11
Duoxa1,-0.11200789131033108,4.9098270923052584e-11
Plin3,-0.11201645397269959,4.8963071868357864e-11
Itgb1bp1,-0.11247215348075765,4.0090079715491036e-11
Snx6,-0.1125199249797565,3.9317497751391154e-11
Galm,-0.11258752574614496,3.821341321279651e-11
Serinc5,-0.11317006789189442,2.9598760726401865e-11
Gpx1,-0.11317305606587158,2.959216478817614e-11
Bmp3,-0.11350359553366049,2.5493789977078474e-11
Spop,-0.11359130372670494,2.4544614113839243e-11
Ano1,-0.11359400680914127,2.4542392350845844e-11
Cux1,-0.11383327235973714,2.2012774469501837e-11
Fam124a,-0.11403827945408042,2.007661305739888e-11
Serpinb8,-0.11413940399447502,1.9228837351389635e-11
Chst15,-0.11417211035707363,1.8984939519400206e-11
Actr3,-0.11422190441024326,1.857530732953391e-11
Prdm8,-0.11467797282814059,1.5113664538370833e-11
Phlda3,-0.1147330403168461,1.4750056903302313e-11
Dusp22,-0.11487015345964981,1.3857386045660919e-11
Atp2b1,-0.11487932549835272,1.3814695789231186e-11
Scd2,-0.11504119106207383,1.2844253808150956e-11
Sbsn,-0.1150814578235145,1.2620880684440567e-11
Trnp1,-0.11567552714600003,9.624509164897344e-12
Spon2,-0.11575496060974169,9.28461809049427e-12
Atox1,-0.11584958059130375,8.903638801415405e-12
Lars2,-0.11632279971612249,7.199775253723631e-12
Colgalt2,-0.11635657383627553,7.094881735855954e-12
Endod1,-0.11673596217212676,5.977182356736799e-12
Gltp,-0.1167491375041304,5.947342544262195e-12
Tek,-0.11676971920329529,5.897014614172777e-12
Marveld1,-0.1169390534423696,5.450506865666736e-12
Sfrp4,-0.11711837782826284,5.0134736932357525e-12
S100a13,-0.11713304876386119,4.984842882633388e-12
Ndn,-0.11717772787751762,4.88646740195361e-12
Tmeff2,-0.11724760122282389,4.7389558407498115e-12
Agpat4,-0.11728884977020836,4.652915828631018e-12
Kank2,-0.11752756668413875,4.159822737069964e-12
Wipf1,-0.1177745518133618,3.717197777147454e-12
Adamts14,-0.11807174665047979,3.238338316223246e-12
Camk2n1,-0.11843174190671625,2.7367237234327696e-12
Stk38l,-0.11850486195856559,2.6458692501636827e-12
Mef2a,-0.11851856676561386,2.631827210074424e-12
Mras,-0.1193220410734834,1.7955717682759906e-12
Filip1l,-0.11938248852211598,1.7483420012756902e-12
Acaa2,-0.11956360098208821,1.6079973699160493e-12
Kras,-0.11958124235508243,1.5963522813091475e-12
Thy1,-0.11978523324656812,1.4500271493222331e-12
Mcf2l,-0.11988850457046865,1.3827793545582167e-12
Ccdc74a,-0.11995664381714523,1.3412526170425371e-12
Ubl3,-0.12002535732340472,1.3005944701462261e-12
Jpt1,-0.12027185500784104,1.1583048430609497e-12
Arhgef10,-0.12039407853225402,1.0928613536364538e-12
Myof,-0.12045491447289403,1.0623364494677063e-12
Stxbp6,-0.12058217409316695,1.0010509010255977e-12
Hmgn3,-0.12059544356392651,9.958738354988658e-13
Ackr4,-0.12079571634717332,9.066832917764504e-13
Galnt18,-0.12093233803343963,8.492482941730563e-13
Mcub,-0.12095374050217035,8.4149553471579e-13
Zfp423,-0.12121873622773176,7.420294859342507e-13
Tmem158,-0.12164737187264031,6.028290622569789e-13
Samhd1,-0.12189242394934005,5.378366453411586e-13
Lefty1,-0.12197617550788796,5.167667104120138e-13
Rap1b,-0.12197811190551387,5.167667104120138e-13
Sap30l,-0.1220225998727346,5.063981876751188e-13
Aplp2,-0.12206393050329616,4.968315730524418e-13
Ndfip1,-0.12215157057565756,4.764279322957422e-13
Prr13,-0.12244481821949908,4.126874609985378e-13
Sh3d19,-0.12269435469571081,3.6663281781655706e-13
Mical1,-0.1227924471803821,3.5014642564675915e-13
Gfpt2,-0.12280601799891801,3.482584916467124e-13
Capns1,-0.12319604563163347,2.8840985605333675e-13
Ntn1,-0.12437357655135677,1.6261696715768995e-13
Bag5,-0.1244306182185293,1.586655083827137e-13
Asap1,-0.12466882222396426,1.411191642262232e-13
Rab7b,-0.12467510121372705,1.408660229083119e-13
Ackr2,-0.12529041325599768,1.0379627346478341e-13
Ccdc80,-0.12548827461009693,9.425733620266658e-14
Sparcl1,-0.12573292148334525,8.419805376580116e-14
Sdk2,-0.12593609667133748,7.614311619752253e-14
Ino80c,-0.12601750077882798,7.325633680334512e-14
Kif13b,-0.12606089238810178,7.175531177002259e-14
Arhgap20,-0.12620977708444633,6.671538125646275e-14
Rabgap1l,-0.12624383269191797,6.57335217487106e-14
Matn2,-0.1263039165540024,6.383826523374567e-14
Tpm2,-0.12655383275012103,5.6262469884529786e-14
Ppp1r14b,-0.1268936077261136,4.734034135754495e-14
Cspg4,-0.12754125466589566,3.417049590718308e-14
Rab27b,-0.12761844417541582,3.288368405704483e-14
Mfsd6,-0.12781947629416066,2.9683501766810735e-14
Pls3,-0.1280863734445484,2.5966791401215795e-14
Inhba,-0.12818405777114023,2.4756638238005462e-14
Map6,-0.12818617354368161,2.4756638238005462e-14
Hdac7,-0.12826367383597564,2.3824400771884564e-14
Pde8a,-0.12830859082102958,2.3309505303299365e-14
Clstn1,-0.12841971909229283,2.2034961681284093e-14
Dact2,-0.1287422777610294,1.8714205526152386e-14
Cgnl1,-0.12890875582816616,1.7235066964932343e-14
Serpinb6a,-0.12926798974422032,1.4393432949122258e-14
Osbpl3,-0.12929749349982184,1.4194094589375753e-14
Daam1,-0.12992457076187663,1.0293765596291885e-14
Calm1,-0.12999242660616406,9.947926223029943e-15
Adamtsl4,-0.13033172327354248,8.358050162991633e-15
Angptl7,-0.13068910742585696,6.97332656389987e-15
Iqgap2,-0.1307226631981992,6.861079288595078e-15
Lama4,-0.1313084346867492,5.052907509208615e-15
Sptan1,-0.13131937356172002,5.038100067179057e-15
Wnt9a,-0.13150151435167448,4.602026638376296e-15
Fgf1,-0.13186109746680233,3.817329580648691e-15
Cab39l,-0.1322373403958392,3.146485455639935e-15
S100a6,-0.13233194607539214,2.99578627257799e-15
Cd80,-0.1325066028713657,2.740970247402205e-15
Fbn1,-0.13252482826026005,2.71856991414327e-15
Plec,-0.1325347094678947,2.7084482952074613e-15
Cmklr1,-0.1329838562268755,2.137890596452246e-15
Rab21,-0.13302222297925131,2.1008254868403753e-15
Calcrl,-0.13332390935135247,1.7941118021213554e-15
Engase,-0.13349419164573878,1.6391375179256507e-15
Adgrd1,-0.13354103571991657,1.6032760717149321e-15
C7,-0.13358505577718585,1.5680840139611375e-15
Ebf2,-0.1340608651373553,1.221641446187838e-15
Hsd3b7,-0.13418312958240983,1.1487541883157082e-15
Plxdc1,-0.13461080995748836,9.147644237462199e-16
Golim4,-0.13472664856130132,8.615967978673481e-16
Fgf18,-0.13476990175881506,8.428861109174525e-16
Suox,-0.13493885237573183,7.698900114905196e-16
Bmp6,-0.1349743363462282,7.563500544197816e-16
Ret,-0.1356600220454513,5.229553963467232e-16
Myl6,-0.1357066937519491,5.105631174085772e-16
Dap,-0.13577039074440872,4.938188557099396e-16
Stmn4,-0.1360252288475778,4.3280590004327496e-16
Pam,-0.13671384575265577,2.9791045712057063e-16
Fam167a,-0.13745853053615809,1.980414931235413e-16
Tmod2,-0.13760158438021292,1.831849240823387e-16
Rap1a,-0.13788120046201863,1.5726211266129894e-16
Ly6c1,-0.1379076999568268,1.5521589494269765e-16
Adk,-0.1381919382501747,1.3286178523018392e-16
Gamt,-0.13835566621943987,1.214285155866507e-16
Pi16,-0.13904413206228552,8.319059557769435e-17
Tob1,-0.13913462049411734,7.932950765045078e-17
Cast,-0.13913931703272667,7.925715095991476e-17
Il18,-0.1400054733858773,4.882070124218401e-17
Atf5,-0.14009831573533113,4.6477488186753475e-17
Aldh2,-0.14017685069000138,4.4685255658232944e-17
Palm,-0.14021281515376255,4.38588468852683e-17
Cd81,-0.14026384019418497,4.268075661453412e-17
Sema3e,-0.14042683783857332,3.910972353955695e-17
Arhgap21,-0.14061186346575175,3.526167055878136e-17
Pdlim1,-0.14161264133902843,2.00739158085331e-17
Wnk1,-0.1425431639897864,1.2004875809229719e-17
H2-D1,-0.14278379709358072,1.0483680280392275e-17
Cd151,-0.14315999079136457,8.460885267905336e-18
Camk1d,-0.14346726709686267,7.130110132157166e-18
Cdc42ep2,-0.1435976703383279,6.621341904701272e-18
Hr,-0.1436354094282409,6.48952052748773e-18
Qpct,-0.14366591632873954,6.399144799152624e-18
Metrnl,-0.1437090772022903,6.263736037826012e-18
Tnfrsf11b,-0.14425244008134946,4.595556296584587e-18
Dock11,-0.14474147442772783,3.463591634483825e-18
Ecm2,-0.1447782082244946,3.39615969260371e-18
Ap1s2,-0.14513132475889612,2.7647294523408415e-18
Cxxc5,-0.14526814250334122,2.560474111512671e-18
Spsb4,-0.14626980510084733,1.4214739000204191e-18
Lrrfip2,-0.1475610894591659,6.646720677348872e-19
Fam126a,-0.14812684898733994,4.779780978979896e-19
Gpx4,-0.14917585377933917,2.563070031675871e-19
Pmp22,-0.14982535599643224,1.7382584529139036e-19
Tmem43,-0.1501028696776768,1.4767992381176289e-19
Klf3,-0.1506355435991454,1.07532045100231e-19
Ahnak2,-0.15128408817029942,7.253996477556512e-20
Rhoa,-0.15132303268846628,7.096832275072805e-20
Nrep,-0.1514487011261206,6.595844871933633e-20
Heg1,-0.15245537125990213,3.609135998290359e-20
Ptgis,-0.1524770946075065,3.575781822647801e-20
Bok,-0.15265577198149277,3.214240647933064e-20
Diaph1,-0.1526744292545611,3.183936404633877e-20
Dlgap4,-0.15273447292378942,3.0804436672769165e-20
Duox1,-0.1538472382927355,1.5765472916159975e-20
Disp1,-0.15440306759449293,1.1152712941452907e-20
Coro2b,-0.1547924213257675,8.807734612441876e-21
Lgi3,-0.1551806329410838,6.956878947831377e-21
Camkk1,-0.15568541458210702,5.0785837739706904e-21
Nhsl1,-0.1560467679116352,4.074823994208309e-21
Uap1,-0.15613533667116938,3.860612952378788e-21
Asap2,-0.15620742548997993,3.696067909379135e-21
Ddr2,-0.15623360352324564,3.643270424680967e-21
Cryab,-0.15655351064290587,2.9797873318104605e-21
Cdkn1a,-0.15723141084004455,1.9412395891726086e-21
Thbd,-0.15754343558360306,1.6041256836557769e-21
Prg4,-0.15774687755472352,1.420829800455734e-21
Ebf1,-0.15793734632374143,1.2630144609678546e-21
Tmbim1,-0.1580446935796303,1.181505127243588e-21
Gm15675,-0.1584828003120633,8.95112945494663e-22
Ccdc3,-0.15852767608651816,8.716003005348948e-22
Pkd1,-0.1587336069201008,7.648494607099104e-22
Mfap5,-0.15930252920959517,5.341855695485576e-22
Glul,-0.16121740729512582,1.5524886353835807e-22
Fez1,-0.16130929048588408,1.4650503151888554e-22
Pthlh,-0.16141069633372318,1.3738629047595777e-22
Tspo,-0.1614633322771301,1.330318726495594e-22
Col15a1,-0.1617758467479026,1.0934310557231579e-22
Ddah2,-0.16258343207859655,6.474652851872835e-23
Glud1,-0.16307144815564198,4.7179695442619826e-23
Ltbp4,-0.1637124744455843,3.101208550271204e-23
Amotl1,-0.16396319955766436,2.6427369730326686e-23
Pfkp,-0.16430813081124454,2.108480755222151e-23
Scd1,-0.16461092504046412,1.7252710199337108e-23
Klhdc8a,-0.1651180964397262,1.2392438755506492e-23
Lrrn4cl,-0.16559797451056996,9.03450748271912e-24
Anxa1,-0.16581417932226142,7.825956535432354e-24
Gask1b,-0.16583757756339956,7.74323946782436e-24
Slco3a1,-0.16605119612953262,6.73545540946678e-24
Myadm,-0.16628948770398186,5.775809269626646e-24
Ndrg4,-0.16649522098714617,5.035935717252296e-24
S100a4,-0.1670012659208792,3.597070458435841e-24
Arnt2,-0.1671154161749946,3.336562611627982e-24
Lims2,-0.16716149409031203,3.250712303778026e-24
Pgf,-0.1682876498104719,1.5194920380632317e-24
Gngt2,-0.1693407352578721,7.431002915180917e-25
Medag,-0.1700288464071022,4.688791215025648e-25
Vat1,-0.1702944111561983,3.9200093998076666e-25
Antxr2,-0.1706621185335929,3.0424735544553094e-25
Flnb,-0.17233314552105353,9.587456203481245e-26
Aqp1,-0.1725334663877773,8.348082940359057e-26
Itih5,-0.1726729088282447,7.60913748526846e-26
Myoc,-0.17269509786061651,7.534466012547206e-26
Capn2,-0.1735190694321838,4.240340261650842e-26
Rora,-0.1745104601602141,2.098971591391105e-26
Wnt2,-0.17606301411887734,6.968682190006e-27
Prrt4,-0.17610965067239095,6.758325495551619e-27
Tacc2,-0.17621221832419928,6.313954191334831e-27
Wnt10b,-0.17671894003333796,4.417092837854065e-27
Fermt2,-0.17805832723805465,1.688634366126169e-27
Bag1,-0.17810060857180926,1.6474429114072505e-27
4930523C07Rik,-0.1786678422147109,1.094777531113815e-27
Sash1,-0.1791176553419756,7.944812548670113e-28
Ybx3,-0.1798715235579224,4.589420681133994e-28
Add3,-0.18039121972347233,3.135574443263219e-28
Pamr1,-0.1804028475372128,3.1186001562880427e-28
Gstm1,-0.18052880283790274,2.8499285128008336e-28
Gm17455,-0.18132144914026369,1.618155817628856e-28
Anxa8,-0.18174945188505454,1.1917873463412566e-28
Nav1,-0.18275279527110228,5.699657994027045e-29
Pdgfc,-0.18371187319837023,2.7874879055214356e-29
Anxa2,-0.18443329061798142,1.6315893859594443e-29
Adamtsl5,-0.18482069485615096,1.2242995141849766e-29
Oaf,-0.18553997910491,7.104307109057868e-30
Lama2,-0.18586729844261918,5.571281689317132e-30
Snx18,-0.18627369831999172,4.11046038494707e-30
Nupr1,-0.1879724808155533,1.1188961218273333e-30
Zbtb20,-0.18826636599037683,8.974368368094554e-31
Fyn,-0.1887919095261544,6.031879090447247e-31
Cav1,-0.1890871064950643,4.811120887163872e-31
Ephx1,-0.18937345846543668,3.876536826944863e-31
Reep3,-0.18980881075359507,2.7893724448026056e-31
Timp3,-0.18993693643291698,2.5325980105502615e-31
Phldb1,-0.19127496357066512,8.917332860345684e-32
Loxl2,-0.191320983064779,8.631426569706269e-32
Procr,-0.1915009584844954,7.516406342075528e-32
Dbn1,-0.19236376676559572,3.839541668340626e-32
Islr,-0.19494345106298894,5.09526631163843e-33
Ecm1,-0.19519066257693177,4.1915841810765016e-33
Atp2b4,-0.19548981645027652,3.3056810498735326e-33
Slc29a1,-0.19570829249438734,2.7817166475944333e-33
Anxa3,-0.19609391363148243,2.0604945271173626e-33
Vit,-0.1970814911571522,9.386927067317933e-34
Ramp2,-0.19779175836237792,5.344020516999602e-34
Ifi27l2a,-0.19861661005440692,2.740280825595722e-34
Zfp385a,-0.19865087842993787,2.6754241710262697e-34
1700019D03Rik,-0.2009377633622501,4.158561191181954e-35
Prss23,-0.20179141872857623,2.0580007068012113e-35
Ptgs1,-0.20255935444647247,1.0861451257164395e-35
Prnp,-0.20303402420807293,7.351988051620324e-36
Sdc2,-0.20324914559357843,6.160842598975425e-36
Uqcc2,-0.203270355993212,6.078812681900628e-36
Lamc1,-0.20361668281493187,4.600387245133857e-36
Ntn4,-0.2044140445840204,2.375030142276909e-36
Ackr1,-0.20488579130096074,1.613312341137095e-36
Capg,-0.20598841300088966,6.4194607566200866e-37
Ramp1,-0.20663544243060616,3.7049375923968245e-37
Dpp4,-0.20897236628922172,5.042490456731399e-38
Tgfbi,-0.20968010690309216,2.736058865898224e-38
Itgb3,-0.21005002278674006,2.0004619512476853e-38
Cd9,-0.21099664630191273,8.814596382044546e-39
Prelp,-0.21314019790424008,1.3678074458094283e-39
Ptms,-0.21548765720076563,1.6950741874869117e-40
Mbnl1,-0.2172619035567622,3.5032846275177834e-41
Cavin3,-0.2192768487532157,5.694588493353111e-42
Akap12,-0.22186697594560456,5.3883957854532146e-43
Crip2,-0.2220415915222964,4.63354037171849e-43
Islr2,-0.2233185548763401,1.4319365264745524e-43
Creb5,-0.22375558661147732,9.562594947209493e-44
Mgll,-0.22476704547405832,3.736709150639546e-44
Ablim1,-0.22616231548466845,1.0036644440339183e-44
Crip1,-0.22681164504674337,5.510580463293927e-45
Ehd2,-0.23101271883242186,1.0274311878365161e-46
Cdh13,-0.23414846882482102,4.940234002926711e-48
Tns1,-0.23447457579318753,3.6028529155578065e-48
Olfml2a,-0.2352374847411821,1.714332082603709e-48
Pcsk6,-0.2372941947621015,2.2622572582488877e-49
Sptbn1,-0.23789553398538296,1.254138050779998e-49
Mustn1,-0.24101938243167195,5.399779552221437e-51
Adgrg2,-0.2433150838008703,5.185358112921501e-52
Scara5,-0.24345245195686815,4.533152324967954e-52
Dpysl2,-0.2447176283777597,1.2593045529422573e-52
Tmem100,-0.24721145634790184,9.652244932799892e-54
Emp3,-0.2474903329389966,7.255225685543217e-54
Emilin2,-0.24777321560790413,5.428747024264555e-54
Cadm3,-0.2496152453257493,7.841883693032372e-55
Fam129a,-0.2500823721457533,4.8081625293184305e-55
Pcolce2,-0.2522299009682061,4.896508981969903e-56
Cd109,-0.25243713207221674,3.950387609612472e-56
Ahnak,-0.2556978528390913,1.1744174052489021e-57
Cavin1,-0.2557689804260042,1.0961513531910943e-57
Efhd1,-0.25582570550278066,1.0394218972159193e-57
Smim14,-0.2598476542817394,1.3018413632387743e-59
Lamb2,-0.26243236542878606,7.375137752093214e-61
Ugp2,-0.2689145076984967,4.995315343635538e-64
Dstn,-0.27071989302987226,6.290452258427907e-65
Anxa5,-0.27255523848478835,7.349407608689864e-66
Htra3,-0.2769312735704711,4.028665773620835e-68
Fhl1,-0.27791599413917745,1.2426985919821363e-68
Tmsb4x,-0.278864382074171,3.986259512697744e-69
Tppp3,-0.28108968143732055,2.7048579294171527e-70
Tnxb,-0.293951472882892,2.849593473971959e-77
Cd55,-0.294271660143611,1.9091654109088958e-77
S100a10,-0.2951373955854796,6.3846333591014085e-78
Gsn,-0.3209582741235546,3.1740048643764853e-93
Cd34,-0.3274869566359055,2.4199688808531417e-97
Axl,-0.3414895553123998,1.258934932612251e-106
Clec3b,-0.35660440252905423,3.5630333816429324e-117
Ckb,-0.3785150728238331,1.2048922251609578e-133
Sema3c,-0.3911467595938675,1.0066064999445444e-143
Igfbp6,-0.40879056462348917,1.077555417399219e-158
