,healing_index,cell_type,condition
AAACGAAAGGTTCCAT-1,19.882034898009337,Stromal,Innervated
AAACGAACATCGTTCC-1,14.696485623003195,Tenogenic-progenitor,Innervated
AAACGAATCTGGTGGC-1,21.848119931187025,Stromal,Innervated
AAACGCTCACAGCTGC-1,53.89530597198329,TSPC,Innervated
AAAGAACAGCATGATA-1,32.24379454411404,Stromal,Innervated
AAAGAACCAACATACC-1,45.44114032931924,TSPC,Innervated
AAAGGATAGTCAACAA-1,62.71811255836815,Stromal,Innervated
AAAGGATAGTTCCGTA-1,9.166871467190955,T-FAP,Innervated
AAAGGATTCTAAGGAA-1,24.404030474318013,Stromal,Innervated
AAAGGGCAGCTTAAGA-1,14.524453182600148,Stromal,Innervated
AAAGGGCTCCGTAGGC-1,3.538953059719833,T-FAP,Innervated
AAAGGTAAGAATACAC-1,18.23543868272303,Stromal,Innervated
AAAGGTAAGGATGGCT-1,30.15482919636274,Tenogenic-progenitor,Innervated
AAAGGTACAACGAGGT-1,60.13762595232244,TSPC,Innervated
AAAGGTACACGGTAGA-1,64.80707790611943,Stromal,Innervated
AAAGTCCTCTTGCAGA-1,14.106660113049891,Tenogenic-progenitor,Innervated
AAATGGAAGTTACTCG-1,86.77807815188007,TSPC,Innervated
AAATGGACATCCGCGA-1,29.712460063897762,Stromal,Innervated
AACAAAGAGTTTGTCG-1,5.160973212091423,T-FAP,Innervated
AACAAAGCAGGCGATA-1,22.241336937822563,Stromal,Innervated
AACAACCCAGCGTATT-1,13.393954288522977,T-FAP,Innervated
AACAACCTCTTTGCTA-1,18.210862619808307,Stromal,Innervated
AACAAGAAGCCACTCG-1,22.069304497419516,TSPC,Innervated
AACAAGAAGGTCATTC-1,20.32440403047432,Stromal,Innervated
AACAAGACAGTAACCT-1,24.354878348488572,Stromal,Innervated
AACAAGAGTCGCACGT-1,77.31629392971246,TSPC,Innervated
AACACACAGAGCAGAA-1,24.748095355124107,Stromal,Innervated
AACACACTCCGAGATT-1,2.0643892848365692,T-FAP,Innervated
AACAGGGGTCCGTTTC-1,31.039567461292698,TSPC,Innervated
AACAGGGGTCGTTTCC-1,11.673629884492504,Stromal,Innervated
AACCAACAGCGATGAC-1,8.454165642664044,Stromal,Innervated
AACCAACAGTAGACCG-1,39.98525436225117,TSPC,Innervated
AACCAACGTGATACTC-1,21.872695994101747,T-FAP,Innervated
AACCACAGTAGATCCT-1,22.19218481199312,Stromal,Innervated
AACCACAGTGTGGTCC-1,38.46153846153847,TSPC,Innervated
AACCACAGTTCGAAGG-1,13.148193659375767,Stromal,Innervated
AACCACATCTTGGTGA-1,5.357581715409192,T-FAP,Innervated
AACCATGGTGTATACC-1,31.89972966330794,Stromal,Innervated
AACCATGTCACCTTAT-1,3.6618333742934386,Stromal,Innervated
AACCCAAAGGATGTTA-1,24.10911771934136,TSPC,Innervated
AACCCAACACGGTGAA-1,16.88375522241337,Stromal,Innervated
AACCCAACAGGAGGTT-1,12.97616121897272,T-FAP,Innervated
AACCCAACATACTGTG-1,16.88375522241337,Stromal,Innervated
AACCCAATCCGGCAGT-1,14.59818137134431,Stromal,Innervated
AACCTGAGTGTCTAAC-1,25.092160235930205,Stromal,Innervated
AACCTTTCACCAGCCA-1,18.50577537478496,Stromal,Innervated
AACCTTTGTACGGATG-1,51.38854755468174,TSPC,Innervated
AACCTTTGTATCGTGT-1,4.718604079626444,T-FAP,Innervated
AACCTTTTCGCTCTAC-1,5.013516834603097,T-FAP,Innervated
AACGAAAAGGAGAGTA-1,26.026050626689607,T-FAP,Innervated
AACGAAAGTTAGGCCC-1,5.55419021872696,T-FAP,Innervated
AACGGGAAGCAGTACG-1,10.44482673875645,T-FAP,Innervated
AACGTCAAGATAGTCA-1,40.96829687884001,Stromal,Innervated
AACGTCAAGTATAACG-1,9.388056033423446,Tenogenic-progenitor,Innervated
AACGTCACAACCTATG-1,9.535512410911771,Tenogenic-progenitor,Innervated
AACGTCAGTCAGTCCG-1,1.15507495699189,T-FAP,Innervated
AAGAACAAGTTCGCAT-1,11.477021381174737,Tenogenic-progenitor,Innervated
AAGAACACACTGCGAC-1,11.010076185795036,Stromal,Innervated
AAGAACATCGCTAGCG-1,3.9075940034406487,Stromal,Innervated
AAGAACATCTCCATAT-1,48.16908331285328,TSPC,Innervated
AAGACAAGTGCAACGA-1,24.82182354386827,Stromal,Innervated
AAGACAAGTTGGACCC-1,36.0530842958958,TSPC,Innervated
AAGACAAGTTGGCTAT-1,34.308183828950604,Stromal,Innervated
AAGACAATCCCGTGAG-1,22.511673629884495,Tenogenic-progenitor,Innervated
AAGATAGCACTGTCCT-1,5.77537478495945,T-FAP,Innervated
AAGATAGGTACCAGAG-1,18.50577537478496,Stromal,Innervated
AAGATAGGTATCGTTG-1,95.82206930449742,TSPC,Innervated
AAGCATCAGAATCCCT-1,3.7601376259523223,T-FAP,Innervated
AAGCATCGTAGAGCTG-1,7.077906119439666,T-FAP,Innervated
AAGCCATGTTTCTATC-1,9.117719341361514,T-FAP,Innervated
AAGCCATTCAGCGTCG-1,16.17104939788646,Stromal,Innervated
AAGCGAGAGGTAAACT-1,17.915949864831653,Stromal,Innervated
AAGCGAGGTGGAACCA-1,57.21307446547064,TSPC,Innervated
AAGCGAGTCCGCGGAT-1,41.90218726959941,TSPC,Innervated
AAGCGAGTCGGTGTAT-1,13.590562791840746,Stromal,Innervated
AAGCGTTTCTGACAGT-1,31.604816908331284,Tenogenic-progenitor,Innervated
AAGGAATCAGCGCTTG-1,21.332022609977884,Tenogenic-progenitor,Innervated
AAGGAATGTCGAGATG-1,20.422708282133204,Stromal,Innervated
AAGGTAAGTAGGCAAC-1,20.10321946424183,Stromal,Innervated
AAGGTAAGTTAATGAG-1,4.349963135905628,T-FAP,Innervated
AAGGTAAGTTCCGCAG-1,36.86409437208159,TSPC,Innervated
AAGGTAATCGTAACCA-1,46.915704104202504,Stromal,Innervated
AAGTACCAGCCTCACG-1,5.062668960432538,T-FAP,Innervated
AAGTACCGTGCATCTA-1,5.8982550995330545,Tenogenic-progenitor,Innervated
AAGTACCGTTCTTAGG-1,58.54018186286557,Stromal,Innervated
AAGTCGTGTACAGTCT-1,7.004177930695503,T-FAP,Innervated
AAGTGAAAGGTCGACA-1,50.970754485131486,TSPC,Innervated
AAGTGAATCCCAGTGG-1,20.10321946424183,Stromal,Innervated
AAGTTCGTCGAGCCAC-1,19.095600884738264,TSPC,Innervated
AATAGAGTCTCGTCAC-1,5.160973212091423,T-FAP,Innervated
AATCACGGTAAGCAAT-1,66.79773900221184,TSPC,Innervated
AATCACGTCACTCCGT-1,88.62128287048415,Stromal,Innervated
AATCGACTCACCTTGC-1,18.94814450724994,TSPC,Innervated
AATCGTGGTGATTAGA-1,14.426148930941263,Tenogenic-progenitor,Innervated
AATCGTGTCACACCCT-1,17.301548291963627,Stromal,Innervated
AATGAAGCATCCGGCA-1,14.54902924551487,T-FAP,Innervated
AATGAAGGTAGGTTTC-1,11.32956500368641,Tenogenic-progenitor,Innervated
AATGAAGGTATCCTTT-1,59.941017449004676,TSPC,Innervated
AATGACCGTGTCTCCT-1,18.0879823052347,Stromal,Innervated
AATGCCAGTCTGTAAC-1,34.01327107397395,TSPC,Innervated
AATGCCATCAGACCCG-1,13.148193659375767,Tenogenic-progenitor,Innervated
AATGCCATCCATCACC-1,0.19660850331776847,T-FAP,Innervated
AATGGAAAGGATTTAG-1,23.765052838535265,Stromal,Innervated
AATGGAACAATTTCCT-1,43.4013271073974,TSPC,Innervated
AATGGCTAGAAACCAT-1,26.615876136642907,Stromal,Innervated
AATGGCTGTGGCTTAT-1,15.925288768739248,Stromal,Innervated
AATGGCTTCCGGCAGT-1,35.85647579257803,Stromal,Innervated
AATTCCTAGCAACAAT-1,12.140575079872203,Stromal,Innervated
AATTCCTCATTGTCGA-1,19.783730646350456,Tenogenic-progenitor,Innervated
AATTCCTTCCACGTAA-1,5.013516834603097,Stromal,Innervated
AATTCCTTCCGATAAC-1,8.11010076185795,Stromal,Innervated
AATTTCCGTTGTTTGG-1,2.433030228557385,T-FAP,Innervated
ACAAAGAAGAGCATCG-1,22.069304497419516,Stromal,Innervated
ACAAAGACAGCTGAGA-1,18.628655689358563,Tenogenic-progenitor,Innervated
ACAAAGACATGAGGGT-1,18.726959941017448,Stromal,Innervated
ACAAAGAGTAGACAAT-1,23.543868272302777,Stromal,Innervated
ACAAAGAGTGAACTAA-1,71.09855001228803,TSPC,Innervated
ACAAAGATCAGGACGA-1,13.541410666011306,T-FAP,Innervated
ACAACCAAGGCACTAG-1,31.506512656672403,Stromal,Innervated
ACAAGCTAGCTCCACG-1,17.989678053575815,Tenogenic-progenitor,Innervated
ACAAGCTCATCTCGTC-1,4.251658884246743,T-FAP,Innervated
ACAAGCTTCATAGGCT-1,43.45047923322684,Tenogenic-progenitor,Innervated
ACAAGCTTCATCGGGC-1,21.52863111329565,Stromal,Innervated
ACACAGTAGCAATTCC-1,55.88596706807569,Stromal,Innervated
ACACAGTCAGGAATCG-1,12.460063897763577,T-FAP,Innervated
ACACCAAGTGATTGGG-1,8.503317768493487,Stromal,Innervated
ACACCAAGTTACTCAG-1,43.49963135905628,Stromal,Innervated
ACACGCGCACGCGTGT-1,46.915704104202504,TSPC,Innervated
ACACGCGCACTGGATT-1,4.349963135905628,T-FAP,Innervated
ACACGCGTCATGACAC-1,67.01892356844434,Stromal,Innervated
ACACGCGTCGCACGAC-1,49.25043008110101,TSPC,Innervated
ACACTGAAGACATATG-1,51.43769968051119,Stromal,Innervated
ACACTGAAGAGGGTCT-1,0.9093143278446794,T-FAP,Innervated
ACACTGAAGCATCGAG-1,75.25190464487589,TSPC,Innervated
ACACTGACAACCTAAC-1,5.038092897517818,T-FAP,Innervated
ACACTGAGTTATTCTC-1,12.607520275251904,Tenogenic-progenitor,Innervated
ACAGAAACACTCTCGT-1,1.6957483411157535,T-FAP,Innervated
ACAGAAAGTACGTGAG-1,26.419267633325138,Tenogenic-progenitor,Innervated
ACAGAAATCTGGGCCA-1,8.945686900958465,T-FAP,Innervated
ACAGCCGCACTTTAGG-1,8.405013516834604,Stromal,Innervated
ACAGGGAAGTCGAGGT-1,5.480462029982797,Stromal,Innervated
ACAGGGAGTAAGGTCG-1,2.1381174735807322,T-FAP,Innervated
ACATCCCCACCCTAAA-1,74.07225362496928,TSPC,Innervated
ACATCGACATATGCGT-1,41.68100270336692,TSPC,Innervated
ACATCGACATCATTTC-1,9.142295404276235,T-FAP,Innervated
ACATGCATCTCGGCTT-1,33.69378225608258,Stromal,Innervated
ACATTTCAGTACCATC-1,30.695502580486604,Stromal,Innervated
ACATTTCCACCCAATA-1,2.7033669206193167,T-FAP,Innervated
ACATTTCGTCCAGCGT-1,14.79478987466208,T-FAP,Innervated
ACATTTCGTGGGATTG-1,50.700417793069555,Stromal,Innervated
ACCAAACCAATACCTG-1,87.95772917178668,Stromal,Innervated
ACCAAACCACAAAGTA-1,25.46080117965102,TSPC,Innervated
ACCAAACCATCCGAGC-1,56.47579257802901,TSPC,Innervated
ACCAACACACATTGTG-1,28.926026050626692,Stromal,Innervated
ACCAACAGTTGACGGA-1,8.773654460555418,Stromal,Innervated
ACCAACATCCGTTGGG-1,5.406733841238633,T-FAP,Innervated
ACCAACATCGTTGTGA-1,31.850577537478497,TSPC,Innervated
ACCACAACATGTGCCG-1,6.512656672401082,T-FAP,Innervated
ACCATTTCATCCGCGA-1,1.7694765298599164,T-FAP,Innervated
ACCATTTGTATTTCCT-1,9.068567215532072,Stromal,Innervated
ACCATTTGTGGACAGT-1,14.008355861391006,Stromal,Innervated
ACCCAAAAGGGCTGAT-1,5.627918407471124,Stromal,Innervated
ACCCTCAGTGCCCACA-1,6.119439665765544,T-FAP,Innervated
ACCCTTGCAACCGTGC-1,4.718604079626444,T-FAP,Innervated
ACCCTTGCACTCGATA-1,14.622757434259032,Tenogenic-progenitor,Innervated
ACCCTTGTCACCATCC-1,4.62029982796756,T-FAP,Innervated
ACCCTTGTCAGACAAA-1,55.76308675350209,TSPC,Innervated
ACCGTTCCAGACACCC-1,18.653231752273285,Stromal,Innervated
ACCGTTCTCTCACGAA-1,7.15163430818383,Stromal,Innervated
ACCTACCAGCTACAAA-1,12.50921602359302,Stromal,Innervated
ACCTACCCATCGAACT-1,28.827721798967804,Tenogenic-progenitor,Innervated
ACCTGAACAGGGATAC-1,19.71000245760629,Stromal,Innervated
ACCTGTCAGACTGAGC-1,17.57188498402556,Stromal,Innervated
ACCTGTCAGCCGAACA-1,66.7485868763824,TSPC,Innervated
ACGATCACATCCCACT-1,27.37773408699926,Tenogenic-progenitor,Innervated
ACGATGTTCGATACGT-1,41.63185057753748,Stromal,Innervated
ACGCACGCACAGCGCT-1,30.81838289506021,Tenogenic-progenitor,Innervated
ACGCACGCAGGAATAT-1,19.0218726959941,Tenogenic-progenitor,Innervated
ACGGGTCAGAAACTGT-1,27.304005898255102,Stromal,Innervated
ACGGGTCGTAGCTCGC-1,17.621037109855,Stromal,Innervated
ACGGGTCTCTGGCCGA-1,21.848119931187025,Tenogenic-progenitor,Innervated
ACGGTCGAGTCAGCGA-1,21.258294421233717,Stromal,Innervated
ACGTAACCAACAGCTT-1,5.55419021872696,T-FAP,Innervated
ACGTACACACATGAAA-1,14.008355861391006,Tenogenic-progenitor,Innervated
ACGTACAGTTGCATTG-1,30.05652494470386,TSPC,Innervated
ACGTACATCCGTTGAA-1,7.618579503563529,Stromal,Innervated
ACGTAGTAGGATCATA-1,16.490538215777832,Tenogenic-progenitor,Innervated
ACGTAGTGTCCGATCG-1,14.696485623003195,Tenogenic-progenitor,Innervated
ACGTAGTTCGAAGTGG-1,2.0643892848365692,T-FAP,Innervated
ACGTCCTAGACCATGG-1,17.670189235684443,T-FAP,Innervated
ACGTCCTAGCCGAATG-1,25.75571393462767,Tenogenic-progenitor,Innervated
ACGTCCTAGGTTCATC-1,5.8982550995330545,T-FAP,Innervated
ACGTCCTTCCCAGTGG-1,17.866797739002212,Tenogenic-progenitor,Innervated
ACGTTCCAGTGCACCC-1,24.82182354386827,Tenogenic-progenitor,Innervated
ACGTTCCGTGAGTGAC-1,61.85795035635291,TSPC,Innervated
ACGTTCCGTTGTGGCC-1,27.79552715654952,Stromal,Innervated
ACGTTCCTCAAGCGTT-1,6.586384861145245,T-FAP,Innervated
ACTATCTAGTCCCAAT-1,67.6824772671418,TSPC,Innervated
ACTATCTCAGTTGCGC-1,36.225116736298844,Stromal,Innervated
ACTATGGAGAGATCGC-1,55.41902187269599,TSPC,Innervated
ACTATGGGTCGGTGAA-1,40.2555910543131,Stromal,Innervated
ACTATGGGTGGTTTGT-1,17.940525927746375,T-FAP,Innervated
ACTATTCGTACTAACC-1,24.551486851806338,Tenogenic-progenitor,Innervated
ACTATTCTCCCATTCG-1,42.39370852789383,TSPC,Innervated
ACTCCCAAGCTCGTGC-1,13.615138854755468,T-FAP,Innervated
ACTCTCGAGCCTTTCC-1,39.34627672646842,TSPC,Innervated
ACTCTCGGTGAGAGGG-1,57.45883509461785,TSPC,Innervated
ACTCTCGGTGATACAA-1,2.0643892848365692,T-FAP,Innervated
ACTGCAAAGGTAGCCA-1,21.823543868272303,T-FAP,Innervated
ACTGCAACATGGGCAA-1,14.401572868026541,Stromal,Innervated
ACTGCAAGTGTTGATC-1,21.454902924551487,Stromal,Innervated
ACTGCAATCCGTGTAA-1,13.83632342098796,T-FAP,Innervated
ACTGTCCGTCGCACGT-1,24.79724748095355,Tenogenic-progenitor,Innervated
ACTTAGGAGACGCAGT-1,56.844433521749814,TSPC,Innervated
ACTTAGGAGAGCTGCA-1,27.869255345293688,Tenogenic-progenitor,Innervated
ACTTATCGTGGCTAGA-1,63.75030720078644,Stromal,Innervated
ACTTATCGTTATCCAG-1,4.571147702138117,Tenogenic-progenitor,Innervated
ACTTATCTCTGAGATC-1,63.996067829933644,TSPC,Innervated
ACTTCCGAGAGCCGTA-1,19.365937576800196,Stromal,Innervated
ACTTCCGAGCGACTGA-1,18.53035143769968,Stromal,Innervated
ACTTCCGAGCTTCATG-1,5.283853526665029,T-FAP,Innervated
ACTTCCGCAGAGAATT-1,17.006635536986973,Stromal,Innervated
ACTTCCGCATTGCTTT-1,5.996559351191939,T-FAP,Innervated
ACTTCGCAGAAACCCG-1,45.34283607766036,TSPC,Innervated
ACTTCGCAGCCATCCG-1,55.09953305480462,Stromal,Innervated
ACTTTCAAGATGCGAC-1,80.31457360530842,TSPC,Innervated
ACTTTCACATATGAAG-1,27.304005898255102,Tenogenic-progenitor,Innervated
ACTTTCAGTGTCCGTG-1,14.79478987466208,Stromal,Innervated
ACTTTCATCGGAATGG-1,28.28704841484394,Stromal,Innervated
ACTTTCATCTTAGTTC-1,6.070287539936102,Stromal,Innervated
ACTTTGTAGTTAGTAG-1,28.459080855246988,Stromal,Innervated
ACTTTGTCACCGGTCA-1,10.543130990415335,Stromal,Innervated
ACTTTGTCATTGTCGA-1,49.25043008110101,Stromal,Innervated
ACTTTGTTCGCTCCTA-1,19.955763086753503,Tenogenic-progenitor,Innervated
ACTTTGTTCTACTATC-1,29.515851560579996,Tenogenic-progenitor,Innervated
AGAAATGAGCGTATGG-1,16.711722782010323,Stromal,Innervated
AGAAATGGTGGCTACC-1,48.85721307446547,Stromal,Innervated
AGAAATGGTTTACGAC-1,19.0218726959941,Stromal,Innervated
AGAACCTAGATCACCT-1,10.960924059965594,Tenogenic-progenitor,Innervated
AGAACCTAGCAGGCAT-1,3.6372573113787174,T-FAP,Innervated
AGAACCTGTTCGGTAT-1,33.17768493487343,Tenogenic-progenitor,Innervated
AGAACCTTCGCTCTAC-1,32.956500368640945,Stromal,Innervated
AGAACCTTCGTCGATA-1,85.91791594986483,TSPC,Innervated
AGAAGCGCAGTTCTAG-1,24.79724748095355,Tenogenic-progenitor,Innervated
AGAAGCGTCGAGCCTG-1,21.626935364954534,Stromal,Innervated
AGAAGTAAGCCTCGTG-1,10.813467682477267,Stromal,Innervated
AGAAGTACACCCAAGC-1,57.311378717129514,Stromal,Innervated
AGAAGTAGTCAGTTTG-1,54.38682723027771,TSPC,Innervated
AGACAAAAGCTGTGCC-1,59.64610469402801,TSPC,Innervated
AGACAAAAGTAGTCCT-1,10.739739493733104,Tenogenic-progenitor,Innervated
AGACAAAGTGGTTTGT-1,10.936347997050873,Stromal,Innervated
AGACAAATCTAAACGC-1,45.14622757434259,TSPC,Innervated
AGACACTTCCATTGTT-1,1.7940525927746376,T-FAP,Innervated
AGACAGGAGTCTAGAA-1,22.118456623248957,TSPC,Innervated
AGACAGGGTCCAGCAC-1,15.48291963627427,Stromal,Innervated
AGACAGGTCCTTCGAC-1,22.634553944458098,Stromal,Innervated
AGACCATGTGTTCAGT-1,47.677562054558855,Stromal,Innervated
AGACCCGGTATATGGA-1,23.642172523961662,Stromal,Innervated
AGACCCGTCAGGAACG-1,20.398132219218482,Tenogenic-progenitor,Innervated
AGACTCAAGACTGGGT-1,13.615138854755468,T-FAP,Innervated
AGACTCAGTGGTCTGC-1,28.18874416318506,Tenogenic-progenitor,Innervated
AGAGAATGTCCGGCAT-1,47.23519292209388,Stromal,Innervated
AGAGAGCCAAATTGGA-1,67.82993364463013,Tenogenic-progenitor,Innervated
AGAGAGCCACTAGGTT-1,34.086999262718116,Stromal,Innervated
AGAGAGCCATAATGCC-1,51.63430818382895,TSPC,Innervated
AGAGCAGGTAAGTAGT-1,13.615138854755468,Tenogenic-progenitor,Innervated
AGAGCCCAGTTCATGC-1,9.314327844679282,T-FAP,Innervated
AGAGCCCCAAATTGGA-1,24.354878348488572,T-FAP,Innervated
AGATAGACAAACGGCA-1,12.091422954042761,Stromal,Innervated
AGATAGACACCAGTAT-1,58.19611698205948,TSPC,Innervated
AGATGAAAGCTAGAGC-1,31.45736053084296,TSPC,Innervated
AGATGAAGTAACGGTG-1,18.014254116490537,Tenogenic-progenitor,Innervated
AGATGAAGTAGTCTTG-1,21.872695994101747,Stromal,Innervated
AGATGAAGTGTATTCG-1,37.38019169329074,Tenogenic-progenitor,Innervated
AGCATCAGTTTCGGCG-1,34.898009338903904,TSPC,Innervated
AGCCACGAGTCGCCCA-1,19.85745883509462,Tenogenic-progenitor,Innervated
AGCCACGCAGGTCTCG-1,6.24231998033915,T-FAP,Innervated
AGCCACGTCGTTGTAG-1,7.790611943966577,Tenogenic-progenitor,Innervated
AGCCACGTCTCTGCTG-1,19.68542639469157,Stromal,Innervated
AGCCAGCGTTCAAACC-1,16.244777586630622,Stromal,Innervated
AGCGATTCACTGTCCT-1,9.781273040058982,T-FAP,Innervated
AGCGCCACACATAGCT-1,15.384615384615385,Tenogenic-progenitor,Innervated
AGCGCCAGTTTCGTGA-1,12.97616121897272,Stromal,Innervated
AGCGCTGCACATCCCT-1,1.966085033177685,T-FAP,Innervated
AGCGCTGCACTCAAGT-1,50.700417793069555,TSPC,Innervated
AGCGCTGCATGTCTAG-1,60.752027525190464,Stromal,Innervated
AGCGCTGCATTGCCGG-1,39.59203735561563,Stromal,Innervated
AGCGCTGTCGGAACTT-1,3.3669206193167858,Stromal,Innervated
AGCGTATAGGCTCTCG-1,6.340624231998033,Tenogenic-progenitor,Innervated
AGCGTATGTATCTCGA-1,19.292209388056033,Stromal,Innervated
AGCGTATGTGCAACGA-1,28.827721798967804,Tenogenic-progenitor,Innervated
AGCTACAAGCCTTTGA-1,11.10838043745392,Stromal,Innervated
AGCTACACATGGAACG-1,5.136397149176702,T-FAP,Innervated
AGCTACAGTATCCTTT-1,20.8896534775129,Stromal,Innervated
AGCTCAACAATGAACA-1,52.96141558122389,TSPC,Innervated
AGCTCAAGTCGTGTTA-1,19.783730646350456,Stromal,Innervated
AGCTTCCCATCTGCGG-1,8.626198083067091,T-FAP,Innervated
AGGAAATGTATGGGAC-1,32.34209879577292,Stromal,Innervated
AGGAATAAGGACTTCT-1,11.624477758663062,T-FAP,Innervated
AGGAATACAAACCATC-1,2.7033669206193167,T-FAP,Innervated
AGGAATACACCAGCGT-1,39.272548537724255,TSPC,Innervated
AGGAATAGTAGGAAAG-1,73.99852543622512,TSPC,Innervated
AGGACGATCGCCAGTG-1,1.5974440894568689,T-FAP,Innervated
AGGACTTAGCATCAAA-1,9.437208159252888,Stromal,Innervated
AGGAGGTAGCACACCC-1,14.721061685917917,Stromal,Innervated
AGGAGGTAGTCTAGCT-1,51.9292209388056,Stromal,Innervated
AGGAGGTTCGGTCTAA-1,49.668223150651265,TSPC,Innervated
AGGATAACAAGAGTGC-1,7.667731629392971,Stromal,Innervated
AGGATAAGTCTGGTTA-1,51.97837306463504,TSPC,Innervated
AGGATAATCACCCATC-1,13.615138854755468,Stromal,Innervated
AGGCATTAGCCTGAAG-1,20.348980093389038,Tenogenic-progenitor,Innervated
AGGCATTCATGTCTAG-1,20.004915212582944,Stromal,Innervated
AGGCATTTCTTTGATC-1,13.541410666011306,T-FAP,Innervated
AGGCCACTCCTCTTTC-1,17.006635536986973,Stromal,Innervated
AGGCTGCCAATGTCTG-1,5.578766281641681,Stromal,Innervated
AGGCTGCTCCCGAACG-1,29.245514868518065,Tenogenic-progenitor,Innervated
AGGCTGCTCGTCCTCA-1,16.097321209142297,TSPC,Innervated
AGGGAGTGTTGGACTT-1,35.68444335217498,Tenogenic-progenitor,Innervated
AGGGCCTCAGACCATT-1,1.4991398377979848,T-FAP,Innervated
AGGGCCTCATATTCGG-1,13.246497911034652,T-FAP,Innervated
AGGGCCTTCGTCTAAG-1,15.679528139592037,Stromal,Innervated
AGGGCCTTCTCGAGTA-1,29.466699434750552,T-FAP,Innervated
AGGGCTCAGTCTAACC-1,4.448267387564512,T-FAP,Innervated
AGGGCTCCAATAGGAT-1,8.601622020152371,T-FAP,Innervated
AGGGTCCAGGTCATCT-1,3.8830179405259275,T-FAP,Innervated
AGGGTCCGTTACGTAC-1,13.418530351437699,Tenogenic-progenitor,Innervated
AGGGTGAGTTCGCGTG-1,21.061685917915952,Stromal,Innervated
AGGGTTTTCTGTCGCT-1,62.32489555173262,TSPC,Innervated
AGGTCATGTGGTCTAT-1,7.618579503563529,T-FAP,Innervated
AGGTCTAGTGGCAACA-1,43.59793561071517,Stromal,Innervated
AGGTCTAGTGTACGCC-1,2.8999754239370854,T-FAP,Innervated
AGGTGTTTCTTCCCAG-1,8.380437453919882,Tenogenic-progenitor,Innervated
AGGTTACCAGTTGAAA-1,77.31629392971246,TSPC,Innervated
AGGTTACTCACGATCA-1,27.893831408208403,Stromal,Innervated
AGGTTACTCGGAAGGT-1,24.33030228557385,Tenogenic-progenitor,Innervated
AGGTTGTAGGCACTCC-1,16.785450970754486,Stromal,Innervated
AGGTTGTCATCTTCGC-1,10.985500122880316,Tenogenic-progenitor,Innervated
AGTAACCAGACAGTCG-1,59.277463750307206,TSPC,Innervated
AGTAACCAGCCATCCG-1,25.608257557139346,Stromal,Innervated
AGTAACCGTACGGCAA-1,35.21749815679528,Tenogenic-progenitor,Innervated
AGTACCAAGCACGGAT-1,34.01327107397395,T-FAP,Innervated
AGTACCACAACCGTAT-1,1.3762595232243795,T-FAP,Innervated
AGTACTGAGATGAATC-1,28.28704841484394,Stromal,Innervated
AGTACTGAGATTGCGG-1,62.30031948881789,TSPC,Innervated
AGTACTGCATTCACAG-1,39.764069796018674,TSPC,Innervated
AGTACTGTCAAAGACA-1,24.502334725976898,Stromal,Innervated
AGTAGCTAGGAACTAT-1,5.55419021872696,Stromal,Innervated
AGTAGCTCAATCGTCA-1,13.271073973949374,T-FAP,Innervated
AGTAGCTCAGAATTCC-1,8.626198083067091,T-FAP,Innervated
AGTAGTCCAAAGGCTG-1,86.60604571147702,TSPC,Innervated
AGTAGTCTCGAGATGG-1,15.77783239125092,T-FAP,Innervated
AGTCAACGTGTATACC-1,5.55419021872696,T-FAP,Innervated
AGTCACAAGGGACCAT-1,8.601622020152371,T-FAP,Innervated
AGTCACACATCGATCA-1,29.39297124600639,Stromal,Innervated
AGTCACATCTACGGGC-1,9.24059965593512,T-FAP,Innervated
AGTCACATCTAGCCAA-1,6.512656672401082,T-FAP,Innervated
AGTCATGCAATTTCGG-1,21.798967805357584,Stromal,Innervated
AGTCATGGTGGACAGT-1,31.16244777586631,Tenogenic-progenitor,Innervated
AGTCTCCCAACGACAG-1,31.334480216269355,Tenogenic-progenitor,Innervated
AGTGACTAGGCATTTC-1,29.343819120176946,TSPC,Innervated
AGTGACTGTGACTGAG-1,7.766035881051855,Tenogenic-progenitor,Innervated
AGTGACTGTGCGACAA-1,19.19390513639715,T-FAP,Innervated
AGTGATCAGGACTGGT-1,1.7449004669451953,T-FAP,Innervated
AGTGATCTCAACTGAC-1,2.7033669206193167,T-FAP,Innervated
AGTGCCGGTCACAGTT-1,4.349963135905628,Stromal,Innervated
AGTGCCGGTGAGAACC-1,12.754976652740229,Tenogenic-progenitor,Innervated
AGTGCCGGTTGCAAGG-1,26.591300073728192,Stromal,Innervated
AGTGCCGTCTGGCTGG-1,4.521995576308675,T-FAP,Innervated
AGTGTTGCAGCCGTTG-1,9.461784222167609,Stromal,Innervated
AGTTAGCAGGATACGC-1,43.475055296141555,Stromal,Innervated
AGTTAGCTCGCCCAGA-1,0.9584664536741214,T-FAP,Innervated
AGTTCCCCATTCCTAT-1,22.19218481199312,Tenogenic-progenitor,Innervated
AGTTCCCGTACGCTAT-1,12.04227082821332,T-FAP,Innervated
AGTTCCCGTCGAACGA-1,4.055050380928975,T-FAP,Innervated
AGTTCCCTCCTTCAGC-1,28.827721798967804,Stromal,Innervated
AGTTCCCTCTATCGGA-1,10.076185795035636,T-FAP,Innervated
AGTTCGACACAATTCG-1,12.435487834848857,T-FAP,Innervated
ATACCGAAGCAGGTCA-1,24.674367166379945,Tenogenic-progenitor,Innervated
ATACCGACACATATGC-1,12.902433030228558,T-FAP,Innervated
ATACCGATCACTACTT-1,11.624477758663062,Stromal,Innervated
ATACCGATCAGGAAGC-1,1.0076185795035637,T-FAP,Innervated
ATACCGATCTTGCAGA-1,3.6372573113787174,Stromal,Innervated
ATACCTTAGACGCCCT-1,7.8397640697960185,TSPC,Innervated
ATACCTTCAGAGTAAT-1,5.160973212091423,Stromal,Innervated
ATACCTTGTTCGGACC-1,70.8282133202261,TSPC,Innervated
ATACCTTTCTCCGATC-1,86.90095846645367,Tenogenic-progenitor,Innervated
ATAGACCAGGCAGTCA-1,76.25952322437945,TSPC,Innervated
ATAGACCCAAGGTTGG-1,74.63750307200786,TSPC,Innervated
ATAGACCCATCAACCA-1,7.077906119439666,T-FAP,Innervated
ATATCCTAGCTGAGCA-1,48.95551732612435,TSPC,Innervated
ATATCCTGTACAGCGA-1,13.000737281887442,T-FAP,Innervated
ATCACAGTCTTAGTTC-1,56.00884738264929,TSPC,Innervated
ATCACAGTCTTCTGGC-1,9.314327844679282,Tenogenic-progenitor,Innervated
ATCACGACACCACTGG-1,8.601622020152371,Tenogenic-progenitor,Innervated
ATCACGATCACAAGGG-1,8.405013516834604,T-FAP,Innervated
ATCACGATCCTCAGGG-1,13.615138854755468,T-FAP,Innervated
ATCATTCAGAATGTTG-1,22.241336937822563,Stromal,Innervated
ATCATTCTCACGATCA-1,8.11010076185795,Stromal,Innervated
ATCATTCTCACTTATC-1,18.456623248955516,Stromal,Innervated
ATCCACCAGTGGTGAC-1,45.63774883263701,TSPC,Innervated
ATCCACCGTGGCAACA-1,20.422708282133204,Stromal,Innervated
ATCCATTCATCCAACA-1,2.1381174735807322,T-FAP,Innervated
ATCCATTTCCACACAA-1,12.361759646104694,Stromal,Innervated
ATCCCTGTCTGGGCCA-1,22.536249692799213,Stromal,Innervated
ATCCGTCAGCGTATAA-1,14.991398377979849,Tenogenic-progenitor,Innervated
ATCCGTCCATCCGAGC-1,62.472351929220935,Stromal,Innervated
ATCCGTCGTCATAGTC-1,6.119439665765544,T-FAP,Innervated
ATCCGTCTCATTTACC-1,15.48291963627427,Tenogenic-progenitor,Innervated
ATCCTATAGCATCCCG-1,8.380437453919882,Stromal,Innervated
ATCCTATAGCATGTTC-1,29.66330793806832,Stromal,Innervated
ATCGATGAGCCTCACG-1,12.607520275251904,Tenogenic-progenitor,Innervated
ATCGATGGTAACGTTC-1,5.234701400835586,Stromal,Innervated
ATCGATGGTAGTCTTG-1,5.677070533300565,T-FAP,Innervated
ATCGATGGTCCTCATC-1,20.64389284836569,T-FAP,Innervated
ATCGCCTAGATGCTTC-1,23.42098795772917,Stromal,Innervated
ATCGCCTCACCATAAC-1,3.6126812484639963,T-FAP,Innervated
ATCGCCTGTCAATCTG-1,47.2597689850086,Stromal,Innervated
ATCGCCTTCATTGTTC-1,58.36814942246252,TSPC,Innervated
ATCGGATAGGTTTGAA-1,51.953797001720325,TSPC,Innervated
ATCGGATGTTACGATC-1,19.43966576554436,Stromal,Innervated
ATCGGATTCCGACGGT-1,32.784467928237895,Stromal,Innervated
ATCGGCGTCTCATAGG-1,22.511673629884495,Stromal,Innervated
ATCGTAGTCGAACGCC-1,7.5202752519046445,T-FAP,Innervated
ATCGTCCAGAGCCCAA-1,22.46252150405505,Tenogenic-progenitor,Innervated
ATCGTCCTCGCGGACT-1,71.73752764807078,TSPC,Innervated
ATCTCTACAGGTGTGA-1,24.674367166379945,Tenogenic-progenitor,Innervated
ATCTCTATCCGGTAAT-1,26.419267633325138,Stromal,Innervated
ATCTTCACATATACCG-1,2.8753993610223643,T-FAP,Innervated
ATCTTCATCCATGATG-1,9.879577291717867,Stromal,Innervated
ATGAAAGGTCGCACGT-1,70.48414843942,TSPC,Innervated
ATGACCATCATCGTAG-1,16.637994593266157,T-FAP,Innervated
ATGACCATCATTCATC-1,74.61292700909314,TSPC,Innervated
ATGAGGGAGCTGGTGA-1,20.64389284836569,Stromal,Innervated
ATGAGGGGTTGTCCCT-1,78.766281641681,TSPC,Innervated
ATGAGGGTCTCGCGTT-1,37.453919882034896,Tenogenic-progenitor,Innervated
ATGAGTCCACATTGTG-1,26.492995822069304,Stromal,Innervated
ATGAGTCGTATAGCTC-1,71.90956008847382,TSPC,Innervated
ATGAGTCGTATGCAAA-1,10.44482673875645,T-FAP,Innervated
ATGAGTCGTCAAAGCG-1,83.31285328090439,Stromal,Innervated
ATGAGTCTCCTCAGAA-1,24.82182354386827,Tenogenic-progenitor,Innervated
ATGCATGCATATCGGT-1,28.237896289014504,TSPC,Innervated
ATGCATGTCGCTGATA-1,16.88375522241337,Tenogenic-progenitor,Innervated
ATGCCTCCAATCTAGC-1,34.504792332268366,TSPC,Innervated
ATGCCTCCATCATGAC-1,67.80535758171541,TSPC,Innervated
ATGCCTCGTCCCTAAA-1,18.0879823052347,Stromal,Innervated
ATGCCTCTCGGACAAG-1,21.74981567952814,Stromal,Innervated
ATGCCTCTCTTACGGA-1,7.594003440648808,T-FAP,Innervated
ATGCGATGTATACCTG-1,11.452445318260015,Stromal,Innervated
ATGGAGGTCAGCACCG-1,18.014254116490537,Stromal,Innervated
ATGGAGGTCTTGCGCT-1,15.925288768739248,Stromal,Innervated
ATGGGAGCATCCTTGC-1,23.273531580240846,Tenogenic-progenitor,Innervated
ATGGGAGTCAGGACGA-1,6.02113541410666,T-FAP,Innervated
ATGGGAGTCGATAACC-1,9.486360285082329,Stromal,Innervated
ATGGGTTCAGTCTTCC-1,9.142295404276235,T-FAP,Innervated
ATGGGTTGTGGCGTAA-1,29.442123371835834,Tenogenic-progenitor,Innervated
ATGGTTGGTCGTTGGC-1,5.406733841238633,T-FAP,Innervated
ATGGTTGTCTCGTGAA-1,34.111575325632835,TSPC,Innervated
ATGTCCCTCATGCCAA-1,34.111575325632835,TSPC,Innervated
ATGTCTTCACAGCCTG-1,21.061685917915952,T-FAP,Innervated
ATGTCTTGTTCTCAGA-1,73.26124354878348,TSPC,Innervated
ATTACCTAGCAGTCTT-1,38.314082084050135,Stromal,Innervated
ATTACCTAGTCATCCA-1,24.502334725976898,Stromal,Innervated
ATTATCCGTTCTCTCG-1,12.4846399606783,T-FAP,Innervated
ATTATCCGTTGCCAAT-1,19.0218726959941,Tenogenic-progenitor,Innervated
ATTATCCTCCTTTAGT-1,22.19218481199312,T-FAP,Innervated
ATTCACTAGCAGCAGT-1,16.244777586630622,Tenogenic-progenitor,Innervated
ATTCACTGTTCCAAAC-1,75.79257802899976,TSPC,Innervated
ATTCACTTCGAGCCAC-1,13.8854755468174,T-FAP,Innervated
ATTCAGGTCTTCGGTC-1,0.3686409437208159,T-FAP,Innervated
ATTCATCAGCAGGCAT-1,36.86409437208159,Tenogenic-progenitor,Innervated
ATTCATCCAGCTGTGC-1,16.564266404521995,Tenogenic-progenitor,Innervated
ATTCCATCACAAATCC-1,3.121159990169575,T-FAP,Innervated
ATTCCATCACACCTAA-1,0.9830425165888425,T-FAP,Innervated
ATTCCCGCACAAACGG-1,28.115015974440894,TSPC,Innervated
ATTCCCGCAGGCGTTC-1,54.31309904153354,Tenogenic-progenitor,Innervated
ATTCCTACAATTCTCT-1,13.63971491767019,T-FAP,Innervated
ATTCCTAGTGTGCCTG-1,10.42025067584173,Stromal,Innervated
ATTCCTATCCGAACGC-1,8.503317768493487,Stromal,Innervated
ATTCGTTAGCGCTGCT-1,78.91373801916933,TSPC,Innervated
ATTCGTTCACTCTGCT-1,19.292209388056033,Stromal,Innervated
ATTCTACAGGGCCTCT-1,37.25731137871713,Stromal,Innervated
ATTCTACCATCCAACA-1,1.0076185795035637,T-FAP,Innervated
ATTCTACTCCACGAAT-1,1.7940525927746376,T-FAP,Innervated
ATTCTTGCAACTCGAT-1,0.9093143278446794,T-FAP,Innervated
ATTCTTGGTTTCTATC-1,2.8262472351929224,T-FAP,Innervated
ATTCTTGTCCGGCTTT-1,10.64143524207422,Tenogenic-progenitor,Innervated
ATTGGGTCATAATCGC-1,12.607520275251904,Stromal,Innervated
ATTGGGTGTGGAACAC-1,55.51732612435488,Stromal,Innervated
ATTGTTCCAGGCGAAT-1,8.011796510199067,Stromal,Innervated
ATTGTTCCATTACTCT-1,21.03710985500123,Stromal,Innervated
ATTTACCCACTACACA-1,14.893094126320964,Stromal,Innervated
ATTTACCGTACAGAGC-1,20.717621037109854,Stromal,Innervated
ATTTCACGTGAGAGGG-1,2.408454165642664,T-FAP,Innervated
CAAAGAACATCCGAAT-1,10.6168591791595,Stromal,Innervated
CAACAACAGCGAATGC-1,54.902924551486855,TSPC,Innervated
CAACAACAGCGGATCA-1,10.936347997050873,Stromal,Innervated
CAACAACAGGCAGGTT-1,13.418530351437699,Stromal,Innervated
CAACAGTGTCCTATAG-1,26.394691570410423,TSPC,Innervated
CAACAGTTCAGAACCT-1,3.3669206193167858,Tenogenic-progenitor,Innervated
CAACCTCCAATCTGCA-1,5.406733841238633,T-FAP,Innervated
CAACGATCACACGGAA-1,10.174490046694519,T-FAP,Innervated
CAACGATCAGTAGAGC-1,4.349963135905628,T-FAP,Innervated
CAACGATCAGTGTATC-1,12.4846399606783,Stromal,Innervated
CAACGATTCCGGGACT-1,47.35807323666749,TSPC,Innervated
CAACGGCGTTTATGCG-1,22.14303268616368,Stromal,Innervated
CAAGACTAGTCGAAGC-1,74.88326370115507,TSPC,Innervated
CAAGAGGAGTGCACCC-1,22.26591300073728,Stromal,Innervated
CAAGAGGCAGCATCTA-1,16.392233964118947,Stromal,Innervated
CAAGAGGGTCCATAGT-1,4.15335463258786,T-FAP,Innervated
CAAGCTAAGAACAAGG-1,9.314327844679282,Stromal,Innervated
CAAGCTAGTACGAGCA-1,47.087736544605555,TSPC,Innervated
CAAGCTAGTAGAAACT-1,9.093143278446792,Stromal,Innervated
CAAGCTAGTCTGCAAT-1,87.048414843942,TSPC,Innervated
CAAGCTATCCAAATGC-1,3.3423445564020646,T-FAP,Innervated
CAAGGGAAGCTTTCTT-1,18.407471123126076,Tenogenic-progenitor,Innervated
CAAGGGACAATACGCT-1,5.7507987220447285,Stromal,Innervated
CAAGGGACAGTATTCG-1,30.031948881789138,TSPC,Innervated
CAATACGAGGGACACT-1,64.11894814450724,TSPC,Innervated
CAATACGGTGATCATC-1,7.421971000245761,T-FAP,Innervated
CAATGACTCGATTGAC-1,0.8847382649299582,T-FAP,Innervated
CAATTTCAGCCGTTAT-1,24.05996559351192,Stromal,Innervated
CAATTTCGTCCTATAG-1,16.88375522241337,TSPC,Innervated
CAATTTCGTTGCAAGG-1,25.141312361759642,Tenogenic-progenitor,Innervated
CACACAACATACGCAT-1,14.745637748832637,Tenogenic-progenitor,Innervated
CACACAAGTGACCGAA-1,20.37355615630376,Tenogenic-progenitor,Innervated
CACAGATCATACTTTC-1,17.940525927746375,T-FAP,Innervated
CACAGATGTAGCTTAC-1,36.54460555419022,Stromal,Innervated
CACAGGCAGCCACAAG-1,27.27942983534038,Stromal,Innervated
CACAGGCAGTAATTGG-1,22.21676087490784,Stromal,Innervated
CACAGGCCACGAGGTA-1,15.409191447530105,T-FAP,Innervated
CACAGGCTCCTATTGT-1,11.624477758663062,Stromal,Innervated
CACAGGCTCTGGAAGG-1,32.120914229540425,T-FAP,Innervated
CACATGACAGACAATA-1,8.626198083067091,T-FAP,Innervated
CACATGAGTTGTTGAC-1,14.155812238879331,Stromal,Innervated
CACATGATCATTGCTT-1,25.85401818628656,Tenogenic-progenitor,Innervated
CACCAAAGTTTAGTCG-1,47.554681739985256,TSPC,Innervated
CACCGTTAGAAACTGT-1,40.05898255099533,TSPC,Innervated
CACCGTTAGCACTCCG-1,11.673629884492504,T-FAP,Innervated
CACCGTTCACAACATC-1,36.593757680019664,TSPC,Innervated
CACCGTTGTCTTGCTC-1,15.704104202506757,T-FAP,Innervated
CACGAATCATCATTGG-1,23.273531580240846,TSPC,Innervated
CACGTGGAGACACACG-1,22.60997788154338,Stromal,Innervated
CACGTGGAGCACCTGC-1,8.503317768493487,T-FAP,Innervated
CACGTTCGTGTACGCC-1,54.31309904153354,Stromal,Innervated
CACGTTCTCTGACCCT-1,26.075202752519044,Stromal,Innervated
CACTAAGCACCTCTAC-1,18.210862619808307,Stromal,Innervated
CACTAAGCACTCCGAG-1,0.2457606291472106,T-FAP,Innervated
CACTAAGCATCGTGCG-1,2.9982796755959695,T-FAP,Innervated
CACTAAGTCCGAAGGA-1,15.433767510444826,Tenogenic-progenitor,Innervated
CACTGAATCGACGATT-1,24.82182354386827,Tenogenic-progenitor,Innervated
CACTGGGAGTTTGAGA-1,3.219464241828459,Stromal,Innervated
CACTGGGCAGGTTACT-1,7.348242811501597,T-FAP,Innervated
CACTGTCAGTTACGTC-1,27.79552715654952,Stromal,Innervated
CAGAGCCAGCACACAG-1,40.132710739739494,Stromal,Innervated
CAGATACTCTGGCTGG-1,14.229540427623494,Stromal,Innervated
CAGATTGCAATACCTG-1,55.197837306463505,TSPC,Innervated
CAGCAATAGACGACGT-1,36.27426886212829,Stromal,Innervated
CAGCAATCAGAAGCGT-1,36.028508232981075,Stromal,Innervated
CAGCACGCACATGGTT-1,74.53919882034899,TSPC,Innervated
CAGCACGGTCAAGTTC-1,24.79724748095355,Stromal,Innervated
CAGCACGTCCATAGAC-1,39.59203735561563,Stromal,Innervated
CAGCAGCAGTACGTCT-1,39.34627672646842,Stromal,Innervated
CAGCAGCGTCGCATTA-1,8.650774145981813,T-FAP,Innervated
CAGCAGCTCTAAGGAA-1,49.25043008110101,TSPC,Innervated
CAGCCAGGTCCTATAG-1,7.667731629392971,Stromal,Innervated
CAGCCAGTCAACGTGT-1,13.762595232243793,Tenogenic-progenitor,Innervated
CAGCCAGTCGACCAAT-1,21.110838043745392,Stromal,Innervated
CAGCGTGAGAGGGTCT-1,8.503317768493487,Stromal,Innervated
CAGCGTGAGGCCACTC-1,18.628655689358563,T-FAP,Innervated
CAGCGTGCACTTACAG-1,59.400344064880805,Stromal,Innervated
CAGCGTGCATTGGGAG-1,46.08011796510199,TSPC,Innervated
CAGCGTGGTATTCCGA-1,24.477758663062176,TSPC,Innervated
CAGCGTGGTCACTTAG-1,1.0321946424182846,T-FAP,Innervated
CAGCGTGTCTCTTAAC-1,36.323420987957725,Stromal,Innervated
CAGGCCAAGATTGGGC-1,22.118456623248957,Stromal,Innervated
CAGGCCAAGCGATCGA-1,26.198083067092654,Tenogenic-progenitor,Innervated
CAGGCCACAGTTTCGA-1,79.52813959203735,TSPC,Innervated
CAGGGCTAGTCTACCA-1,5.652494470385845,T-FAP,Innervated
CAGGGCTCATACTGAC-1,27.47603833865815,Tenogenic-progenitor,Innervated
CAGGGCTCATGTGCCG-1,26.492995822069304,Stromal,Innervated
CAGGGCTGTCAACGCC-1,11.010076185795036,Stromal,Innervated
CAGGTATTCATGGATC-1,26.517571884984026,Stromal,Innervated
CAGGTATTCGCACGGT-1,11.010076185795036,T-FAP,Innervated
CAGTGCGAGATGGCAC-1,66.79773900221184,Stromal,Innervated
CAGTGCGCATGTGTCA-1,9.461784222167609,T-FAP,Innervated
CAGTTAGAGGAACGTC-1,15.409191447530105,Tenogenic-progenitor,Innervated
CAGTTCCAGGTAGTAT-1,3.121159990169575,T-FAP,Innervated
CAGTTCCTCGCGATCG-1,5.7507987220447285,Stromal,Innervated
CATAAGCAGGCCCACT-1,3.2931924305726223,T-FAP,Innervated
CATAAGCCATATGCGT-1,10.027033669206194,Stromal,Innervated
CATAAGCGTCGGTACC-1,27.15654952076677,TSPC,Innervated
CATAAGCGTGCGGATA-1,82.57557139346277,TSPC,Innervated
CATAAGCGTGTTCCAA-1,26.419267633325138,Stromal,Innervated
CATACCCGTGGTGATG-1,30.572622265913,Stromal,Innervated
CATACCCTCCGGTTCT-1,25.46080117965102,Stromal,Innervated
CATACTTCAGGTGACA-1,55.14868518063406,TSPC,Innervated
CATACTTCATAATCCG-1,21.52863111329565,Stromal,Innervated
CATACTTTCTCCGTGT-1,12.410911771934135,Stromal,Innervated
CATAGACGTACCAGAG-1,71.73752764807078,TSPC,Innervated
CATAGACGTCTGTGCG-1,13.000737281887442,T-FAP,Innervated
CATAGACGTTCGAAGG-1,28.40992872941755,Stromal,Innervated
CATCCACAGTAGTCAA-1,20.61931678545097,Tenogenic-progenitor,Innervated
CATCCCACATGATGCT-1,96.75595969525682,Stromal,Innervated
CATCCCAGTAGAATAC-1,21.848119931187025,Tenogenic-progenitor,Innervated
CATCCGTCAGGCTTGC-1,13.344802162693536,T-FAP,Innervated
CATCGCTCAAGTGCAG-1,19.71000245760629,Stromal,Innervated
CATCGCTCACACCTTC-1,24.9692799213566,Stromal,Innervated
CATCGCTTCCACGTGG-1,9.486360285082329,Stromal,Innervated
CATCGGGAGTAGGATT-1,72.54853772425658,TSPC,Innervated
CATCGTCAGCGAATGC-1,33.00565249447038,Stromal,Innervated
CATCGTCTCTTTGCTA-1,5.726222659130007,T-FAP,Innervated
CATGAGTTCGAATGCT-1,25.313344802162696,Tenogenic-progenitor,Innervated
CATGAGTTCTGCGGCA-1,11.919390513639714,T-FAP,Innervated
CATGCAACAGTTTCGA-1,32.07176210371099,Stromal,Innervated
CATGCAATCTATGCCC-1,2.0643892848365692,T-FAP,Innervated
CATGCCTAGCGAGTAC-1,17.621037109855,Stromal,Innervated
CATGCCTCAGGGAGAG-1,20.8896534775129,Stromal,Innervated
CATGCCTGTAGTACGG-1,4.448267387564512,T-FAP,Innervated
CATGCGGAGGTACTGG-1,36.27426886212829,Stromal,Innervated
CATGCTCAGGCCGCTT-1,71.6392233964119,Stromal,Innervated
CATGCTCGTTGCGGCT-1,12.4846399606783,T-FAP,Innervated
CATGGTAAGTTGAAGT-1,5.406733841238633,T-FAP,Innervated
CATTCATCAGTAGATA-1,1.8432047186040796,T-FAP,Innervated
CATTCCGAGCGGTAAC-1,39.66576554435979,Stromal,Innervated
CATTCTAGTCTACGAT-1,39.764069796018674,TSPC,Innervated
CATTGCCCACTCACTC-1,14.229540427623494,Stromal,Innervated
CATTGCCCACTTGTCC-1,7.102482182354388,Stromal,Innervated
CATTGTTCAACAAGTA-1,6.02113541410666,T-FAP,Innervated
CATTGTTCAGGAAGTC-1,10.985500122880316,Stromal,Innervated
CCAAGCGAGCTTTCTT-1,61.194396657655446,Stromal,Innervated
CCAAGCGCAACCACGC-1,45.12165151142787,TSPC,Innervated
CCAAGCGGTAGCCCTG-1,24.79724748095355,Tenogenic-progenitor,Innervated
CCAAGCGGTTAGGCCC-1,28.18874416318506,Stromal,Innervated
CCAATGAAGCGAATGC-1,36.07766035881052,Tenogenic-progenitor,Innervated
CCAATTTAGAGTCAGC-1,7.15163430818383,Stromal,Innervated
CCACAAATCACTCGAA-1,22.19218481199312,Stromal,Innervated
CCACACTAGACATATG-1,36.397149176701895,Tenogenic-progenitor,Innervated
CCACCATGTACGCTAT-1,15.138854755468174,T-FAP,Innervated
CCACGAGCACAATTCG-1,54.1410666011305,TSPC,Innervated
CCACGAGGTGCAACAG-1,41.68100270336692,Tenogenic-progenitor,Innervated
CCACGTTGTCCTGTTC-1,8.380437453919882,T-FAP,Innervated
CCACTTGAGATGTTCC-1,17.743917424428606,Stromal,Innervated
CCACTTGTCATGGATC-1,48.365691816171044,TSPC,Innervated
CCATAAGCACACGGAA-1,4.15335463258786,T-FAP,Innervated
CCATAAGGTTTGCCGG-1,19.292209388056033,Stromal,Innervated
CCATAAGTCCTACCAC-1,35.97935610715163,Stromal,Innervated
CCATCACCAAACGGCA-1,37.331039567461296,Stromal,Innervated
CCATCACGTTACGTAC-1,4.62029982796756,T-FAP,Innervated
CCATCACTCTACGGTA-1,6.512656672401082,T-FAP,Innervated
CCCAACTAGAAATCCA-1,24.182845908085522,Stromal,Innervated
CCCAACTAGTCATGGG-1,76.5298599164414,Stromal,Innervated
CCCGAAGCATCGTCCT-1,14.278692553452938,Stromal,Innervated
CCCGGAAGTCGGCCTA-1,9.486360285082329,T-FAP,Innervated
CCCTAACCACTACGGC-1,18.628655689358563,Stromal,Innervated
CCCTAACTCATGCATG-1,21.454902924551487,Tenogenic-progenitor,Innervated
CCCTAACTCCACTAGA-1,10.518554927500615,Stromal,Innervated
CCCTAACTCTTCCAGC-1,49.8156795281396,Stromal,Innervated
CCCTCAAGTCGAACAG-1,0.8355861391005162,T-FAP,Innervated
CCCTCAATCAGGGTAG-1,30.277709510936347,TSPC,Innervated
CCCTCAATCGAGTACT-1,18.94814450724994,Stromal,Innervated
CCCTGATTCCTGATAG-1,25.387072990906855,Stromal,Innervated
CCCTTAGAGTGCAAAT-1,16.73629884492504,Tenogenic-progenitor,Innervated
CCGAACGGTGTGGACA-1,1.7449004669451953,T-FAP,Innervated
CCGAACGTCTAGAACC-1,2.8262472351929224,T-FAP,Innervated
CCGATCTCACGTACTA-1,69.40280167117227,TSPC,Innervated
CCGATCTCAGAAGTTA-1,9.068567215532072,T-FAP,Innervated
CCGATCTGTAAGCTCT-1,1.7694765298599164,T-FAP,Innervated
CCGATCTGTGTTATCG-1,30.572622265913,Tenogenic-progenitor,Innervated
CCGATGGCACATATCG-1,22.511673629884495,Stromal,Innervated
CCGCAAGGTTGCGGCT-1,3.4406488080609483,T-FAP,Innervated
CCGGACACAACAGATA-1,4.62029982796756,T-FAP,Innervated
CCGGACACAGAGCTAG-1,19.41508970262964,Tenogenic-progenitor,Innervated
CCGGACATCTAGAGCT-1,5.578766281641681,T-FAP,Innervated
CCGGGTACACAATTCG-1,12.06684689112804,T-FAP,Innervated
CCGGGTACATGCCGGT-1,23.961661341853034,Stromal,Innervated
CCGGGTAGTCACCACG-1,24.354878348488572,Tenogenic-progenitor,Innervated
CCGGTAGCACGCTGCA-1,90.61194396657656,Stromal,Innervated
CCGTAGGAGCTCCACG-1,65.47063160481692,TSPC,Innervated
CCGTAGGCAGCACACC-1,75.47308921110837,Stromal,Innervated
CCGTAGGGTCATGACT-1,24.404030474318013,TSPC,Innervated
CCGTGAGAGGTAGTCG-1,1.2533792086507742,T-FAP,Innervated
CCGTGAGAGTCATGGG-1,10.199066109609241,Stromal,Innervated
CCGTGAGCATCGATGT-1,21.258294421233717,Tenogenic-progenitor,Innervated
CCGTGAGTCCCGGTAG-1,44.75301056770705,Stromal,Innervated
CCGTGAGTCCTAGCCT-1,68.69009584664538,Stromal,Innervated
CCGTTCATCTTTGGAG-1,31.45736053084296,Stromal,Innervated
CCTAACCAGATCGCTT-1,27.844679282378966,Stromal,Innervated
CCTAACCCATGTTACG-1,15.48291963627427,Stromal,Innervated
CCTAACCGTCGCTCGA-1,2.9982796755959695,T-FAP,Innervated
CCTAAGAGTAACTAAG-1,14.30326861636766,Tenogenic-progenitor,Innervated
CCTAAGATCCGGCAGT-1,18.210862619808307,Stromal,Innervated
CCTACGTAGCCAAGGT-1,40.32931924305726,Stromal,Innervated
CCTACGTCAAGTCCAT-1,14.696485623003195,Stromal,Innervated
CCTACGTCAATGTGGG-1,22.806586384861145,Tenogenic-progenitor,Innervated
CCTACGTCAGTTCACA-1,16.73629884492504,Stromal,Innervated
CCTATCGAGCAGCCTC-1,6.586384861145245,Stromal,Innervated
CCTATCGAGGCTCTCG-1,66.06045711477022,TSPC,Innervated
CCTATCGCAGCTACCG-1,3.3669206193167858,Stromal,Innervated
CCTATCGTCCTTCTAA-1,3.7601376259523223,T-FAP,Innervated
CCTCAACCAAGAGGTC-1,8.82280658638486,T-FAP,Innervated
CCTCAACCATCCTTGC-1,5.652494470385845,T-FAP,Innervated
CCTCAACTCATTACCT-1,48.14450724993856,Stromal,Innervated
CCTCACAAGGCACTAG-1,72.89260260506268,TSPC,Innervated
CCTCATGAGATGGCAC-1,17.17866797739002,T-FAP,Innervated
CCTCATGTCGATGCAT-1,30.32686163676579,TSPC,Innervated
CCTCATGTCGCCTATC-1,24.404030474318013,Tenogenic-progenitor,Innervated
CCTCATGTCTGTGTGA-1,19.341361513885474,T-FAP,Innervated
CCTCCAAAGTGCAGGT-1,54.730892111083804,TSPC,Innervated
CCTCCTCAGCTTACGT-1,13.148193659375767,T-FAP,Innervated
CCTCCTCTCGATTGAC-1,77.68493487343328,TSPC,Innervated
CCTCTAGGTGATTAGA-1,5.652494470385845,Stromal,Innervated
CCTCTCCAGGCCTGCT-1,25.04300811010076,Stromal,Innervated
CCTCTCCCATCACAGT-1,17.793069550258046,T-FAP,Innervated
CCTCTCCGTGACCTGC-1,6.881297616121897,Stromal,Innervated
CCTCTCCGTGGAGGTT-1,5.406733841238633,T-FAP,Innervated
CCTCTCCTCAGTCCGG-1,40.45219955763087,Stromal,Innervated
CCTGCATCAAGACCTT-1,17.301548291963627,Tenogenic-progenitor,Innervated
CCTGCATCACAGCGCT-1,16.048169083312853,Tenogenic-progenitor,Innervated
CCTGCATCACGGTCTG-1,8.601622020152371,T-FAP,Innervated
CCTGTTGAGAGTCTTC-1,37.74883263701155,Tenogenic-progenitor,Innervated
CCTGTTGAGATGTTAG-1,31.506512656672403,Tenogenic-progenitor,Innervated
CCTGTTGCACAGAAGC-1,13.762595232243793,Stromal,Innervated
CCTGTTGTCGGTCTAA-1,20.029491275497666,Tenogenic-progenitor,Innervated
CCTTCAGCAATGAACA-1,26.910788891619564,TSPC,Innervated
CCTTCAGGTAGAATAC-1,45.12165151142787,Stromal,Innervated
CCTTCAGGTTTACCTT-1,15.015974440894569,T-FAP,Innervated
CCTTGTGCACTGAATC-1,15.77783239125092,Tenogenic-progenitor,Innervated
CCTTGTGTCAGGAAGC-1,13.590562791840746,Stromal,Innervated
CCTTGTGTCTTTCAGT-1,46.49791103465225,Stromal,Innervated
CCTTTGGGTAAGGCTG-1,24.37945441140329,Tenogenic-progenitor,Innervated
CCTTTGGGTCCTTGTC-1,39.66576554435979,Tenogenic-progenitor,Innervated
CGAAGGACAATACCCA-1,6.291472106168591,T-FAP,Innervated
CGAAGGACAGCGAGTA-1,92.77463750307201,TSPC,Innervated
CGAAGGAGTAATGCTC-1,65.24944703858442,TSPC,Innervated
CGAAGTTAGGAAAGTG-1,41.533546325878596,TSPC,Innervated
CGAAGTTGTTGGACTT-1,3.2931924305726223,T-FAP,Innervated
CGAATTGAGGGATCAC-1,18.112558368149422,Stromal,Innervated
CGAATTGCAAGAGGCT-1,21.872695994101747,Stromal,Innervated
CGAATTGTCGATGCTA-1,24.354878348488572,Stromal,Innervated
CGACAGCAGAGCCTGA-1,20.471860407962645,Stromal,Innervated
CGACAGCAGCATCCTA-1,7.225362496927993,Stromal,Innervated
CGACAGCAGTAAACGT-1,7.0287539936102235,Stromal,Innervated
CGACAGCTCGAGAGAC-1,55.76308675350209,Tenogenic-progenitor,Innervated
CGAGGAATCTCTGCCA-1,11.526173507004177,Stromal,Innervated
CGAGGCTAGAGGACTC-1,48.21823543868272,Tenogenic-progenitor,Innervated
CGAGTGCTCTAGTCAG-1,91.86532317522733,TSPC,Innervated
CGAGTTACATGAGTAA-1,11.010076185795036,Tenogenic-progenitor,Innervated
CGAGTTAGTGATAGTA-1,9.412632096338166,Tenogenic-progenitor,Innervated
CGATCGGCACAACGCC-1,14.376996805111823,Stromal,Innervated
CGATCGGGTAATCAAG-1,17.080363725731136,Stromal,Innervated
CGATCGGGTAGAAACT-1,4.399115261735069,T-FAP,Innervated
CGATCGGGTAGATGTA-1,7.594003440648808,Stromal,Innervated
CGATCGGGTTGCATAC-1,26.787908577045954,Tenogenic-progenitor,Innervated
CGATGCGAGCCACTCG-1,6.512656672401082,T-FAP,Innervated
CGATGCGAGTAGACCG-1,8.405013516834604,Stromal,Innervated
CGATGCGGTCTTTATC-1,1.0076185795035637,T-FAP,Innervated
CGATGCGGTGAATTGA-1,7.790611943966577,Stromal,Innervated
CGATGCGGTGCAACAG-1,8.82280658638486,T-FAP,Innervated
CGATGCGTCTCCGAGG-1,8.08552469894323,Stromal,Innervated
CGATGGCAGCTCATAC-1,9.535512410911771,Stromal,Innervated
CGATGGCAGTTAACAG-1,11.649053821577784,Stromal,Innervated
CGATGGCCACACCGAC-1,3.4652248709756694,T-FAP,Innervated
CGATGGCGTAACATAG-1,6.438928483656918,T-FAP,Innervated
CGATGGCGTAGCTGCC-1,31.850577537478497,Stromal,Innervated
CGCAGGTGTTCCTTGC-1,20.668468911280414,Stromal,Innervated
CGCATGGAGGGACAGG-1,18.0879823052347,T-FAP,Innervated
CGCCAGAAGCAACAAT-1,73.58073236667487,TSPC,Innervated
CGCCAGACAGAACCGA-1,25.829442123371837,Stromal,Innervated
CGCCAGATCTCCAATT-1,87.61366429098058,TSPC,Innervated
CGCCATTAGACCTGGA-1,54.26394691570411,TSPC,Innervated
CGCCATTAGGTCGTGA-1,23.199803391496683,Stromal,Innervated
CGCCATTGTGACGTCC-1,24.05996559351192,Tenogenic-progenitor,Innervated
CGCGTGACATCTTAGG-1,11.722782010321946,Stromal,Innervated
CGGAACCAGTATGGCG-1,47.43180142541165,Stromal,Innervated
CGGAACCGTGACACGA-1,10.936347997050873,Stromal,Innervated
CGGAATTAGACTCAAA-1,10.838043745391989,T-FAP,Innervated
CGGAATTAGTTACGTC-1,17.670189235684443,Tenogenic-progenitor,Innervated
CGGAATTCATCGATAC-1,20.987957729171786,T-FAP,Innervated
CGGAATTGTCTACTGA-1,51.14278692553454,Tenogenic-progenitor,Innervated
CGGACACAGGAGTATT-1,0.9584664536741214,T-FAP,Innervated
CGGACACAGGCCTGCT-1,19.90661096092406,Stromal,Innervated
CGGACACCAGTGGTGA-1,1.6711722782010323,T-FAP,Innervated
CGGACACGTAGTCTGT-1,7.987220447284344,T-FAP,Innervated
CGGCAGTTCTCGACGG-1,17.940525927746375,Stromal,Innervated
CGGGACTAGTACAGAT-1,57.532563283362,TSPC,Innervated
CGGGCATCAGTTCTAG-1,31.48193659375768,Tenogenic-progenitor,Innervated
CGGGTCACATTGTAGC-1,22.831162447775867,Stromal,Innervated
CGGGTGTAGGGTAATT-1,3.8338658146964857,T-FAP,Innervated
CGGGTGTCACTGTCGG-1,59.35119193905136,Tenogenic-progenitor,Innervated
CGGGTGTGTAAGATAC-1,30.425165888424676,TSPC,Innervated
CGGGTGTGTGAATATG-1,6.02113541410666,T-FAP,Innervated
CGGTCAGAGTGAATAC-1,28.87687392479725,Tenogenic-progenitor,Innervated
CGTAAGTTCGCTAGCG-1,27.205701646596214,Stromal,Innervated
CGTAATGCATTCTGTT-1,20.422708282133204,Tenogenic-progenitor,Innervated
CGTAATGTCAAGAATG-1,16.048169083312853,T-FAP,Innervated
CGTAGTACATCAGCAT-1,73.28581961169822,Stromal,Innervated
CGTCAAAAGTAGGATT-1,15.876136642909804,Stromal,Innervated
CGTCCATAGTGCTCAT-1,11.280412877856968,T-FAP,Innervated
CGTGAATAGCTTAGTC-1,6.24231998033915,Stromal,Innervated
CGTGAATTCGGTCAGC-1,7.8397640697960185,T-FAP,Innervated
CGTGATAAGAGCCGTA-1,55.88596706807569,Tenogenic-progenitor,Innervated
CGTGATACAACGGGTA-1,20.717621037109854,Tenogenic-progenitor,Innervated
CGTGATACAATCGTCA-1,16.637994593266157,Stromal,Innervated
CGTGATATCACGGGAA-1,5.947407225362497,T-FAP,Innervated
CGTGATATCTCCATAT-1,18.33374293438191,Stromal,Innervated
CGTGCTTTCCACCTCA-1,36.86409437208159,Tenogenic-progenitor,Innervated
CGTGCTTTCCTCGCAT-1,23.42098795772917,Tenogenic-progenitor,Innervated
CGTGTCTAGAACTTCC-1,26.099778815433766,TSPC,Innervated
CGTGTCTAGCTGACAG-1,35.905627918407475,Tenogenic-progenitor,Innervated
CGTGTCTTCTACGCAA-1,21.30744654706316,Stromal,Innervated
CGTTAGACACTCCACT-1,39.12509216023593,Tenogenic-progenitor,Innervated
CGTTAGACATGTTCGA-1,50.8724502334726,TSPC,Innervated
CGTTAGAGTGGCTGAA-1,9.166871467190955,T-FAP,Innervated
CGTTAGATCCGACGGT-1,14.991398377979849,Stromal,Innervated
CGTTCTGAGCCGTTAT-1,19.120176947652986,Stromal,Innervated
CGTTCTGAGGAGTATT-1,39.39542885229786,Tenogenic-progenitor,Innervated
CGTTCTGCACTGTGTA-1,14.770213811747357,Tenogenic-progenitor,Innervated
CGTTGGGTCTCACCCA-1,23.86335709019415,Tenogenic-progenitor,Innervated
CTAACTTAGACATCCT-1,17.915949864831653,Tenogenic-progenitor,Innervated
CTAACTTTCCATTTGT-1,16.785450970754486,Stromal,Innervated
CTAAGTGTCTAAGCGT-1,9.166871467190955,Tenogenic-progenitor,Innervated
CTACAGACACCAGCGT-1,40.94372081592529,Stromal,Innervated
CTACAGAGTGCCTTTC-1,23.199803391496683,Stromal,Innervated
CTACATTCATGGCTAT-1,9.805849102973703,T-FAP,Innervated
CTACATTGTACGAAAT-1,87.36790366183338,Stromal,Innervated
CTACATTGTTAAACAG-1,12.386335709019415,Tenogenic-progenitor,Innervated
CTACCCAAGCCGTTGC-1,6.365200294912755,T-FAP,Innervated
CTACCCACAGTCGCTG-1,27.623494716146475,Tenogenic-progenitor,Innervated
CTACCCACAGTGTATC-1,26.394691570410423,Stromal,Innervated
CTACCCAGTTCAAGGG-1,36.47087736544606,Tenogenic-progenitor,Innervated
CTACCTGAGCTACAAA-1,57.7537478495945,Stromal,Innervated
CTACCTGTCCTCCACA-1,3.8830179405259275,T-FAP,Innervated
CTACGGGCACTCCTGT-1,23.86335709019415,Stromal,Innervated
CTACGGGGTGAAGCGT-1,28.434504792332266,Tenogenic-progenitor,Innervated
CTACGGGTCCGCACGA-1,10.813467682477267,T-FAP,Innervated
CTACTATGTAGACGGT-1,12.4846399606783,Stromal,Innervated
CTACTATGTCCAACGC-1,23.37183583189973,Stromal,Innervated
CTAGACAAGATAACAC-1,31.604816908331284,Stromal,Innervated
CTAGACATCTCAACGA-1,63.2342098795773,TSPC,Innervated
CTAGGTAAGCCATTCA-1,3.3669206193167858,T-FAP,Innervated
CTAGGTAAGTGCTCAT-1,29.1717866797739,TSPC,Innervated
CTAGGTACAATATCCG-1,14.696485623003195,Stromal,Innervated
CTAGGTAGTAGGCAAC-1,19.292209388056033,T-FAP,Innervated
CTAGGTAGTCACAATC-1,15.605799950847873,Tenogenic-progenitor,Innervated
CTAGGTATCCTACCGT-1,14.770213811747357,TSPC,Innervated
CTATAGGAGAGCTGAC-1,6.930449741951339,T-FAP,Innervated
CTATAGGAGCGCTGAA-1,9.781273040058982,T-FAP,Innervated
CTATAGGGTAACATCC-1,9.166871467190955,T-FAP,Innervated
CTATAGGTCAGCGCGT-1,24.37945441140329,Tenogenic-progenitor,Innervated
CTATCCGGTCGAGATG-1,11.649053821577784,T-FAP,Innervated
CTATCTACATATAGCC-1,7.15163430818383,T-FAP,Innervated
CTCAACCGTGGTCTGC-1,7.667731629392971,Stromal,Innervated
CTCAAGACACGGAAGT-1,11.747358073236667,Stromal,Innervated
CTCAAGAGTACCTATG-1,13.025313344802164,Stromal,Innervated
CTCAAGAGTCCGGTGT-1,10.42025067584173,Stromal,Innervated
CTCACTGAGCTAAGTA-1,9.437208159252888,Stromal,Innervated
CTCACTGAGTCGGGAT-1,6.266896043253871,Stromal,Innervated
CTCACTGCAAGGCAAC-1,38.953059719832886,Tenogenic-progenitor,Innervated
CTCAGAAAGGTCGAGT-1,22.14303268616368,TSPC,Innervated
CTCAGAACAATGTGGG-1,2.8999754239370854,T-FAP,Innervated
CTCAGAACATTAAGCC-1,12.04227082821332,Stromal,Innervated
CTCAGAAGTCTTCAAG-1,35.1191939051364,Stromal,Innervated
CTCAGAATCCGGCAGT-1,30.277709510936347,Stromal,Innervated
CTCAGGGTCTATACTC-1,11.5507495699189,T-FAP,Innervated
CTCAGTCAGGGCAGAG-1,64.78250184320473,TSPC,Innervated
CTCAGTCGTCAGACTT-1,12.361759646104694,Stromal,Innervated
CTCAGTCTCTGGGCCA-1,80.85524698943229,TSPC,Innervated
CTCATCGCACCAATTG-1,3.6864094372081593,T-FAP,Innervated
CTCATCGGTATGGTTC-1,3.6618333742934386,T-FAP,Innervated
CTCATCGGTCGAGTGA-1,17.940525927746375,T-FAP,Innervated
CTCATCGTCAACTGGT-1,13.959203735561562,T-FAP,Innervated
CTCATCGTCTAGCATG-1,17.768493487343328,Stromal,Innervated
CTCATGCAGCTTTCCC-1,21.52863111329565,Stromal,Innervated
CTCATGCTCAATCGGT-1,25.215040550503808,Tenogenic-progenitor,Innervated
CTCATTAAGCTGGTGA-1,6.561808798230523,Stromal,Innervated
CTCATTAGTACCTATG-1,20.61931678545097,Tenogenic-progenitor,Innervated
CTCATTATCAGTGTGT-1,14.991398377979849,Tenogenic-progenitor,Innervated
CTCCAACAGTCGAGGT-1,47.063160481690836,TSPC,Innervated
CTCCAACCACGGCACT-1,8.405013516834604,T-FAP,Innervated
CTCCAACCAGTCAGTT-1,34.79970508724502,Stromal,Innervated
CTCCAACCATAGATGA-1,10.518554927500615,TSPC,Innervated
CTCCAACTCGTTCAGA-1,27.230277709510936,Tenogenic-progenitor,Innervated
CTCCACAAGGTGGCTA-1,83.2145490292455,TSPC,Innervated
CTCCACATCTGTCAGA-1,25.73113787171295,Tenogenic-progenitor,Innervated
CTCCATGCATCACAGT-1,22.85573851069059,Stromal,Innervated
CTCCCAAGTCACTGAT-1,29.83534037847137,TSPC,Innervated
CTCCCTCAGAGGACTC-1,7.790611943966577,T-FAP,Innervated
CTCCGATCAGGCAATG-1,24.99385598427132,TSPC,Innervated
CTCCGATCAGGCGTTC-1,13.148193659375767,Tenogenic-progenitor,Innervated
CTCCGATCAGTACTAC-1,6.02113541410666,T-FAP,Innervated
CTCCTTTAGATGGTCG-1,17.670189235684443,T-FAP,Innervated
CTCCTTTAGTGTTGAA-1,3.6864094372081593,T-FAP,Innervated
CTCCTTTCACTACCCT-1,39.22339641189481,Tenogenic-progenitor,Innervated
CTCGAGGGTACTAGCT-1,55.81223887933153,Tenogenic-progenitor,Innervated
CTCTGGTGTGAATATG-1,26.271811255836813,Stromal,Innervated
CTCTGGTGTGCCTTTC-1,20.8896534775129,Tenogenic-progenitor,Innervated
CTGAATGAGGTGCATG-1,13.664290980584912,Stromal,Innervated
CTGAATGCAGCGTGCT-1,27.15654952076677,Tenogenic-progenitor,Innervated
CTGAATGTCAAGAATG-1,30.474318014254116,Stromal,Innervated
CTGAGCGAGCAATAAC-1,18.0879823052347,Tenogenic-progenitor,Innervated
CTGAGCGGTTGGAGGT-1,35.709019415089706,Tenogenic-progenitor,Innervated
CTGAGCGTCATCGCCT-1,21.872695994101747,Stromal,Innervated
CTGAGCGTCTTTCTAG-1,21.848119931187025,Stromal,Innervated
CTGAGGCAGTCGAATA-1,25.829442123371837,Stromal,Innervated
CTGAGGCGTGGCCTCA-1,5.160973212091423,T-FAP,Innervated
CTGAGGCTCGGATACT-1,10.6168591791595,Stromal,Innervated
CTGATCCGTATGTCCA-1,22.85573851069059,Stromal,Innervated
CTGCAGGTCAGGAAGC-1,13.83632342098796,Stromal,Innervated
CTGCATCGTAGGAGTC-1,6.512656672401082,Tenogenic-progenitor,Innervated
CTGCCATAGAGGTCAC-1,51.38854755468174,Stromal,Innervated
CTGCCATCACTGAGTT-1,13.541410666011306,Stromal,Innervated
CTGCCATCACTTCAAG-1,21.30744654706316,Tenogenic-progenitor,Innervated
CTGCCATTCGTTCTGC-1,10.543130990415335,T-FAP,Innervated
CTGCCTACAACTCGTA-1,88.71958712214303,TSPC,Innervated
CTGCGAGCACGGATCC-1,5.873679036618333,T-FAP,Innervated
CTGCTCACACTAGGTT-1,28.975178176456133,Tenogenic-progenitor,Innervated
CTGCTCAGTAGTATAG-1,16.269353649545344,Stromal,Innervated
CTGCTCAGTGACAGCA-1,10.149913983779799,Stromal,Innervated
CTGCTCAGTGCCTACG-1,3.2931924305726223,T-FAP,Innervated
CTGCTCATCAGGTGTT-1,10.518554927500615,Stromal,Innervated
CTGGACGAGAATACAC-1,54.55885967068076,Stromal,Innervated
CTGGACGAGATTGTGA-1,10.838043745391989,Stromal,Innervated
CTGGACGTCGAAGTGG-1,75.74342590317032,TSPC,Innervated
CTGGACGTCTTCGGAA-1,26.615876136642907,TSPC,Innervated
CTGGCAGAGACATATG-1,14.991398377979849,Stromal,Innervated
CTGGCAGGTCGACTTA-1,31.653969034160728,TSPC,Innervated
CTGGTCTAGGTTCCGC-1,85.35266650282625,TSPC,Innervated
CTGGTCTGTAATACCC-1,3.9075940034406487,Stromal,Innervated
CTGTACCAGTATGGCG-1,80.70779061194396,Stromal,Innervated
CTGTATTAGAGAGCAA-1,40.96829687884001,Stromal,Innervated
CTGTATTAGAGAGTGA-1,8.994839026787908,Stromal,Innervated
CTGTATTAGTTGAAAC-1,1.5974440894568689,T-FAP,Innervated
CTGTATTTCAAGATAG-1,13.197345785205211,T-FAP,Innervated
CTGTCGTAGCAATAAC-1,12.4846399606783,Tenogenic-progenitor,Innervated
CTGTCGTGTCTGCGCA-1,85.79503563529123,TSPC,Innervated
CTGTGAAAGCCTGACC-1,24.79724748095355,Stromal,Innervated
CTGTGAACAAGAGATT-1,24.625215040550504,Stromal,Innervated
CTGTGGGCATACACCA-1,76.33325141312362,TSPC,Innervated
CTGTGGGGTTTCCAAG-1,39.59203735561563,TSPC,Innervated
CTTACCGAGATGCGAC-1,5.55419021872696,T-FAP,Innervated
CTTACCGCACGGTGAA-1,61.41558122388794,TSPC,Innervated
CTTACCGCATATCTGG-1,14.254116490538216,T-FAP,Innervated
CTTACCGGTGGTGATG-1,14.376996805111823,T-FAP,Innervated
CTTACCGTCTGCGGCA-1,24.99385598427132,Stromal,Innervated
CTTAGGAAGAGCCGTA-1,18.5549275006144,Tenogenic-progenitor,Innervated
CTTAGGACATCTCATT-1,13.443106414352421,Tenogenic-progenitor,Innervated
CTTCCGAAGCATGCGA-1,20.348980093389038,Stromal,Innervated
CTTCCGAAGCGCTGAA-1,46.81739985254362,TSPC,Innervated
CTTCCTTCAAGCGCTC-1,53.94445809781273,TSPC,Innervated
CTTCCTTGTTAGCGGA-1,4.374539198820349,T-FAP,Innervated
CTTCGGTAGAGCGACT-1,47.92332268370607,Tenogenic-progenitor,Innervated
CTTCTAATCTGAATGC-1,81.9120176947653,TSPC,Innervated
CTTGAGAAGACTTAAG-1,71.04939788645859,Tenogenic-progenitor,Innervated
CTTGAGAGTACGTACT-1,30.892111083804373,Tenogenic-progenitor,Innervated
CTTGATTGTTAAGAAC-1,28.99975423937085,Stromal,Innervated
CTTGATTTCGAGTACT-1,8.871958712214303,T-FAP,Innervated
CTTGATTTCGCGGACT-1,38.0437453919882,Stromal,Innervated
CTTTCAATCCTTCTAA-1,18.210862619808307,Tenogenic-progenitor,Innervated
CTTTCGGAGCGCCTTG-1,18.33374293438191,T-FAP,Innervated
CTTTCGGTCCCTAGGG-1,14.401572868026541,T-FAP,Innervated
GAAATGACAGAGGACT-1,18.210862619808307,Tenogenic-progenitor,Innervated
GAAATGATCATCCTGC-1,29.41754730892111,TSPC,Innervated
GAAATGATCCACACAA-1,37.40476775620545,Stromal,Innervated
GAACACTAGCAACTCT-1,24.05996559351192,Tenogenic-progenitor,Innervated
GAACACTAGGGTCTTT-1,9.142295404276235,Stromal,Innervated
GAACGTTTCTAATTCC-1,28.557385106905876,Tenogenic-progenitor,Innervated
GAACTGTCAGACACCC-1,6.365200294912755,T-FAP,Innervated
GAACTGTTCGAGTGAG-1,25.33792086507741,Stromal,Innervated
GAAGAATCACTTGAAC-1,50.18432047186041,Stromal,Innervated
GAAGAATCAGGACATG-1,80.46202998279675,TSPC,Innervated
GAAGAATCAGGTCAGA-1,22.782010321946427,Stromal,Innervated
GAAGAATGTGAGGAAA-1,13.344802162693536,T-FAP,Innervated
GAAGCCCCAGTCAACT-1,77.56205455885967,Stromal,Innervated
GAAGCCCGTATGCGGA-1,13.83632342098796,T-FAP,Innervated
GAAGGACGTGTTACAC-1,39.66576554435979,Tenogenic-progenitor,Innervated
GAAGGACGTTCCAAAC-1,34.35733595478004,Stromal,Innervated
GAAGGGTAGGCCTGAA-1,1.179651019906611,T-FAP,Innervated
GAAGGGTGTGGAGAAA-1,18.33374293438191,Tenogenic-progenitor,Innervated
GAAGTAATCCCAACTC-1,89.60432538707299,Stromal,Innervated
GAATAGAAGATGTAGT-1,8.405013516834604,Tenogenic-progenitor,Innervated
GAATAGAGTCAGGTGA-1,26.271811255836813,Tenogenic-progenitor,Innervated
GAATAGAGTCCCGGTA-1,25.829442123371837,T-FAP,Innervated
GAATAGATCCCGTAAA-1,8.454165642664044,Stromal,Innervated
GAATAGATCTGCGGAC-1,94.74072253624969,TSPC,Innervated
GAATCACCAGCAGAAC-1,24.79724748095355,Tenogenic-progenitor,Innervated
GAATCACGTTGTATGC-1,40.28016711722782,TSPC,Innervated
GACACGCTCACTACTT-1,12.50921602359302,Stromal,Innervated
GACACGCTCATAGACC-1,16.36765790120423,Stromal,Innervated
GACAGCCAGTGCTAGG-1,42.2462521504055,Tenogenic-progenitor,Innervated
GACAGCCCAACTGAAA-1,14.008355861391006,Tenogenic-progenitor,Innervated
GACAGCCTCGATGGAG-1,77.58663062177439,TSPC,Innervated
GACAGCCTCTTACGTT-1,2.2855738510690586,T-FAP,Innervated
GACATCATCATTGTTC-1,6.48808060948636,T-FAP,Innervated
GACCAATAGCTCACTA-1,16.859179159498648,T-FAP,Innervated
GACCAATGTAAGGCCA-1,34.35733595478004,TSPC,Innervated
GACCCAGAGATTCGAA-1,21.08626198083067,Tenogenic-progenitor,Innervated
GACCCAGAGGCTTAGG-1,3.121159990169575,T-FAP,Innervated
GACCCAGTCTGCTTAT-1,17.940525927746375,Stromal,Innervated
GACCGTGCATAGAGGC-1,74.8095355124109,TSPC,Innervated
GACCGTGTCGTTGTTT-1,46.596215286311136,Stromal,Innervated
GACCTTCAGACAGTCG-1,8.06094863602851,Tenogenic-progenitor,Innervated
GACGCTGAGATGCGAC-1,34.873433275989186,Tenogenic-progenitor,Innervated
GACGCTGGTCGCTCGA-1,35.1191939051364,Stromal,Innervated
GACGTTACAGGCGAAT-1,22.806586384861145,Stromal,Innervated
GACGTTAGTTCCTAAG-1,16.195625460801182,Tenogenic-progenitor,Innervated
GACTATGAGCACTCCG-1,12.779552715654951,Stromal,Innervated
GACTATGCATGTTCAG-1,28.729417547308923,Stromal,Innervated
GACTCAAAGGGTTAGC-1,37.847136888670434,TSPC,Innervated
GACTCAAAGGTCGACA-1,27.033669206193167,Tenogenic-progenitor,Innervated
GACTGATGTTGAGAGC-1,76.33325141312362,TSPC,Innervated
GACTTCCAGGTCGCCT-1,88.89161956254608,TSPC,Innervated
GAGAAATTCATCGGGC-1,9.461784222167609,Stromal,Innervated
GAGACCCGTGATATAG-1,7.86434013271074,T-FAP,Innervated
GAGACCCGTTAGGACG-1,13.63971491767019,Stromal,Innervated
GAGACCCTCCGACGGT-1,26.615876136642907,Stromal,Innervated
GAGACTTCAATCGTCA-1,20.398132219218482,T-FAP,Innervated
GAGACTTCACAGAAGC-1,10.838043745391989,T-FAP,Innervated
GAGACTTGTGATATAG-1,1.204227082821332,T-FAP,Innervated
GAGACTTGTGCACATT-1,26.222659130007376,Stromal,Innervated
GAGAGGTAGAGTAACT-1,6.193167854509707,T-FAP,Innervated
GAGATGGCAGCACGAA-1,8.699926271811256,Stromal,Innervated
GAGATGGCAGTAGTGG-1,0.19660850331776847,T-FAP,Innervated
GAGATGGGTTCGTACA-1,39.59203735561563,Stromal,Innervated
GAGATGGGTTGTCATG-1,7.446547063160482,T-FAP,Innervated
GAGCCTGAGAGCAGCT-1,3.0474318014254114,T-FAP,Innervated
GAGCCTGAGCTCGCAC-1,20.422708282133204,Tenogenic-progenitor,Innervated
GAGCCTGCACGGTGAA-1,21.74981567952814,Tenogenic-progenitor,Innervated
GAGCCTGGTTCGCGTG-1,7.88891619562546,T-FAP,Innervated
GAGCCTGTCAGGCGAA-1,14.008355861391006,T-FAP,Innervated
GAGCTGCCAGGCACAA-1,7.86434013271074,Tenogenic-progenitor,Innervated
GAGCTGCGTACCCGCA-1,28.360776603588107,T-FAP,Innervated
GAGGCAACATGTTTGG-1,10.518554927500615,Stromal,Innervated
GAGGCAAGTCAAAGCG-1,17.42442860653723,Stromal,Innervated
GAGGCAAGTCATCACA-1,34.701400835586135,Tenogenic-progenitor,Innervated
GAGGCAAGTTGATCGT-1,2.7033669206193167,T-FAP,Innervated
GAGGCCTAGTGAGTGC-1,26.787908577045954,Stromal,Innervated
GAGGCCTCAGTGTGCC-1,19.85745883509462,T-FAP,Innervated
GAGGCCTTCATGCGGC-1,29.024330302285573,Stromal,Innervated
GAGGGATCACAGTCCG-1,56.1317276972229,TSPC,Innervated
GAGGGATGTGCCTGAC-1,20.59474072253625,Stromal,Innervated
GAGGGATGTTTCGCTC-1,14.57360530842959,Stromal,Innervated
GAGGGTACACAATGCT-1,11.57532563283362,Stromal,Innervated
GAGGGTAGTATCTTCT-1,15.409191447530105,Stromal,Innervated
GAGTCATAGATTAGTG-1,51.21651511427869,TSPC,Innervated
GAGTCATGTCTACATG-1,27.27942983534038,TSPC,Innervated
GAGTCTACACGCAGTC-1,12.607520275251904,TSPC,Innervated
GAGTCTAGTCTCCCTA-1,10.027033669206194,T-FAP,Innervated
GAGTCTAGTGGCTTAT-1,26.320963381666257,Stromal,Innervated
GAGTCTATCTTCTTCC-1,14.426148930941263,Stromal,Innervated
GAGTGAGCACCTAAAC-1,17.42442860653723,Stromal,Innervated
GAGTGTTGTGTGTGTT-1,56.59867289260261,Stromal,Innervated
GAGTTACCACCAAAGG-1,13.418530351437699,Tenogenic-progenitor,Innervated
GAGTTACGTGGGTTGA-1,5.2592774637503075,Stromal,Innervated
GAGTTACTCCTAGAGT-1,50.995330548046205,Stromal,Innervated
GAGTTACTCTGTCGCT-1,17.940525927746375,Stromal,Innervated
GAGTTGTCAAGACCTT-1,23.61759646104694,Stromal,Innervated
GAGTTGTCACCAACAT-1,22.118456623248957,Stromal,Innervated
GATAGAATCAGACAAA-1,11.673629884492504,T-FAP,Innervated
GATAGCTTCACACCGG-1,43.25387072990907,Tenogenic-progenitor,Innervated
GATCAGTAGAGGACTC-1,26.296387318751535,TSPC,Innervated
GATCAGTCAGTTAGAA-1,10.960924059965594,Stromal,Innervated
GATCATGAGACCTGGA-1,20.422708282133204,Stromal,Innervated
GATCATGTCGTGGCTG-1,22.85573851069059,T-FAP,Innervated
GATCCCTAGCATGATA-1,15.72868026542148,T-FAP,Innervated
GATCCCTGTCCATAGT-1,4.2762349471614645,Stromal,Innervated
GATCGTAAGAGCAGCT-1,8.577045957237651,Stromal,Innervated
GATCGTACAGATACTC-1,12.435487834848857,Tenogenic-progenitor,Innervated
GATCGTAGTCTACATG-1,24.10911771934136,Stromal,Innervated
GATCGTAGTGTCTTAG-1,57.21307446547064,TSPC,Innervated
GATGACTAGTGAGGTC-1,40.62423199803391,Tenogenic-progenitor,Innervated
GATGACTGTGCCGTTG-1,53.108871958712214,Stromal,Innervated
GATGAGGAGGAAGTAG-1,14.426148930941263,Stromal,Innervated
GATGAGGGTACGGGAT-1,8.945686900958465,T-FAP,Innervated
GATGAGGGTGGTCAAG-1,17.866797739002212,Tenogenic-progenitor,Innervated
GATGAGGGTGTTTCTT-1,38.41238633570902,TSPC,Innervated
GATGAGGTCTAAACGC-1,3.4406488080609483,T-FAP,Innervated
GATGATCAGCCAGAGT-1,5.7507987220447285,T-FAP,Innervated
GATGATCAGTTCAACC-1,20.10321946424183,Stromal,Innervated
GATGATCCAAGGACAC-1,11.10838043745392,Stromal,Innervated
GATGATCCATCGTTCC-1,27.033669206193167,Tenogenic-progenitor,Innervated
GATGCTAGTACTCGCG-1,18.260014745637747,T-FAP,Innervated
GATGCTATCACCCTCA-1,20.471860407962645,T-FAP,Innervated
GATGGAGGTGGAAATT-1,72.13074465470632,TSPC,Innervated
GATGGAGTCGATGGAG-1,12.460063897763577,Stromal,Innervated
GATGTTGCATGCCGAC-1,31.67854509707545,Tenogenic-progenitor,Innervated
GATTCGAAGGAACGTC-1,33.79208650774146,Tenogenic-progenitor,Innervated
GATTCTTAGCAAGTCG-1,3.538953059719833,T-FAP,Innervated
GATTGGTAGAGAGTTT-1,42.09879577291718,Stromal,Innervated
GATTTCTCAATCGCGC-1,36.323420987957725,Stromal,Innervated
GATTTCTTCTAGACCA-1,15.556647825018432,Tenogenic-progenitor,Innervated
GATTTCTTCTGCATAG-1,37.25731137871713,Stromal,Innervated
GCAACATCACAAGCAG-1,39.12509216023593,TSPC,Innervated
GCAACATCACTAGAGG-1,18.5549275006144,Stromal,Innervated
GCAACCGCAATTGCGT-1,55.197837306463505,TSPC,Innervated
GCAACCGTCATTTCGT-1,12.410911771934135,Stromal,Innervated
GCACATAGTAGCTCGC-1,41.50897026296387,Stromal,Innervated
GCACATATCTGTTCAT-1,75.74342590317032,Stromal,Innervated
GCACGGTAGCTCGGCT-1,90.43991152617352,TSPC,Innervated
GCACGGTCAAGTGGGT-1,11.624477758663062,Stromal,Innervated
GCACGGTGTGATACAA-1,13.83632342098796,Stromal,Innervated
GCACGGTGTGGATGAC-1,1.966085033177685,T-FAP,Innervated
GCACGTGCACAACGAG-1,17.670189235684443,Tenogenic-progenitor,Innervated
GCACTAACAAATGGAT-1,5.77537478495945,T-FAP,Innervated
GCACTAACAATACGAA-1,5.873679036618333,T-FAP,Innervated
GCACTAACAGCTATAC-1,26.86163676579012,T-FAP,Innervated
GCACTAAGTCCTTTGC-1,12.386335709019415,T-FAP,Innervated
GCAGCCAGTCGCATTA-1,25.976898500860162,Stromal,Innervated
GCAGCTGCAGGTTCGC-1,19.759154583435734,Stromal,Innervated
GCAGCTGGTGTTCGTA-1,14.426148930941263,Tenogenic-progenitor,Innervated
GCAGCTGTCATGCATG-1,31.998033914966822,Tenogenic-progenitor,Innervated
GCAGGCTGTCGTGGTC-1,1.7694765298599164,T-FAP,Innervated
GCAGGCTGTGCAATAA-1,20.37355615630376,Tenogenic-progenitor,Innervated
GCAGGCTTCAATCAGC-1,25.264192676333252,Stromal,Innervated
GCAGGCTTCCTAGCCT-1,25.608257557139346,TSPC,Innervated
GCAGTTAGTTAACAGA-1,1.228803145736053,T-FAP,Innervated
GCATCGGTCATTGCCC-1,20.029491275497666,Tenogenic-progenitor,Innervated
GCATCTCGTCAGACTT-1,19.783730646350456,T-FAP,Innervated
GCATCTCTCGTGTCAA-1,79.0120422708282,Stromal,Innervated
GCATGATAGAGTCACG-1,0.14745637748832638,T-FAP,Innervated
GCATGATAGGCTTCCG-1,44.11403293192431,Stromal,Innervated
GCATGATCACCAAAGG-1,17.37527648070779,Stromal,Innervated
GCATTAGGTTACCCTC-1,15.138854755468174,Tenogenic-progenitor,Innervated
GCCAACGCAAGTGGAC-1,6.955025804866061,Stromal,Innervated
GCCAACGTCGCCAATA-1,27.35315802408454,Stromal,Innervated
GCCAGCAAGGAGGTTC-1,30.84295895797493,Stromal,Innervated
GCCAGCAGTCCGATCG-1,16.146473334971738,Stromal,Innervated
GCCAGGTAGTTCCAGT-1,3.3669206193167858,T-FAP,Innervated
GCCAGGTCAAGACCGA-1,1.7694765298599164,T-FAP,Innervated
GCCAGGTGTTGCATCA-1,4.792332268370607,T-FAP,Innervated
GCCAGGTTCCACTTCG-1,23.273531580240846,TSPC,Innervated
GCCAGGTTCTTAGGAC-1,78.39764069796018,TSPC,Innervated
GCCAGTGCAAGGGTCA-1,26.86163676579012,Tenogenic-progenitor,Innervated
GCCAGTGCAATGTGGG-1,17.301548291963627,Tenogenic-progenitor,Innervated
GCCAGTGGTCAAGTTC-1,18.210862619808307,Stromal,Innervated
GCCAGTGGTCAGCGTC-1,19.71000245760629,Stromal,Innervated
GCCAGTGGTTGTGTAC-1,5.8982550995330545,T-FAP,Innervated
GCCATGGAGATTGATG-1,24.84639960678299,Tenogenic-progenitor,Innervated
GCCATGGGTGCTATTG-1,17.39985254362251,Tenogenic-progenitor,Innervated
GCCATTCGTGGTTCTA-1,4.055050380928975,T-FAP,Innervated
GCCATTCTCACCTACC-1,51.38854755468174,Stromal,Innervated
GCCCAGAAGCTGCGAA-1,19.0218726959941,Tenogenic-progenitor,Innervated
GCCCAGACAAGACGGT-1,20.914229540427623,Stromal,Innervated
GCCCAGACAGGTTCGC-1,14.327844679282379,Stromal,Innervated
GCCCAGAGTTGGATCT-1,10.076185795035636,Stromal,Innervated
GCCCAGATCTCGGCTT-1,5.947407225362497,Stromal,Innervated
GCCCGAAAGATAGCAT-1,69.23076923076923,TSPC,Innervated
GCCCGAACAATACGAA-1,0.14745637748832638,T-FAP,Innervated
GCCCGAAGTCCGGACT-1,8.675350208896534,T-FAP,Innervated
GCCGATGCAGAATTCC-1,19.169329073482427,Stromal,Innervated
GCCGTGACAAGGGCAT-1,7.987220447284344,T-FAP,Innervated
GCCGTGACAGTAGAAT-1,20.668468911280414,Stromal,Innervated
GCCGTGAGTAGCCAGA-1,62.202015237159,TSPC,Innervated
GCCGTGAGTAGTGTGG-1,88.98992381420496,TSPC,Innervated
GCCGTGATCAAAGCCT-1,13.000737281887442,Stromal,Innervated
GCCTGTTCAATGTGGG-1,18.210862619808307,Stromal,Innervated
GCCTGTTTCCTATTTG-1,51.06905873679036,TSPC,Innervated
GCGAGAAAGGTGCATG-1,23.15065126566724,Tenogenic-progenitor,Innervated
GCGAGAAGTTCAGGTT-1,14.032931924305725,Tenogenic-progenitor,Innervated
GCGATCGTCGAGCTGC-1,48.31653969034161,Tenogenic-progenitor,Innervated
GCGATCGTCGCCCAGA-1,5.480462029982797,T-FAP,Innervated
GCGGAAAAGGGCCTCT-1,78.39764069796018,TSPC,Innervated
GCGGATCCAGGTGTGA-1,8.405013516834604,Stromal,Innervated
GCGTGCACAAATGGCG-1,43.671663799459324,Tenogenic-progenitor,Innervated
GCGTGCAGTCGAGCTC-1,29.048906365200295,T-FAP,Innervated
GCGTTTCAGCGAGTCA-1,5.726222659130007,T-FAP,Innervated
GCGTTTCGTAGCCAGA-1,8.405013516834604,Tenogenic-progenitor,Innervated
GCGTTTCGTTTACTTC-1,11.083804374539199,Stromal,Innervated
GCTACAAAGTTTAGGA-1,6.291472106168591,Stromal,Innervated
GCTACAACATTCATCT-1,89.08822806586385,Stromal,Innervated
GCTACCTCACTACTTT-1,14.401572868026541,T-FAP,Innervated
GCTCAAAGTAGATGTA-1,93.31531088719586,TSPC,Innervated
GCTCAAATCCAGCACG-1,17.104939788645858,Stromal,Innervated
GCTCAAATCCTCAGGG-1,29.737036126812484,Tenogenic-progenitor,Innervated
GCTGAATCATGTTCGA-1,9.781273040058982,T-FAP,Innervated
GCTGCAGAGCTGCCTG-1,13.197345785205211,T-FAP,Innervated
GCTGCAGAGTGGTGAC-1,6.930449741951339,Stromal,Innervated
GCTGCAGCACACAGCC-1,15.605799950847873,Stromal,Innervated
GCTGGGTCACTGATTG-1,5.357581715409192,T-FAP,Innervated
GCTGGGTCAGACCCGT-1,51.24109117719341,Stromal,Innervated
GCTTCACTCGCTCTAC-1,20.668468911280414,Stromal,Innervated
GCTTGGGAGCCTCGTG-1,5.7507987220447285,T-FAP,Innervated
GCTTGGGAGGACAAGA-1,36.028508232981075,Stromal,Innervated
GCTTGGGTCAGGCGAA-1,16.12189727205702,Stromal,Innervated
GCTTTCGAGTAGCATA-1,39.7886458589334,Stromal,Innervated
GCTTTCGGTCACCACG-1,5.136397149176702,Stromal,Innervated
GGAACCCAGGAAGAAC-1,68.66551978373064,TSPC,Innervated
GGAACCCGTGCCTACG-1,22.831162447775867,Stromal,Innervated
GGAAGTGAGGATACAT-1,1.5974440894568689,T-FAP,Innervated
GGAAGTGGTATCTCGA-1,24.77267141803883,Stromal,Innervated
GGAAGTGTCATGCCCT-1,37.552224133693784,Stromal,Innervated
GGAAGTGTCCCTATTA-1,17.743917424428606,Tenogenic-progenitor,Innervated
GGAATCTAGCAAACAT-1,18.33374293438191,Tenogenic-progenitor,Innervated
GGAATCTAGCCATGCC-1,24.30572622265913,Stromal,Innervated
GGAATCTAGCTAGATA-1,45.34283607766036,Tenogenic-progenitor,Innervated
GGAATGGCAATAGTCC-1,20.029491275497666,T-FAP,Innervated
GGACGTCAGAGAAGGT-1,28.827721798967804,Stromal,Innervated
GGACGTCGTACTGACT-1,20.275251904644875,T-FAP,Innervated
GGAGAACCAAGAGCTG-1,0.8601622020152371,T-FAP,Innervated
GGAGAACTCGTGGCTG-1,15.77783239125092,Stromal,Innervated
GGAGATGAGCAAGCCA-1,4.251658884246743,Stromal,Innervated
GGAGATGGTATGGTTC-1,43.352174981567956,Stromal,Innervated
GGAGATGTCCGCGAGT-1,2.0643892848365692,T-FAP,Innervated
GGAGCAAGTGGAGGTT-1,20.8896534775129,Tenogenic-progenitor,Innervated
GGAGCAATCATCACCC-1,17.301548291963627,T-FAP,Innervated
GGAGGATAGATGAACT-1,22.511673629884495,Stromal,Innervated
GGAGGATGTTGCCATA-1,10.936347997050873,Stromal,Innervated
GGAGGTAAGTGCCCGT-1,20.471860407962645,Stromal,Innervated
GGAGGTACATCTCGTC-1,7.86434013271074,T-FAP,Innervated
GGAGGTACATGACCCG-1,24.625215040550504,Tenogenic-progenitor,Innervated
GGAGGTAGTGATGGCA-1,29.1717866797739,T-FAP,Innervated
GGAGGTATCATCACAG-1,26.714180388301795,Tenogenic-progenitor,Innervated
GGATCTAGTCGCCTAG-1,1.990661096092406,T-FAP,Innervated
GGATCTATCGACACCG-1,5.160973212091423,T-FAP,Innervated
GGATGTTCAATTGCCA-1,0.8601622020152371,T-FAP,Innervated
GGATGTTCAGTTTGGT-1,5.627918407471124,T-FAP,Innervated
GGATGTTGTAGATCCT-1,11.624477758663062,Tenogenic-progenitor,Innervated
GGCACGTAGGTCGAGT-1,77.07053330056524,TSPC,Innervated
GGCACGTTCGCAGTTA-1,13.615138854755468,Tenogenic-progenitor,Innervated
GGCGTCAAGGTTCTTG-1,6.070287539936102,T-FAP,Innervated
GGCGTCAAGTAGGTTA-1,16.785450970754486,Stromal,Innervated
GGCGTCACAGGGCTTC-1,59.990169574834106,TSPC,Innervated
GGCGTCAGTGTTCATG-1,23.66674858687638,TSPC,Innervated
GGCTGTGAGTATAGGT-1,22.683706070287542,Tenogenic-progenitor,Innervated
GGCTGTGAGTGGATTA-1,9.437208159252888,T-FAP,Innervated
GGCTGTGCAACTTGGT-1,16.859179159498648,Stromal,Innervated
GGCTTGGAGCGAGTAC-1,6.881297616121897,T-FAP,Innervated
GGCTTGGCAGGCTCTG-1,2.8999754239370854,Stromal,Innervated
GGCTTGGGTGATCATC-1,65.74096829687885,Stromal,Innervated
GGCTTGGGTTTACCTT-1,3.1457360530842955,T-FAP,Innervated
GGCTTTCCATAACCCA-1,8.011796510199067,T-FAP,Innervated
GGGAAGTAGACGACGT-1,27.205701646596214,Stromal,Innervated
GGGAAGTAGGCTTAGG-1,17.940525927746375,Tenogenic-progenitor,Innervated
GGGAAGTCAAGGGCAT-1,15.409191447530105,Stromal,Innervated
GGGACAAAGTGCCGAA-1,3.538953059719833,T-FAP,Innervated
GGGACAATCAACCGAT-1,16.244777586630622,Stromal,Innervated
GGGACCTGTGCTCCGA-1,3.6618333742934386,T-FAP,Innervated
GGGACTCAGTCGCCAC-1,48.26738756451216,Stromal,Innervated
GGGACTCAGTCTGCAT-1,13.68886704349963,T-FAP,Innervated
GGGACTCCAATTGTGC-1,40.96829687884001,TSPC,Innervated
GGGACTCGTATCGAGG-1,68.78840009830425,Stromal,Innervated
GGGACTCGTATTTCTC-1,17.449004669451952,Tenogenic-progenitor,Innervated
GGGACTCGTGTCATCA-1,44.679282378962895,Stromal,Innervated
GGGACTCTCTACGCGG-1,28.18874416318506,Stromal,Innervated
GGGAGTATCCGATAAC-1,9.142295404276235,Tenogenic-progenitor,Innervated
GGGATCCAGCACCCAC-1,20.914229540427623,Stromal,Innervated
GGGATGACAAAGGCTG-1,32.489555173261245,TSPC,Innervated
GGGATGACATTGCTGA-1,43.94200049152126,TSPC,Innervated
GGGATGAGTTCTTAGG-1,40.50135168346031,TSPC,Innervated
GGGCCATTCCGCAAAT-1,17.080363725731136,Tenogenic-progenitor,Innervated
GGGCGTTAGTTAGAAC-1,16.637994593266157,Tenogenic-progenitor,Innervated
GGGCTACCACTGAGGA-1,3.8338658146964857,T-FAP,Innervated
GGGCTCAAGGCTGGAT-1,15.409191447530105,Stromal,Innervated
GGGCTCATCAACACGT-1,30.990415335463258,Stromal,Innervated
GGGCTCATCGAAGCAG-1,8.675350208896534,Stromal,Innervated
GGGCTCATCGACACTA-1,4.15335463258786,T-FAP,Innervated
GGGTAGAAGACTAAGT-1,7.348242811501597,Stromal,Innervated
GGGTAGAGTTCAGGTT-1,70.31211599901695,TSPC,Innervated
GGGTAGATCAAATAGG-1,41.45981813713443,Tenogenic-progenitor,Innervated
GGGTATTAGTTCATCG-1,50.749569918899,TSPC,Innervated
GGGTATTCACACGCCA-1,79.89678053575817,TSPC,Innervated
GGGTATTCATCCTAAG-1,15.409191447530105,T-FAP,Innervated
GGGTATTCATCGGTTA-1,52.37159007127058,Stromal,Innervated
GGGTATTGTACTCGAT-1,73.26124354878348,Stromal,Innervated
GGGTATTGTAGGAAAG-1,0.9830425165888425,T-FAP,Innervated
GGGTATTTCTAGGAAA-1,4.227082821332022,T-FAP,Innervated
GGGTCACAGCGAATGC-1,22.806586384861145,Tenogenic-progenitor,Innervated
GGGTCACAGCTGCCAC-1,2.7033669206193167,T-FAP,Innervated
GGGTCACCATTGCCGG-1,77.56205455885967,TSPC,Innervated
GGGTCTGAGAGCTGCA-1,25.092160235930205,T-FAP,Innervated
GGGTCTGTCGACATAC-1,8.871958712214303,T-FAP,Innervated
GGGTGAAAGACGCAGT-1,49.05382157778324,T-FAP,Innervated
GGGTGAAAGGCTCAAG-1,9.289751781764561,T-FAP,Innervated
GGGTGAATCCCGAGTG-1,15.015974440894569,Stromal,Innervated
GGGTGAATCCGAGCTG-1,52.56819857458835,TSPC,Innervated
GGGTTTAAGTTTAGGA-1,65.76554435979357,TSPC,Innervated
GGGTTTACAAGTGCTT-1,30.892111083804373,Stromal,Innervated
GGTAACTAGATCCAAA-1,27.328581961169824,Stromal,Innervated
GGTAACTCATCGGATT-1,18.5549275006144,T-FAP,Innervated
GGTAACTCATGGCACC-1,21.774391742442862,Tenogenic-progenitor,Innervated
GGTAACTGTTATAGAG-1,11.649053821577784,Stromal,Innervated
GGTAATCAGAGTTGCG-1,26.56672401081347,Stromal,Innervated
GGTAATCCAGCGTAGA-1,4.472843450479233,T-FAP,Innervated
GGTAGAGAGTACCCTA-1,12.28803145736053,Stromal,Innervated
GGTCACGAGGAAAGGT-1,2.6050626689604326,Tenogenic-progenitor,Innervated
GGTCACGTCAGCGGAA-1,24.84639960678299,Tenogenic-progenitor,Innervated
GGTCTGGAGCTATCTG-1,17.965101990661093,Tenogenic-progenitor,Innervated
GGTCTGGGTATCCTTT-1,7.004177930695503,Stromal,Innervated
GGTCTGGGTGTGGTCC-1,5.652494470385845,T-FAP,Innervated
GGTCTGGTCGAGTGAG-1,14.401572868026541,Stromal,Innervated
GGTGAAGAGAGGTTAT-1,25.215040550503808,Tenogenic-progenitor,Innervated
GGTGAAGCAATGGCAG-1,15.605799950847873,T-FAP,Innervated
GGTGAAGCATATGAAG-1,4.227082821332022,T-FAP,Innervated
GGTGGCTCATCCTTGC-1,39.7886458589334,Stromal,Innervated
GGTGTCGAGATGTTCC-1,7.077906119439666,T-FAP,Innervated
GGTGTCGCAATTCGTG-1,40.35389530597198,Stromal,Innervated
GGTGTCGCATAACAGA-1,24.84639960678299,Tenogenic-progenitor,Innervated
GGTGTCGGTGTCCATA-1,41.41066601130498,Stromal,Innervated
GGTGTCGTCAACGCTA-1,18.260014745637747,Stromal,Innervated
GGTGTTAAGCAATTAG-1,51.60973212091423,TSPC,Innervated
GGTGTTAAGGTGGGTT-1,23.838781027279428,Stromal,Innervated
GGTGTTACATCGATGT-1,29.687884000983043,Stromal,Innervated
GGTTAACAGACGGATC-1,6.561808798230523,Stromal,Innervated
GGTTAACAGCTAAGTA-1,30.744654706316048,Stromal,Innervated
GGTTAACGTTTACTGG-1,32.9073482428115,Stromal,Innervated
GGTTCTCTCCGTGTAA-1,27.15654952076677,Stromal,Innervated
GGTTGTAAGGGAGATA-1,50.89702629638732,Stromal,Innervated
GGTTGTACAGAGGGTT-1,9.338903907594004,T-FAP,Innervated
GGTTGTATCAAGTAAG-1,34.504792332268366,Tenogenic-progenitor,Innervated
GGTTGTATCAGCGCGT-1,8.994839026787908,T-FAP,Innervated
GGTTGTATCTCCCTAG-1,49.102973703612676,Stromal,Innervated
GTAACACTCTCACGAA-1,38.87933153108872,Stromal,Innervated
GTAACCATCTGCTGAA-1,56.47579257802901,Stromal,Innervated
GTAAGTCAGAGAACCC-1,66.99434750552962,Tenogenic-progenitor,Innervated
GTAATCGCACAAAGCG-1,0.14745637748832638,T-FAP,Innervated
GTAATCGGTGACAACG-1,8.380437453919882,T-FAP,Innervated
GTAATCGGTGAGCCAA-1,47.45637748832637,Stromal,Innervated
GTAATCGTCTAGTTCT-1,11.059228311624478,Stromal,Innervated
GTAATGCAGAGAACCC-1,16.343081838289507,Stromal,Innervated
GTAATGCAGAGCTGAC-1,9.289751781764561,T-FAP,Innervated
GTAATGCAGCAACAAT-1,26.14893094126321,Tenogenic-progenitor,Innervated
GTAATGCTCTGTGCGG-1,16.539690341607276,Stromal,Innervated
GTACAACAGATTGAGT-1,16.859179159498648,Stromal,Innervated
GTACAACCACTCCGGA-1,15.77783239125092,Tenogenic-progenitor,Innervated
GTACAACGTGTTACTG-1,20.742197100024576,Stromal,Innervated
GTAGAGGAGAACTTCC-1,5.578766281641681,T-FAP,Innervated
GTAGAGGCAAGACCGA-1,13.541410666011306,T-FAP,Innervated
GTAGAGGCATGTGGCC-1,1.7940525927746376,T-FAP,Innervated
GTAGATCCAAGCACCC-1,9.338903907594004,T-FAP,Innervated
GTAGATCCACATCCCT-1,32.71073973949373,Stromal,Innervated
GTAGATCGTTGTTGCA-1,8.380437453919882,T-FAP,Innervated
GTAGATCTCGCAACAT-1,26.24723519292209,Stromal,Innervated
GTAGATCTCGCCTTGT-1,11.624477758663062,Stromal,Innervated
GTAGATCTCTGGTGCG-1,17.621037109855,Stromal,Innervated
GTAGCTACAATAAGGT-1,8.355861391005162,T-FAP,Innervated
GTAGCTAGTCCGACGT-1,4.227082821332022,T-FAP,Innervated
GTAGCTATCGAGAACG-1,31.359056279184074,Stromal,Innervated
GTAGGAGAGCATTGAA-1,0.9338903907594004,T-FAP,Innervated
GTAGGAGTCCCGAAAT-1,8.773654460555418,T-FAP,Innervated
GTAGGTTGTAACTGCT-1,43.671663799459324,Stromal,Innervated
GTAGTACAGCAATAAC-1,17.940525927746375,Tenogenic-progenitor,Innervated
GTAGTACAGCTCTATG-1,42.66404521995577,TSPC,Innervated
GTAGTACAGTCCGCCA-1,11.059228311624478,Tenogenic-progenitor,Innervated
GTAGTACAGTGCAGCA-1,0.04915212582944212,T-FAP,Innervated
GTAGTACGTACGTACT-1,9.95330548046203,T-FAP,Innervated
GTAGTACGTATGGTAA-1,11.698205947407224,Stromal,Innervated
GTAGTACTCCAACACA-1,25.583681494224624,Stromal,Innervated
GTATTGGTCTTCGCTG-1,19.587122143032687,Tenogenic-progenitor,Innervated
GTATTTCAGCTATCTG-1,3.6126812484639963,T-FAP,Innervated
GTATTTCAGGGAGGTG-1,28.827721798967804,Tenogenic-progenitor,Innervated
GTATTTCAGTTGCGCC-1,4.055050380928975,T-FAP,Innervated
GTATTTCCAAGACCTT-1,27.893831408208403,Stromal,Innervated
GTATTTCCATCGGAAG-1,0.1228803145736053,T-FAP,Innervated
GTATTTCGTCGGAAAC-1,20.496436470877367,Stromal,Innervated
GTATTTCTCAGGTGTT-1,31.01499139837798,Tenogenic-progenitor,Innervated
GTCAAACCATGAGTAA-1,1.6957483411157535,T-FAP,Innervated
GTCAAGTTCCTTCTAA-1,7.987220447284344,Stromal,Innervated
GTCACGGGTATGAAGT-1,89.1373801916933,T-FAP,Innervated
GTCATCCAGAAGGATG-1,9.781273040058982,T-FAP,Innervated
GTCATCCCACGGTAGA-1,17.350700417793067,Stromal,Innervated
GTCATCCGTTGTACGT-1,9.830425165888425,T-FAP,Innervated
GTCATGAGTATTGGCT-1,3.538953059719833,T-FAP,Innervated
GTCATGAGTGTGAATA-1,6.119439665765544,T-FAP,Innervated
GTCATTTGTTGCGGCT-1,8.405013516834604,Stromal,Innervated
GTCATTTTCCCATTCG-1,68.83755222413369,TSPC,Innervated
GTCCACTAGGTCGTAG-1,23.765052838535265,TSPC,Innervated
GTCCACTGTCTGTCAA-1,45.21995576308676,TSPC,Innervated
GTCCACTTCTCCTGAC-1,14.057507987220447,Stromal,Innervated
GTCCCATAGGGCCCTT-1,13.148193659375767,T-FAP,Innervated
GTCCCATTCCGTTGGG-1,64.92995822069304,TSPC,Innervated
GTCCTCAAGGCGCTTC-1,4.202506758417302,T-FAP,Innervated
GTCGCGAAGACCCTTA-1,43.0572622265913,Stromal,Innervated
GTCGCGAAGCTGAGCA-1,5.652494470385845,T-FAP,Innervated
GTCGCGAAGGATACAT-1,14.155812238879331,Stromal,Innervated
GTCTACCAGGGCATGT-1,25.04300811010076,Stromal,Innervated
GTCTACCAGTGCACTT-1,14.155812238879331,Tenogenic-progenitor,Innervated
GTCTACCCAGACAAAT-1,77.56205455885967,Stromal,Innervated
GTCTACCGTCACAGAG-1,0.6635536986974687,T-FAP,Innervated
GTCTAGAGTCGCGGTT-1,2.8753993610223643,T-FAP,Innervated
GTCTAGATCATGAGGG-1,24.453182600147453,Tenogenic-progenitor,Innervated
GTCTCACAGTAACGAT-1,70.6070287539936,Stromal,Innervated
GTCTCACCAGTCGCAC-1,8.405013516834604,T-FAP,Innervated
GTCTCACGTTACGATC-1,13.344802162693536,T-FAP,Innervated
GTCTGTCAGCTTCATG-1,3.3669206193167858,T-FAP,Innervated
GTCTGTCCACACGGTC-1,44.26148930941263,TSPC,Innervated
GTCTGTCCAGCGTTTA-1,15.040550503809289,Stromal,Innervated
GTCTGTCGTTTACTTC-1,9.781273040058982,Tenogenic-progenitor,Innervated
GTCTTTAGTTGCCAAT-1,26.001474563774885,TSPC,Innervated
GTCTTTATCTAAACGC-1,24.9692799213566,Stromal,Innervated
GTGACGCGTAAGCGGT-1,27.230277709510936,Stromal,Innervated
GTGACGCGTATGGGAC-1,23.5684443352175,T-FAP,Innervated
GTGACGCGTCCGGATC-1,13.959203735561562,Stromal,Innervated
GTGAGCCAGACAGCGT-1,66.08503317768493,Stromal,Innervated
GTGAGCCCAAATGAGT-1,13.664290980584912,Stromal,Innervated
GTGAGGAAGATGGTAT-1,54.55885967068076,Stromal,Innervated
GTGAGGAAGCGATCGA-1,3.7847136888670434,T-FAP,Innervated
GTGAGGACAAATACGA-1,33.17768493487343,Stromal,Innervated
GTGAGGACAGTCAGTT-1,9.682968788400098,Stromal,Innervated
GTGAGGATCTGACAGT-1,90.07127058245268,TSPC,Innervated
GTGAGTTTCATAGCAC-1,3.1703121159990166,T-FAP,Innervated
GTGAGTTTCGACATAC-1,95.03563529122636,Stromal,Innervated
GTGAGTTTCGTCTCAC-1,46.49791103465225,TSPC,Innervated
GTGATGTAGAAACCAT-1,24.748095355124107,Tenogenic-progenitor,Innervated
GTGATGTGTAAGTTGA-1,37.331039567461296,Tenogenic-progenitor,Innervated
GTGATGTGTAGCGCTC-1,14.008355861391006,Stromal,Innervated
GTGCAGCCAGAGATTA-1,69.50110592283116,TSPC,Innervated
GTGCGTGAGCGGATCA-1,6.24231998033915,T-FAP,Innervated
GTGCGTGTCCGATGTA-1,19.783730646350456,Tenogenic-progenitor,Innervated
GTGCTGGAGCCTCATA-1,40.47677562054559,TSPC,Innervated
GTGCTGGTCAGCCTTC-1,71.51634308183829,TSPC,Innervated
GTGGAAGAGGGTCAAC-1,34.308183828950604,Stromal,Innervated
GTGGAAGGTAGTGATA-1,58.85967068075695,TSPC,Innervated
GTGGAAGTCTAGTGTG-1,37.331039567461296,Stromal,Innervated
GTGGAGATCATGGATC-1,57.311378717129514,TSPC,Innervated
GTGGCGTAGTCTCTGA-1,10.690587367903662,Stromal,Innervated
GTGGGAAGTACGGGAT-1,19.095600884738264,Stromal,Innervated
GTGGGAATCGAAGCCC-1,20.8896534775129,Stromal,Innervated
GTGGGAATCGCATTAG-1,22.044728434504794,Stromal,Innervated
GTGGTTAAGTAACAGT-1,15.261735070041778,Stromal,Innervated
GTGTGGCAGAGTGTTA-1,17.39985254362251,Stromal,Innervated
GTGTGGCAGCGGTAGT-1,37.79798476284099,TSPC,Innervated
GTGTGGCCAACAGCTT-1,8.06094863602851,Tenogenic-progenitor,Innervated
GTGTGGCGTGGCATCC-1,58.39272548537724,TSPC,Innervated
GTGTGGCTCGCCTAGG-1,1.8432047186040796,T-FAP,Innervated
GTGTTAGGTCTTGTCC-1,17.89137380191693,Stromal,Innervated
GTGTTAGGTTGGCTAT-1,53.82157778323913,Tenogenic-progenitor,Innervated
GTGTTAGTCTCCCAAC-1,13.443106414352421,Tenogenic-progenitor,Innervated
GTGTTCCAGCGGATCA-1,24.502334725976898,Tenogenic-progenitor,Innervated
GTGTTCCTCTCTTGCG-1,63.25878594249201,TSPC,Innervated
GTTACAGAGACGTCCC-1,26.615876136642907,Stromal,Innervated
GTTACAGCATGACTGT-1,19.19390513639715,Tenogenic-progenitor,Innervated
GTTACAGGTCACGCTG-1,8.355861391005162,T-FAP,Innervated
GTTACAGTCCTAGCGG-1,25.903170312115996,T-FAP,Innervated
GTTACCCAGCGTCTGC-1,8.380437453919882,Tenogenic-progenitor,Innervated
GTTACCCAGGTAGTAT-1,56.623248955517326,TSPC,Innervated
GTTACCCGTGACACAG-1,59.32661587613664,TSPC,Innervated
GTTACCCTCATTGTTC-1,22.290489063652004,Stromal,Innervated
GTTACCCTCTCAACGA-1,21.454902924551487,Stromal,Innervated
GTTACGACACCTTCGT-1,5.873679036618333,Stromal,Innervated
GTTAGACCAAGAATAC-1,83.16539690341608,TSPC,Innervated
GTTAGACTCAAAGGTA-1,17.670189235684443,Tenogenic-progenitor,Innervated
GTTAGACTCCATTTCA-1,37.945441140329315,Tenogenic-progenitor,Innervated
GTTAGTGTCTCGCTCA-1,52.37159007127058,TSPC,Innervated
GTTATGGCATTCGATG-1,18.33374293438191,Stromal,Innervated
GTTATGGCATTGCTGA-1,49.1275497665274,TSPC,Innervated
GTTATGGTCTCGGTCT-1,12.4846399606783,Stromal,Innervated
GTTCATTAGCAACAGC-1,62.10371098550013,Tenogenic-progenitor,Innervated
GTTCATTGTCTCGACG-1,28.28704841484394,T-FAP,Innervated
GTTCATTTCCCAGCGA-1,7.594003440648808,Stromal,Innervated
GTTCCGTAGACATACA-1,5.677070533300565,T-FAP,Innervated
GTTCCGTCAGAGGCTA-1,29.90906856721553,Stromal,Innervated
GTTCGCTAGAACGTGC-1,5.7507987220447285,Stromal,Innervated
GTTCGCTCAACAAGTA-1,15.212582944212338,T-FAP,Innervated
GTTCGCTTCCTCACCA-1,4.448267387564512,Stromal,Innervated
GTTCTATAGAGCTTTC-1,17.42442860653723,Tenogenic-progenitor,Innervated
GTTCTATAGTTTCGAC-1,0.3686409437208159,T-FAP,Innervated
GTTGAACTCCTTACCG-1,43.45047923322684,Tenogenic-progenitor,Innervated
GTTGCTCCATGGAATA-1,3.7601376259523223,T-FAP,Innervated
GTTGCTCGTTTGAAAG-1,25.141312361759642,Stromal,Innervated
GTTGTAGAGCGAGTCA-1,30.425165888424676,Tenogenic-progenitor,Innervated
GTTGTAGAGGTGCTTT-1,24.404030474318013,Stromal,Innervated
GTTGTAGCAACTGGTT-1,11.206684689112805,Tenogenic-progenitor,Innervated
GTTGTAGTCAAGGACG-1,6.070287539936102,Tenogenic-progenitor,Innervated
GTTGTCCAGGCACTCC-1,2.6050626689604326,T-FAP,Innervated
GTTGTCCCAGAGCTAG-1,12.26345539444581,Stromal,Innervated
GTTGTCCCATCGATCA-1,15.261735070041778,Tenogenic-progenitor,Innervated
GTTGTCCGTCTCCTGT-1,6.635536986974687,Tenogenic-progenitor,Innervated
GTTGTGAAGGGAGGAC-1,9.289751781764561,Stromal,Innervated
GTTGTGACAGACCGCT-1,24.354878348488572,Stromal,Innervated
GTTGTGACATAAGCAA-1,11.993118702383878,Tenogenic-progenitor,Innervated
GTTGTGAGTGAATGAT-1,24.05996559351192,Tenogenic-progenitor,Innervated
GTTGTGATCGCGTTTC-1,17.17866797739002,T-FAP,Innervated
GTTTACTCACGTCGGT-1,21.454902924551487,Stromal,Innervated
GTTTGGAAGAAAGCGA-1,39.39542885229786,TSPC,Innervated
GTTTGGAGTAGTGGCA-1,38.83017940525928,Stromal,Innervated
GTTTGGAGTGAGATAT-1,86.95011059228311,TSPC,Innervated
TAACACGCAGGATCTT-1,29.737036126812484,Stromal,Innervated
TAACCAGAGAGGACTC-1,81.1010076185795,TSPC,Innervated
TAACCAGAGGAGAGTA-1,59.49864831653969,TSPC,Innervated
TAACCAGCAATACCTG-1,23.88793315310887,T-FAP,Innervated
TAACCAGCAGCCGGTT-1,29.810764315556646,Tenogenic-progenitor,Innervated
TAACCAGGTAACTAAG-1,29.319243057262227,TSPC,Innervated
TAACGACCAGTAACGG-1,13.590562791840746,Tenogenic-progenitor,Innervated
TAACGACGTTGCTAGT-1,2.9982796755959695,T-FAP,Innervated
TAACGACTCATCCCGT-1,8.626198083067091,Stromal,Innervated
TAACTTCAGAACCCGA-1,11.059228311624478,T-FAP,Innervated
TAACTTCAGAACTGAT-1,3.563529122634554,T-FAP,Innervated
TAACTTCAGTTTCGGT-1,29.515851560579996,Stromal,Innervated
TAACTTCCAATAAGGT-1,8.994839026787908,Tenogenic-progenitor,Innervated
TAACTTCGTCTGCAAT-1,32.17006635536987,Tenogenic-progenitor,Innervated
TAACTTCTCTACACTT-1,37.13443106414353,TSPC,Innervated
TAAGCACAGGGTATAT-1,23.937085278938312,Stromal,Innervated
TAAGCGTCATCGCTCT-1,10.985500122880316,Stromal,Innervated
TAAGTCGAGAGGGTCT-1,9.216023593020397,T-FAP,Innervated
TAATCTCTCGAAACAA-1,29.29466699434751,Stromal,Innervated
TAATTCCAGAAATTCG-1,9.486360285082329,Stromal,Innervated
TAATTCCCAAGTGGCA-1,32.21921848119931,Tenogenic-progenitor,Innervated
TAATTCCTCAGGGATG-1,22.560825755713935,Stromal,Innervated
TAATTCCTCGTGGGAA-1,33.69378225608258,TSPC,Innervated
TACAACGGTTAGGACG-1,78.766281641681,TSPC,Innervated
TACACCCCAAGATGGC-1,38.68272302777095,Stromal,Innervated
TACACCCCACCGGTCA-1,27.304005898255102,Stromal,Innervated
TACAGGTCACTACCGG-1,17.84222167608749,T-FAP,Innervated
TACAGGTTCCTACACC-1,5.160973212091423,T-FAP,Innervated
TACATTCCAAGTTCCA-1,8.945686900958465,Stromal,Innervated
TACATTCGTTAAGACA-1,4.571147702138117,T-FAP,Innervated
TACATTCGTTCGAACT-1,16.343081838289507,Tenogenic-progenitor,Innervated
TACATTCTCCTCGCAT-1,45.932661587613666,Stromal,Innervated
TACCCACCAAGGTACG-1,14.622757434259032,Tenogenic-progenitor,Innervated
TACCCACGTAGAGATT-1,21.08626198083067,Stromal,Innervated
TACCCACGTGGGTCAA-1,17.154091914475302,Stromal,Innervated
TACCCACGTGTCATGT-1,14.30326861636766,Stromal,Innervated
TACCCGTGTCAGGCAA-1,6.193167854509707,Stromal,Innervated
TACCGAAGTCACTTAG-1,11.010076185795036,T-FAP,Innervated
TACCGAATCGTTCTCG-1,60.2113541410666,Stromal,Innervated
TACCGGGAGAGGCCAT-1,20.250675841730153,T-FAP,Innervated
TACCGGGGTGGAACCA-1,22.536249692799213,Tenogenic-progenitor,Innervated
TACCTCGAGGTTGACG-1,9.166871467190955,T-FAP,Innervated
TACCTCGTCGTCACCT-1,14.647333497173754,Stromal,Innervated
TACCTGCCATCATTTC-1,6.193167854509707,T-FAP,Innervated
TACGCTCGTGTGTGGA-1,32.61243548783485,Stromal,Innervated
TACGGGCCATGGACAG-1,12.73040058982551,T-FAP,Innervated
TACGGTAAGTGCACTT-1,25.04300811010076,Stromal,Innervated
TACGGTACACATATGC-1,18.5549275006144,Stromal,Innervated
TACGGTATCTATACTC-1,72.5731137871713,TSPC,Innervated
TACGTCCGTATTCTCT-1,12.460063897763577,Tenogenic-progenitor,Innervated
TACTGCCTCCCGATCT-1,20.078643401327106,Stromal,Innervated
TACTGCCTCCTGTTGC-1,49.373310395674615,TSPC,Innervated
TACTTACGTAACTAAG-1,21.602359302039815,T-FAP,Innervated
TACTTACTCTGCCTGT-1,3.538953059719833,Stromal,Innervated
TACTTACTCTGTCAGA-1,68.93585647579258,TSPC,Innervated
TACTTGTCAAGAGTTA-1,89.08822806586385,TSPC,Innervated
TACTTGTCATCAGCAT-1,11.5507495699189,Stromal,Innervated
TAGACCAAGGGCCTCT-1,16.810027033669208,Tenogenic-progenitor,Innervated
TAGACTGGTCCATAGT-1,17.84222167608749,Stromal,Innervated
TAGACTGGTCTGCATA-1,3.7355615630376016,T-FAP,Innervated
TAGACTGTCGGCCTTT-1,8.208405013516835,Stromal,Innervated
TAGAGTCTCCGAACGC-1,3.7601376259523223,T-FAP,Innervated
TAGAGTCTCCTACTGC-1,9.338903907594004,T-FAP,Innervated
TAGATCGCAAACCGGA-1,54.608011796510205,Stromal,Innervated
TAGCACACATAAGCGG-1,1.7940525927746376,T-FAP,Innervated
TAGCACAGTTGCTCCT-1,7.766035881051855,T-FAP,Innervated
TAGGAGGAGAGCCATG-1,9.781273040058982,Tenogenic-progenitor,Innervated
TAGGAGGAGAGGTTAT-1,10.346522487097568,Tenogenic-progenitor,Innervated
TAGGGTTGTAGATTGA-1,11.452445318260015,Stromal,Innervated
TAGGGTTGTTGGCTAT-1,9.117719341361514,T-FAP,Innervated
TAGGTACAGATAGTCA-1,5.603342344556403,T-FAP,Innervated
TAGGTACAGTACAACA-1,27.942983534037847,Stromal,Innervated
TAGGTACCAAGCTCTA-1,62.57065618087982,TSPC,Innervated
TAGGTACGTATGGTTC-1,80.9781273040059,Stromal,Innervated
TAGGTACTCAACCCGG-1,48.709756696977145,TSPC,Innervated
TAGGTACTCAAGGCTT-1,44.900466945195376,Stromal,Innervated
TAGGTTGAGGGCTAAC-1,38.953059719832886,TSPC,Innervated
TAGTGCAAGCTGTTCA-1,79.08577045957237,TSPC,Innervated
TATACCTAGGTCCTGC-1,34.25903170312116,Stromal,Innervated
TATATCCGTCCGTTTC-1,29.319243057262227,TSPC,Innervated
TATATCCGTTAGGACG-1,5.357581715409192,Stromal,Innervated
TATATCCTCATCACCC-1,87.46620791349225,TSPC,Innervated
TATCAGGAGACCCGCT-1,22.536249692799213,Tenogenic-progenitor,Innervated
TATCCTAAGAACCCGA-1,31.359056279184074,Stromal,Innervated
TATCCTAAGAAGCCTG-1,15.138854755468174,T-FAP,Innervated
TATCCTAAGGTAAACT-1,15.188006881297616,Tenogenic-progenitor,Innervated
TATCCTAAGTTAGTAG-1,18.0879823052347,Stromal,Innervated
TATCCTATCGCTGCGA-1,13.393954288522977,T-FAP,Innervated
TATCGCCAGCGTGCTC-1,42.2462521504055,TSPC,Innervated
TATCGCCCAAGTTGGG-1,15.556647825018432,Tenogenic-progenitor,Innervated
TATCGCCCATAATGAG-1,8.871958712214303,Stromal,Innervated
TATCGCCGTGACCTGC-1,11.378717129515852,Stromal,Innervated
TATCGCCTCCACCTCA-1,12.804128778569673,Stromal,Innervated
TATCGCCTCGCTACAA-1,28.557385106905876,Stromal,Innervated
TATCTTGCAATGTCAC-1,4.669451953797002,Stromal,Innervated
TATCTTGCAGGACATG-1,24.944703858441876,Stromal,Innervated
TATCTTGGTCCCTCAT-1,6.119439665765544,T-FAP,Innervated
TATCTTGGTGAGACCA-1,0.19660850331776847,T-FAP,Innervated
TATGTTCGTTACCTTT-1,2.433030228557385,Stromal,Innervated
TATGTTCTCAGACCGC-1,15.826984517080364,Tenogenic-progenitor,Innervated
TATGTTCTCTCCCAAC-1,58.09781273040059,Stromal,Innervated
TATTCCACAACTGGTT-1,6.070287539936102,T-FAP,Innervated
TATTCCACAGTAGATA-1,15.802408454165642,Stromal,Innervated
TATTCCATCTCTGCTG-1,68.56721553207176,TSPC,Innervated
TATTGCTCACTTCCTG-1,16.637994593266157,T-FAP,Innervated
TATTGGGCAGTCAGAG-1,19.341361513885474,Tenogenic-progenitor,Innervated
TATTGGGGTCGGAACA-1,6.586384861145245,T-FAP,Innervated
TATTTCGAGACTTAAG-1,13.541410666011306,T-FAP,Innervated
TATTTCGAGGCCATAG-1,4.349963135905628,T-FAP,Innervated
TATTTCGAGGTTGGTG-1,40.034406488080606,Stromal,Innervated
TATTTCGCAATGACCT-1,18.898992381420495,Stromal,Innervated
TATTTCGGTAACATAG-1,7.8397640697960185,Tenogenic-progenitor,Innervated
TATTTCGTCAAGAGGC-1,22.60997788154338,Stromal,Innervated
TCAAGACAGGACGCTA-1,14.155812238879331,Stromal,Innervated
TCAAGACAGTAGAGTT-1,13.811747358073237,Tenogenic-progenitor,Innervated
TCAAGACAGTTACGTC-1,13.83632342098796,T-FAP,Innervated
TCAAGACGTGGACCAA-1,13.83632342098796,Stromal,Innervated
TCAAGCAAGCATGCGA-1,3.2931924305726223,Stromal,Innervated
TCAAGCATCGACTCCT-1,17.89137380191693,T-FAP,Innervated
TCAAGCATCTATTTCG-1,13.393954288522977,T-FAP,Innervated
TCAATCTAGCGGTATG-1,10.985500122880316,Tenogenic-progenitor,Innervated
TCAATCTTCAAGAATG-1,38.09289751781765,Stromal,Innervated
TCAATTCCAGAGCCCT-1,21.356598672892602,T-FAP,Innervated
TCACAAGGTGAGTAGC-1,3.538953059719833,T-FAP,Innervated
TCACAAGTCACCGGGT-1,18.260014745637747,Stromal,Innervated
TCACACCAGATTGATG-1,13.664290980584912,T-FAP,Innervated
TCACACCAGCATCCCG-1,12.410911771934135,Stromal,Innervated
TCACATTGTAAGTTGA-1,32.956500368640945,Tenogenic-progenitor,Innervated
TCACGCTAGCTCTGTA-1,61.34185303514377,TSPC,Innervated
TCACGCTGTACAAGCG-1,21.30744654706316,Stromal,Innervated
TCACGCTGTACTCGTA-1,22.241336937822563,TSPC,Innervated
TCACGCTGTCCGCAGT-1,38.68272302777095,Stromal,Innervated
TCACGCTGTGTATTCG-1,2.7033669206193167,Tenogenic-progenitor,Innervated
TCACGCTTCAAGGACG-1,27.525190464487586,Stromal,Innervated
TCACGGGGTTCCGTTC-1,9.682968788400098,T-FAP,Innervated
TCACGGGTCGTCAAAC-1,5.406733841238633,T-FAP,Innervated
TCACTATAGAGGTCAC-1,27.869255345293688,Tenogenic-progenitor,Innervated
TCACTATCATTGCCGG-1,1.3762595232243795,T-FAP,Innervated
TCACTATGTACGTACT-1,36.86409437208159,Stromal,Innervated
TCACTCGGTCCCTAAA-1,5.8982550995330545,T-FAP,Innervated
TCACTCGTCGTGGGTC-1,10.543130990415335,T-FAP,Innervated
TCAGCAACACAAGTTC-1,25.706561808798227,Stromal,Innervated
TCAGCAATCCCTCTTT-1,18.849840255591054,Stromal,Innervated
TCAGCAATCGCCGATG-1,8.699926271811256,T-FAP,Innervated
TCAGCCTGTCACTAGT-1,27.525190464487586,Tenogenic-progenitor,Innervated
TCAGCCTTCCGTGTAA-1,3.538953059719833,Stromal,Innervated
TCAGGGCAGAGAACCC-1,7.004177930695503,Tenogenic-progenitor,Innervated
TCAGGGCCACAAACGG-1,6.340624231998033,Tenogenic-progenitor,Innervated
TCAGGGCCAGAGTTCT-1,2.433030228557385,T-FAP,Innervated
TCAGGGCGTGAATATG-1,31.826001474563775,Tenogenic-progenitor,Innervated
TCAGGGCTCAGTCATG-1,0.9584664536741214,T-FAP,Innervated
TCAGGTAAGGTTTACC-1,43.96657655443598,Stromal,Innervated
TCAGGTACACAAGCCC-1,1.990661096092406,T-FAP,Innervated
TCAGTCCAGAAGCGCT-1,8.405013516834604,T-FAP,Innervated
TCAGTCCAGGTCACTT-1,5.7507987220447285,Stromal,Innervated
TCAGTCCGTTTAGACC-1,36.397149176701895,Stromal,Innervated
TCAGTGAAGGCAGGTT-1,28.237896289014504,T-FAP,Innervated
TCAGTTTTCGTCCATC-1,3.7109855001228804,T-FAP,Innervated
TCATACTTCTGCTAGA-1,11.747358073236667,T-FAP,Innervated
TCATATCAGCCGAACA-1,8.82280658638486,Stromal,Innervated
TCATATCAGCTGACAG-1,16.44138608994839,Stromal,Innervated
TCATATCTCTCTCTTC-1,10.518554927500615,Stromal,Innervated
TCATCCGAGAATTGTG-1,53.919882034898016,Stromal,Innervated
TCATCCGAGCATAGGC-1,83.70607028753993,TSPC,Innervated
TCATCCGAGTATTAGG-1,17.154091914475302,Stromal,Innervated
TCATCCGCAATGGCCC-1,29.024330302285573,Stromal,Innervated
TCATCCGCACATTACG-1,63.13590562791841,Stromal,Innervated
TCATCCGGTTCAAGGG-1,10.518554927500615,Stromal,Innervated
TCATCCGTCATGAGGG-1,55.6647825018432,TSPC,Innervated
TCATGAGAGGGTGAAA-1,50.50380928975178,Stromal,Innervated
TCATGAGCATTAGGCT-1,25.829442123371837,T-FAP,Innervated
TCATGAGTCATAGACC-1,80.3883017940526,Stromal,Innervated
TCATGCCCAGCAGATG-1,19.24305726222659,T-FAP,Innervated
TCATGCCCATGATCTG-1,1.62202015237159,T-FAP,Innervated
TCATGGAGTTAGGGAC-1,19.71000245760629,Stromal,Innervated
TCATGTTTCGCCTCTA-1,15.704104202506757,Stromal,Innervated
TCATTACCACAGTGAG-1,30.62177439174244,Stromal,Innervated
TCATTACTCCTCTCTT-1,3.8830179405259275,T-FAP,Innervated
TCATTACTCGGCATAT-1,18.898992381420495,Stromal,Innervated
TCATTCATCAACACCA-1,2.211845662324895,T-FAP,Innervated
TCATTTGGTCACCGAC-1,27.15654952076677,Stromal,Innervated
TCATTTGGTCTCCCTA-1,36.66748586876382,T-FAP,Innervated
TCCACCAGTCACTCAA-1,65.61808798230524,TSPC,Innervated
TCCACCAGTTGGACTT-1,14.30326861636766,Stromal,Innervated
TCCACCATCGGAACTT-1,0.7127058245269108,T-FAP,Innervated
TCCACGTCAATGTCTG-1,7.077906119439666,T-FAP,Innervated
TCCACGTTCACACGAT-1,38.977635782747605,Tenogenic-progenitor,Innervated
TCCAGAAAGCCGAACA-1,13.8854755468174,T-FAP,Innervated
TCCAGAAAGCGTCAGA-1,73.26124354878348,TSPC,Innervated
TCCAGAAAGTACCCTA-1,5.038092897517818,T-FAP,Innervated
TCCATCGAGTATTAGG-1,14.327844679282379,Stromal,Innervated
TCCATCGAGTTAACAG-1,29.933644630130253,TSPC,Innervated
TCCATGCCAGCCGTTG-1,13.541410666011306,T-FAP,Innervated
TCCCACAAGTCACGAG-1,9.412632096338166,T-FAP,Innervated
TCCCACACATGGCTGC-1,13.393954288522977,Stromal,Innervated
TCCCACAGTACCACGC-1,34.185303514377,Stromal,Innervated
TCCCACATCAAGAAAC-1,2.7033669206193167,T-FAP,Innervated
TCCCACATCAAGGTGG-1,0.811010076185795,T-FAP,Innervated
TCCCACATCTTACGGA-1,22.069304497419516,Tenogenic-progenitor,Innervated
TCCCACATCTTGGTCC-1,11.919390513639714,Stromal,Innervated
TCCCAGTGTTCGGACC-1,21.626935364954534,Tenogenic-progenitor,Innervated
TCCCAGTTCCAAAGGG-1,14.59818137134431,Stromal,Innervated
TCCCATGCACGACAGA-1,2.7033669206193167,T-FAP,Innervated
TCCCATGGTGTATCCA-1,5.7507987220447285,T-FAP,Innervated
TCCCATGTCCTGTTAT-1,27.525190464487586,Tenogenic-progenitor,Innervated
TCCGAAAAGAGTTCGG-1,26.984517080363723,Stromal,Innervated
TCCGAAACAGTATACC-1,19.759154583435734,Tenogenic-progenitor,Innervated
TCCGAAATCCGGACTG-1,19.90661096092406,Tenogenic-progenitor,Innervated
TCCGATCCAGCCGTTG-1,54.65716392233965,TSPC,Innervated
TCCGGGAAGAAGGCTC-1,6.930449741951339,T-FAP,Innervated
TCCGGGACACGTTCGG-1,37.331039567461296,Stromal,Innervated
TCCGGGAGTGTGTCGC-1,18.653231752273285,T-FAP,Innervated
TCCGGGATCACCTCTG-1,28.360776603588107,Stromal,Innervated
TCCGTGTCATGCACTA-1,3.6372573113787174,T-FAP,Innervated
TCCGTGTGTTTGCCGG-1,10.518554927500615,T-FAP,Innervated
TCCTAATTCGAGCTGC-1,2.752519046448759,Stromal,Innervated
TCCTCCCAGTGAACAT-1,61.83337429343819,Stromal,Innervated
TCCTCCCCAGCGCGTT-1,60.03932170066355,TSPC,Innervated
TCCTCCCTCAACTCTT-1,16.785450970754486,Stromal,Innervated
TCCTCGAAGAGCACTG-1,8.626198083067091,T-FAP,Innervated
TCCTCGAGTAACACCT-1,40.722536249692794,Tenogenic-progenitor,Innervated
TCCTCGAGTACCAATC-1,1.6957483411157535,T-FAP,Innervated
TCCTCTTAGGATGCGT-1,33.914966822315066,Tenogenic-progenitor,Innervated
TCCTCTTCATGGAACG-1,79.92135659867289,Stromal,Innervated
TCCTGCACAGTTCCAA-1,24.748095355124107,TSPC,Innervated
TCCTGCAGTTACCTTT-1,10.6168591791595,Stromal,Innervated
TCCTTCTAGACGCTCC-1,12.238879331531088,Stromal,Innervated
TCCTTTCAGAAAGTCT-1,24.354878348488572,Tenogenic-progenitor,Innervated
TCCTTTCGTACAGAAT-1,58.49102973703613,Stromal,Innervated
TCGAACAAGTTGGGAC-1,32.36667485868764,Stromal,Innervated
TCGAACAGTGGTTCTA-1,46.596215286311136,Stromal,Innervated
TCGAACATCTCATAGG-1,41.33693782256083,Tenogenic-progenitor,Innervated
TCGAAGTCAACGGCCT-1,19.120176947652986,Stromal,Innervated
TCGAAGTCAACGGCTC-1,35.95478004423691,TSPC,Innervated
TCGAAGTCACCACATA-1,7.594003440648808,Stromal,Innervated
TCGAAGTCATAAGCGG-1,23.765052838535265,Stromal,Innervated
TCGAAGTGTTCCAAAC-1,12.97616121897272,Tenogenic-progenitor,Innervated
TCGAAGTTCATTTGCT-1,9.068567215532072,Stromal,Innervated
TCGACCTAGATCCCAT-1,0.6635536986974687,T-FAP,Innervated
TCGACGGAGAAGTGTT-1,32.61243548783485,Stromal,Innervated
TCGACGGGTAACACGG-1,3.3177684934873435,T-FAP,Innervated
TCGATTTAGGTCATAA-1,8.380437453919882,T-FAP,Innervated
TCGATTTCAATAACCC-1,17.42442860653723,Tenogenic-progenitor,Innervated
TCGATTTGTTGTCCCT-1,53.94445809781273,TSPC,Innervated
TCGCACTCATGGCGCT-1,5.8982550995330545,Tenogenic-progenitor,Innervated
TCGCAGGTCTCGCCTA-1,19.43966576554436,Stromal,Innervated
TCGCTCAAGTAAACAC-1,20.64389284836569,T-FAP,Innervated
TCGCTCACATGGATCT-1,12.853280904399114,Stromal,Innervated
TCGCTCAGTACAGGTG-1,53.108871958712214,Tenogenic-progenitor,Innervated
TCGCTCAGTGACTAAA-1,24.10911771934136,Tenogenic-progenitor,Innervated
TCGCTCATCCGAAGGA-1,26.468419759154582,Stromal,Innervated
TCGCTTGAGGTCCAGA-1,2.924551486851806,T-FAP,Innervated
TCGCTTGCACCCTGTT-1,48.365691816171044,TSPC,Innervated
TCGCTTGCACCGCTGA-1,21.30744654706316,TSPC,Innervated
TCGGATAGTAGTGGCA-1,67.21553207176211,TSPC,Innervated
TCGGATAGTTCGGACC-1,22.437945441140332,Stromal,Innervated
TCGGGACAGCCATGCC-1,9.142295404276235,T-FAP,Innervated
TCGGGACCAATTCTTC-1,52.66650282624723,Stromal,Innervated
TCGGGACCAGCAGACA-1,15.409191447530105,T-FAP,Innervated
TCGGGACCAGTTGGTT-1,74.8095355124109,TSPC,Innervated
TCGGGCAAGGGCAGTT-1,13.615138854755468,Stromal,Innervated
TCGGGCACATAACCCA-1,7.299090685672155,Stromal,Innervated
TCGGGCAGTCTCGGAC-1,15.50749569918899,Stromal,Innervated
TCGGGCAGTTGCTCAA-1,20.398132219218482,Stromal,Innervated
TCGGGTGGTGAGATTA-1,67.70705333005652,Stromal,Innervated
TCGGGTGGTGCTCGTG-1,6.758417301548292,Stromal,Innervated
TCGGTCTTCTGAGAGG-1,7.766035881051855,T-FAP,Innervated
TCGTAGAAGACCCTTA-1,1.8432047186040796,Stromal,Innervated
TCGTAGAAGCGTACAG-1,1.1059228311624476,T-FAP,Innervated
TCGTAGAAGGAACTAT-1,43.9911526173507,Tenogenic-progenitor,Innervated
TCGTAGAGTATTGACC-1,67.60874907839765,Stromal,Innervated
TCGTAGAGTCAAGCCC-1,64.63504546571639,TSPC,Innervated
TCGTCCAAGAGCTTTC-1,11.452445318260015,T-FAP,Innervated
TCTAACTCAGTTGTCA-1,25.141312361759642,Stromal,Innervated
TCTAACTGTTCACGAT-1,26.837060702875398,Stromal,Innervated
TCTACATGTCCCTGAG-1,78.1764561317277,TSPC,Innervated
TCTACCGCAACTGCCG-1,16.392233964118947,Tenogenic-progenitor,Innervated
TCTACCGGTATGAAAC-1,28.28704841484394,TSPC,Innervated
TCTATACAGGGTCTTT-1,8.11010076185795,Stromal,Innervated
TCTATACTCGTCCTTG-1,15.065126566724011,Tenogenic-progenitor,Innervated
TCTATACTCTCAGTCC-1,74.19513393954288,Tenogenic-progenitor,Innervated
TCTATCAAGTCCGCGT-1,17.670189235684443,Tenogenic-progenitor,Innervated
TCTCACGAGCATGCAG-1,9.166871467190955,Stromal,Innervated
TCTCAGCCAAGGTTGG-1,4.2762349471614645,T-FAP,Innervated
TCTCAGCCAGTGTACT-1,44.16318505775374,Stromal,Innervated
TCTCAGCGTCGGTAAG-1,27.15654952076677,Tenogenic-progenitor,Innervated
TCTCCGAAGTAAAGCT-1,23.199803391496683,Stromal,Innervated
TCTCCGACAGGCGATA-1,4.448267387564512,T-FAP,Innervated
TCTGCCAAGTTGAATG-1,29.737036126812484,Stromal,Innervated
TCTGCCACATCCTGTC-1,7.200786434013271,Tenogenic-progenitor,Innervated
TCTGGCTAGATTCGAA-1,17.301548291963627,Stromal,Innervated
TCTGGCTCATCCGCGA-1,21.872695994101747,Tenogenic-progenitor,Innervated
TCTGGCTTCAAACCCA-1,80.879823052347,TSPC,Innervated
TCTGGCTTCTCTATAC-1,9.535512410911771,Stromal,Innervated
TCTGGCTTCTGCGGGT-1,29.66330793806832,Stromal,Innervated
TCTTAGTCAACATACC-1,35.75817154091914,Tenogenic-progenitor,Innervated
TCTTAGTCAATGGCAG-1,10.42025067584173,Tenogenic-progenitor,Innervated
TCTTAGTCAGGATGAC-1,17.940525927746375,Stromal,Innervated
TCTTCCTAGGGCAACT-1,10.6168591791595,T-FAP,Innervated
TCTTCCTAGTAGTCTC-1,2.8262472351929224,T-FAP,Innervated
TCTTCCTCACGGGCTT-1,16.515114278692554,Stromal,Innervated
TCTTGCGAGGGCCTCT-1,26.787908577045954,Tenogenic-progenitor,Innervated
TCTTTGATCGTCAACA-1,9.781273040058982,Tenogenic-progenitor,Innervated
TGAATCGAGACGACGT-1,8.405013516834604,Stromal,Innervated
TGAATCGCAACAAAGT-1,4.571147702138117,Tenogenic-progenitor,Innervated
TGAATCGCAAGCTGCC-1,87.24502334725976,TSPC,Innervated
TGAATCGTCCGCGATG-1,1.6711722782010323,T-FAP,Innervated
TGAATCGTCGAACTCA-1,2.8016711722782013,T-FAP,Innervated
TGACAGTAGATAACGT-1,48.11993118702384,TSPC,Innervated
TGACAGTAGGTTCTTG-1,28.60653723273532,Stromal,Innervated
TGACAGTTCCACTTCG-1,6.758417301548292,T-FAP,Innervated
TGACCCTCAGGGTTGA-1,57.36053084295896,Tenogenic-progenitor,Innervated
TGACGCGAGGAGCTGT-1,5.652494470385845,Stromal,Innervated
TGACTCCAGAGTTGTA-1,9.879577291717867,Stromal,Innervated
TGACTCCCAACATACC-1,82.23150651265667,TSPC,Innervated
TGACTCCCACTGTGTA-1,3.7109855001228804,T-FAP,Innervated
TGACTCCCAGCTGAAG-1,18.653231752273285,Tenogenic-progenitor,Innervated
TGACTCCGTGGGTTGA-1,47.01400835586139,TSPC,Innervated
TGAGACTAGCTAAGTA-1,61.3664290980585,T-FAP,Innervated
TGAGACTAGTGCGTCC-1,74.71123126075203,TSPC,Innervated
TGAGACTTCCCGAGTG-1,50.18432047186041,TSPC,Innervated
TGAGACTTCGCCGATG-1,11.624477758663062,T-FAP,Innervated
TGAGCATAGACTTCGT-1,10.027033669206194,T-FAP,Innervated
TGAGCATAGGGCGAGA-1,16.90833128532809,Stromal,Innervated
TGAGCATCAAATGGCG-1,10.6168591791595,T-FAP,Innervated
TGAGCGCAGTACTCGT-1,9.338903907594004,Stromal,Innervated
TGAGCGCCACCGCTGA-1,2.5559105431309903,T-FAP,Innervated
TGAGCGCGTCCGTTTC-1,24.84639960678299,Tenogenic-progenitor,Innervated
TGAGCGCTCTGGACTA-1,31.826001474563775,Stromal,Innervated
TGAGGGAAGAGCAGTC-1,13.811747358073237,Stromal,Innervated
TGAGGGAAGCTGTTCA-1,28.090439911526172,Stromal,Innervated
TGAGGGAGTCACTACA-1,11.57532563283362,T-FAP,Innervated
TGAGTCAAGCCAGAGT-1,7.766035881051855,Stromal,Innervated
TGAGTCACAATCCTTT-1,29.1717866797739,Stromal,Innervated
TGAGTCATCCGTTGGG-1,13.910051609732122,T-FAP,Innervated
TGATCAGAGCTTCATG-1,18.063406242319978,Stromal,Innervated
TGATCTTCAATCCTTT-1,11.403293192430572,T-FAP,Innervated
TGATCTTCAGCGACAA-1,17.42442860653723,TSPC,Innervated
TGATCTTGTACTAACC-1,16.244777586630622,Stromal,Innervated
TGATGCATCGACCACG-1,65.66724010813468,Stromal,Innervated
TGATTCTGTCATAAAG-1,53.919882034898016,TSPC,Innervated
TGATTTCAGCATTTCG-1,18.407471123126076,Tenogenic-progenitor,Innervated
TGATTTCGTACGTGTT-1,24.33030228557385,T-FAP,Innervated
TGATTTCGTGCGCTCA-1,11.378717129515852,Stromal,Innervated
TGCACGGAGCCTTTCC-1,3.2931924305726223,T-FAP,Innervated
TGCACGGAGGCGAAGG-1,6.7338412386335715,Tenogenic-progenitor,Innervated
TGCACGGAGGCTCTCG-1,36.323420987957725,Stromal,Innervated
TGCACGGAGTTGCTCA-1,20.8896534775129,Tenogenic-progenitor,Innervated
TGCAGATAGTGCAACG-1,17.17866797739002,Stromal,Innervated
TGCAGATGTTCTCACC-1,15.015974440894569,T-FAP,Innervated
TGCAGGCAGCATCTTG-1,82.23150651265667,TSPC,Innervated
TGCAGTAAGGACAACC-1,41.95133939542885,TSPC,Innervated
TGCAGTATCACTGTTT-1,12.582944212337182,T-FAP,Innervated
TGCATCCAGACGCCAA-1,41.87761120668469,Stromal,Innervated
TGCATCCCAGTAGGAC-1,71.6392233964119,TSPC,Innervated
TGCATCCGTCATCCGG-1,24.625215040550504,Tenogenic-progenitor,Innervated
TGCATGAAGATAGTCA-1,37.945441140329315,Stromal,Innervated
TGCATGAAGTTGCCCG-1,1.0321946424182846,T-FAP,Innervated
TGCCGAGGTCTCGCGA-1,70.48414843942,Stromal,Innervated
TGCCGAGTCATGGATC-1,3.268616367657901,T-FAP,Innervated
TGCGACGAGACTTCCA-1,78.39764069796018,TSPC,Innervated
TGCGACGAGCCAGTAG-1,20.914229540427623,Tenogenic-progenitor,Innervated
TGCGACGGTGAACGGT-1,7.15163430818383,T-FAP,Innervated
TGCGATAGTGCCTACG-1,68.76382403538953,TSPC,Innervated
TGCGATATCCGTAGTA-1,45.53944458097813,Stromal,Innervated
TGCGGCAAGTGCGACA-1,11.010076185795036,T-FAP,Innervated
TGCGGCACACGCGGTT-1,93.31531088719586,TSPC,Innervated
TGCGGGTGTCGAATTC-1,14.622757434259032,Stromal,Innervated
TGCGGGTGTTCTATCT-1,25.411649053821577,Tenogenic-progenitor,Innervated
TGCGGGTTCAATGCAC-1,22.339641189481448,Stromal,Innervated
TGCTCCACATCGCCTT-1,5.357581715409192,T-FAP,Innervated
TGCTCCACATTCCTAT-1,21.209142295404277,Stromal,Innervated
TGCTCCATCCCGGTAG-1,37.25731137871713,TSPC,Innervated
TGCTCCATCGCAGATT-1,1.5974440894568689,T-FAP,Innervated
TGCTCGTAGCCGCACT-1,62.96387318751536,TSPC,Innervated
TGCTCGTCACTCACTC-1,19.365937576800196,Stromal,Innervated
TGCTCGTTCGTTAGTG-1,22.069304497419516,Stromal,Innervated
TGCTGAAGTTTGCAGT-1,55.197837306463505,TSPC,Innervated
TGCTGAATCTGTGCAA-1,24.404030474318013,Stromal,Innervated
TGCTTCGAGGGCGAGA-1,10.788891619562547,T-FAP,Innervated
TGCTTCGAGGTCCAGA-1,9.781273040058982,Stromal,Innervated
TGCTTCGCAAGTGGCA-1,7.15163430818383,T-FAP,Innervated
TGCTTCGGTCAGGTAG-1,21.50405505038093,Tenogenic-progenitor,Innervated
TGCTTGCCAACCGCTG-1,20.8896534775129,Tenogenic-progenitor,Innervated
TGCTTGCGTGTCCTAA-1,18.161710493978863,T-FAP,Innervated
TGCTTGCTCAAGAGGC-1,5.677070533300565,T-FAP,Innervated
TGCTTGCTCCTTCACG-1,23.88793315310887,Tenogenic-progenitor,Innervated
TGGAACTAGAATGTTG-1,8.601622020152371,Stromal,Innervated
TGGAACTAGCCTTCTC-1,15.040550503809289,Tenogenic-progenitor,Innervated
TGGAACTAGTGGAATT-1,18.260014745637747,Stromal,Innervated
TGGAACTCAGTGAGCA-1,31.28532809043991,Tenogenic-progenitor,Innervated
TGGAACTTCTACAGGT-1,1.0567707053330055,T-FAP,Innervated
TGGAGAGAGCACGGAT-1,1.7694765298599164,T-FAP,Innervated
TGGAGAGTCCGTGCGA-1,9.781273040058982,Stromal,Innervated
TGGAGGACAGCTTTCC-1,8.773654460555418,Stromal,Innervated
TGGAGGATCCGAAGGA-1,48.85721307446547,Tenogenic-progenitor,Innervated
TGGATCACACCTTCCA-1,4.202506758417302,T-FAP,Innervated
TGGATCACAGACTCTA-1,44.75301056770705,TSPC,Innervated
TGGATCAGTTAAGGGC-1,43.30302285573851,TSPC,Innervated
TGGATCATCACCTGTC-1,16.12189727205702,Stromal,Innervated
TGGATCATCATGCCAA-1,2.31014991398378,T-FAP,Innervated
TGGATCATCCAAACCA-1,8.724502334725976,Stromal,Innervated
TGGATCATCTAATTCC-1,18.50577537478496,Stromal,Innervated
TGGATGTCACGTGTGC-1,20.226099778815435,Stromal,Innervated
TGGATGTCATGACGGA-1,31.67854509707545,TSPC,Innervated
TGGATGTGTAACAGGC-1,27.99213565986729,Stromal,Innervated
TGGATGTGTACCGGAA-1,2.039813221921848,T-FAP,Innervated
TGGCGTGCAATGTGGG-1,67.46129270090931,TSPC,Innervated
TGGCGTGGTGTTCAGT-1,9.781273040058982,Stromal,Innervated
TGGCGTGTCTCTTCAA-1,14.696485623003195,Tenogenic-progenitor,Innervated
TGGGAAGAGTGTGTTC-1,12.853280904399114,Tenogenic-progenitor,Innervated
TGGGAAGAGTTCGGTT-1,9.633816662570656,Stromal,Innervated
TGGGAAGCACCGTGCA-1,77.31629392971246,TSPC,Innervated
TGGGAGAGTACCTTCC-1,49.61907102482183,Stromal,Innervated
TGGGAGATCGAAGCAG-1,26.099778815433766,T-FAP,Innervated
TGGGAGATCGTTAGTG-1,26.394691570410423,Stromal,Innervated
TGGGATTAGACCACGA-1,9.289751781764561,Stromal,Innervated
TGGGATTAGGTGGGTT-1,90.73482428115017,TSPC,Innervated
TGGGATTAGTTGTCGT-1,26.492995822069304,Tenogenic-progenitor,Innervated
TGGGATTCATTCGATG-1,41.45981813713443,Stromal,Innervated
TGGGATTGTCCAACGC-1,77.8323912509216,Stromal,Innervated
TGGGATTTCGTTCCTG-1,64.09437208159254,TSPC,Innervated
TGGGCGTCACGGATCC-1,72.13074465470632,Stromal,Innervated
TGGGCTGAGACGAAGA-1,49.69279921356598,TSPC,Innervated
TGGGCTGGTCTTACAG-1,8.945686900958465,Stromal,Innervated
TGGGTTAAGTTGCGCC-1,13.615138854755468,Stromal,Innervated
TGGGTTACAGCGTTTA-1,9.166871467190955,Stromal,Innervated
TGGGTTAGTCTACACA-1,8.134676824772672,T-FAP,Innervated
TGGTACACAAGAGTGC-1,0.7127058245269108,T-FAP,Innervated
TGGTAGTAGCTCCACG-1,17.301548291963627,Stromal,Innervated
TGGTAGTCAATAGGAT-1,11.870238387810272,Stromal,Innervated
TGGTAGTCATTCAGCA-1,1.1059228311624476,T-FAP,Innervated
TGGTGATCACGGATCC-1,17.17866797739002,Tenogenic-progenitor,Innervated
TGGTTAGCAATCTCTT-1,24.944703858441876,Stromal,Innervated
TGGTTAGGTAGCGTTT-1,15.409191447530105,Stromal,Innervated
TGTAACGTCGGACTGC-1,4.571147702138117,Stromal,Innervated
TGTACAGAGACGTCGA-1,45.21995576308676,Stromal,Innervated
TGTACAGAGCAACCAG-1,28.827721798967804,Tenogenic-progenitor,Innervated
TGTACAGAGTTGTACC-1,18.260014745637747,T-FAP,Innervated
TGTACAGTCCGTCACT-1,12.607520275251904,Stromal,Innervated
TGTACAGTCTTGAACG-1,64.09437208159254,Stromal,Innervated
TGTCAGACAGGAAGTC-1,19.71000245760629,Stromal,Innervated
TGTCAGAGTTCGGCGT-1,7.962644384369624,T-FAP,Innervated
TGTCAGATCGTGGTAT-1,18.628655689358563,Stromal,Innervated
TGTCCACCAGCACCCA-1,9.879577291717867,Stromal,Innervated
TGTCCACGTAATCAGA-1,13.271073973949374,T-FAP,Innervated
TGTCCCACACCCTTAC-1,56.00884738264929,TSPC,Innervated
TGTCCTGAGGCATCAG-1,8.626198083067091,T-FAP,Innervated
TGTCCTGAGGCCTTGC-1,55.46817399852544,TSPC,Innervated
TGTGAGTAGTACCATC-1,86.90095846645367,TSPC,Innervated
TGTGAGTAGTATGGAT-1,16.244777586630622,Stromal,Innervated
TGTGAGTGTCAAATCC-1,76.11206684689112,TSPC,Innervated
TGTGATGCATGTGTCA-1,7.299090685672155,Stromal,Innervated
TGTGCGGAGATGCTTC-1,14.917670189235684,T-FAP,Innervated
TGTGGCGCAAGGAGTC-1,6.24231998033915,Tenogenic-progenitor,Innervated
TGTGTGAAGTCCGCGT-1,12.877856967313836,Tenogenic-progenitor,Innervated
TGTGTGACACTTCCTG-1,71.02482182354387,TSPC,Innervated
TGTGTGACATCATGAC-1,6.881297616121897,T-FAP,Innervated
TGTTCATGTCCAGGTC-1,86.33570901941509,TSPC,Innervated
TGTTCCGAGGTTACCT-1,7.077906119439666,Stromal,Innervated
TGTTCCGTCCGAGTGC-1,26.886212828704842,Tenogenic-progenitor,Innervated
TGTTCTAAGCTACGTT-1,14.868518063406242,Stromal,Innervated
TGTTCTATCCCATACC-1,35.709019415089706,Tenogenic-progenitor,Innervated
TGTTGAGAGACAAGCC-1,88.15433767510444,TSPC,Innervated
TGTTGAGAGCATACTC-1,22.241336937822563,Tenogenic-progenitor,Innervated
TGTTGGAGTACAGCGA-1,41.90218726959941,TSPC,Innervated
TGTTTGTAGACATATG-1,68.88670434996314,Stromal,Innervated
TTAATCCAGTTGCGCC-1,27.15654952076677,Stromal,Innervated
TTAATCCCACTCAAGT-1,16.98205947407225,Tenogenic-progenitor,Innervated
TTAATCCGTAGCTTTG-1,0.9338903907594004,T-FAP,Innervated
TTAATCCTCATCCTGC-1,2.31014991398378,T-FAP,Innervated
TTACAGGAGCATGATA-1,8.380437453919882,T-FAP,Innervated
TTACAGGCACCTGAAT-1,13.590562791840746,Stromal,Innervated
TTACCATAGGTACAGC-1,3.3669206193167858,T-FAP,Innervated
TTACGCCAGACTGTTC-1,59.64610469402801,Stromal,Innervated
TTACGCCTCTTGGATG-1,4.571147702138117,T-FAP,Innervated
TTACGTTTCAGCATTG-1,29.343819120176946,TSPC,Innervated
TTACGTTTCCATGATG-1,33.718358318997296,T-FAP,Innervated
TTACTGTGTGGTCTCG-1,7.225362496927993,Stromal,Innervated
TTACTGTTCAAATAGG-1,3.93217006635537,T-FAP,Innervated
TTACTGTTCTAGCATG-1,73.38412386335709,TSPC,Innervated
TTAGGCAAGATTAGAC-1,1.8186286556893587,T-FAP,Innervated
TTAGGGTAGGGCTGAT-1,19.095600884738264,Tenogenic-progenitor,Innervated
TTAGGGTGTTCGGACC-1,21.454902924551487,Tenogenic-progenitor,Innervated
TTAGGGTTCCTACAAG-1,41.41066601130498,Stromal,Innervated
TTAGTCTGTCACAATC-1,11.182108626198083,Tenogenic-progenitor,Innervated
TTATTGCCATCCGCGA-1,42.025067584173016,TSPC,Innervated
TTCAATCAGTCCGTCG-1,71.59007127058246,Stromal,Innervated
TTCAATCAGTGAGGCT-1,33.89039075940035,Tenogenic-progenitor,Innervated
TTCAATCGTTCTGACA-1,51.78176456131728,TSPC,Innervated
TTCAATCTCGAAGAAT-1,4.202506758417302,T-FAP,Innervated
TTCACCGTCATTGTTC-1,11.919390513639714,Tenogenic-progenitor,Innervated
TTCACGCAGGTAGTCG-1,14.991398377979849,Stromal,Innervated
TTCACGCAGTCTCCTC-1,20.963381666257067,Tenogenic-progenitor,Innervated
TTCACGCCAGGCAATG-1,16.343081838289507,Stromal,Innervated
TTCAGGACACAGACGA-1,14.745637748832637,T-FAP,Innervated
TTCAGGAGTGGACCAA-1,27.131973457852055,Tenogenic-progenitor,Innervated
TTCAGGAGTTTGACAC-1,31.113295650036864,Stromal,Innervated
TTCATGTAGTCATTGC-1,0.6635536986974687,T-FAP,Innervated
TTCATGTCAAGAAATC-1,15.704104202506757,T-FAP,Innervated
TTCATTGAGCCTGACC-1,44.26148930941263,Stromal,Innervated
TTCATTGGTCGTTGGC-1,48.193659375768,Stromal,Innervated
TTCATTGTCATCACTT-1,84.73826492995822,TSPC,Innervated
TTCCAATAGAATTGCA-1,31.826001474563775,Stromal,Innervated
TTCCAATAGAGTCGAC-1,32.21921848119931,Stromal,Innervated
TTCCAATAGATAGCAT-1,37.331039567461296,TSPC,Innervated
TTCCAATCACATTCTT-1,9.461784222167609,T-FAP,Innervated
TTCCAATGTCGCATTA-1,4.055050380928975,T-FAP,Innervated
TTCCGGTGTAGGAGTC-1,24.82182354386827,T-FAP,Innervated
TTCCGGTGTGTCCACG-1,45.02334725976899,Stromal,Innervated
TTCCGGTTCATCGTAG-1,16.343081838289507,Tenogenic-progenitor,Innervated
TTCCGTGAGCCTCTGG-1,37.79798476284099,Tenogenic-progenitor,Innervated
TTCCGTGAGGCTCTCG-1,12.386335709019415,T-FAP,Innervated
TTCCGTGCATCCTTGC-1,20.422708282133204,Stromal,Innervated
TTCCTAAAGTAATACG-1,19.341361513885474,Stromal,Innervated
TTCCTAACAAGTTCCA-1,3.4652248709756694,T-FAP,Innervated
TTCCTAACACTTGAAC-1,67.5595969525682,TSPC,Innervated
TTCCTAATCTAGGCAT-1,40.50135168346031,TSPC,Innervated
TTCCTAATCTCAACCC-1,37.08527893831408,Stromal,Innervated
TTCCTAATCTTCACGC-1,6.905873679036619,T-FAP,Innervated
TTCCTCTGTCTTACTT-1,8.06094863602851,Stromal,Innervated
TTCCTCTGTTTGAAAG-1,1.228803145736053,T-FAP,Innervated
TTCCTTCAGATGATTG-1,16.392233964118947,Stromal,Innervated
TTCCTTCAGTGGTTAA-1,25.092160235930205,TSPC,Innervated
TTCCTTCCAAACTAGA-1,5.431309904153355,T-FAP,Innervated
TTCCTTCGTAGCTCGC-1,12.312607520275252,T-FAP,Innervated
TTCCTTCGTGGACTGA-1,84.14843942000492,TSPC,Innervated
TTCCTTCTCTTCACAT-1,7.938068321454902,T-FAP,Innervated
TTCGATTCATAGACTC-1,3.3669206193167858,T-FAP,Innervated
TTCGCTGGTGTTTGCA-1,36.86409437208159,Tenogenic-progenitor,Innervated
TTCGCTGTCGAACTCA-1,22.782010321946427,Tenogenic-progenitor,Innervated
TTCGGTCTCAAGTCGT-1,13.83632342098796,Stromal,Innervated
TTCTAACAGGACAGCT-1,9.781273040058982,Tenogenic-progenitor,Innervated
TTCTAACCATGTTACG-1,22.511673629884495,Tenogenic-progenitor,Innervated
TTCTAACCATTAAGCC-1,14.79478987466208,T-FAP,Innervated
TTCTAACGTACCGGAA-1,13.664290980584912,Stromal,Innervated
TTCTAACGTCATCCGG-1,7.544851314819366,Stromal,Innervated
TTCTAACTCTAAGAAG-1,9.166871467190955,T-FAP,Innervated
TTCTAGTAGATCGACG-1,20.398132219218482,Tenogenic-progenitor,Innervated
TTCTAGTAGTCATAGA-1,38.36323420987958,TSPC,Innervated
TTCTAGTCAACAACAA-1,24.79724748095355,Stromal,Innervated
TTCTAGTGTGAGATTA-1,66.55197837306463,Stromal,Innervated
TTCTCTCAGTTTGGCT-1,21.28287048414844,Stromal,Innervated
TTCTCTCGTCCGACGT-1,11.919390513639714,Stromal,Innervated
TTCTGTACACAAGTGG-1,8.159252887687392,Stromal,Innervated
TTCTGTACATGGATCT-1,54.730892111083804,TSPC,Innervated
TTCTGTAGTTCTCACC-1,41.730154829196366,Stromal,Innervated
TTCTTCCCAGTATGAA-1,8.577045957237651,Stromal,Innervated
TTCTTCCGTGATAGAT-1,21.454902924551487,Stromal,Innervated
TTCTTCCGTTTCGTGA-1,28.38535266650283,Tenogenic-progenitor,Innervated
TTGAACGCATTAGGAA-1,16.539690341607276,Tenogenic-progenitor,Innervated
TTGAGTGAGAATAACC-1,27.942983534037847,Stromal,Innervated
TTGAGTGGTGTTAAAG-1,64.78250184320473,TSPC,Innervated
TTGAGTGTCTTTACAC-1,36.15138854755468,Stromal,Innervated
TTGATGGGTGCCGAAA-1,17.006635536986973,Stromal,Innervated
TTGCATTCAGAGGAAA-1,31.850577537478497,Stromal,Innervated
TTGCATTCATGGAACG-1,7.766035881051855,T-FAP,Innervated
TTGCATTTCGCAGATT-1,35.97935610715163,Stromal,Innervated
TTGCCTGGTAGGAAAG-1,22.044728434504794,Stromal,Innervated
TTGCCTGTCCTGGGAC-1,51.06905873679036,Tenogenic-progenitor,Innervated
TTGCGTCAGTGAACAT-1,11.919390513639714,T-FAP,Innervated
TTGCGTCTCTACTGAG-1,36.888670434996314,Stromal,Innervated
TTGCTGCAGTTTAGGA-1,23.86335709019415,Stromal,Innervated
TTGCTGCCACAGCTTA-1,32.686163676579014,Tenogenic-progenitor,Innervated
TTGGATGAGCTCTGTA-1,27.942983534037847,Stromal,Innervated
TTGGATGCAGCGCGTT-1,18.972720570164658,Tenogenic-progenitor,Innervated
TTGGATGTCCTCTTTC-1,5.062668960432538,T-FAP,Innervated
TTGGGATAGCCAAGGT-1,17.670189235684443,Stromal,Innervated
TTGGGATTCTAGCAAC-1,96.78053575817154,TSPC,Innervated
TTGGGCGTCAAGCCAT-1,18.137134431064144,Tenogenic-progenitor,Innervated
TTGGGCGTCTCATAGG-1,30.990415335463258,Stromal,Innervated
TTGGGTAAGCACAAAT-1,10.6168591791595,Stromal,Innervated
TTGGGTACATATCTCT-1,4.669451953797002,T-FAP,Innervated
TTGGGTACATGAATCC-1,11.894814450724994,T-FAP,Innervated
TTGGGTAGTCCCACGA-1,54.730892111083804,Stromal,Innervated
TTGGGTATCACTACGA-1,6.3897763578274756,T-FAP,Innervated
TTGGTTTCACAGCCAC-1,38.48611452445318,Stromal,Innervated
TTGTGGATCCCAAGTA-1,26.542147947898748,Tenogenic-progenitor,Innervated
TTGTGTTAGGAATCGC-1,22.90489063652003,Tenogenic-progenitor,Innervated
TTGTTCACAAGCTGCC-1,9.486360285082329,Tenogenic-progenitor,Innervated
TTGTTCAGTTTACTTC-1,89.08822806586385,TSPC,Innervated
TTGTTGTAGATGATTG-1,38.80560334234456,Stromal,Innervated
TTGTTGTGTAGCTGAG-1,15.704104202506757,Stromal,Innervated
TTGTTGTGTCCAGCCA-1,73.28581961169822,TSPC,Innervated
TTGTTTGGTGGATTTC-1,80.43745391988205,Stromal,Innervated
TTGTTTGTCTCCCATG-1,12.04227082821332,Tenogenic-progenitor,Innervated
TTTACCAAGCAGGGAG-1,11.894814450724994,Tenogenic-progenitor,Innervated
TTTACCACACAACGCC-1,31.826001474563775,Stromal,Innervated
TTTACCACACTAGTAC-1,64.2909805849103,TSPC,Innervated
TTTACCATCGAATCCA-1,17.227820103219464,Tenogenic-progenitor,Innervated
TTTACGTCAGCCCAGT-1,13.541410666011306,Stromal,Innervated
TTTACGTCAGTAGATA-1,33.17768493487343,TSPC,Innervated
TTTACGTGTACTGGGA-1,29.442123371835834,Stromal,Innervated
TTTAGTCCAAGCCCAC-1,8.503317768493487,T-FAP,Innervated
TTTAGTCTCATGTCAG-1,76.06291472106167,TSPC,Innervated
TTTATGCAGACCAGAC-1,77.07053330056524,TSPC,Innervated
TTTATGCTCATTTGCT-1,9.461784222167609,Tenogenic-progenitor,Innervated
TTTCACAAGGATTCAA-1,7.594003440648808,T-FAP,Innervated
TTTCACAAGTTAACAG-1,29.58957974932416,TSPC,Innervated
TTTCACACAACGTATC-1,1.8432047186040796,T-FAP,Innervated
TTTCAGTGTCACTCAA-1,20.742197100024576,Stromal,Innervated
TTTCCTCCATATTCGG-1,11.624477758663062,T-FAP,Innervated
TTTCGATAGGTCACAG-1,3.3177684934873435,Stromal,Innervated
TTTCGATGTCCTTAAG-1,1.6957483411157535,T-FAP,Innervated
TTTGACTAGAAGCGGG-1,9.92872941754731,T-FAP,Innervated
TTTGACTAGCCACTCG-1,40.47677562054559,TSPC,Innervated
TTTGACTGTACTTGTG-1,27.328581961169824,Tenogenic-progenitor,Innervated
TTTGATCAGCAGCCTC-1,3.538953059719833,Stromal,Innervated
TTTGATCAGCTGAGTG-1,62.71811255836815,TSPC,Innervated
TTTGATCCATCCGCGA-1,31.826001474563775,Stromal,Innervated
TTTGATCTCCGCACTT-1,41.26320963381666,Stromal,Innervated
TTTGGAGGTGTTCATG-1,2.2855738510690586,T-FAP,Innervated
TTTGGTTAGAGTTGAT-1,26.615876136642907,Tenogenic-progenitor,Innervated
TTTGGTTAGCATCAGG-1,24.10911771934136,TSPC,Innervated
TTTGGTTGTTAACCTG-1,13.983779798476284,T-FAP,Innervated
TTTGTTGCAGGTGAGT-1,40.108134676824776,TSPC,Innervated
TTTGTTGGTATGATCC-1,17.42442860653723,Tenogenic-progenitor,Innervated
TTTGTTGGTCTGTGAT-1,36.200540673384126,TSPC,Innervated
TTTGTTGTCTTAATCC-1,7.15163430818383,T-FAP,Innervated
AAACCCAAGAAAGTCT-1,5.406733841238633,Stromal,Denervated
AAACCCACACCAACAT-1,6.02113541410666,T-FAP,Denervated
AAACCCATCACTTATC-1,0.14745637748832638,T-FAP,Denervated
AAACGAATCTCGGTCT-1,13.443106414352421,T-FAP,Denervated
AAACGAATCTGGTTGA-1,36.397149176701895,Tenogenic-progenitor,Denervated
AAAGAACCAAACTGCT-1,20.84050135168346,Stromal,Denervated
AAAGAACCAAATCAAG-1,4.571147702138117,T-FAP,Denervated
AAAGGATAGCGTCAAG-1-1,4.177930695502581,Stromal,Denervated
AAAGGATGTATCCTCC-1,42.983534037847136,Tenogenic-progenitor,Denervated
AAAGGGCTCGCCTAGG-1,10.985500122880316,T-FAP,Denervated
AAAGGGCTCTCTCTTC-1,36.76579012042271,Tenogenic-progenitor,Denervated
AAAGGTAAGCTCAGAG-1,1.7694765298599164,T-FAP,Denervated
AAAGGTACATCGGATT-1,13.959203735561562,Tenogenic-progenitor,Denervated
AAAGGTATCAGTGTTG-1,3.6126812484639963,Stromal,Denervated
AAAGTCCGTAAGGTCG-1,1.6957483411157535,T-FAP,Denervated
AAAGTCCGTGATCGTT-1,21.50405505038093,T-FAP,Denervated
AAAGTGACATCTATCT-1,26.296387318751535,TSPC,Denervated
AAATGGAAGGCTTAGG-1,5.234701400835586,Stromal,Denervated
AACAAAGCAGTGAGCA-1,19.43966576554436,T-FAP,Denervated
AACAAAGTCGCTGATA-1,19.169329073482427,T-FAP,Denervated
AACAACCAGGATACAT-1,35.80732366674859,Stromal,Denervated
AACAAGAGTAACGGTG-1,7.421971000245761,T-FAP,Denervated
AACAAGATCTCAAAGC-1,0.14745637748832638,T-FAP,Denervated
AACAGGGAGGGTTAGC-1,18.5549275006144,Tenogenic-progenitor,Denervated
AACAGGGCAGGCACAA-1,29.83534037847137,Stromal,Denervated
AACCAACCACTTTAGG-1,5.873679036618333,Tenogenic-progenitor,Denervated
AACCACAAGATCACTC-1,0.14745637748832638,T-FAP,Denervated
AACCACAAGGACCCAA-1,9.486360285082329,Tenogenic-progenitor,Denervated
AACCACACAATCTAGC-1,11.182108626198083,Stromal,Denervated
AACCATGAGGCTCAAG-1,16.785450970754486,Tenogenic-progenitor,Denervated
AACCATGCAATCGCAT-1,63.70115507495699,TSPC,Denervated
AACCATGCACAACGCC-1,31.826001474563775,Tenogenic-progenitor,Denervated
AACCATGTCGGTGTTA-1,0.811010076185795,T-FAP,Denervated
AACCCAACATCGCTAA-1,1.7694765298599164,T-FAP,Denervated
AACCCAATCATTGCTT-1,22.806586384861145,Tenogenic-progenitor,Denervated
AACCTGAAGACTAAGT-1,42.983534037847136,Stromal,Denervated
AACCTGAAGCACTCGC-1,3.538953059719833,Tenogenic-progenitor,Denervated
AACCTTTTCTACAGGT-1,5.062668960432538,Stromal,Denervated
AACGAAATCGGAATGG-1,51.486851806340624,TSPC,Denervated
AACGGGACAGATACTC-1,19.0218726959941,Tenogenic-progenitor,Denervated
AACGGGACAGCTGAAG-1,19.93118702383878,Tenogenic-progenitor,Denervated
AACGTCACAGCACAGA-1,24.748095355124107,Stromal,Denervated
AACTTCTAGCATGGGT-1,13.295650036864096,T-FAP,Denervated
AACTTCTCACCTCTGT-1,19.341361513885474,Stromal,Denervated
AAGAACAAGAAATTGC-1,5.431309904153355,Stromal,Denervated
AAGAACAAGGTTGAGC-1,22.560825755713935,Stromal,Denervated
AAGACAAAGCAGCCTC-1,3.3177684934873435,T-FAP,Denervated
AAGACAAGTGAGAGGG-1,21.52863111329565,TSPC,Denervated
AAGACTCTCCTGTTGC-1,0.811010076185795,T-FAP,Denervated
AAGCATCGTCGCAGTC-1,0.3686409437208159,T-FAP,Denervated
AAGCATCTCTCCATAT-1,22.60997788154338,Stromal,Denervated
AAGCCATCACGACAGA-1,46.620791349225854,TSPC,Denervated
AAGCCATGTCCTCAGG-1,1.4745637748832636,T-FAP,Denervated
AAGCCATGTGAGAGGG-1,10.788891619562547,T-FAP,Denervated
AAGCCATTCGACCCAG-1,16.785450970754486,Stromal,Denervated
AAGCGAGCATGGCGCT-1,15.679528139592037,Tenogenic-progenitor,Denervated
AAGCGAGTCAAGCTGT-1,14.868518063406242,Tenogenic-progenitor,Denervated
AAGCGTTAGGACTTCT-1,4.62029982796756,T-FAP,Denervated
AAGCGTTCACTGCACG-1,9.535512410911771,Tenogenic-progenitor,Denervated
AAGCGTTCAGAGTCAG-1,0.6144015728680265,T-FAP,Denervated
AAGCGTTGTTGTGTTG-1,20.275251904644875,T-FAP,Denervated
AAGGTAACAATAGTAG-1,8.429589579749324,Stromal,Denervated
AAGGTAAGTTGTCATG-1,7.102482182354388,Stromal,Denervated
AAGTACCGTTGGTGTT-1,1.6711722782010323,T-FAP,Denervated
AAGTCGTCACTACTTT-1,18.210862619808307,Stromal,Denervated
AAGTCGTGTGCGTGCT-1,0.4177930695502581,T-FAP,Denervated
AAGTGAACATTGCTTT-1,8.429589579749324,Tenogenic-progenitor,Denervated
AAGTGAAGTGTGTGTT-1,12.558368149422463,Tenogenic-progenitor,Denervated
AAGTTCGAGAGGGTAA-1,48.31653969034161,Stromal,Denervated
AAGTTCGGTAACATGA-1,2.2855738510690586,T-FAP,Denervated
AAGTTCGTCCCTTTGG-1,13.983779798476284,Tenogenic-progenitor,Denervated
AATAGAGAGTCTGTAC-1,32.46497911034652,Tenogenic-progenitor,Denervated
AATCACGAGCGCAATG-1,17.866797739002212,Stromal,Denervated
AATCACGAGCGTACAG-1,22.290489063652004,Tenogenic-progenitor,Denervated
AATCACGGTTTACTTC-1,16.859179159498648,Tenogenic-progenitor,Denervated
AATCACGTCCAAGCTA-1,8.159252887687392,T-FAP,Denervated
AATCACGTCTGGGCAC-1,11.870238387810272,Stromal,Denervated
AATCGACTCTCGCTTG-1,6.02113541410666,T-FAP,Denervated
AATCGTGGTAGAGCTG-1,8.454165642664044,T-FAP,Denervated
AATGAAGGTAACACGG-1,0.9338903907594004,T-FAP,Denervated
AATGAAGGTAAGCGGT-1,20.987957729171786,TSPC,Denervated
AATGCCAGTAGGCTCC-1,54.730892111083804,TSPC,Denervated
AATGCCAGTGAATGTA-1,3.7601376259523223,Stromal,Denervated
AATGCCATCCATCACC-1-1,0.3194888178913738,T-FAP,Denervated
AATGCCATCCGATCTC-1,4.349963135905628,T-FAP,Denervated
AATGGCTCAAGTCGTT-1,18.874416318505777,Stromal,Denervated
AATGGCTGTGAGATCG-1,24.79724748095355,Stromal,Denervated
ACAACCAAGAGTGACC-1,15.581223887933154,Tenogenic-progenitor,Denervated
ACAACCACACTGATTG-1,19.292209388056033,Tenogenic-progenitor,Denervated
ACAACCAGTAAGATCA-1,3.268616367657901,T-FAP,Denervated
ACAACCAGTGGCCCAT-1,28.115015974440894,Tenogenic-progenitor,Denervated
ACAACCATCCCTTGTG-1,12.386335709019415,Stromal,Denervated
ACAAGCTAGGTCGAGT-1,4.718604079626444,Stromal,Denervated
ACAAGCTGTGGCATCC-1,30.400589825509954,Tenogenic-progenitor,Denervated
ACACAGTCAAAGCTAA-1,3.538953059719833,T-FAP,Denervated
ACACCAAAGGGTGAAA-1,6.881297616121897,T-FAP,Denervated
ACACCAATCCCTCTCC-1,6.3897763578274756,Tenogenic-progenitor,Denervated
ACACTGAGTAACATGA-1,22.85573851069059,TSPC,Denervated
ACACTGAGTCGGCTAC-1,39.66576554435979,TSPC,Denervated
ACACTGATCACTGGTA-1,5.971983288277218,T-FAP,Denervated
ACACTGATCCTTCAGC-1,9.830425165888425,Stromal,Denervated
ACAGAAAAGCTTCTAG-1,44.55640206438928,Tenogenic-progenitor,Denervated
ACAGAAACAATAGTCC-1,2.8262472351929224,Stromal,Denervated
ACAGCCGCAGAAGCTG-1,22.511673629884495,Tenogenic-progenitor,Denervated
ACAGCCGGTTAGCTAC-1,51.16736298844925,TSPC,Denervated
ACAGGGAAGCATGCGA-1,7.372818874416319,T-FAP,Denervated
ACAGGGACAGACCTAT-1,10.100761857950356,T-FAP,Denervated
ACATCCCAGGGTGAAA-1,7.249938559842713,Stromal,Denervated
ACATCCCAGTGCAAAT-1,5.7507987220447285,T-FAP,Denervated
ACATCGACAAAGGCAC-1,3.93217006635537,T-FAP,Denervated
ACATCGAGTTAGTTCG-1,66.06045711477022,TSPC,Denervated
ACATGCAAGAGGGTGG-1,14.155812238879331,Tenogenic-progenitor,Denervated
ACATTTCCAGTAGATA-1,5.7507987220447285,T-FAP,Denervated
ACCAAACGTACCACGC-1,48.14450724993856,TSPC,Denervated
ACCAACAGTAGACGGT-1,11.919390513639714,Tenogenic-progenitor,Denervated
ACCACAAAGCAGGGAG-1,14.204964364708776,T-FAP,Denervated
ACCACAATCATAGAGA-1,4.521995576308675,T-FAP,Denervated
ACCATTTCACAATGCT-1,10.518554927500615,Stromal,Denervated
ACCATTTTCGATCCCT-1,70.53330056524945,TSPC,Denervated
ACCATTTTCTGCTCTG-1,0.39321700663553694,T-FAP,Denervated
ACCCAAAGTAGTTACC-1,2.531334480216269,T-FAP,Denervated
ACCCAAAGTGTTCATG-1,30.84295895797493,Stromal,Denervated
ACCCAAAGTTGGTACT-1,17.006635536986973,Tenogenic-progenitor,Denervated
ACCCAAATCGCTGTCT-1,0.9093143278446794,T-FAP,Denervated
ACCCTCACAGAGTTCT-1,0.0,T-FAP,Denervated
ACCCTCAGTATGCAAA-1,19.488817891373802,TSPC,Denervated
ACCCTCATCCACGAAT-1,19.292209388056033,T-FAP,Denervated
ACCCTTGCACTGCACG-1,0.3194888178913738,T-FAP,Denervated
ACCCTTGCAGCCCAGT-1,18.407471123126076,Stromal,Denervated
ACCCTTGCATAACAGA-1,24.52691078889162,Tenogenic-progenitor,Denervated
ACCTACCAGTCGCTAT-1,9.633816662570656,Stromal,Denervated
ACCTACCGTTATAGCC-1,19.26763332514131,T-FAP,Denervated
ACCTGTCAGGTGCTAG-1,12.361759646104694,Stromal,Denervated
ACCTGTCCATATACCG-1,21.774391742442862,Stromal,Denervated
ACCTGTCGTTAATGAG-1,1.990661096092406,T-FAP,Denervated
ACGATCATCAAGTGGG-1,18.260014745637747,Tenogenic-progenitor,Denervated
ACGATGTAGTAAAGCT-1,16.6871467190956,T-FAP,Denervated
ACGATGTGTCCCTGAG-1,16.244777586630622,Stromal,Denervated
ACGATGTTCTCTCCGA-1,33.12853280904399,Stromal,Denervated
ACGCACGCATCTATCT-1,13.099041533546327,T-FAP,Denervated
ACGCACGGTGCTCCGA-1,11.010076185795036,T-FAP,Denervated
ACGGAAGCAAGCGATG-1,5.8982550995330545,Stromal,Denervated
ACGGAAGGTCGTGGTC-1,1.5974440894568689,T-FAP,Denervated
ACGGAAGGTCTTCGAA-1,8.503317768493487,T-FAP,Denervated
ACGGGTCAGAGTTGCG-1,9.166871467190955,T-FAP,Denervated
ACGGGTCCAACCACGC-1,17.940525927746375,Tenogenic-progenitor,Denervated
ACGGTTACATAATGCC-1,22.118456623248957,TSPC,Denervated
ACGGTTACATTCCTCG-1,16.244777586630622,T-FAP,Denervated
ACGGTTAGTTATGTCG-1,5.406733841238633,T-FAP,Denervated
ACGTAACTCGTGGGTC-1,32.36667485868764,Stromal,Denervated
ACGTAACTCTACCTTA-1,8.503317768493487,T-FAP,Denervated
ACGTACAAGCTTCTAG-1,23.961661341853034,Tenogenic-progenitor,Denervated
ACGTAGTTCCTCGATC-1,7.127058245269108,Stromal,Denervated
ACGTCCTGTTAATGAG-1,24.944703858441876,Tenogenic-progenitor,Denervated
ACGTCCTTCGAGAACG-1,19.120176947652986,Stromal,Denervated
ACGTTCCGTGTTCCAA-1,42.983534037847136,Tenogenic-progenitor,Denervated
ACTACGATCATTGGTG-1,40.28016711722782,Stromal,Denervated
ACTATCTGTTGGACTT-1,4.2762349471614645,T-FAP,Denervated
ACTCCCAGTACAAGTA-1,46.915704104202504,Tenogenic-progenitor,Denervated
ACTCTCGGTCAGTCCG-1,20.029491275497666,Tenogenic-progenitor,Denervated
ACTCTCGTCCCGAGTG-1,30.54804620299828,Stromal,Denervated
ACTCTCGTCGACCTAA-1,7.200786434013271,T-FAP,Denervated
ACTCTCGTCGTCTCAC-1,9.486360285082329,T-FAP,Denervated
ACTCTCGTCGTGACTA-1,32.61243548783485,Tenogenic-progenitor,Denervated
ACTGATGCACAGAAGC-1,3.0720078643401325,Stromal,Denervated
ACTGATGGTGAGTGAC-1,13.393954288522977,T-FAP,Denervated
ACTGCAAGTTTCGACA-1,22.634553944458098,Stromal,Denervated
ACTGTCCTCTTCCAGC-1,10.076185795035636,Stromal,Denervated
ACTTAGGGTTTCCAAG-1,26.026050626689607,Tenogenic-progenitor,Denervated
ACTTATCCACTACAGT-1,3.7109855001228804,T-FAP,Denervated
ACTTCCGAGTCTGGTT-1,5.160973212091423,Stromal,Denervated
ACTTCCGTCCGGCAGT-1,20.12779552715655,Tenogenic-progenitor,Denervated
ACTTCGCCAGAGGCAT-1,12.607520275251904,T-FAP,Denervated
ACTTCGCCAGCAGAAC-1,4.15335463258786,T-FAP,Denervated
ACTTCGCCATCCAATG-1,4.571147702138117,T-FAP,Denervated
ACTTTCAGTATTAAGG-1,27.15654952076677,Tenogenic-progenitor,Denervated
ACTTTCAGTTGCGTAT-1,0.19660850331776847,T-FAP,Denervated
ACTTTCATCTCACGAA-1,5.406733841238633,Tenogenic-progenitor,Denervated
ACTTTGTAGGTTGAGC-1,35.65986728926026,Stromal,Denervated
ACTTTGTGTACGTGAG-1,0.3194888178913738,T-FAP,Denervated
AGAAATGCAAGGGTCA-1,15.77783239125092,Tenogenic-progenitor,Denervated
AGAAATGCAGGACGAT-1,64.1681002703367,Tenogenic-progenitor,Denervated
AGAAATGTCCGATGTA-1,15.704104202506757,Stromal,Denervated
AGAAATGTCGTAACAC-1,3.5143769968051117,T-FAP,Denervated
AGAACAAAGTCTAACC-1,8.626198083067091,Stromal,Denervated
AGAACCTCAGAAATTG-1,18.260014745637747,Tenogenic-progenitor,Denervated
AGAACCTCAGTCTGGC-1,0.17203244040304744,T-FAP,Denervated
AGAACCTGTAGCGAGT-1,0.19660850331776847,T-FAP,Denervated
AGAACCTGTCTGATCA-1,32.36667485868764,Stromal,Denervated
AGAACCTGTGGTCAAG-1,6.291472106168591,T-FAP,Denervated
AGAAGTACACGCGGTT-1,8.994839026787908,Stromal,Denervated
AGAAGTACATCGGAAG-1,15.48291963627427,Stromal,Denervated
AGAAGTAGTTGTTGAC-1,0.14745637748832638,T-FAP,Denervated
AGACACTAGCAACAGC-1,13.271073973949374,Tenogenic-progenitor,Denervated
AGACACTAGGGACACT-1,19.21848119931187,Tenogenic-progenitor,Denervated
AGACACTTCCAACCAA-1,19.365937576800196,Tenogenic-progenitor,Denervated
AGACACTTCCCAGTGG-1,24.05996559351192,Tenogenic-progenitor,Denervated
AGACAGGCATCACGGC-1,0.07372818874416319,T-FAP,Denervated
AGACAGGTCAATCCAG-1,1.9169329073482428,Stromal,Denervated
AGACCATAGTTACGTC-1,6.905873679036619,T-FAP,Denervated
AGACCATCATGACTGT-1,26.419267633325138,Tenogenic-progenitor,Denervated
AGACCCGCACGGTAGA-1,4.2762349471614645,Stromal,Denervated
AGAGAGCAGCATGAAT-1,28.139592037355616,Tenogenic-progenitor,Denervated
AGAGAGCGTTTCCCAC-1,18.33374293438191,Tenogenic-progenitor,Denervated
AGAGAGCTCATTGTGG-1,1.966085033177685,T-FAP,Denervated
AGAGCAGAGCTACTAC-1,3.4406488080609483,T-FAP,Denervated
AGAGCAGCACGCTATA-1,36.54460555419022,TSPC,Denervated
AGAGCCCAGGCTTTCA-1,18.5549275006144,Tenogenic-progenitor,Denervated
AGAGCCCAGGTCCCGT-1,16.097321209142297,T-FAP,Denervated
AGAGCCCTCTATGTGG-1,15.605799950847873,Tenogenic-progenitor,Denervated
AGATAGAGTCAGTCCG-1,16.73629884492504,T-FAP,Denervated
AGATAGATCCGAAATC-1,0.7127058245269108,T-FAP,Denervated
AGATAGATCCTCTTTC-1,39.936102236421725,Stromal,Denervated
AGATCCACAGCCTATA-1,8.503317768493487,Tenogenic-progenitor,Denervated
AGATGAACAACCTATG-1,9.461784222167609,Stromal,Denervated
AGATGAACAGGACGAT-1,18.5549275006144,Tenogenic-progenitor,Denervated
AGATGCTAGCGGACAT-1,9.633816662570656,T-FAP,Denervated
AGATGCTTCTTCCCAG-1,7.569427377734087,Stromal,Denervated
AGCATCAGTACGCTTA-1,25.46080117965102,Stromal,Denervated
AGCCAATGTAGAGACC-1,26.787908577045954,Stromal,Denervated
AGCCAGCAGCCACAAG-1,15.826984517080364,Stromal,Denervated
AGCCAGCGTTGTATGC-1,5.873679036618333,T-FAP,Denervated
AGCGATTGTTATCTGG-1,13.541410666011306,Stromal,Denervated
AGCGCCAAGGCCCGTT-1,0.14745637748832638,T-FAP,Denervated
AGCGCCAAGTTTGCTG-1,3.538953059719833,T-FAP,Denervated
AGCGCCACACGACGAA-1,2.2855738510690586,T-FAP,Denervated
AGCGCCAGTCTGTCAA-1,9.314327844679282,T-FAP,Denervated
AGCGTCGAGAAAGTCT-1,0.04915212582944212,T-FAP,Denervated
AGCGTCGCAAGTTTGC-1,0.6635536986974687,T-FAP,Denervated
AGCGTCGGTGTGGACA-1,41.26320963381666,Stromal,Denervated
AGCGTCGGTTAATGAG-1,42.19710002457606,TSPC,Denervated
AGCTACACAGAGAGGG-1,24.52691078889162,Stromal,Denervated
AGCTACATCTGGTTGA-1,19.68542639469157,Stromal,Denervated
AGCTCAAGTTAGTCGT-1,6.119439665765544,T-FAP,Denervated
AGCTCAATCCATAGGT-1,2.211845662324895,Stromal,Denervated
AGCTCAATCCCTCTAG-1,5.8982550995330545,T-FAP,Denervated
AGCTTCCCATTGTAGC-1,12.4846399606783,Stromal,Denervated
AGCTTCCTCATAGAGA-1,0.8355861391005162,T-FAP,Denervated
AGGAAATGTCGCTCGA-1,19.783730646350456,Stromal,Denervated
AGGAATAAGTATTCCG-1,20.84050135168346,Stromal,Denervated
AGGAATACAACCACAT-1,8.257557139346277,Tenogenic-progenitor,Denervated
AGGAATAGTTGCACGC-1,5.406733841238633,T-FAP,Denervated
AGGACGAGTGTATCCA-1,0.3194888178913738,T-FAP,Denervated
AGGACTTAGCTAGAAT-1,14.745637748832637,T-FAP,Denervated
AGGACTTTCATTCGTT-1,22.290489063652004,Tenogenic-progenitor,Denervated
AGGAGGTGTTACCTGA-1,12.435487834848857,Stromal,Denervated
AGGATAAAGATCGCCC-1,3.7109855001228804,T-FAP,Denervated
AGGATAACACCTGCGA-1,5.77537478495945,T-FAP,Denervated
AGGATAAGTTGAAGTA-1,17.17866797739002,T-FAP,Denervated
AGGATAATCCGTGGGT-1,2.0643892848365692,T-FAP,Denervated
AGGATCTTCATGAGTC-1,19.71000245760629,T-FAP,Denervated
AGGCATTGTCGATTAC-1,4.669451953797002,Stromal,Denervated
AGGCATTTCCTGCCAT-1,10.788891619562547,Stromal,Denervated
AGGCCACCACCGTCGA-1,51.953797001720325,Stromal,Denervated
AGGCCACCACGTCATA-1,4.964364708773655,T-FAP,Denervated
AGGCCACTCGAAGCAG-1,7.594003440648808,T-FAP,Denervated
AGGCCACTCGCTCCTA-1,58.02408454165643,TSPC,Denervated
AGGCCACTCGTGTGGC-1,18.260014745637747,Stromal,Denervated
AGGCTGCAGATAACGT-1,22.241336937822563,Tenogenic-progenitor,Denervated
AGGGAGTTCCGTGGCA-1,2.433030228557385,T-FAP,Denervated
AGGGAGTTCCGTGGGT-1,10.813467682477267,T-FAP,Denervated
AGGGCCTCATGGGAAC-1,0.4915212582944212,T-FAP,Denervated
AGGGCCTTCGGTGTTA-1,19.513393954288524,Stromal,Denervated
AGGGCTCTCAACTGGT-1,13.271073973949374,T-FAP,Denervated
AGGGTCCAGAGTGTGC-1,0.6144015728680265,T-FAP,Denervated
AGGGTCCAGTTGTAGA-1,41.926763332514135,TSPC,Denervated
AGGGTCCTCTAGCCTC-1,21.28287048414844,Stromal,Denervated
AGGGTGACACGACAAG-1,14.30326861636766,Tenogenic-progenitor,Denervated
AGGGTGAGTTCAGCGC-1,7.077906119439666,Tenogenic-progenitor,Denervated
AGGGTTTAGCTCTGTA-1,0.9093143278446794,T-FAP,Denervated
AGGGTTTCATCGATCA-1,30.474318014254116,Stromal,Denervated
AGGTAGGTCGCTCTCA-1,15.704104202506757,Stromal,Denervated
AGGTCATCAACACAGG-1,5.038092897517818,T-FAP,Denervated
AGGTCATTCTCCGAGG-1,3.9075940034406487,Stromal,Denervated
AGGTCTATCTTAATCC-1,16.61341853035144,Tenogenic-progenitor,Denervated
AGGTGTTGTGCGACAA-1,31.359056279184074,Tenogenic-progenitor,Denervated
AGGTTACAGCCTTCTC-1,1.2779552715654952,T-FAP,Denervated
AGGTTGTAGTCGCCCA-1,19.292209388056033,Stromal,Denervated
AGTACTGAGGAGAATG-1,29.245514868518065,Tenogenic-progenitor,Denervated
AGTACTGCAGCGTATT-1,23.199803391496683,Stromal,Denervated
AGTACTGCATGCTGCG-1,13.83632342098796,Tenogenic-progenitor,Denervated
AGTACTGGTCCGCAGT-1,0.8355861391005162,T-FAP,Denervated
AGTAGCTGTTATCTTC-1,24.79724748095355,Stromal,Denervated
AGTAGCTTCCACTGGG-1,21.03710985500123,Tenogenic-progenitor,Denervated
AGTCAACAGGGAGAAT-1,0.9584664536741214,T-FAP,Denervated
AGTCAACGTCATGACT-1,16.048169083312853,Stromal,Denervated
AGTCAACTCTTACACT-1,3.4406488080609483,T-FAP,Denervated
AGTCACAGTCGGCACT-1,0.3194888178913738,T-FAP,Denervated
AGTCACAGTCTGCGCA-1,36.15138854755468,Stromal,Denervated
AGTCACATCTACGGGC-1-1,4.521995576308675,T-FAP,Denervated
AGTCATGAGGTTCTTG-1,6.46350454657164,Tenogenic-progenitor,Denervated
AGTCATGCAACGACTT-1,7.495699188989924,T-FAP,Denervated
AGTCATGCACTGTCCT-1,13.369378225608259,Stromal,Denervated
AGTCATGCAGAACATA-1,8.601622020152371,T-FAP,Denervated
AGTCATGGTCGTACAT-1,16.12189727205702,Tenogenic-progenitor,Denervated
AGTCTCCGTGACTAAA-1,16.810027033669208,Stromal,Denervated
AGTGACTAGTTGGAAT-1,8.33128532809044,Tenogenic-progenitor,Denervated
AGTGACTCACTTGACA-1,2.752519046448759,T-FAP,Denervated
AGTGACTGTGAGATAT-1,34.43106414352421,TSPC,Denervated
AGTGATCTCCTTGAAG-1,16.072745146227575,Stromal,Denervated
AGTGCCGAGGATATAC-1,12.460063897763577,Tenogenic-progenitor,Denervated
AGTGCCGCATCACCAA-1,4.448267387564512,T-FAP,Denervated
AGTGCCGTCTATGCCC-1,15.48291963627427,Tenogenic-progenitor,Denervated
AGTGTTGAGGAACGAA-1,17.89137380191693,Stromal,Denervated
AGTGTTGGTGGGCTTC-1,8.994839026787908,Stromal,Denervated
AGTGTTGTCAAAGCCT-1,4.62029982796756,T-FAP,Denervated
AGTTAGCAGACATAGT-1,35.340378471368886,Tenogenic-progenitor,Denervated
AGTTAGCAGAGAGGTA-1,10.149913983779799,Tenogenic-progenitor,Denervated
AGTTAGCCAAACGTGG-1,11.10838043745392,Stromal,Denervated
ATACCGATCAGACCGC-1,0.4915212582944212,T-FAP,Denervated
ATACCTTCACCGGTCA-1,7.348242811501597,T-FAP,Denervated
ATACCTTTCTCCGAAA-1,14.696485623003195,T-FAP,Denervated
ATAGACCAGACTTCAC-1,9.781273040058982,Tenogenic-progenitor,Denervated
ATAGACCAGGTTGGTG-1,9.142295404276235,T-FAP,Denervated
ATAGAGAAGGAGTATT-1,26.56672401081347,Stromal,Denervated
ATAGAGAGTACCCAGC-1,8.626198083067091,Stromal,Denervated
ATAGGCTTCGTAACTG-1,8.257557139346277,T-FAP,Denervated
ATCACTTCATCGTCCT-1,7.15163430818383,T-FAP,Denervated
ATCACTTGTGGGTCAA-1,24.649791103465223,Stromal,Denervated
ATCAGGTCAATGCTCA-1,24.502334725976898,Stromal,Denervated
ATCATTCAGATAGTGT-1,2.211845662324895,T-FAP,Denervated
ATCCACCAGTAGTCAA-1,1.1059228311624476,T-FAP,Denervated
ATCCACCAGTGGATTA-1,7.127058245269108,T-FAP,Denervated
ATCCCTGAGCGGTAAC-1,11.747358073236667,Stromal,Denervated
ATCCGTCAGACCAGCA-1,3.3177684934873435,T-FAP,Denervated
ATCCGTCAGGCGACAT-1,0.7127058245269108,T-FAP,Denervated
ATCCGTCAGTCTGCAT-1,11.378717129515852,T-FAP,Denervated
ATCCTATAGGCTGAAC-1,27.47603833865815,Stromal,Denervated
ATCCTATAGTAGTCAA-1,21.184566232489555,Stromal,Denervated
ATCCTATCAAACGTGG-1,10.6168591791595,Stromal,Denervated
ATCCTATCACTTGTCC-1,16.73629884492504,T-FAP,Denervated
ATCCTATTCGGTAACT-1,10.223642172523961,Tenogenic-progenitor,Denervated
ATCCTATTCTCGACGG-1,4.988940771688376,T-FAP,Denervated
ATCGATGGTCTCTCAC-1,19.0218726959941,TSPC,Denervated
ATCGATGTCCCGAGGT-1,15.114278692553453,Stromal,Denervated
ATCGCCTCACCGCTGA-1,15.556647825018432,T-FAP,Denervated
ATCGCCTGTCTGTGAT-1,38.65814696485623,Tenogenic-progenitor,Denervated
ATCGCCTTCTTAGTTC-1,0.6389776357827476,T-FAP,Denervated
ATCGGATAGCGGGTAT-1,21.454902924551487,T-FAP,Denervated
ATCGTAGTCTGGGATT-1,14.59818137134431,Tenogenic-progenitor,Denervated
ATCGTGAAGCGAGTAC-1,7.225362496927993,Stromal,Denervated
ATCTTCACATGACTAC-1,51.21651511427869,Stromal,Denervated
ATCTTCAGTCAGATTC-1,30.15482919636274,Stromal,Denervated
ATGAAAGAGGAGATAG-1,14.991398377979849,Stromal,Denervated
ATGAAAGCAGAGGACT-1,8.454165642664044,Tenogenic-progenitor,Denervated
ATGAAAGCATGATAGA-1,0.9584664536741214,T-FAP,Denervated
ATGAAAGGTCTTGGTA-1,13.295650036864096,Tenogenic-progenitor,Denervated
ATGAAAGGTTCTCTAT-1,17.080363725731136,Stromal,Denervated
ATGAAAGTCCATCACC-1,4.15335463258786,T-FAP,Denervated
ATGACCACACAAGTTC-1,0.6389776357827476,T-FAP,Denervated
ATGAGGGCAACCGCTG-1,1.7449004669451953,T-FAP,Denervated
ATGAGGGCACAACATC-1,6.094863602850823,T-FAP,Denervated
ATGAGGGGTTGTGTTG-1,70.75448513148194,TSPC,Denervated
ATGAGTCAGAATAGTC-1,20.201523715900713,Stromal,Denervated
ATGAGTCAGAGGACTC-1,7.077906119439666,Tenogenic-progenitor,Denervated
ATGAGTCAGCCTATTG-1,6.094863602850823,Stromal,Denervated
ATGAGTCAGGTGCTAG-1,11.747358073236667,Stromal,Denervated
ATGATCGCACTACTTT-1,0.6389776357827476,T-FAP,Denervated
ATGATCGTCCATTCGC-1,20.668468911280414,Stromal,Denervated
ATGCCTCTCGTCAAAC-1,8.454165642664044,T-FAP,Denervated
ATGCGATCACGATAGG-1,9.289751781764561,Stromal,Denervated
ATGCGATCAGGGACTA-1,41.926763332514135,TSPC,Denervated
ATGCGATGTTGATCGT-1,15.704104202506757,Tenogenic-progenitor,Denervated
ATGGAGGAGCAATTAG-1,1.1059228311624476,T-FAP,Denervated
ATGGAGGTCTCCAAGA-1,0.8355861391005162,T-FAP,Denervated
ATGGATCCACTGAATC-1,10.027033669206194,Tenogenic-progenitor,Denervated
ATGGATCTCGGACGTC-1,36.47087736544606,TSPC,Denervated
ATGGGAGAGTATGGCG-1,6.930449741951339,Stromal,Denervated
ATGGGAGCACGGCCAT-1,17.793069550258046,Tenogenic-progenitor,Denervated
ATGGGAGGTAAGACCG-1,21.798967805357584,Stromal,Denervated
ATGGGAGTCTCATAGG-1,16.785450970754486,T-FAP,Denervated
ATGGGTTAGTCATTGC-1,5.160973212091423,Tenogenic-progenitor,Denervated
ATGGGTTCACTAACCA-1,13.83632342098796,Tenogenic-progenitor,Denervated
ATGGGTTTCTCTGCCA-1,8.06094863602851,T-FAP,Denervated
ATGGTTGAGAACAGGA-1,3.219464241828459,T-FAP,Denervated
ATGGTTGTCCAAGCCG-1,7.421971000245761,T-FAP,Denervated
ATGTCCCAGATAGTGT-1,9.314327844679282,T-FAP,Denervated
ATGTCCCAGCCTTTGA-1,4.9397886458589335,T-FAP,Denervated
ATGTCCCAGGCCTAAG-1,35.38953059719832,TSPC,Denervated
ATGTCCCCAATACGCT-1,6.070287539936102,T-FAP,Denervated
ATGTCCCTCACCTACC-1,16.097321209142297,Tenogenic-progenitor,Denervated
ATGTCTTCATAGACTC-1,12.460063897763577,Stromal,Denervated
ATGTCTTGTCCCGCAA-1,0.811010076185795,T-FAP,Denervated
ATTACTCCAACTCGAT-1,5.652494470385845,Stromal,Denervated
ATTACTCCAGTTAAAG-1,0.2457606291472106,T-FAP,Denervated
ATTACTCCATCTGTTT-1,18.628655689358563,Tenogenic-progenitor,Denervated
ATTATCCCACCTTCCA-1,0.0,T-FAP,Denervated
ATTATCCGTTTATGCG-1,14.524453182600148,Stromal,Denervated
ATTCACTAGGAACGAA-1,21.184566232489555,Tenogenic-progenitor,Denervated
ATTCATCCAACTTGCA-1,0.8355861391005162,T-FAP,Denervated
ATTCATCGTGGCGCTT-1,3.538953059719833,T-FAP,Denervated
ATTCATCTCATACAGC-1,19.292209388056033,TSPC,Denervated
ATTCATCTCATACGGT-1,12.04227082821332,TSPC,Denervated
ATTCATCTCTGCTGAA-1,9.166871467190955,Tenogenic-progenitor,Denervated
ATTCCATAGGCCACCT-1,8.380437453919882,Stromal,Denervated
ATTCCATTCCTACACC-1,22.118456623248957,Stromal,Denervated
ATTCCCGAGACGCTCC-1,7.987220447284344,Stromal,Denervated
ATTCCCGCATGATGCT-1,60.11304988940772,TSPC,Denervated
ATTCCCGGTGACTATC-1,10.518554927500615,Tenogenic-progenitor,Denervated
ATTCCTACACTTGTGA-1,47.063160481690836,Stromal,Denervated
ATTCGTTAGATGTTCC-1,14.204964364708776,Tenogenic-progenitor,Denervated
ATTCGTTGTTAGGGAC-1,18.628655689358563,Stromal,Denervated
ATTCGTTTCGTAGTCA-1,14.008355861391006,Stromal,Denervated
ATTCTACCAAAGGTTA-1,12.435487834848857,T-FAP,Denervated
ATTCTTGCAGCGTTTA-1,0.19660850331776847,T-FAP,Denervated
ATTCTTGTCTGTGTGA-1,19.095600884738264,Stromal,Denervated
ATTGGGTTCTCAATCT-1,15.433767510444826,Stromal,Denervated
ATTTACCAGGCTTAGG-1,5.062668960432538,Tenogenic-progenitor,Denervated
ATTTCACAGTGGAAAG-1,4.915212582944212,Tenogenic-progenitor,Denervated
ATTTCACCACGGTGAA-1,13.271073973949374,Tenogenic-progenitor,Denervated
ATTTCTGCACCACTGG-1,13.344802162693536,Tenogenic-progenitor,Denervated
ATTTCTGGTGGTCTCG-1,9.535512410911771,Stromal,Denervated
CAAAGAAGTCGGCACT-1,13.22192184811993,Tenogenic-progenitor,Denervated
CAAAGAAGTGCTCTCT-1,2.359302039813222,T-FAP,Denervated
CAAAGAAGTTACCTGA-1,26.615876136642907,Stromal,Denervated
CAACAGTCAAGCGAAC-1,1.2533792086507742,T-FAP,Denervated
CAACAGTGTAGAGATT-1,29.14721061685918,Stromal,Denervated
CAACAGTGTAGTGATA-1,18.628655689358563,Tenogenic-progenitor,Denervated
CAACAGTGTATGCGTT-1,10.518554927500615,T-FAP,Denervated
CAACAGTTCTATCACT-1,5.55419021872696,T-FAP,Denervated
CAACCTCGTCGCTGCA-1,39.96067829933644,Stromal,Denervated
CAACGATTCTCCGAAA-1,29.1717866797739,Tenogenic-progenitor,Denervated
CAACGGCCAACTTGCA-1,0.5898255099533055,T-FAP,Denervated
CAACGGCGTCAAAGAT-1,8.405013516834604,T-FAP,Denervated
CAACGGCGTCACAATC-1,20.10321946424183,Tenogenic-progenitor,Denervated
CAACGGCGTCTTGAGT-1,39.764069796018674,TSPC,Denervated
CAAGACTAGAAATCCA-1,13.271073973949374,Tenogenic-progenitor,Denervated
CAAGACTAGGCCGCTT-1,12.558368149422463,Tenogenic-progenitor,Denervated
CAAGACTCATAACTCG-1,5.799950847874171,Stromal,Denervated
CAAGAGGAGGTAGGCT-1,9.781273040058982,Stromal,Denervated
CAAGAGGGTTCAGCGC-1,16.785450970754486,Stromal,Denervated
CAAGCTAAGGAAGTCC-1,13.271073973949374,Tenogenic-progenitor,Denervated
CAAGCTACACGTTGGC-1,59.990169574834106,Stromal,Denervated
CAAGGGACATAGTCGT-1,5.505038092897518,Tenogenic-progenitor,Denervated
CAATACGAGCGACTTT-1,70.43499631359056,TSPC,Denervated
CAATACGTCCTTCGAC-1,11.599901695748342,T-FAP,Denervated
CAATACGTCGTGGGTC-1,8.650774145981813,Tenogenic-progenitor,Denervated
CAATACGTCTTCACGC-1,2.77709510936348,T-FAP,Denervated
CAATCGAAGCAAGGAA-1,79.38068321454904,TSPC,Denervated
CAATCGACACGACAGA-1,8.994839026787908,T-FAP,Denervated
CAATGACAGTATTAGG-1,48.193659375768,TSPC,Denervated
CAATGACGTTACGTAC-1,1.8432047186040796,Stromal,Denervated
CAATGACTCTACTATC-1,15.50749569918899,Stromal,Denervated
CAATTTCAGATTAGTG-1,26.419267633325138,Stromal,Denervated
CAATTTCGTCGAGTTT-1,19.0218726959941,Tenogenic-progenitor,Denervated
CACACAACATGGATCT-1,4.055050380928975,Tenogenic-progenitor,Denervated
CACACAAGTCAACATC-1,20.029491275497666,Tenogenic-progenitor,Denervated
CACACAAGTGCCTTCT-1,23.937085278938312,Stromal,Denervated
CACACAAGTTGCCTAA-1,29.540427623494715,Stromal,Denervated
CACAGATCATGACTGT-1,11.182108626198083,Stromal,Denervated
CACAGATTCGGCTGAC-1,4.15335463258786,T-FAP,Denervated
CACAGGCGTACCGGAA-1,3.219464241828459,T-FAP,Denervated
CACATGAAGCAGTCTT-1,8.454165642664044,T-FAP,Denervated
CACATGAGTCACTTCC-1,30.646350454657163,Tenogenic-progenitor,Denervated
CACCAAAAGCAGGGAG-1,7.077906119439666,T-FAP,Denervated
CACCAAACAAGCACAG-1,25.092160235930205,T-FAP,Denervated
CACCGTTAGCATTGAA-1,53.919882034898016,TSPC,Denervated
CACCGTTAGGTGAGAA-1,1.179651019906611,T-FAP,Denervated
CACCGTTAGGTTAAAC-1,0.6144015728680265,T-FAP,Denervated
CACCGTTTCGCATTAG-1,7.987220447284344,T-FAP,Denervated
CACCGTTTCTTCACGC-1,10.027033669206194,Stromal,Denervated
CACGAATAGCCACAAG-1,8.527893831408209,T-FAP,Denervated
CACGAATAGCGAGAAA-1,7.8397640697960185,Tenogenic-progenitor,Denervated
CACGGGTCACTTGTGA-1,14.254116490538216,Stromal,Denervated
CACGGGTGTAAGTTAG-1,4.571147702138117,T-FAP,Denervated
CACGGGTGTATTAAGG-1,39.66576554435979,Stromal,Denervated
CACGTGGAGGTACCTT-1,4.15335463258786,Stromal,Denervated
CACGTTCGTTTACCTT-1,11.870238387810272,Tenogenic-progenitor,Denervated
CACTAAGAGTACTGGG-1,17.965101990661093,Stromal,Denervated
CACTGAATCAACACCA-1,11.10838043745392,T-FAP,Denervated
CACTGAATCAGCATTG-1,2.359302039813222,T-FAP,Denervated
CACTGTCGTGTTCCAA-1,1.0076185795035637,T-FAP,Denervated
CACTGTCGTTGGCCTG-1,8.503317768493487,T-FAP,Denervated
CACTGTCTCCCTCTTT-1,1.2533792086507742,T-FAP,Denervated
CAGAGCCCATCATGAC-1,38.48611452445318,TSPC,Denervated
CAGAGCCGTACAAGCG-1,13.615138854755468,Tenogenic-progenitor,Denervated
CAGAGCCGTCCGATCG-1,41.926763332514135,T-FAP,Denervated
CAGAGCCGTCGGTAAG-1,28.631113295650035,Tenogenic-progenitor,Denervated
CAGATACCATGCTGCG-1,8.429589579749324,Tenogenic-progenitor,Denervated
CAGATCAAGGTGGCTA-1,0.7127058245269108,T-FAP,Denervated
CAGATTGAGATACCAA-1,8.945686900958465,Tenogenic-progenitor,Denervated
CAGATTGCAGGTGTTT-1,34.72597689850086,Tenogenic-progenitor,Denervated
CAGATTGGTACCCGCA-1,3.6864094372081593,Stromal,Denervated
CAGCACGCATGAGGGT-1,0.19660850331776847,T-FAP,Denervated
CAGCACGGTGTTGCCG-1,13.83632342098796,Stromal,Denervated
CAGCACGTCCAACCAA-1,3.3669206193167858,T-FAP,Denervated
CAGCACGTCGTCGATA-1,14.770213811747357,T-FAP,Denervated
CAGCAGCAGATGTAGT-1,32.9073482428115,Stromal,Denervated
CAGCAGCGTCGAATTC-1,15.433767510444826,TSPC,Denervated
CAGCCAGAGTTCCAGT-1,32.489555173261245,TSPC,Denervated
CAGCCAGCAGAACTTC-1,14.204964364708776,T-FAP,Denervated
CAGCGTGAGATGCTGG-1,40.18186286556894,TSPC,Denervated
CAGCGTGAGTAGGATT-1,17.473580732366674,TSPC,Denervated
CAGGCCACAACGACTT-1,1.5974440894568689,T-FAP,Denervated
CAGGCCATCAAGTTGC-1,17.17866797739002,Stromal,Denervated
CAGGGCTGTAGTCGGA-1,11.57532563283362,T-FAP,Denervated
CAGGGCTTCAAATAGG-1,33.9641189481445,Tenogenic-progenitor,Denervated
CAGTGCGCAAGTATAG-1,34.25903170312116,Tenogenic-progenitor,Denervated
CAGTTAGCATTCGATG-1,12.828704841484395,Stromal,Denervated
CAGTTAGGTTCGATTG-1,7.495699188989924,Stromal,Denervated
CAGTTAGGTTGCGGAA-1,4.030474318014255,Stromal,Denervated
CAGTTAGTCCACGGAC-1,1.228803145736053,T-FAP,Denervated
CAGTTCCGTAGGCAGT-1,0.19660850331776847,T-FAP,Denervated
CATAAGCCAAGGTTGG-1,0.17203244040304744,T-FAP,Denervated
CATAAGCCACATTACG-1-1,36.397149176701895,Stromal,Denervated
CATAAGCCAGTCAGAG-1,7.225362496927993,Tenogenic-progenitor,Denervated
CATAAGCCATGCAGGA-1,2.2855738510690586,T-FAP,Denervated
CATAAGCGTATCGCGC-1,18.5549275006144,Tenogenic-progenitor,Denervated
CATAAGCTCTACACTT-1,26.787908577045954,TSPC,Denervated
CATACAGTCCGGTAGC-1,7.077906119439666,T-FAP,Denervated
CATACCCAGGTTGCCC-1,20.79134922585402,TSPC,Denervated
CATAGACAGGCATGGT-1,12.4846399606783,T-FAP,Denervated
CATAGACCAACTCGAT-1,5.55419021872696,T-FAP,Denervated
CATAGACGTGGGTCAA-1,12.410911771934135,Stromal,Denervated
CATAGACTCTCGCAGG-1,32.292946669943476,Stromal,Denervated
CATCAAGCACGGGCTT-1,9.142295404276235,T-FAP,Denervated
CATCCACCACTCCCTA-1,5.357581715409192,T-FAP,Denervated
CATCCCAAGAAATTGC-1,20.914229540427623,Tenogenic-progenitor,Denervated
CATCGCTAGCACACAG-1,18.825264192676332,Tenogenic-progenitor,Denervated
CATCGCTAGTGCCCGT-1,1.6711722782010323,T-FAP,Denervated
CATCGCTGTCTACACA-1,11.747358073236667,Stromal,Denervated
CATCGCTTCGCGCTGA-1,75.47308921110837,Stromal,Denervated
CATCGGGCAAGTTCCA-1,14.229540427623494,Tenogenic-progenitor,Denervated
CATCGTCGTGAATTAG-1,27.402310149913983,Stromal,Denervated
CATGAGTAGGAGTACC-1,14.155812238879331,Stromal,Denervated
CATGAGTCATGACGTT-1,0.5406733841238633,T-FAP,Denervated
CATGAGTTCTCCAATT-1,90.34160727451463,TSPC,Denervated
CATGCAATCCGCAACG-1,2.433030228557385,T-FAP,Denervated
CATGCAATCCTCTAGC-1,13.418530351437699,T-FAP,Denervated
CATGCCTCAAATCGTC-1,22.511673629884495,Stromal,Denervated
CATGCGGAGATGCTTC-1,20.64389284836569,Stromal,Denervated
CATGCGGAGCGTGCCT-1,6.586384861145245,T-FAP,Denervated
CATGCGGAGCTCTATG-1,14.155812238879331,Tenogenic-progenitor,Denervated
CATGCGGCAGGAAGTC-1,21.52863111329565,Tenogenic-progenitor,Denervated
CATGCGGTCAGTCATG-1,1.179651019906611,T-FAP,Denervated
CATGCTCGTTGCGGCT-1-1,3.563529122634554,T-FAP,Denervated
CATGGTATCGCCAATA-1,1.1059228311624476,T-FAP,Denervated
CATTCATAGCTGTACT-1,14.278692553452938,Stromal,Denervated
CATTCCGGTACATTGC-1,18.432047186040794,Stromal,Denervated
CATTCTATCCTTCTGG-1,9.142295404276235,Tenogenic-progenitor,Denervated
CATTGAGAGGTCTGGA-1,15.015974440894569,T-FAP,Denervated
CATTGCCGTAGAATGT-1,12.115999016957483,Tenogenic-progenitor,Denervated
CATTGTTTCGTCCATC-1,15.704104202506757,Tenogenic-progenitor,Denervated
CCAAGCGAGGCACTAG-1,38.55984271319735,Stromal,Denervated
CCAAGCGTCGTCGATA-1,17.252396166134183,Tenogenic-progenitor,Denervated
CCAAGCGTCTTTCGAT-1,9.166871467190955,Tenogenic-progenitor,Denervated
CCACAAAAGGATATAC-1,1.7449004669451953,T-FAP,Denervated
CCACAAAGTATACAGA-1,11.57532563283362,Stromal,Denervated
CCACAAAGTGAAGCGT-1,68.61636765790121,Tenogenic-progenitor,Denervated
CCACAAATCATCACCC-1,23.42098795772917,Stromal,Denervated
CCACAAATCTCCGATC-1,4.15335463258786,T-FAP,Denervated
CCACACTTCATCGCTC-1,20.742197100024576,Stromal,Denervated
CCACCATGTCCAGCCA-1,18.210862619808307,Stromal,Denervated
CCACGAGGTCAGGCAA-1,0.8355861391005162,T-FAP,Denervated
CCACTTGGTACATTGC-1,0.09830425165888423,T-FAP,Denervated
CCACTTGGTCCACTCT-1,10.518554927500615,T-FAP,Denervated
CCATAAGAGAGTCTTC-1,4.718604079626444,T-FAP,Denervated
CCCATTGAGTCGCCAC-1,3.6864094372081593,Stromal,Denervated
CCCATTGCAGCTATTG-1,5.55419021872696,T-FAP,Denervated
CCCATTGCATCCGGTG-1,3.0474318014254114,T-FAP,Denervated
CCCATTGGTAGTCGTT-1,76.50528385352666,TSPC,Denervated
CCCATTGGTTGCTCCT-1,7.8397640697960185,T-FAP,Denervated
CCCATTGTCCAGCACG-1,19.71000245760629,Tenogenic-progenitor,Denervated
CCCGGAAAGGCTTAAA-1,22.511673629884495,Stromal,Denervated
CCCGGAACAATCTGCA-1,1.9415089702629638,T-FAP,Denervated
CCCTAACAGTTCTACG-1,9.781273040058982,Stromal,Denervated
CCCTAACGTCGACTGC-1,0.7372818874416318,T-FAP,Denervated
CCCTCAACAGACCATT-1,21.798967805357584,Stromal,Denervated
CCCTCAATCCATGCAA-1,0.0,T-FAP,Denervated
CCCTCAATCTTTGCAT-1,3.4406488080609483,T-FAP,Denervated
CCCTCTCCACTTGGGC-1,4.62029982796756,T-FAP,Denervated
CCCTGATCATGACGGA-1,31.850577537478497,Stromal,Denervated
CCCTGATGTGAACTAA-1,41.23863357090194,Stromal,Denervated
CCCTTAGCAATTCTCT-1-1,22.020152371590072,Stromal,Denervated
CCCTTAGTCCTCATAT-1,14.622757434259032,Stromal,Denervated
CCGAACGCAATGTTGC-1,24.84639960678299,Tenogenic-progenitor,Denervated
CCGAACGCATCTAGAC-1,1.7694765298599164,T-FAP,Denervated
CCGAACGGTTGTCTAG-1,13.83632342098796,Stromal,Denervated
CCGATCTGTAGCGTCC-1,13.271073973949374,Stromal,Denervated
CCGATCTGTATAGGGC-1,64.26640452199558,TSPC,Denervated
CCGATCTGTGCACATT-1,7.077906119439666,Stromal,Denervated
CCGATGGGTTAAGGGC-1,5.947407225362497,T-FAP,Denervated
CCGGACAGTCAAAGAT-1,14.991398377979849,Stromal,Denervated
CCGGGTAAGACAGCGT-1,13.271073973949374,Stromal,Denervated
CCGGGTAAGCTCACTA-1,0.7127058245269108,T-FAP,Denervated
CCGGGTATCTACGGTA-1,5.357581715409192,T-FAP,Denervated
CCGGTAGTCGCCTTTG-1,12.50921602359302,Tenogenic-progenitor,Denervated
CCGGTGAAGGGTTAGC-1,23.642172523961662,Tenogenic-progenitor,Denervated
CCGGTGACAACCGATT-1,34.75055296141558,Tenogenic-progenitor,Denervated
CCGTGAGGTTTATGCG-1,25.141312361759642,Tenogenic-progenitor,Denervated
CCGTGAGTCGACACCG-1,28.581961169820598,Tenogenic-progenitor,Denervated
CCGTGAGTCGACGTCG-1,1.1059228311624476,T-FAP,Denervated
CCGTGAGTCTCAACCC-1,23.273531580240846,Stromal,Denervated
CCGTTCAAGCGTCTGC-1,4.030474318014255,T-FAP,Denervated
CCGTTCAGTCATCACA-1,3.3669206193167858,T-FAP,Denervated
CCTAAGACAGCACACC-1,28.213320226099782,TSPC,Denervated
CCTACGTAGCCACAAG-1,28.213320226099782,T-FAP,Denervated
CCTACGTCAAACGGCA-1,24.502334725976898,TSPC,Denervated
CCTATCGGTGTTGACT-1,14.30326861636766,Stromal,Denervated
CCTATCGGTTAGAGTA-1,14.696485623003195,Tenogenic-progenitor,Denervated
CCTCAACAGACTTAAG-1,81.69083312853282,TSPC,Denervated
CCTCAACGTACATACC-1,9.166871467190955,Stromal,Denervated
CCTCAACTCGGTCACG-1,18.456623248955516,Stromal,Denervated
CCTCACAAGGTCGACA-1,12.50921602359302,Stromal,Denervated
CCTCACACAACAGTGG-1,13.811747358073237,Stromal,Denervated
CCTCACATCCGCGAGT-1,11.57532563283362,Tenogenic-progenitor,Denervated
CCTCACATCTGCGAGC-1,27.15654952076677,TSPC,Denervated
CCTCAGTCAGACCTGC-1,0.27033669206193167,T-FAP,Denervated
CCTCAGTTCGCTTGCT-1,12.361759646104694,Tenogenic-progenitor,Denervated
CCTCCTCTCGACCAAT-1,22.60997788154338,Tenogenic-progenitor,Denervated
CCTCTAGAGGGCAAGG-1,28.18874416318506,Tenogenic-progenitor,Denervated
CCTCTAGCAACTAGAA-1,0.6389776357827476,T-FAP,Denervated
CCTGCATAGCAAGGAA-1,11.649053821577784,Stromal,Denervated
CCTGCATGTGATACAA-1,2.8262472351929224,T-FAP,Denervated
CCTGCATTCCCTAGGG-1,13.615138854755468,Tenogenic-progenitor,Denervated
CCTGTTGGTAAGGCTG-1,17.793069550258046,Tenogenic-progenitor,Denervated
CCTGTTGGTCATAGTC-1,16.048169083312853,Tenogenic-progenitor,Denervated
CCTGTTGTCTGCCTCA-1,0.2457606291472106,T-FAP,Denervated
CCTTCAGGTCCTTAAG-1,30.32686163676579,Stromal,Denervated
CCTTCAGGTGAATAAC-1,21.061685917915952,Tenogenic-progenitor,Denervated
CCTTCAGGTGATGGCA-1,23.88793315310887,TSPC,Denervated
CCTTGTGCAACACGTT-1,3.219464241828459,T-FAP,Denervated
CCTTTGGGTGCCTATA-1,13.983779798476284,Stromal,Denervated
CGAAGGAGTTGATCGT-1,27.304005898255102,Tenogenic-progenitor,Denervated
CGAATTGCAGGCGAAT-1,7.200786434013271,T-FAP,Denervated
CGAATTGTCACGGGCT-1,7.495699188989924,T-FAP,Denervated
CGACAGCCATCGTTCC-1,43.278446792823786,Tenogenic-progenitor,Denervated
CGACAGCGTCCTACGG-1,4.055050380928975,T-FAP,Denervated
CGAGAAGCACTTCCTG-1,15.188006881297616,Tenogenic-progenitor,Denervated
CGAGGAACACACTGGC-1,7.594003440648808,T-FAP,Denervated
CGAGGAATCGCTTGCT-1,5.55419021872696,T-FAP,Denervated
CGAGGCTCAAGACTGG-1,4.448267387564512,T-FAP,Denervated
CGAGGCTGTGACCTGC-1,51.830916687146726,Stromal,Denervated
CGAGTGCGTAGCTAAA-1,20.250675841730153,Stromal,Denervated
CGAGTTACAGGTATGG-1,46.915704104202504,Stromal,Denervated
CGAGTTAGTGACCGTC-1,27.402310149913983,Stromal,Denervated
CGAGTTATCACCCTCA-1,37.331039567461296,Tenogenic-progenitor,Denervated
CGATGCGAGCACCAGA-1,0.7127058245269108,T-FAP,Denervated
CGATGGCTCTTCTCAA-1,3.0720078643401325,T-FAP,Denervated
CGCAGGTCAAGTCGTT-1,23.39641189481445,T-FAP,Denervated
CGCATAAAGAGAGTGA-1,53.2071762103711,Stromal,Denervated
CGCATAATCGGAAACG-1,32.4404030474318,Stromal,Denervated
CGCATGGGTAGTTACC-1,11.10838043745392,Stromal,Denervated
CGCCAGAGTTGTGGCC-1,0.9338903907594004,T-FAP,Denervated
CGCCAGAGTTTAGTCG-1,13.393954288522977,Stromal,Denervated
CGCCAGATCCTCTCTT-1,1.1059228311624476,T-FAP,Denervated
CGCCATTCAACTCGTA-1,12.361759646104694,Stromal,Denervated
CGCGTGACATGTTTGG-1,56.991889899238146,Tenogenic-progenitor,Denervated
CGCGTGATCGGCAGTC-1,25.01843204718604,Stromal,Denervated
CGGAACCTCCACATAG-1,20.029491275497666,Stromal,Denervated
CGGAATTCAGAGGGTT-1,8.380437453919882,Stromal,Denervated
CGGAATTGTCCATACA-1,10.39567461292701,Stromal,Denervated
CGGACACGTCTCTCCA-1,14.278692553452938,Stromal,Denervated
CGGAGAACAATACGCT-1,13.516834603096584,Stromal,Denervated
CGGCAGTAGCTAAACA-1,19.783730646350456,Tenogenic-progenitor,Denervated
CGGCAGTCACTCAAGT-1,32.53870729909069,TSPC,Denervated
CGGGACTCAGCGTAGA-1,5.7507987220447285,T-FAP,Denervated
CGGGACTCAGTTGGTT-1,24.895551732612436,Tenogenic-progenitor,Denervated
CGGGACTGTGCCCAGT-1,5.726222659130007,T-FAP,Denervated
CGGGCATGTCTTGGTA-1,22.90489063652003,Stromal,Denervated
CGGGTCAGTGGTAATA-1,55.41902187269599,TSPC,Denervated
CGGGTCATCATTCCTA-1,5.357581715409192,T-FAP,Denervated
CGGGTCATCCCAACTC-1,10.493978864585893,Tenogenic-progenitor,Denervated
CGGGTGTCACACTTAG-1,2.8016711722782013,T-FAP,Denervated
CGGGTGTCACCATTCC-1,39.88695011059228,TSPC,Denervated
CGGGTGTTCATTCACT-1,21.454902924551487,Stromal,Denervated
CGGTCAGAGCTACTAC-1,12.04227082821332,Stromal,Denervated
CGGTCAGAGTAACAGT-1,20.8896534775129,Stromal,Denervated
CGGTCAGCAAAGGGCT-1,18.260014745637747,Stromal,Denervated
CGGTCAGCATCCCACT-1,24.10911771934136,Stromal,Denervated
CGTAAGTTCTCTTCAA-1,8.650774145981813,Tenogenic-progenitor,Denervated
CGTAATGCAGATGCGA-1,6.881297616121897,T-FAP,Denervated
CGTAATGTCTGTAAGC-1,42.44286065372327,TSPC,Denervated
CGTCAAAAGAGGATGA-1,3.1457360530842955,T-FAP,Denervated
CGTCAAAAGCCTATTG-1,7.64315556647825,T-FAP,Denervated
CGTCCATAGAGACAAG-1,24.674367166379945,Stromal,Denervated
CGTCCATAGAGGCCAT-1,38.48611452445318,Tenogenic-progenitor,Denervated
CGTCCATCAACAACAA-1,8.380437453919882,Stromal,Denervated
CGTCCATCAGGCCCTA-1,17.621037109855,Tenogenic-progenitor,Denervated
CGTCCATGTGGACCTC-1,8.257557139346277,Stromal,Denervated
CGTCCATTCCTGTACC-1,21.061685917915952,Stromal,Denervated
CGTCCATTCGAACTCA-1,19.71000245760629,Tenogenic-progenitor,Denervated
CGTCCATTCTTAGCAG-1,9.461784222167609,T-FAP,Denervated
CGTGAATTCTGTAAGC-1,3.0474318014254114,T-FAP,Denervated
CGTGATAGTTTCGACA-1,9.535512410911771,T-FAP,Denervated
CGTGATATCGACCATA-1,10.6168591791595,Stromal,Denervated
CGTGCTTGTCGGAAAC-1,29.761612189727206,Tenogenic-progenitor,Denervated
CGTGTCTAGAGTCACG-1,0.1228803145736053,T-FAP,Denervated
CGTTAGAAGGTGATCG-1,18.579503563529123,Tenogenic-progenitor,Denervated
CGTTAGAAGTCTGCAT-1,5.160973212091423,Stromal,Denervated
CGTTAGAGTTGTTTGG-1,1.3762595232243795,T-FAP,Denervated
CGTTCTGAGTCATGAA-1,11.477021381174737,Tenogenic-progenitor,Denervated
CGTTCTGTCAGGACGA-1,35.04546571639223,Tenogenic-progenitor,Denervated
CGTTGGGAGTTAACAG-1,19.095600884738264,Stromal,Denervated
CGTTGGGGTATGTCAC-1,20.963381666257067,TSPC,Denervated
CTAACCCAGCGTCTGC-1,3.1948881789137378,T-FAP,Denervated
CTAACTTCAAATGATG-1,19.783730646350456,Stromal,Denervated
CTAAGTGGTTGGGATG-1,0.811010076185795,T-FAP,Denervated
CTAAGTGTCTAGGAAA-1,21.454902924551487,Stromal,Denervated
CTACAGAAGTATGTAG-1,5.406733841238633,Stromal,Denervated
CTACATTAGATGAACT-1,14.622757434259032,Stromal,Denervated
CTACATTAGCGACATG-1,29.61415581223888,Tenogenic-progenitor,Denervated
CTACATTAGCTGACCC-1,17.793069550258046,Tenogenic-progenitor,Denervated
CTACATTGTCGCACGT-1,10.838043745391989,Stromal,Denervated
CTACCCAAGACATCCT-1,32.489555173261245,Stromal,Denervated
CTACCCAAGAGCGACT-1,9.535512410911771,Tenogenic-progenitor,Denervated
CTACCCACAGAGATTA-1,3.7601376259523223,T-FAP,Denervated
CTACCTGAGAGTTGCG-1,21.332022609977884,Tenogenic-progenitor,Denervated
CTACCTGCAAGAGCTG-1,15.409191447530105,Stromal,Denervated
CTACCTGGTAGTGGCA-1,4.718604079626444,Stromal,Denervated
CTACGGGGTATGAGGC-1,9.92872941754731,T-FAP,Denervated
CTAGACAAGGAGCTGT-1,1.15507495699189,T-FAP,Denervated
CTAGACACATGACAGG-1,2.77709510936348,T-FAP,Denervated
CTAGACATCCTTATGT-1,25.141312361759642,Stromal,Denervated
CTAGGTACACGATAGG-1,9.142295404276235,T-FAP,Denervated
CTAGGTAGTGAGACCA-1,16.048169083312853,T-FAP,Denervated
CTAGGTAGTTTGGAAA-1,20.914229540427623,Tenogenic-progenitor,Denervated
CTATCCGCAGAGGTAC-1,4.521995576308675,T-FAP,Denervated
CTATCCGTCGCCATAA-1,1.5974440894568689,T-FAP,Denervated
CTATCTAAGGAATGTT-1,4.521995576308675,T-FAP,Denervated
CTATCTAGTGTCCTAA-1,18.5549275006144,Stromal,Denervated
CTATCTATCAGTGCGC-1,42.221676087490785,TSPC,Denervated
CTATCTATCCCGAGTG-1,0.9338903907594004,T-FAP,Denervated
CTCAACCCATAACGGG-1,19.46424182845908,Stromal,Denervated
CTCAACCTCACCGCTT-1,17.498156795281396,Stromal,Denervated
CTCAAGACATGACAGG-1,24.9692799213566,Stromal,Denervated
CTCAATTGTGTGATGG-1,92.79921356598673,TSPC,Denervated
CTCACTGGTTTACGAC-1,14.30326861636766,Stromal,Denervated
CTCAGTCGTCCGAAGA-1,37.945441140329315,Tenogenic-progenitor,Denervated
CTCAGTCTCCCATTTA-1,19.341361513885474,Tenogenic-progenitor,Denervated
CTCATCGCAAGGCTTT-1,24.05996559351192,Tenogenic-progenitor,Denervated
CTCATGCGTACTCGTA-1,62.177439174244284,Stromal,Denervated
CTCATGCGTTGCTCAA-1,5.652494470385845,Stromal,Denervated
CTCATTAAGTTTGCTG-1,28.18874416318506,Stromal,Denervated
CTCATTATCCAGCAAT-1,2.9982796755959695,Stromal,Denervated
CTCATTATCTCCCTAG-1,20.84050135168346,Stromal,Denervated
CTCCAACGTCCACACG-1,13.344802162693536,Stromal,Denervated
CTCCAACTCCATCTCG-1,20.054067338412388,TSPC,Denervated
CTCCACAAGATTAGAC-1,3.6618333742934386,T-FAP,Denervated
CTCCACAAGCTACAAA-1,21.897272057016465,Stromal,Denervated
CTCCATGAGACATCAA-1,18.5549275006144,Tenogenic-progenitor,Denervated
CTCCATGAGAGTGTTA-1,5.038092897517818,Stromal,Denervated
CTCCATGAGATTAGCA-1,0.19660850331776847,T-FAP,Denervated
CTCCATGGTTTGGAAA-1,51.953797001720325,Tenogenic-progenitor,Denervated
CTCCCTCAGCTGTCCG-1,11.649053821577784,Stromal,Denervated
CTCCCTCCAAGAATAC-1,9.461784222167609,Tenogenic-progenitor,Denervated
CTCCCTCTCAATCCAG-1,1.6711722782010323,T-FAP,Denervated
CTCCCTCTCGAGAAAT-1,2.924551486851806,T-FAP,Denervated
CTCCCTCTCGATGCTA-1,29.1717866797739,Stromal,Denervated
CTCCGATAGTACGAGC-1,19.808306709265175,Tenogenic-progenitor,Denervated
CTCCTCCTCTATTGTC-1,13.811747358073237,T-FAP,Denervated
CTCCTTTTCACCGACG-1,0.3440648808060949,T-FAP,Denervated
CTCGAGGAGCAGGCAT-1,5.431309904153355,Stromal,Denervated
CTCGAGGAGGCACTAG-1,8.08552469894323,Stromal,Denervated
CTCGAGGAGTCCGTCG-1,13.541410666011306,T-FAP,Denervated
CTCGAGGGTGGCCACT-1,24.10911771934136,Tenogenic-progenitor,Denervated
CTCTGGTTCAGACTGT-1,23.273531580240846,Stromal,Denervated
CTGAATGAGGCGAACT-1,21.332022609977884,Stromal,Denervated
CTGAATGAGTCAGCCC-1,39.56746129270091,Stromal,Denervated
CTGAATGAGTCATGCT-1,12.04227082821332,Stromal,Denervated
CTGAATGGTAAGGAGA-1,2.2855738510690586,Stromal,Denervated
CTGAGCGAGAGGATCC-1,26.44384369623986,Tenogenic-progenitor,Denervated
CTGAGCGGTGGCTACC-1,21.28287048414844,Stromal,Denervated
CTGAGCGTCTCGACCT-1,18.628655689358563,T-FAP,Denervated
CTGAGGCCACTGTGTA-1,14.204964364708776,Tenogenic-progenitor,Denervated
CTGAGGCCAGGTGAGT-1,10.838043745391989,Tenogenic-progenitor,Denervated
CTGAGGCGTAATTAGG-1,6.24231998033915,Stromal,Denervated
CTGAGGCTCTGTTCAT-1,5.406733841238633,T-FAP,Denervated
CTGATCCTCGAGTGAG-1,7.913492258540182,Stromal,Denervated
CTGATCCTCGCGCCAA-1,11.30498894077169,Stromal,Denervated
CTGATCCTCGGAGTGA-1,16.36765790120423,T-FAP,Denervated
CTGCAGGAGCAAATGT-1,25.215040550503808,Stromal,Denervated
CTGCAGGAGTTGCGAG-1,17.915949864831653,Stromal,Denervated
CTGCATCCAGGCTACC-1,23.199803391496683,Stromal,Denervated
CTGCATCGTTATCTGG-1,17.42442860653723,Tenogenic-progenitor,Denervated
CTGCATCTCACCTGTC-1,7.200786434013271,Stromal,Denervated
CTGCCTAAGATAGGGA-1,11.747358073236667,Tenogenic-progenitor,Denervated
CTGCCTATCACACGAT-1,14.426148930941263,Stromal,Denervated
CTGCGAGAGGCTCAAG-1,24.9692799213566,TSPC,Denervated
CTGCTCAAGCCAAGGT-1,32.46497911034652,TSPC,Denervated
CTGCTCAAGTGAGGTC-1,21.50405505038093,T-FAP,Denervated
CTGGACGCAGGTATGG-1,17.39985254362251,Tenogenic-progenitor,Denervated
CTGGCAGAGACAACTA-1,15.261735070041778,Stromal,Denervated
CTGGTCTAGCTTACGT-1,3.3669206193167858,Stromal,Denervated
CTGGTCTCAGAACTTC-1,21.381174735807324,Stromal,Denervated
CTGGTCTCAGCAGACA-1,2.924551486851806,T-FAP,Denervated
CTGGTCTGTTAATCGC-1,2.5067584173015485,T-FAP,Denervated
CTGGTCTTCAAAGCCT-1,5.578766281641681,T-FAP,Denervated
CTGGTCTTCAGCCTCT-1,54.31309904153354,Stromal,Denervated
CTGTACCAGATGGGCT-1,23.076923076923077,Stromal,Denervated
CTGTACCCAGAGCCCT-1,0.2457606291472106,T-FAP,Denervated
CTGTACCCAGGCATTT-1,23.691324649791103,Tenogenic-progenitor,Denervated
CTGTACCGTCTGTTAG-1,9.535512410911771,Tenogenic-progenitor,Denervated
CTGTACCTCCGATAAC-1,12.50921602359302,T-FAP,Denervated
CTGTAGATCGACATAC-1,29.270090931432787,Tenogenic-progenitor,Denervated
CTGTATTGTTCTCCTG-1,0.1228803145736053,T-FAP,Denervated
CTGTATTTCCTGGGAC-1,16.637994593266157,T-FAP,Denervated
CTGTCGTAGGATTCCT-1,12.705824526910789,T-FAP,Denervated
CTGTGAAAGAAACCAT-1,9.314327844679282,Tenogenic-progenitor,Denervated
CTGTGGGCATATGAAG-1,19.611698205947405,T-FAP,Denervated
CTGTGGGTCATCCTAT-1,47.82501843204719,TSPC,Denervated
CTGTGGGTCCGCACTT-1,14.008355861391006,T-FAP,Denervated
CTTAGGAGTCATGACT-1,11.403293192430572,T-FAP,Denervated
CTTAGGATCAGAGTTC-1,5.0872450233472595,T-FAP,Denervated
CTTCAATAGAATTGTG-1,14.868518063406242,Stromal,Denervated
CTTCAATAGGTTAAAC-1,21.08626198083067,Stromal,Denervated
CTTCAATGTCTATGAC-1,16.097321209142297,Stromal,Denervated
CTTCCGAGTACCTTCC-1,20.668468911280414,Tenogenic-progenitor,Denervated
CTTCCTTGTGAGACGT-1,9.461784222167609,Stromal,Denervated
CTTCCTTTCACAGTGT-1,9.412632096338166,Stromal,Denervated
CTTCGGTAGTCAGGGT-1,14.868518063406242,T-FAP,Denervated
CTTCGGTCACCTGCAG-1,16.392233964118947,Tenogenic-progenitor,Denervated
CTTCTAAAGACTTAAG-1,1.9415089702629638,T-FAP,Denervated
CTTCTAAAGGATACAT-1,6.02113541410666,T-FAP,Denervated
CTTCTCTAGTTGCATC-1,38.90390759400344,Stromal,Denervated
CTTCTCTTCACGATAC-1,8.675350208896534,T-FAP,Denervated
CTTGAGATCTAGCAAC-1,18.35831899729663,Tenogenic-progenitor,Denervated
CTTTCAACACCCATAA-1,22.511673629884495,Tenogenic-progenitor,Denervated
CTTTCAATCATTGGTG-1,6.193167854509707,Stromal,Denervated
CTTTCGGAGAGACAAG-1,18.014254116490537,Stromal,Denervated
CTTTCGGAGCGCCTCA-1,2.5067584173015485,T-FAP,Denervated
GAAACCTAGAAGCCAC-1,9.117719341361514,T-FAP,Denervated
GAAATGACATCTATCT-1,7.299090685672155,Tenogenic-progenitor,Denervated
GAAATGAGTATCCTCC-1,18.702383878102726,Tenogenic-progenitor,Denervated
GAACACTCAGCTGTCG-1,18.50577537478496,T-FAP,Denervated
GAACACTGTTCGGCCA-1,3.3669206193167858,Stromal,Denervated
GAACACTGTTTCCATT-1,19.0218726959941,Stromal,Denervated
GAACACTTCGCTCATC-1,22.92946669943475,Tenogenic-progenitor,Denervated
GAACGTTTCTTGCAAG-1,11.894814450724994,T-FAP,Denervated
GAAGAATCACTCTCGT-1,18.5549275006144,T-FAP,Denervated
GAAGAATTCAAACGTC-1,5.357581715409192,T-FAP,Denervated
GAAGAATTCCGATTAG-1,13.83632342098796,Tenogenic-progenitor,Denervated
GAAGCCCAGAAGTCAT-1,20.81592528876874,Tenogenic-progenitor,Denervated
GAAGCCCCACGTAACT-1,4.202506758417302,Stromal,Denervated
GAAGCCCGTAAGATTG-1,1.6711722782010323,T-FAP,Denervated
GAAGCCCTCCTATTTG-1,0.17203244040304744,T-FAP,Denervated
GAAGCGATCTATGTGG-1,5.038092897517818,T-FAP,Denervated
GAAGGACTCCATCTGC-1,2.8999754239370854,T-FAP,Denervated
GAAGGACTCTCTGCCA-1,12.017694765298598,Stromal,Denervated
GAAGGGTAGTCATGAA-1,22.60997788154338,Stromal,Denervated
GAAGGGTAGTCCTACA-1,1.8432047186040796,T-FAP,Denervated
GAAGGGTCATCACCAA-1,1.6957483411157535,T-FAP,Denervated
GAAGGGTGTTGAAGTA-1,12.361759646104694,Tenogenic-progenitor,Denervated
GAAGGGTTCCAGCAAT-1,17.89137380191693,Stromal,Denervated
GAAGGGTTCTCGTGAA-1,32.61243548783485,Stromal,Denervated
GAAGTAATCGCTAATG-1,18.5549275006144,Stromal,Denervated
GAATAGAAGCGACTTT-1,4.964364708773655,T-FAP,Denervated
GAATAGACACGCCAGT-1,0.17203244040304744,T-FAP,Denervated
GAATAGACAGCGTTTA-1,6.930449741951339,T-FAP,Denervated
GAATAGAGTGAGGCAT-1,16.097321209142297,Stromal,Denervated
GAATAGATCATGTCTT-1,5.873679036618333,Stromal,Denervated
GAATAGATCTGACAGT-1,14.401572868026541,Stromal,Denervated
GAATCACAGCTTCGTA-1,8.699926271811256,T-FAP,Denervated
GAATCACTCAGAACCT-1,1.5974440894568689,T-FAP,Denervated
GAATCACTCGTACCTC-1,26.542147947898748,Tenogenic-progenitor,Denervated
GAATCGTAGGTTCAGG-1,26.44384369623986,Tenogenic-progenitor,Denervated
GAATCGTGTTGCTCAA-1,4.571147702138117,T-FAP,Denervated
GACACGCCATGAGAAT-1,61.63676579012042,TSPC,Denervated
GACAGCCCATCGTGGC-1,24.30572622265913,TSPC,Denervated
GACATCATCATGCCGG-1,7.8397640697960185,T-FAP,Denervated
GACCAATTCCATTTGT-1,3.6618333742934386,T-FAP,Denervated
GACCCAGAGCATCAAA-1,12.410911771934135,Tenogenic-progenitor,Denervated
GACCCAGCACGAGGTA-1,7.594003440648808,Tenogenic-progenitor,Denervated
GACCCAGGTCACAATC-1,18.53035143769968,Stromal,Denervated
GACCCAGTCGCATTGA-1,9.24059965593512,Stromal,Denervated
GACCCAGTCGCGCTGA-1,20.79134922585402,Stromal,Denervated
GACCCTTCAAGTGCTT-1-1,4.816908331285328,T-FAP,Denervated
GACCCTTCACGGCCAT-1,11.624477758663062,Tenogenic-progenitor,Denervated
GACCCTTCATCGTGCG-1,15.48291963627427,Tenogenic-progenitor,Denervated
GACCCTTTCCGTAATG-1,12.4846399606783,Stromal,Denervated
GACCGTGGTATGGTAA-1,0.5406733841238633,T-FAP,Denervated
GACCGTGTCCGCGAGT-1,24.428606537232735,Tenogenic-progenitor,Denervated
GACCTTCAGCTCTATG-1,11.10838043745392,Tenogenic-progenitor,Denervated
GACCTTCCACCAAAGG-1,27.27942983534038,Tenogenic-progenitor,Denervated
GACCTTCGTATCGTAC-1,3.6372573113787174,Stromal,Denervated
GACCTTCTCTGTGTGA-1,41.361513885475546,TSPC,Denervated
GACGCTGGTGTCCAAT-1,15.212582944212338,Stromal,Denervated
GACGCTGGTTATCTGG-1,38.65814696485623,TSPC,Denervated
GACGTTAAGCAGATAT-1,0.04915212582944212,T-FAP,Denervated
GACGTTAAGCTTCATG-1,0.2457606291472106,T-FAP,Denervated
GACGTTACAAGGTCAG-1,43.25387072990907,TSPC,Denervated
GACGTTATCCCTCGTA-1,9.166871467190955,Stromal,Denervated
GACTATGAGAGGTTTA-1,4.669451953797002,T-FAP,Denervated
GACTATGGTATGCGGA-1,27.746375030720078,TSPC,Denervated
GACTCAACACGTTCGG-1,7.421971000245761,T-FAP,Denervated
GACTCAATCGCTGATA-1,31.998033914966822,TSPC,Denervated
GACTCTCAGCTGCGAA-1,36.397149176701895,TSPC,Denervated
GACTCTCCATTAGGAA-1,1.5974440894568689,T-FAP,Denervated
GACTCTCGTAACATGA-1,4.669451953797002,T-FAP,Denervated
GACTGATGTTCCTAAG-1,19.43966576554436,Tenogenic-progenitor,Denervated
GACTTCCCATAGGTAA-1,10.838043745391989,Tenogenic-progenitor,Denervated
GACTTCCGTCCATAGT-1,50.012288031457366,TSPC,Denervated
GAGAAATCATTCGATG-1,13.83632342098796,Tenogenic-progenitor,Denervated
GAGAAATGTCGTCTCT-1,15.679528139592037,T-FAP,Denervated
GAGAAATTCACCCTTG-1,17.522732858196115,Stromal,Denervated
GAGAAATTCGCTACAA-1,19.292209388056033,T-FAP,Denervated
GAGACCCAGTAAGGGA-1,9.535512410911771,T-FAP,Denervated
GAGACCCCATTGAGGG-1,19.169329073482427,Tenogenic-progenitor,Denervated
GAGACTTAGTCTGGAG-1,8.11010076185795,T-FAP,Denervated
GAGACTTAGTTTCAGC-1,20.79134922585402,Tenogenic-progenitor,Denervated
GAGACTTCACCAGCTG-1,10.321946424182846,T-FAP,Denervated
GAGAGGTGTCAACGCC-1,0.14745637748832638,T-FAP,Denervated
GAGAGGTTCTCCTGAC-1,4.1287785696731385,Stromal,Denervated
GAGATGGAGCCTTCTC-1,1.3271073973949374,T-FAP,Denervated
GAGCCTGAGGACGGAG-1,11.182108626198083,T-FAP,Denervated
GAGCTGCTCGACGATT-1,0.19660850331776847,T-FAP,Denervated
GAGGCAAAGTAGCATA-1,37.453919882034896,Tenogenic-progenitor,Denervated
GAGGCAAGTACGCGTC-1,19.808306709265175,Stromal,Denervated
GAGGCCTGTATGTGTC-1,29.368395183091668,Stromal,Denervated
GAGGCCTGTCTTTCAT-1,15.605799950847873,T-FAP,Denervated
GAGTCATCAGCGTATT-1,0.8355861391005162,T-FAP,Denervated
GAGTCATTCTAGACAC-1,18.0879823052347,Tenogenic-progenitor,Denervated
GAGTCATTCTCAAAGC-1,0.19660850331776847,T-FAP,Denervated
GAGTCTAGTGTAGTGG-1,70.8282133202261,TSPC,Denervated
GAGTGAGAGGCGTTAG-1,31.850577537478497,Tenogenic-progenitor,Denervated
GAGTGAGAGGGATCTG-1,13.123617596461045,Tenogenic-progenitor,Denervated
GAGTGAGCACGTGTGC-1,48.43942000491521,Tenogenic-progenitor,Denervated
GAGTGAGTCAACTTTC-1,28.40992872941755,Tenogenic-progenitor,Denervated
GAGTGTTAGAACGTGC-1,51.80634062423199,Stromal,Denervated
GAGTGTTCAATTCACG-1,32.46497911034652,Tenogenic-progenitor,Denervated
GAGTGTTGTCTTGAGT-1,1.6957483411157535,T-FAP,Denervated
GAGTGTTTCAGGGTAG-1,2.359302039813222,T-FAP,Denervated
GAGTTACAGAGAGGTA-1,3.0474318014254114,T-FAP,Denervated
GAGTTACGTGTCCAAT-1,45.63774883263701,Tenogenic-progenitor,Denervated
GAGTTACGTTAAACCC-1,33.39886950110592,T-FAP,Denervated
GAGTTGTTCGACGTCG-1,23.1014991398378,Stromal,Denervated
GAGTTTGCACAGTATC-1,21.50405505038093,Tenogenic-progenitor,Denervated
GAGTTTGTCACCTTGC-1,41.87761120668469,TSPC,Denervated
GATAGAAGTAAGTTAG-1,71.86040796264437,TSPC,Denervated
GATAGAATCACAATGC-1,24.99385598427132,Tenogenic-progenitor,Denervated
GATAGAATCACCATCC-1,9.216023593020397,Stromal,Denervated
GATAGAATCGAGTGAG-1,23.961661341853034,Tenogenic-progenitor,Denervated
GATAGAATCTAACGGT-1,17.670189235684443,Tenogenic-progenitor,Denervated
GATAGCTCAAGAGGTC-1,1.1059228311624476,T-FAP,Denervated
GATAGCTCAGAGGTTG-1,5.160973212091423,T-FAP,Denervated
GATAGCTCATCGCTAA-1,25.976898500860162,Stromal,Denervated
GATAGCTTCTACCCAC-1,32.71073973949373,T-FAP,Denervated
GATCACAAGAAGTCCG-1,1.6711722782010323,T-FAP,Denervated
GATCACACAGTGACCC-1,9.437208159252888,Stromal,Denervated
GATCCCTCATGTGCCG-1,21.30744654706316,Tenogenic-progenitor,Denervated
GATCCCTTCATCGCCT-1,1.1059228311624476,T-FAP,Denervated
GATCCCTTCGTAACCA-1,10.027033669206194,Stromal,Denervated
GATCCCTTCTCAACCC-1,42.63946915704104,Tenogenic-progenitor,Denervated
GATCGTAAGCAATTCC-1,47.2597689850086,Tenogenic-progenitor,Denervated
GATCGTATCGGACCAC-1,21.848119931187025,Stromal,Denervated
GATGACTAGTGTCATC-1,13.541410666011306,Tenogenic-progenitor,Denervated
GATGACTCAATGGCAG-1,10.100761857950356,Stromal,Denervated
GATGAGGTCCGATGCG-1,22.020152371590072,Tenogenic-progenitor,Denervated
GATGATCTCCGATGCG-1,27.15654952076677,Tenogenic-progenitor,Denervated
GATGCTACAATCTGCA-1,38.16662570656181,Stromal,Denervated
GATGGAGAGGTTTGAA-1,23.5684443352175,Tenogenic-progenitor,Denervated
GATGGAGGTCCATACA-1,36.028508232981075,Stromal,Denervated
GATGTTGGTGCGTGCT-1,23.37183583189973,Stromal,Denervated
GATGTTGTCCGTAGGC-1,3.8830179405259275,T-FAP,Denervated
GATTCGAAGGTTACAA-1,5.357581715409192,T-FAP,Denervated
GATTGGTAGCTTTGTG-1,21.454902924551487,Tenogenic-progenitor,Denervated
GATTTCTCACTCTCGT-1,42.2462521504055,T-FAP,Denervated
GATTTCTCATACTTTC-1,41.68100270336692,Stromal,Denervated
GATTTCTGTAGGCTCC-1,10.838043745391989,Tenogenic-progenitor,Denervated
GATTTCTTCCTGGGAC-1,14.770213811747357,T-FAP,Denervated
GCAACATCATAGATCC-1,22.19218481199312,Tenogenic-progenitor,Denervated
GCAACATTCGCGTGCA-1,1.3762595232243795,T-FAP,Denervated
GCAACATTCTCGCCTA-1,7.200786434013271,Stromal,Denervated
GCAACCGCACAAAGTA-1,9.166871467190955,Stromal,Denervated
GCACATACATACTGTG-1,56.328336200540676,TSPC,Denervated
GCACATATCTGCCCTA-1,29.442123371835834,Stromal,Denervated
GCACGGTAGCGTCTGC-1,2.0643892848365692,T-FAP,Denervated
GCACGGTGTAGGAAAG-1,3.8092897517817645,T-FAP,Denervated
GCACGTGAGTCCCTAA-1,21.848119931187025,Tenogenic-progenitor,Denervated
GCACGTGAGTTGGCTT-1,31.55566478250184,Tenogenic-progenitor,Denervated
GCACGTGCACTGGAAG-1,9.781273040058982,TSPC,Denervated
GCACGTGTCACATCAG-1,39.59203735561563,TSPC,Denervated
GCACGTGTCCACAGCG-1,1.1059228311624476,T-FAP,Denervated
GCACTAAGTGCAGTGA-1,55.51732612435488,TSPC,Denervated
GCAGCCAAGGTTCAGG-1,4.079626443843696,T-FAP,Denervated
GCAGCCATCAAGCGTT-1,4.669451953797002,T-FAP,Denervated
GCAGGCTCAGGTACGA-1,4.15335463258786,T-FAP,Denervated
GCAGTTACATGCGGTC-1,24.9692799213566,Tenogenic-progenitor,Denervated
GCATCGGTCGGTCGAC-1,34.701400835586135,TSPC,Denervated
GCATCGGTCGTCTACC-1,9.289751781764561,Stromal,Denervated
GCATCTCAGAATCGTA-1,9.24059965593512,T-FAP,Denervated
GCATCTCCACGGTGCT-1,6.02113541410666,Stromal,Denervated
GCATCTCGTACCGTGC-1,8.33128532809044,Tenogenic-progenitor,Denervated
GCATCTCGTTGTTGTG-1,32.489555173261245,Stromal,Denervated
GCATGATGTGCCTTCT-1,21.74981567952814,Stromal,Denervated
GCATGATGTTGCCGAC-1,28.434504792332266,Stromal,Denervated
GCATTAGCAATATCCG-1,18.94814450724994,Stromal,Denervated
GCATTAGGTAGCTAAA-1,3.6618333742934386,T-FAP,Denervated
GCATTAGTCGAGCCTG-1,48.61145244531826,Tenogenic-progenitor,Denervated
GCCAACGAGCGTGAGT-1,30.081101007618578,Tenogenic-progenitor,Denervated
GCCAGCATCGAGTCTA-1,23.15065126566724,Tenogenic-progenitor,Denervated
GCCAGGTAGACCAAAT-1,16.244777586630622,Stromal,Denervated
GCCAGGTCACCGGAAA-1,5.406733841238633,T-FAP,Denervated
GCCAGTGAGGTCACTT-1,14.229540427623494,Tenogenic-progenitor,Denervated
GCCAGTGGTAGCTAAA-1,0.19660850331776847,T-FAP,Denervated
GCCATTCCACAGCGCT-1,2.359302039813222,T-FAP,Denervated
GCCATTCTCTCCTGAC-1,5.55419021872696,T-FAP,Denervated
GCCCAGACAACCCGCA-1,31.604816908331284,Stromal,Denervated
GCCCGAATCGATACTG-1,60.65372327353158,TSPC,Denervated
GCCGATGCACAGCTTA-1,12.50921602359302,Tenogenic-progenitor,Denervated
GCCGATGGTATACAGA-1,23.961661341853034,Stromal,Denervated
GCCGATGGTGGTAACG-1,8.011796510199067,Stromal,Denervated
GCGATCGTCTAGTGAC-1,4.15335463258786,T-FAP,Denervated
GCGGAAACATGAGTAA-1,3.6618333742934386,T-FAP,Denervated
GCGGAAATCATTGCGA-1,24.035389530597197,Stromal,Denervated
GCGTGCAAGGCATTTC-1,21.74981567952814,Tenogenic-progenitor,Denervated
GCGTGCAGTTCGTTCC-1,6.365200294912755,T-FAP,Denervated
GCGTGCATCGAGTACT-1,0.6389776357827476,T-FAP,Denervated
GCGTTTCCAAGCGGAT-1,8.675350208896534,T-FAP,Denervated
GCTACAAAGATTCGCT-1,9.486360285082329,Stromal,Denervated
GCTACAAAGGACATCG-1,0.8355861391005162,T-FAP,Denervated
GCTACAACAAGCGAGT-1,0.5652494470385844,T-FAP,Denervated
GCTACAAGTGAGCTCC-1,16.048169083312853,Tenogenic-progenitor,Denervated
GCTACAAGTGATAGAT-1,17.17866797739002,Tenogenic-progenitor,Denervated
GCTACCTCAGACCAAG-1,27.15654952076677,Stromal,Denervated
GCTACCTTCTGCCTCA-1,8.503317768493487,T-FAP,Denervated
GCTGAATAGACTCTAC-1,14.30326861636766,Stromal,Denervated
GCTGAATTCTTACCGC-1,6.881297616121897,Stromal,Denervated
GCTGCAGCACGACCTG-1,8.454165642664044,T-FAP,Denervated
GCTGGGTAGATTGACA-1,0.19660850331776847,T-FAP,Denervated
GCTGGGTGTGGTATGG-1,28.87687392479725,Stromal,Denervated
GCTGGGTTCGAGTCTA-1,12.017694765298598,Stromal,Denervated
GCTGGGTTCTCCCAAC-1,20.422708282133204,Tenogenic-progenitor,Denervated
GCTTGGGAGATCACCT-1,5.652494470385845,T-FAP,Denervated
GCTTGGGAGTACCATC-1,35.561563037601374,Stromal,Denervated
GCTTGGGTCGCACTCT-1,17.965101990661093,Stromal,Denervated
GCTTTCGCAACTGCTA-1,51.16736298844925,TSPC,Denervated
GGAACCCTCTCCCAAC-1,0.6144015728680265,T-FAP,Denervated
GGAAGTGAGTTTAGGA-1,18.30916687146719,Stromal,Denervated
GGAAGTGTCTGCCCTA-1,4.1287785696731385,T-FAP,Denervated
GGAATCTAGGCGTTAG-1,5.013516834603097,T-FAP,Denervated
GGAATGGAGCGATGGT-1,22.806586384861145,T-FAP,Denervated
GGAATGGCATAGATCC-1,46.39960678299337,TSPC,Denervated
GGAATGGTCCAAATGC-1,14.3524207421971,Stromal,Denervated
GGACGTCAGTAACGAT-1,13.983779798476284,Tenogenic-progenitor,Denervated
GGACGTCAGTTGAAAC-1,15.409191447530105,T-FAP,Denervated
GGACGTCCACACCTAA-1,15.409191447530105,Tenogenic-progenitor,Denervated
GGAGCAAAGAGCCGTA-1,18.628655689358563,Tenogenic-progenitor,Denervated
GGAGCAAAGCATCCTA-1,1.2779552715654952,T-FAP,Denervated
GGAGCAAAGTCTGGAG-1,0.4915212582944212,T-FAP,Denervated
GGAGCAAGTCCCTGTT-1,10.272794298353404,T-FAP,Denervated
GGAGCAAGTCTCACAA-1,5.799950847874171,T-FAP,Denervated
GGAGCAATCAACTGAC-1,31.67854509707545,TSPC,Denervated
GGAGGATCACGTCGTG-1,0.3194888178913738,T-FAP,Denervated
GGAGGATGTAGCCAGA-1,14.79478987466208,T-FAP,Denervated
GGAGGATGTGCCAAGA-1,18.407471123126076,Tenogenic-progenitor,Denervated
GGAGGATTCCAAGCTA-1,29.270090931432787,Stromal,Denervated
GGAGGTAAGACGCCAA-1,9.535512410911771,Tenogenic-progenitor,Denervated
GGAGGTAAGCGACAGT-1,5.406733841238633,T-FAP,Denervated
GGATCTAAGGAGAGTA-1,0.14745637748832638,T-FAP,Denervated
GGATCTAGTATCGATC-1,4.2762349471614645,T-FAP,Denervated
GGATGTTCAAGCGATG-1,7.421971000245761,Tenogenic-progenitor,Denervated
GGATGTTGTATGGGAC-1,6.512656672401082,Tenogenic-progenitor,Denervated
GGCACGTCATATCTGG-1,50.700417793069555,Tenogenic-progenitor,Denervated
GGCACGTTCAAGTCTG-1,19.85745883509462,Stromal,Denervated
GGCACGTTCATCGTAG-1,24.99385598427132,Stromal,Denervated
GGCACGTTCTCTATGT-1,14.745637748832637,Stromal,Denervated
GGCAGTCTCTGCCCTA-1,11.870238387810272,Tenogenic-progenitor,Denervated
GGCGTCAGTTCCTACC-1,17.89137380191693,T-FAP,Denervated
GGCTTGGCACATTCTT-1,5.8982550995330545,T-FAP,Denervated
GGCTTTCCAAGAGAGA-1,18.23543868272303,Tenogenic-progenitor,Denervated
GGCTTTCCATTCTGTT-1,1.9415089702629638,Stromal,Denervated
GGCTTTCGTAGCCCTG-1,7.987220447284344,Tenogenic-progenitor,Denervated
GGCTTTCGTGAAAGTT-1,2.7033669206193167,T-FAP,Denervated
GGGAAGTAGACGACTG-1,19.46424182845908,Stromal,Denervated
GGGACAAAGGTGCCTC-1,12.115999016957483,Tenogenic-progenitor,Denervated
GGGACAACACACCAGC-1,6.586384861145245,T-FAP,Denervated
GGGACAAGTAGCCCTG-1,13.246497911034652,Stromal,Denervated
GGGACTCGTCCTTGTC-1,19.120176947652986,Stromal,Denervated
GGGACTCGTTGGCCTG-1,7.249938559842713,T-FAP,Denervated
GGGAGATGTGGTACAG-1,9.461784222167609,T-FAP,Denervated
GGGAGATTCGTGGAAG-1,21.897272057016465,Stromal,Denervated
GGGAGATTCTCCCTAG-1,35.51241091177194,Tenogenic-progenitor,Denervated
GGGATGACAAACGGCA-1,12.115999016957483,Stromal,Denervated
GGGCCATAGTAGCAAT-1,4.227082821332022,T-FAP,Denervated
GGGCCATGTTCTCAGA-1,1.5974440894568689,Stromal,Denervated
GGGCCATTCTCCGCAT-1,26.787908577045954,TSPC,Denervated
GGGCGTTAGATCGACG-1,44.974195133939546,Stromal,Denervated
GGGCGTTCACACACGC-1,22.806586384861145,T-FAP,Denervated
GGGCGTTCATCGCTAA-1,10.788891619562547,Tenogenic-progenitor,Denervated
GGGCGTTCATTGACCA-1,12.28803145736053,T-FAP,Denervated
GGGCTACCATCTTTCA-1,0.19660850331776847,T-FAP,Denervated
GGGCTACGTGTTCGTA-1,20.914229540427623,Tenogenic-progenitor,Denervated
GGGCTACTCTTTCGAT-1,20.029491275497666,Stromal,Denervated
GGGCTCAAGGTTGACG-1,39.641189481445075,Stromal,Denervated
GGGTAGAAGTAGGAAG-1,1.15507495699189,T-FAP,Denervated
GGGTAGAAGTGCTAGG-1,29.073482428115017,Stromal,Denervated
GGGTAGAGTAGAAACT-1,24.05996559351192,T-FAP,Denervated
GGGTAGATCCATTCGC-1,4.227082821332022,T-FAP,Denervated
GGGTAGATCCTATTTG-1,10.027033669206194,Tenogenic-progenitor,Denervated
GGGTATTAGGTTTACC-1,0.6881297616121897,T-FAP,Denervated
GGGTATTGTAGGAAAG-1-1,8.08552469894323,T-FAP,Denervated
GGGTATTGTCGTGGTC-1,9.24059965593512,Tenogenic-progenitor,Denervated
GGGTATTTCAAACTGC-1,7.667731629392971,T-FAP,Denervated
GGGTCACCAATCAAGA-1,0.2457606291472106,T-FAP,Denervated
GGGTCTGCAAGACAAT-1,19.24305726222659,Tenogenic-progenitor,Denervated
GGGTCTGCACCGCTGA-1,34.111575325632835,Stromal,Denervated
GGGTCTGGTAGGCTCC-1,39.34627672646842,Stromal,Denervated
GGGTCTGGTGCAGGAT-1,5.136397149176702,T-FAP,Denervated
GGGTGAATCAATCTCT-1,23.642172523961662,Tenogenic-progenitor,Denervated
GGGTGTCGTATGGGAC-1,16.539690341607276,Tenogenic-progenitor,Denervated
GGGTTATAGGTCATAA-1,19.43966576554436,Tenogenic-progenitor,Denervated
GGGTTATCACGAGGTA-1,21.03710985500123,Stromal,Denervated
GGGTTTAAGCCTAACT-1,11.452445318260015,Stromal,Denervated
GGGTTTAGTGGACCAA-1,9.314327844679282,T-FAP,Denervated
GGGTTTAGTTGGAGAC-1,4.227082821332022,T-FAP,Denervated
GGTAACTAGCACGATG-1,5.7507987220447285,Stromal,Denervated
GGTAACTAGCATTTCG-1,4.227082821332022,Stromal,Denervated
GGTAACTCAAAGACGC-1,16.539690341607276,Tenogenic-progenitor,Denervated
GGTAACTGTACTGTTG-1,17.940525927746375,Tenogenic-progenitor,Denervated
GGTAACTGTCATTCCC-1,3.6372573113787174,T-FAP,Denervated
GGTAACTGTTGGAGAC-1,21.872695994101747,Tenogenic-progenitor,Denervated
GGTAACTGTTGGTAGG-1,20.471860407962645,Stromal,Denervated
GGTAATCCAATGTTGC-1,9.70754485131482,Stromal,Denervated
GGTAATCGTACCACGC-1,9.142295404276235,Stromal,Denervated
GGTAATCGTATAGGAT-1,7.766035881051855,Stromal,Denervated
GGTAGAGCAGCGTAGA-1,4.079626443843696,T-FAP,Denervated
GGTAGAGTCGAACCAT-1,0.19660850331776847,T-FAP,Denervated
GGTCACGAGCCTGTCG-1,17.69476529859916,T-FAP,Denervated
GGTCACGGTATGTCCA-1,6.930449741951339,Stromal,Denervated
GGTCACGGTGTCGCTG-1,3.6618333742934386,T-FAP,Denervated
GGTCACGGTTAGGCCC-1,0.5652494470385844,T-FAP,Denervated
GGTCACGTCAGCGCAC-1,50.45465716392235,Stromal,Denervated
GGTCACGTCTATACGG-1,7.299090685672155,T-FAP,Denervated
GGTCTGGAGACGACGT-1,17.793069550258046,Tenogenic-progenitor,Denervated
GGTCTGGAGGGACACT-1,9.04399115261735,T-FAP,Denervated
GGTGAAGAGAATCGAT-1,0.19660850331776847,T-FAP,Denervated
GGTGAAGAGGGCCCTT-1,0.19660850331776847,T-FAP,Denervated
GGTGAAGTCAATGTCG-1,33.423445564020646,Tenogenic-progenitor,Denervated
GGTGATTAGAAGTATC-1,0.14745637748832638,T-FAP,Denervated
GGTGGCTGTCCTGTTC-1,9.486360285082329,Stromal,Denervated
GGTGTCGGTGGGATTG-1,6.512656672401082,T-FAP,Denervated
GGTGTCGTCTCCGCAT-1-1,15.50749569918899,Stromal,Denervated
GGTTAACAGAACCGCA-1,0.4669451953797002,T-FAP,Denervated
GGTTAACAGGATGAGA-1,5.7507987220447285,Tenogenic-progenitor,Denervated
GGTTAACGTCAGCTTA-1,17.670189235684443,T-FAP,Denervated
GGTTAACGTCCAGCCA-1,6.782993364463014,Stromal,Denervated
GGTTCTCAGCCTCTTC-1,0.09830425165888423,T-FAP,Denervated
GGTTCTCAGGGCAGAG-1,19.759154583435734,TSPC,Denervated
GGTTCTCCAATCCTAG-1,15.53207176210371,Tenogenic-progenitor,Denervated
GTAACACCACGCTGCA-1,14.917670189235684,Tenogenic-progenitor,Denervated
GTAACCAAGTAGACAT-1,18.5549275006144,T-FAP,Denervated
GTAACCACATAGGTTC-1,18.456623248955516,Stromal,Denervated
GTAAGTCGTGTCCATA-1,2.0643892848365692,T-FAP,Denervated
GTAATCGAGGACGGAG-1,5.652494470385845,T-FAP,Denervated
GTAATCGCACAAAGCG-1-1,1.3271073973949374,T-FAP,Denervated
GTAATCGTCATCTCTA-1,5.8982550995330545,T-FAP,Denervated
GTAATGCCACCTGCTT-1,23.1014991398378,Tenogenic-progenitor,Denervated
GTAATGCCAGGTACGA-1,14.204964364708776,Stromal,Denervated
GTACAACAGGTACAGC-1,4.399115261735069,T-FAP,Denervated
GTACAACCACGTAGAG-1,30.130253133448022,Stromal,Denervated
GTACAACCATGTCTAG-1,7.569427377734087,T-FAP,Denervated
GTACAGTGTTCGGCGT-1,5.406733841238633,T-FAP,Denervated
GTAGAAAAGGCTCTAT-1,11.599901695748342,T-FAP,Denervated
GTAGAAACATCTCGTC-1,49.299582206930445,Stromal,Denervated
GTAGAAAGTAATGCGG-1,33.54632587859425,TSPC,Denervated
GTAGAGGAGACTTAAG-1,17.17866797739002,Stromal,Denervated
GTAGAGGCACACAGAG-1,11.5507495699189,T-FAP,Denervated
GTAGAGGTCTTACGTT-1,8.429589579749324,Stromal,Denervated
GTAGATCAGTGTCATC-1,17.866797739002212,Stromal,Denervated
GTAGATCCATCCGGCA-1,13.516834603096584,Tenogenic-progenitor,Denervated
GTAGATCGTGCCTATA-1,0.7127058245269108,T-FAP,Denervated
GTAGATCGTGGGTATG-1,14.647333497173754,Stromal,Denervated
GTAGCTAAGAATTTGG-1,9.142295404276235,Stromal,Denervated
GTAGCTACACCACTGG-1,14.524453182600148,Tenogenic-progenitor,Denervated
GTAGCTACAGTCGCAC-1,15.753256328336201,Stromal,Denervated
GTAGCTACAGTGACCC-1,15.409191447530105,Stromal,Denervated
GTAGCTAGTCATTCCC-1,13.83632342098796,Stromal,Denervated
GTAGCTATCTCATAGG-1,39.12509216023593,Stromal,Denervated
GTAGGAGGTTGCTAGT-1,0.8847382649299582,T-FAP,Denervated
GTAGGAGTCCTGTACC-1,5.8982550995330545,T-FAP,Denervated
GTAGGTTGTGACTATC-1,27.304005898255102,Tenogenic-progenitor,Denervated
GTAGTACTCACGGAGA-1,23.642172523961662,Tenogenic-progenitor,Denervated
GTATTGGAGAATCGTA-1,25.75571393462767,Stromal,Denervated
GTATTGGAGGTATCTC-1,7.249938559842713,Stromal,Denervated
GTATTGGTCGGAGATG-1,5.160973212091423,T-FAP,Denervated
GTATTTCGTATGAGCG-1,1.6957483411157535,T-FAP,Denervated
GTATTTCTCATTGCCC-1,2.8999754239370854,Stromal,Denervated
GTCAAACGTCTCAGGC-1,5.7507987220447285,T-FAP,Denervated
GTCAAACTCTACTGCC-1,25.190464487589086,Tenogenic-progenitor,Denervated
GTCAAGTGTTTGATCG-1,12.435487834848857,Tenogenic-progenitor,Denervated
GTCAAGTTCACTTGGA-1,7.200786434013271,T-FAP,Denervated
GTCAAGTTCGCCACTT-1,28.48365691816171,TSPC,Denervated
GTCACGGTCACACCCT-1,7.077906119439666,T-FAP,Denervated
GTCACGGTCCATCACC-1,21.454902924551487,TSPC,Denervated
GTCACGGTCGCCGAGT-1,1.990661096092406,T-FAP,Denervated
GTCACTCTCCCATAAG-1,8.871958712214303,T-FAP,Denervated
GTCAGCGAGCAAGCCA-1,13.000737281887442,T-FAP,Denervated
GTCAGCGTCGCGTTTC-1,4.743180142541164,Tenogenic-progenitor,Denervated
GTCATCCAGGGTCAAC-1,37.13443106414353,Tenogenic-progenitor,Denervated
GTCATCCGTGGCCTCA-1,23.248955517326124,Stromal,Denervated
GTCCACTAGCACACCC-1,42.54116490538215,Stromal,Denervated
GTCCACTGTAACATCC-1,13.934627672646844,Stromal,Denervated
GTCCACTTCCTCTAAT-1,23.543868272302777,Tenogenic-progenitor,Denervated
GTCCCATGTAGGATAT-1,0.3686409437208159,T-FAP,Denervated
GTCCCATGTATGTCTG-1,16.097321209142297,Tenogenic-progenitor,Denervated
GTCGAATCAGAGCCCT-1,14.3524207421971,T-FAP,Denervated
GTCGAATGTGGAAATT-1,47.40722536249693,Stromal,Denervated
GTCGAATTCGCAACAT-1,22.560825755713935,Tenogenic-progenitor,Denervated
GTCGCGACAGGAGACT-1,1.3762595232243795,T-FAP,Denervated
GTCGCGACAGGGCTTC-1,8.82280658638486,Stromal,Denervated
GTCGCGACATAGGTTC-1,62.767264684197585,Stromal,Denervated
GTCGCGACATATGAAG-1,0.9338903907594004,T-FAP,Denervated
GTCGCGAGTTGCGAAG-1,1.7449004669451953,T-FAP,Denervated
GTCGTAACATTAGGAA-1,0.7127058245269108,T-FAP,Denervated
GTCGTAAGTATGAGGC-1,15.77783239125092,Stromal,Denervated
GTCGTAAGTCACTCGG-1,17.965101990661093,Stromal,Denervated
GTCGTTCAGGTGCAGT-1,7.987220447284344,T-FAP,Denervated
GTCGTTCCAGAAACCG-1,4.448267387564512,T-FAP,Denervated
GTCGTTCCAGGCACTC-1,14.745637748832637,T-FAP,Denervated
GTCGTTCGTGGTTTGT-1,21.872695994101747,Tenogenic-progenitor,Denervated
GTCTACCTCTGAATCG-1,12.435487834848857,Stromal,Denervated
GTCTAGAGTCGGTGTC-1,21.897272057016465,Stromal,Denervated
GTCTAGATCCACTTTA-1,16.490538215777832,Stromal,Denervated
GTCTAGATCCGAAGGA-1,16.343081838289507,Tenogenic-progenitor,Denervated
GTCTCACCAACCGATT-1,1.5974440894568689,Stromal,Denervated
GTCTGTCAGGCTTTCA-1,1.966085033177685,T-FAP,Denervated
GTCTTTACACATTACG-1,1.1059228311624476,T-FAP,Denervated
GTCTTTAGTGACTCTA-1,1.2533792086507742,T-FAP,Denervated
GTGACGCCACGCTGTG-1,10.518554927500615,Tenogenic-progenitor,Denervated
GTGACGCGTCAGTCCG-1,1.0076185795035637,T-FAP,Denervated
GTGACGCGTGAAGCGT-1,29.29466699434751,TSPC,Denervated
GTGACGCTCTAGACAC-1,7.15163430818383,T-FAP,Denervated
GTGAGCCAGATGAACT-1,7.348242811501597,Stromal,Denervated
GTGAGCCTCGTCGGGT-1,18.23543868272303,T-FAP,Denervated
GTGAGGAAGTGGCCTC-1,0.3194888178913738,T-FAP,Denervated
GTGAGTTTCATGCCGG-1,16.097321209142297,Stromal,Denervated
GTGATGTAGCTGGCTC-1,1.7694765298599164,T-FAP,Denervated
GTGATGTCACGACCTG-1,8.11010076185795,Tenogenic-progenitor,Denervated
GTGATGTGTGTCACAT-1,1.3271073973949374,T-FAP,Denervated
GTGCACGCAGCAAGAC-1,0.3686409437208159,T-FAP,Denervated
GTGCACGGTTTACTGG-1,9.486360285082329,Tenogenic-progenitor,Denervated
GTGCACGTCACTGAAC-1,16.785450970754486,Tenogenic-progenitor,Denervated
GTGCACGTCCGACATA-1,9.412632096338166,T-FAP,Denervated
GTGCAGCAGCGGTATG-1,2.2364217252396164,T-FAP,Denervated
GTGCAGCCACGGGTAA-1,40.18186286556894,TSPC,Denervated
GTGCGTGCATGTGTCA-1,21.08626198083067,Stromal,Denervated
GTGCTGGCACAACCGC-1,26.787908577045954,Stromal,Denervated
GTGCTGGCAGCTTCGG-1,11.919390513639714,Tenogenic-progenitor,Denervated
GTGCTGGGTTGTTTGG-1,17.915949864831653,Tenogenic-progenitor,Denervated
GTGCTTCAGTTCCGGC-1,14.893094126320964,Tenogenic-progenitor,Denervated
GTGCTTCCACGAGAAC-1,4.399115261735069,Stromal,Denervated
GTGCTTCGTACAGGTG-1,22.60997788154338,Stromal,Denervated
GTGCTTCTCATAAGGA-1,2.457606291472106,Stromal,Denervated
GTGGAAGCACATTGTG-1,14.54902924551487,Tenogenic-progenitor,Denervated
GTGGAAGGTACTCGTA-1,10.543130990415335,Stromal,Denervated
GTGGAAGGTATTGGCT-1,0.2457606291472106,T-FAP,Denervated
GTGGCGTTCAGGACGA-1,12.435487834848857,Tenogenic-progenitor,Denervated
GTGGGAACAACTGGTT-1,6.832145490292456,Stromal,Denervated
GTGGTTATCAGCGCGT-1,36.47087736544606,Tenogenic-progenitor,Denervated
GTGTCCTCAGACCGCT-1,4.521995576308675,T-FAP,Denervated
GTGTGATCATCACAGT-1,1.2533792086507742,T-FAP,Denervated
GTGTGATGTAATACCC-1,23.961661341853034,Tenogenic-progenitor,Denervated
GTGTGATGTATAGGAT-1,10.6168591791595,Tenogenic-progenitor,Denervated
GTGTGGCAGCGTGTTT-1,1.1059228311624476,T-FAP,Denervated
GTGTGGCTCAGGTAAA-1,34.28360776603588,Tenogenic-progenitor,Denervated
GTGTTAGGTCATGCAT-1,12.04227082821332,T-FAP,Denervated
GTGTTAGGTCGACTTA-1,18.432047186040794,Tenogenic-progenitor,Denervated
GTGTTCCAGCGTATGG-1,10.813467682477267,T-FAP,Denervated
GTGTTCCAGCTCACTA-1,7.667731629392971,Tenogenic-progenitor,Denervated
GTTACAGCATGCGTGC-1,2.2855738510690586,T-FAP,Denervated
GTTACAGGTGTCCACG-1,6.193167854509707,T-FAP,Denervated
GTTACAGGTTGCTCGG-1,18.210862619808307,Stromal,Denervated
GTTACAGTCACTCTTA-1,13.000737281887442,T-FAP,Denervated
GTTACCCGTCTTACTT-1,34.504792332268366,Tenogenic-progenitor,Denervated
GTTAGACAGACGCCAA-1,9.535512410911771,Tenogenic-progenitor,Denervated
GTTAGTGAGCAGGTCA-1,13.983779798476284,Tenogenic-progenitor,Denervated
GTTAGTGAGGCTGAAC-1,1.7940525927746376,T-FAP,Denervated
GTTAGTGAGTCAGCCC-1,0.9338903907594004,T-FAP,Denervated
GTTAGTGTCCAAACCA-1,8.724502334725976,Stromal,Denervated
GTTAGTGTCGTCACCT-1,1.6711722782010323,T-FAP,Denervated
GTTCATTTCATGGCCG-1,0.09830425165888423,T-FAP,Denervated
GTTCCGTGTTGTTTGG-1,0.02457606291472106,T-FAP,Denervated
GTTCGCTAGTACGTCT-1,7.667731629392971,T-FAP,Denervated
GTTCGCTGTAGTATAG-1,11.624477758663062,Stromal,Denervated
GTTCGCTTCAAGCCTA-1,7.348242811501597,T-FAP,Denervated
GTTCTATCAGAAGTTA-1,0.3686409437208159,T-FAP,Denervated
GTTCTATTCTAGATCG-1,19.0218726959941,T-FAP,Denervated
GTTGAACCAGCTTCGG-1,17.670189235684443,Tenogenic-progenitor,Denervated
GTTGCGGTCCTTTGAT-1,1.7449004669451953,Stromal,Denervated
GTTGCTCAGCATCCCG-1,17.104939788645858,Stromal,Denervated
GTTGCTCTCTCTGCCA-1,0.5898255099533055,T-FAP,Denervated
GTTGTAGAGACTCCGC-1,9.191447530105677,Stromal,Denervated
GTTGTAGAGGTAGCCA-1,13.148193659375767,T-FAP,Denervated
GTTGTAGTCTGTAAGC-1,0.9584664536741214,T-FAP,Denervated
GTTGTCCAGAGGTTAT-1,4.472843450479233,T-FAP,Denervated
GTTGTCCCATGTGGCC-1,7.0287539936102235,Stromal,Denervated
GTTGTCCTCCGCACTT-1,29.073482428115017,TSPC,Denervated
GTTGTGAGTTAGGCTT-1,13.934627672646844,T-FAP,Denervated
GTTTGGATCGGTCTAA-1,70.70533300565249,TSPC,Denervated
TAACACGTCGGCTTGG-1,18.628655689358563,Tenogenic-progenitor,Denervated
TAACGACAGCTGGCCT-1,12.28803145736053,Stromal,Denervated
TAACTTCGTTAGTCGT-1,2.7033669206193167,T-FAP,Denervated
TAAGCCACAAATACGA-1,17.17866797739002,Tenogenic-progenitor,Denervated
TAAGCCACACTTGAAC-1,70.8282133202261,TSPC,Denervated
TAAGCCATCCATTTGT-1-1,0.5652494470385844,T-FAP,Denervated
TAAGCCATCCTCACGT-1,12.50921602359302,Tenogenic-progenitor,Denervated
TAAGCGTGTGGTCTAT-1,0.7127058245269108,T-FAP,Denervated
TAAGCGTTCTAACGCA-1,40.108134676824776,Stromal,Denervated
TAATCTCAGCACGTCC-1,27.205701646596214,Tenogenic-progenitor,Denervated
TAATCTCCAACCGGAA-1,8.159252887687392,T-FAP,Denervated
TAATCTCTCGGAAGGT-1,24.256574096829688,Tenogenic-progenitor,Denervated
TAATTCCTCGATCCAA-1,14.79478987466208,T-FAP,Denervated
TACAACGCAACACTAC-1,11.57532563283362,Tenogenic-progenitor,Denervated
TACAACGCATTGCTTT-1,18.260014745637747,Tenogenic-progenitor,Denervated
TACACCCGTCATCCGG-1,0.14745637748832638,T-FAP,Denervated
TACACCCTCATACGAC-1,1.4991398377979848,T-FAP,Denervated
TACATTCAGAACCGCA-1,21.30744654706316,Tenogenic-progenitor,Denervated
TACATTCAGCTCCCTT-1,8.577045957237651,T-FAP,Denervated
TACCCACCAACGTAAA-1,2.359302039813222,T-FAP,Denervated
TACCCACCATTGAGGG-1,28.827721798967804,Tenogenic-progenitor,Denervated
TACCCACGTCATGACT-1,10.076185795035636,Stromal,Denervated
TACCCACGTGCACATT-1,1.15507495699189,T-FAP,Denervated
TACCCGTAGAACCGCA-1,5.357581715409192,Tenogenic-progenitor,Denervated
TACCGGGCAGCTGGTC-1,3.9075940034406487,T-FAP,Denervated
TACCGGGCATATACCG-1,6.070287539936102,T-FAP,Denervated
TACCGGGGTACTTGTG-1,29.712460063897762,Tenogenic-progenitor,Denervated
TACCGGGGTTAGTTCG-1,15.802408454165642,Stromal,Denervated
TACCTCGAGATCGCCC-1,49.25043008110101,TSPC,Denervated
TACCTGCCACGCTGAC-1,13.541410666011306,Tenogenic-progenitor,Denervated
TACCTGCGTGGTCCCA-1,3.0474318014254114,T-FAP,Denervated
TACCTGCTCACATCAG-1,12.97616121897272,T-FAP,Denervated
TACCTGCTCATCACCC-1,0.811010076185795,T-FAP,Denervated
TACCTGCTCTACACTT-1,5.652494470385845,T-FAP,Denervated
TACGGGCAGAGTGAAG-1,16.293929712460063,Tenogenic-progenitor,Denervated
TACGGGCAGGGCCCTT-1,8.626198083067091,Stromal,Denervated
TACGGGCTCTCTAGGA-1,7.077906119439666,T-FAP,Denervated
TACGGTACATCCTATT-1,18.5549275006144,Stromal,Denervated
TACGTCCTCTATCGTT-1,19.66085033177685,Stromal,Denervated
TACTGCCCAAGATGTA-1,26.296387318751535,Tenogenic-progenitor,Denervated
TACTGCCCAAGCGAGT-1,24.82182354386827,Stromal,Denervated
TACTTACAGTATGTAG-1,3.4898009338903906,T-FAP,Denervated
TACTTCAGTTTCACAG-1,4.718604079626444,Tenogenic-progenitor,Denervated
TACTTCATCTTTGCGC-1,24.354878348488572,TSPC,Denervated
TACTTGTAGGTCATAA-1,3.4406488080609483,T-FAP,Denervated
TACTTGTCAACGTATC-1,24.354878348488572,T-FAP,Denervated
TACTTGTGTCTTCGAA-1,3.3423445564020646,T-FAP,Denervated
TACTTGTGTGGACCAA-1-1,8.601622020152371,Stromal,Denervated
TACTTGTGTTCGATTG-1,7.790611943966577,Stromal,Denervated
TAGACCACACGTAACT-1,0.8355861391005162,T-FAP,Denervated
TAGACCACATTCAGGT-1,24.428606537232735,Stromal,Denervated
TAGACCAGTCGTGATT-1,22.782010321946427,Stromal,Denervated
TAGACCATCGTCTCAC-1,3.538953059719833,T-FAP,Denervated
TAGACCATCGTGACTA-1,8.626198083067091,T-FAP,Denervated
TAGACCATCTGCATGA-1,24.99385598427132,Stromal,Denervated
TAGACTGAGCGACCCT-1,12.189727205701645,Stromal,Denervated
TAGACTGCACACCTGG-1,14.278692553452938,Stromal,Denervated
TAGACTGTCTCGCAGG-1,17.154091914475302,T-FAP,Denervated
TAGAGTCGTCGTACTA-1,0.2457606291472106,T-FAP,Denervated
TAGATCGGTAGAGGAA-1,18.628655689358563,Stromal,Denervated
TAGATCGGTTAAGGAT-1,6.3897763578274756,T-FAP,Denervated
TAGATCGGTTCGATTG-1,4.595723765052838,T-FAP,Denervated
TAGATCGTCGCAGAGA-1,15.826984517080364,Stromal,Denervated
TAGCACAAGGGAGGTG-1,22.60997788154338,Tenogenic-progenitor,Denervated
TAGGAGGGTATTCTCT-1,17.89137380191693,Tenogenic-progenitor,Denervated
TAGGGTTGTGGAAATT-1,1.2779552715654952,T-FAP,Denervated
TAGGGTTTCGGAGTGA-1,4.374539198820349,T-FAP,Denervated
TAGGGTTTCTTCACGC-1,16.318505775374785,Tenogenic-progenitor,Denervated
TAGGTACAGAATTGTG-1,8.503317768493487,Stromal,Denervated
TAGGTACCAACGTAAA-1,14.868518063406242,Tenogenic-progenitor,Denervated
TAGGTACGTATTTCCT-1,2.433030228557385,T-FAP,Denervated
TAGGTTGGTAGATGTA-1,45.63774883263701,Tenogenic-progenitor,Denervated
TAGTGCAAGTGCCCGT-1,10.6168591791595,Tenogenic-progenitor,Denervated
TAGTGCATCAGTGTTG-1,7.15163430818383,T-FAP,Denervated
TAGTGCATCGTCAAAC-1,14.59818137134431,Tenogenic-progenitor,Denervated
TATATCCGTCCCTAAA-1,32.71073973949373,Stromal,Denervated
TATATCCTCACGATAC-1,37.67510444826739,TSPC,Denervated
TATATCCTCGCTGTCT-1,9.363479970508724,Stromal,Denervated
TATATCCTCGTAACTG-1,11.894814450724994,T-FAP,Denervated
TATCAGGGTATCCTTT-1,12.189727205701645,T-FAP,Denervated
TATCCTAGTGCTCTCT-1,9.486360285082329,Stromal,Denervated
TATCGCCGTAGTCCTA-1,16.90833128532809,Stromal,Denervated
TATTCCAAGGCTCTCG-1,18.923568444335217,Tenogenic-progenitor,Denervated
TATTCCAAGTTTGCTG-1,16.12189727205702,Tenogenic-progenitor,Denervated
TATTCCAGTGAGGATC-1,4.349963135905628,T-FAP,Denervated
TATTCCAGTTCGAAGG-1,28.827721798967804,Tenogenic-progenitor,Denervated
TATTCCATCGTCTCAC-1,2.8753993610223643,T-FAP,Denervated
TATTCCATCGTGACTA-1,5.947407225362497,T-FAP,Denervated
TATTGCTTCGGCTTCT-1,22.536249692799213,Stromal,Denervated
TATTGCTTCTAACGGT-1,21.28287048414844,Stromal,Denervated
TATTGGGCACCTTCCA-1,10.051609732120914,T-FAP,Denervated
TATTTCGCACAATGTC-1,16.564266404521995,Stromal,Denervated
TATTTCGGTGTTAGCT-1,17.498156795281396,Tenogenic-progenitor,Denervated
TCAAGACTCAGGGTAG-1,3.9075940034406487,T-FAP,Denervated
TCAAGCAAGCCGTAAG-1,21.52863111329565,Stromal,Denervated
TCAAGCAAGGAACGCT-1,0.17203244040304744,T-FAP,Denervated
TCAAGCAAGTTCCTGA-1,1.5237159007127057,T-FAP,Denervated
TCAAGCACATCGGATT-1,0.19660850331776847,T-FAP,Denervated
TCAAGCAGTCTAGATC-1,2.359302039813222,T-FAP,Denervated
TCAAGCATCGTAGAGG-1,13.934627672646844,Tenogenic-progenitor,Denervated
TCAAGTGTCCCGTAAA-1,3.538953059719833,T-FAP,Denervated
TCAATCTAGGGACAGG-1,14.008355861391006,T-FAP,Denervated
TCAATCTCAGAGTCTT-1,12.115999016957483,T-FAP,Denervated
TCACAAGGTGTGTGGA-1,13.83632342098796,Stromal,Denervated
TCACACCAGCCTGCCA-1,8.380437453919882,Stromal,Denervated
TCACACCAGTGGCGAT-1,8.994839026787908,Stromal,Denervated
TCACACCCATCCAACA-1,42.54116490538215,Stromal,Denervated
TCACACCGTATCACCA-1,12.50921602359302,Tenogenic-progenitor,Denervated
TCACACCGTGCTGCAC-1,53.69869746866552,Stromal,Denervated
TCACATTGTCAGTTTG-1,3.8830179405259275,Stromal,Denervated
TCACATTGTCGGCCTA-1,51.38854755468174,TSPC,Denervated
TCACATTGTTATAGAG-1,45.80978127304006,Tenogenic-progenitor,Denervated
TCACGCTAGTTGGGAC-1,25.215040550503808,Tenogenic-progenitor,Denervated
TCACGCTGTGGCATCC-1,0.6144015728680265,T-FAP,Denervated
TCACGCTTCCGCAACG-1,41.3123617596461,Tenogenic-progenitor,Denervated
TCACGCTTCTTCTGTA-1,5.357581715409192,T-FAP,Denervated
TCACGGGGTTCTGACA-1,18.014254116490537,T-FAP,Denervated
TCACTATCAGGGCTTC-1,6.070287539936102,T-FAP,Denervated
TCACTATGTACCTATG-1,32.21921848119931,TSPC,Denervated
TCACTATTCCATTCGC-1,16.244777586630622,Stromal,Denervated
TCACTCGTCCAGCACG-1,25.46080117965102,Stromal,Denervated
TCAGCCTAGGTAACTA-1,40.57507987220447,Tenogenic-progenitor,Denervated
TCAGGGCCAAAGGGTC-1,0.5652494470385844,T-FAP,Denervated
TCAGGTACAGAGATGC-1,29.466699434750552,Stromal,Denervated
TCAGTCCCACCCTATC-1,9.117719341361514,Stromal,Denervated
TCAGTCCGTTCCGCGA-1,10.42025067584173,Stromal,Denervated
TCAGTCCTCACCATCC-1,6.02113541410666,Stromal,Denervated
TCAGTCCTCAGCGCAC-1,0.14745637748832638,T-FAP,Denervated
TCAGTTTAGCGTATGG-1,0.19660850331776847,T-FAP,Denervated
TCAGTTTGTTGGGTTT-1,22.60997788154338,Tenogenic-progenitor,Denervated
TCATACTCAGGAGGTT-1,13.393954288522977,Tenogenic-progenitor,Denervated
TCATACTTCCTTCAGC-1,13.541410666011306,Tenogenic-progenitor,Denervated
TCATACTTCGCCGAAC-1,44.55640206438928,Tenogenic-progenitor,Denervated
TCATATCGTTCTCCTG-1,42.221676087490785,TSPC,Denervated
TCATATCTCCTCTAAT-1,10.936347997050873,Stromal,Denervated
TCATCATAGCTAATCC-1,5.652494470385845,T-FAP,Denervated
TCATCCGAGAATCGCG-1,5.234701400835586,Tenogenic-progenitor,Denervated
TCATCCGAGTCGAAAT-1,20.914229540427623,Stromal,Denervated
TCATCCGGTATCGCAT-1,23.12607520275252,Tenogenic-progenitor,Denervated
TCATGCCAGAAGCTGC-1,23.42098795772917,Stromal,Denervated
TCATGCCCAAACGTGG-1,20.471860407962645,Stromal,Denervated
TCATGCCTCTAACGGT-1,10.42025067584173,Tenogenic-progenitor,Denervated
TCATGTTCAGAGGAAA-1,28.139592037355616,Tenogenic-progenitor,Denervated
TCATGTTCATTGGCAT-1,45.662324895551734,TSPC,Denervated
TCATGTTGTTACACAC-1,20.471860407962645,Tenogenic-progenitor,Denervated
TCATGTTTCTTCGGAA-1,10.518554927500615,T-FAP,Denervated
TCATTACCAGTCGGTC-1,54.55885967068076,TSPC,Denervated
TCATTACGTCATCACA-1,13.148193659375767,Tenogenic-progenitor,Denervated
TCATTCAGTCTGCATA-1,16.072745146227575,Tenogenic-progenitor,Denervated
TCATTCATCTCAGTCC-1,23.593020398132218,Tenogenic-progenitor,Denervated
TCATTGTCACGAGAAC-1,5.431309904153355,T-FAP,Denervated
TCATTGTGTGGTAACG-1,21.061685917915952,Stromal,Denervated
TCATTGTTCCACGTAA-1,0.19660850331776847,T-FAP,Denervated
TCATTGTTCCGGTAGC-1,27.57434259031703,Tenogenic-progenitor,Denervated
TCATTTGAGGCCTTCG-1,10.027033669206194,T-FAP,Denervated
TCATTTGCAACCGTAT-1,26.615876136642907,T-FAP,Denervated
TCATTTGCAATGAAAC-1,20.12779552715655,Tenogenic-progenitor,Denervated
TCATTTGTCAGTGTCA-1,13.344802162693536,Tenogenic-progenitor,Denervated
TCCACCACACGAAGAC-1,15.704104202506757,Tenogenic-progenitor,Denervated
TCCACCAGTAGTGCGA-1,67.87908577045957,TSPC,Denervated
TCCAGAAAGGTGAGAA-1,6.930449741951339,Tenogenic-progenitor,Denervated
TCCAGAACAACCACGC-1,58.68763824035389,Stromal,Denervated
TCCAGAACAGTCTCTC-1,0.6635536986974687,T-FAP,Denervated
TCCATCGAGGAACATT-1,19.71000245760629,T-FAP,Denervated
TCCATGCTCTGGGCCA-1,7.200786434013271,T-FAP,Denervated
TCCCACACAAACGAGC-1,7.569427377734087,Stromal,Denervated
TCCCACACATGGCTGC-1-1,11.083804374539199,T-FAP,Denervated
TCCCAGTAGGTGAGAA-1,20.914229540427623,Stromal,Denervated
TCCCAGTTCTCGAACA-1,25.681985745883512,Tenogenic-progenitor,Denervated
TCCCATGGTGCCCTTT-1,11.403293192430572,Stromal,Denervated
TCCGAAAGTCGAATGG-1,7.594003440648808,Tenogenic-progenitor,Denervated
TCCGGGACAGAAGCTG-1,7.987220447284344,Stromal,Denervated
TCCGGGAGTCGTACAT-1,16.73629884492504,Stromal,Denervated
TCCGTGTTCTACACAG-1,23.15065126566724,Stromal,Denervated
TCCTAATAGTGCAACG-1,0.8355861391005162,T-FAP,Denervated
TCCTCCCCAAGCGCAA-1,0.17203244040304744,T-FAP,Denervated
TCCTCCCCACTGCACG-1,9.412632096338166,T-FAP,Denervated
TCCTCCCCACTTACAG-1,18.407471123126076,Tenogenic-progenitor,Denervated
TCCTCGACACCAGGTC-1,0.02457606291472106,T-FAP,Denervated
TCCTCGAGTTCAGGTT-1,10.543130990415335,Tenogenic-progenitor,Denervated
TCCTCTTGTAATGATG-1,11.477021381174737,Stromal,Denervated
TCCTCTTGTACGGATG-1,8.626198083067091,Tenogenic-progenitor,Denervated
TCCTCTTTCGATTGGT-1,1.6711722782010323,T-FAP,Denervated
TCCTGCAAGACAGTCG-1,11.182108626198083,T-FAP,Denervated
TCCTGCACAACACAGG-1,19.292209388056033,Tenogenic-progenitor,Denervated
TCCTGCACACCAAATC-1,3.538953059719833,T-FAP,Denervated
TCCTGCATCCCATGGG-1,6.070287539936102,Stromal,Denervated
TCCTTCTCAAGCAGGT-1,12.410911771934135,Stromal,Denervated
TCCTTCTCAGCTGTAT-1,0.4915212582944212,T-FAP,Denervated
TCCTTCTCATATAGCC-1,18.33374293438191,Tenogenic-progenitor,Denervated
TCCTTTCAGGTTGAGC-1,12.92700909314328,T-FAP,Denervated
TCGAACACATGAGGGT-1,11.477021381174737,Stromal,Denervated
TCGAACAGTCTCGGAC-1,7.249938559842713,T-FAP,Denervated
TCGAACAGTGCCAAGA-1,16.146473334971738,Stromal,Denervated
TCGAAGTGTTACCTTT-1,1.4499877119685427,T-FAP,Denervated
TCGACCTTCATAGCAC-1,11.919390513639714,Stromal,Denervated
TCGACGGAGGGAGGTG-1,13.83632342098796,Stromal,Denervated
TCGACGGGTATTGGCT-1,11.010076185795036,Tenogenic-progenitor,Denervated
TCGACGGGTGCAATAA-1,3.7601376259523223,T-FAP,Denervated
TCGATTTCAAGTTGGG-1,5.8982550995330545,Stromal,Denervated
TCGATTTTCCTATGGA-1,22.92946669943475,Stromal,Denervated
TCGCACTCAAGCTGTT-1,47.063160481690836,TSPC,Denervated
TCGCACTTCATGCCCT-1,4.448267387564512,T-FAP,Denervated
TCGCTCAGTGTTAAAG-1,13.271073973949374,T-FAP,Denervated
TCGCTTGAGAGGGTGG-1,14.008355861391006,T-FAP,Denervated
TCGCTTGAGCCGTTGC-1,47.554681739985256,Stromal,Denervated
TCGCTTGAGGCTCAAG-1,9.461784222167609,T-FAP,Denervated
TCGGATAAGTCGCCCA-1,14.008355861391006,Stromal,Denervated
TCGGGCATCGCTGACG-1,12.582944212337182,Tenogenic-progenitor,Denervated
TCGGGTGCATTGAAAG-1,20.668468911280414,T-FAP,Denervated
TCGGGTGGTTGCGAAG-1,4.227082821332022,T-FAP,Denervated
TCGGTCTGTCTAATCG-1,7.987220447284344,Stromal,Denervated
TCGTAGAGTCTAACTG-1,9.142295404276235,Stromal,Denervated
TCGTAGAGTGCAGATG-1,8.503317768493487,Tenogenic-progenitor,Denervated
TCGTAGATCCTAAACG-1,3.7355615630376016,Stromal,Denervated
TCGTCCACAACCGATT-1,3.538953059719833,T-FAP,Denervated
TCGTGCTGTTCGCGTG-1,23.765052838535265,Stromal,Denervated
TCGTGGGAGAGAAGGT-1,0.4423691324649791,T-FAP,Denervated
TCGTGGGAGCAAGCCA-1,5.234701400835586,T-FAP,Denervated
TCTAACTAGTAAATGC-1,10.838043745391989,Tenogenic-progenitor,Denervated
TCTACATCATTCTGTT-1,1.0076185795035637,T-FAP,Denervated
TCTACATGTAGTCGGA-1,24.625215040550504,Tenogenic-progenitor,Denervated
TCTACATGTGTTTACG-1,13.615138854755468,Stromal,Denervated
TCTACATGTTAAGGAT-1,15.53207176210371,Tenogenic-progenitor,Denervated
TCTACCGAGACTGGGT-1,14.868518063406242,Tenogenic-progenitor,Denervated
TCTACCGAGGCATCTT-1,14.622757434259032,Tenogenic-progenitor,Denervated
TCTACCGCATAGTCGT-1,5.406733841238633,T-FAP,Denervated
TCTACCGGTCTCAGAT-1,1.1059228311624476,T-FAP,Denervated
TCTATACAGTGGCAGT-1,0.19660850331776847,T-FAP,Denervated
TCTATCACAGCATACT-1,20.57016465962153,Stromal,Denervated
TCTCACGGTTGCCGCA-1,3.538953059719833,Stromal,Denervated
TCTCAGCGTCGCTTGG-1,0.7127058245269108,T-FAP,Denervated
TCTCAGCTCAAGCGTT-1,7.348242811501597,Stromal,Denervated
TCTCCGAAGAGCTGAC-1,13.83632342098796,Stromal,Denervated
TCTCCGAAGATGCTTC-1,13.811747358073237,T-FAP,Denervated
TCTCTGGAGCATCAAA-1,13.443106414352421,Tenogenic-progenitor,Denervated
TCTGCCATCGAACTCA-1,8.503317768493487,T-FAP,Denervated
TCTGCCATCGAGAACG-1,20.029491275497666,Stromal,Denervated
TCTGGCTTCGCGGACT-1,47.849594494961906,TSPC,Denervated
TCTGTCGAGGACAGCT-1,28.827721798967804,Tenogenic-progenitor,Denervated
TCTGTCGAGTACCCTA-1,60.063897763578275,TSPC,Denervated
TCTTAGTGTATCGAGG-1,17.621037109855,Stromal,Denervated
TCTTCCTAGTTCCAGT-1,24.944703858441876,Tenogenic-progenitor,Denervated
TCTTCCTCAATAGAGT-1,20.10321946424183,T-FAP,Denervated
TCTTCCTGTTGGATCT-1,7.225362496927993,T-FAP,Denervated
TCTTGCGCAGCGTAGA-1,11.624477758663062,Tenogenic-progenitor,Denervated
TCTTTGACACGCGCTA-1,7.618579503563529,Stromal,Denervated
TCTTTGACACTGGACC-1,15.704104202506757,Stromal,Denervated
TCTTTGACAGGGCTTC-1,18.5549275006144,Tenogenic-progenitor,Denervated
TCTTTGACAGTCTGGC-1,7.569427377734087,Tenogenic-progenitor,Denervated
TCTTTGAGTTCGGCGT-1,7.249938559842713,T-FAP,Denervated
TCTTTGATCAACCGAT-1,3.1703121159990166,Stromal,Denervated
TGAACGTCACGCGCTA-1,26.320963381666257,T-FAP,Denervated
TGAACGTCATGCTGCG-1,3.7109855001228804,T-FAP,Denervated
TGAACGTGTGGCCACT-1,30.081101007618578,Tenogenic-progenitor,Denervated
TGAATCGCAATACGCT-1,19.808306709265175,Stromal,Denervated
TGAATCGTCGCAATTG-1,7.348242811501597,Stromal,Denervated
TGACAGTAGATTCGAA-1,6.193167854509707,T-FAP,Denervated
TGACAGTAGGTTGCCC-1,35.04546571639223,TSPC,Denervated
TGACAGTAGTGCGACA-1,17.301548291963627,T-FAP,Denervated
TGACAGTTCTGCCTCA-1,0.39321700663553694,T-FAP,Denervated
TGACCCTTCGACCAAT-1,7.938068321454902,Tenogenic-progenitor,Denervated
TGACTCCCATGACGGA-1,0.3194888178913738,T-FAP,Denervated
TGACTCCGTCTTACTT-1,17.17866797739002,Stromal,Denervated
TGAGACTTCTGGCTGG-1,6.119439665765544,T-FAP,Denervated
TGAGCATCAGAGAATT-1,13.590562791840746,Tenogenic-progenitor,Denervated
TGAGCATGTCTATGAC-1,1.8432047186040796,T-FAP,Denervated
TGAGCATGTTCGTGCG-1,7.127058245269108,T-FAP,Denervated
TGAGCGCAGTTAACAG-1,8.183828950602114,Stromal,Denervated
TGAGCGCCACAAGCAG-1,10.960924059965594,Tenogenic-progenitor,Denervated
TGAGGAGCATGAAAGT-1,2.433030228557385,T-FAP,Denervated
TGAGGGATCTTTCGAT-1,7.766035881051855,T-FAP,Denervated
TGAGGTTAGCATGTTC-1,11.35414106660113,T-FAP,Denervated
TGAGGTTCACCCAAGC-1,22.978618825264192,Tenogenic-progenitor,Denervated
TGAGGTTCACTCCGAG-1,33.10395674612927,Tenogenic-progenitor,Denervated
TGAGTCAAGACATCCT-1,2.850823298107643,Stromal,Denervated
TGAGTCATCAAGGACG-1,3.3669206193167858,T-FAP,Denervated
TGAGTCATCCGTTGGG-1-1,7.372818874416319,T-FAP,Denervated
TGATCAGAGGACACTG-1,53.94445809781273,TSPC,Denervated
TGATCAGCACCCTAGG-1,11.649053821577784,Stromal,Denervated
TGATCTTAGATGCAGC-1,17.621037109855,Stromal,Denervated
TGATCTTGTAAGCGGT-1,16.12189727205702,Tenogenic-progenitor,Denervated
TGATGCACACAGAAGC-1,38.314082084050135,TSPC,Denervated
TGATGCATCTGGCCAG-1,3.2931924305726223,Stromal,Denervated
TGATGGTAGAGCAAGA-1,0.17203244040304744,T-FAP,Denervated
TGATTCTCAGCTAACT-1,6.24231998033915,T-FAP,Denervated
TGATTCTCATGACCCG-1,10.64143524207422,Stromal,Denervated
TGCACGGAGACTGAGC-1,0.19660850331776847,T-FAP,Denervated
TGCACGGCACCTGTCT-1,6.48808060948636,T-FAP,Denervated
TGCACGGCACTCATAG-1,7.200786434013271,Stromal,Denervated
TGCACGGGTCCTCAGG-1,0.9584664536741214,T-FAP,Denervated
TGCAGATCATTCACAG-1,1.0076185795035637,T-FAP,Denervated
TGCAGTACATATGCGT-1,34.603096583927254,Tenogenic-progenitor,Denervated
TGCAGTAGTAAGTAGT-1,6.24231998033915,Tenogenic-progenitor,Denervated
TGCATCCAGGACAGTC-1,7.127058245269108,T-FAP,Denervated
TGCATCCAGTCCCGGT-1,0.09830425165888423,T-FAP,Denervated
TGCATGAAGGCCGCTT-1,52.248709756696975,Tenogenic-progenitor,Denervated
TGCATGACATGACTGT-1,11.919390513639714,T-FAP,Denervated
TGCCGAGAGTACTGGG-1,1.4499877119685427,T-FAP,Denervated
TGCGACGCAGTAACCT-1,15.261735070041778,Tenogenic-progenitor,Denervated
TGCGATACACCATAAC-1,23.543868272302777,Stromal,Denervated
TGCGATAGTTAATGAG-1,24.649791103465223,Stromal,Denervated
TGCGGGTAGAACTTCC-1,3.0228557385106902,T-FAP,Denervated
TGCGGGTGTGGATGAC-1,15.900712705824526,Stromal,Denervated
TGCGGGTTCCTTATAC-1,6.438928483656918,Tenogenic-progenitor,Denervated
TGCTCCACATCGGAAG-1,9.560088473826493,Stromal,Denervated
TGCTCCAGTGGGATTG-1,11.403293192430572,T-FAP,Denervated
TGCTCCAGTTGAGTCT-1,10.248218235438683,T-FAP,Denervated
TGCTCCATCGCAGATT-1-1,11.403293192430572,T-FAP,Denervated
TGCTCGTAGTAGGAAG-1,15.77783239125092,Tenogenic-progenitor,Denervated
TGCTCGTCATACTTTC-1,6.7338412386335715,T-FAP,Denervated
TGCTCGTGTGTGCTTA-1,34.52936839518309,TSPC,Denervated
TGCTGAAGTATCGAGG-1,82.8459080855247,TSPC,Denervated
TGCTGAATCAAGTTGC-1,15.48291963627427,T-FAP,Denervated
TGCTTCGAGAATCGTA-1,0.6635536986974687,T-FAP,Denervated
TGCTTGCAGTTACTCG-1,0.9830425165888425,T-FAP,Denervated
TGCTTGCGTGCCTATA-1,65.59351191939051,TSPC,Denervated
TGGAACTGTGGCTTAT-1,17.055787662816417,Stromal,Denervated
TGGAACTGTTGTCTAG-1,29.09805849102974,T-FAP,Denervated
TGGAGAGGTCTTGCTC-1,11.010076185795036,T-FAP,Denervated
TGGAGAGGTTGTGCCG-1,11.280412877856968,T-FAP,Denervated
TGGAGAGTCGCGTGCA-1,21.30744654706316,Tenogenic-progenitor,Denervated
TGGATCAAGTTCTCTT-1,22.511673629884495,Tenogenic-progenitor,Denervated
TGGATGTAGGCCTGCT-1,41.70557876628164,TSPC,Denervated
TGGATGTGTATGTCCA-1,75.74342590317032,T-FAP,Denervated
TGGCGTGCATCAACCA-1,3.956746129270091,T-FAP,Denervated
TGGCGTGGTCACTTCC-1,14.79478987466208,Tenogenic-progenitor,Denervated
TGGGAAGCAACACTAC-1,50.700417793069555,TSPC,Denervated
TGGGAAGTCACTGCTC-1,3.7355615630376016,T-FAP,Denervated
TGGGAGATCTGAGGCC-1,6.856721553207176,T-FAP,Denervated
TGGGATTGTGTATTCG-1,21.061685917915952,Stromal,Denervated
TGGGCGTCACAGCGCT-1,17.621037109855,Stromal,Denervated
TGGGCGTGTGGATTTC-1,14.401572868026541,Stromal,Denervated
TGGGCTGAGCCTTTGA-1,6.291472106168591,Stromal,Denervated
TGGGCTGTCACAAGGG-1,25.73113787171295,TSPC,Denervated
TGGTAGTAGGACTAAT-1,0.6389776357827476,T-FAP,Denervated
TGGTAGTTCATTCCTA-1,20.8896534775129,Tenogenic-progenitor,Denervated
TGGTGATCAAAGCTAA-1,10.64143524207422,T-FAP,Denervated
TGGTGATCATAGGTAA-1,2.678790857704596,T-FAP,Denervated
TGGTTAGGTACTCAAC-1,0.3686409437208159,T-FAP,Denervated
TGGTTAGTCACTCACC-1,13.492258540181862,Stromal,Denervated
TGTAACGGTCACCCTT-1,24.99385598427132,T-FAP,Denervated
TGTAACGTCCTACTGC-1,36.07766035881052,Stromal,Denervated
TGTAAGCCAGCTAACT-1,1.7449004669451953,T-FAP,Denervated
TGTAAGCGTCAACGCC-1,14.426148930941263,T-FAP,Denervated
TGTAAGCGTGAGTTTC-1,26.56672401081347,Stromal,Denervated
TGTAGACCATCAGCGC-1,27.893831408208403,TSPC,Denervated
TGTCAGAAGACGATAT-1,19.0218726959941,Stromal,Denervated
TGTCAGATCCATGCAA-1,20.987957729171786,Stromal,Denervated
TGTCCACCAGCATTGT-1,6.586384861145245,T-FAP,Denervated
TGTCCACGTATGGGAC-1,10.42025067584173,Stromal,Denervated
TGTCCACGTCTACTGA-1,5.77537478495945,T-FAP,Denervated
TGTCCACGTTCCCAAA-1,18.33374293438191,Tenogenic-progenitor,Denervated
TGTCCTGAGCAATAGT-1,0.9830425165888425,T-FAP,Denervated
TGTCCTGAGTTGTAGA-1,14.524453182600148,Stromal,Denervated
TGTCCTGCACAACGAG-1,25.04300811010076,Stromal,Denervated
TGTCCTGCACCTGCGA-1,15.015974440894569,Tenogenic-progenitor,Denervated
TGTCCTGGTCGCACGT-1,20.84050135168346,Stromal,Denervated
TGTGATGAGCCTCTTC-1,15.826984517080364,Stromal,Denervated
TGTGATGCAATTTCCT-1,10.027033669206194,Stromal,Denervated
TGTGATGCACGACGCT-1,0.14745637748832638,T-FAP,Denervated
TGTGCGGGTCATGCAT-1,53.52666502826248,TSPC,Denervated
TGTGTGATCACCATAG-1,44.43352174981568,Tenogenic-progenitor,Denervated
TGTGTGATCGGACCAC-1,11.57532563283362,Stromal,Denervated
TGTTCATAGAGTCGAC-1,53.919882034898016,TSPC,Denervated
TGTTCATCAGACCGCT-1,1.5974440894568689,T-FAP,Denervated
TGTTCCGCAAGCTCTA-1,11.894814450724994,T-FAP,Denervated
TGTTCCGTCTTACGGA-1,3.6618333742934386,T-FAP,Denervated
TGTTCTAAGTATAGGT-1,19.90661096092406,Tenogenic-progenitor,Denervated
TGTTCTACAGCGACAA-1,16.539690341607276,T-FAP,Denervated
TGTTGAGCACATGGTT-1,10.838043745391989,T-FAP,Denervated
TGTTGAGGTTAAGCAA-1,20.398132219218482,Stromal,Denervated
TGTTGGACAGCACAGA-1,20.84050135168346,Stromal,Denervated
TGTTGGACAGTTCCAA-1,3.3669206193167858,T-FAP,Denervated
TGTTGGAGTCAGCGTC-1,34.55394445809781,Stromal,Denervated
TGTTGGAGTTCAGCGC-1,19.488817891373802,Tenogenic-progenitor,Denervated
TGTTGGATCAGATGCT-1,16.048169083312853,Tenogenic-progenitor,Denervated
TGTTTGTAGGATCATA-1,21.28287048414844,TSPC,Denervated
TGTTTGTCATATCTGG-1,24.10911771934136,T-FAP,Denervated
TTAATCCAGGTGGCTA-1,36.27426886212829,Stromal,Denervated
TTAATCCGTCTCTCTG-1,4.1287785696731385,T-FAP,Denervated
TTAATCCTCCAGCTCT-1,4.571147702138117,T-FAP,Denervated
TTAATCCTCTGGGAGA-1,43.57335954780044,TSPC,Denervated
TTACAGGCAGGCCTGT-1,15.065126566724011,T-FAP,Denervated
TTACAGGGTGGTATGG-1,62.57065618087982,TSPC,Denervated
TTACAGGTCTACGGGC-1,5.160973212091423,T-FAP,Denervated
TTACCATCATCATTTC-1,9.461784222167609,T-FAP,Denervated
TTACCGCCAACAGAGC-1,16.097321209142297,T-FAP,Denervated
TTACCGCGTGCGAACA-1,4.15335463258786,Stromal,Denervated
TTACGCCTCGGCGATC-1,56.8198574588351,TSPC,Denervated
TTACGTTCAAGTGGTG-1,12.04227082821332,Tenogenic-progenitor,Denervated
TTACGTTTCGCACGAC-1,21.454902924551487,Stromal,Denervated
TTACTGTAGAAAGTCT-1,8.405013516834604,Stromal,Denervated
TTACTGTAGTATAGAC-1,10.543130990415335,Tenogenic-progenitor,Denervated
TTACTGTGTCTCGGGT-1,7.225362496927993,T-FAP,Denervated
TTAGGGTGTATTCCGA-1,19.71000245760629,Stromal,Denervated
TTAGTCTGTTACGGAG-1,37.945441140329315,Stromal,Denervated
TTAGTCTGTTGGGCCT-1,0.4915212582944212,Stromal,Denervated
TTAGTCTTCAAGCCCG-1,13.197345785205211,Stromal,Denervated
TTAGTCTTCAGGTAAA-1,10.125337920865077,Stromal,Denervated
TTATTGCCAAGAGTGC-1,10.739739493733104,Stromal,Denervated
TTATTGCCAATTGCCA-1,2.334725976898501,T-FAP,Denervated
TTATTGCTCCCGTGTT-1,16.515114278692554,Stromal,Denervated
TTCAATCTCCGTTTCG-1,83.2145490292455,TSPC,Denervated
TTCACGCAGTATCTGC-1,17.89137380191693,Stromal,Denervated
TTCACGCGTGGACCAA-1,14.401572868026541,Stromal,Denervated
TTCACGCTCCTCTAGC-1,22.60997788154338,Tenogenic-progenitor,Denervated
TTCACGCTCTATCCAT-1,17.69476529859916,Stromal,Denervated
TTCAGGAGTTAGAAAC-1,16.859179159498648,Tenogenic-progenitor,Denervated
TTCATGTCAGATTCGT-1,20.8896534775129,Tenogenic-progenitor,Denervated
TTCATTGCATGACTGT-1,7.86434013271074,Tenogenic-progenitor,Denervated
TTCATTGGTGCCTTCT-1,9.781273040058982,Stromal,Denervated
TTCATTGGTTCGTAAC-1,4.15335463258786,T-FAP,Denervated
TTCATTGTCGAGAGAC-1,7.594003440648808,Stromal,Denervated
TTCCAATCAACCGTGC-1,16.637994593266157,Tenogenic-progenitor,Denervated
TTCCAATGTAGACGGT-1,0.6881297616121897,T-FAP,Denervated
TTCCACGCAGCTGTAT-1,14.254116490538216,Tenogenic-progenitor,Denervated
TTCCGGTAGAGCAGAA-1,16.44138608994839,Tenogenic-progenitor,Denervated
TTCCGGTGTAGGTAGC-1,7.569427377734087,Tenogenic-progenitor,Denervated
TTCCGTGCACTGTGAT-1,8.405013516834604,Tenogenic-progenitor,Denervated
TTCCGTGTCCTCATAT-1,9.535512410911771,Tenogenic-progenitor,Denervated
TTCCGTGTCGCGTTTC-1,13.443106414352421,Stromal,Denervated
TTCCTAAGTTGGGAAC-1,11.624477758663062,Tenogenic-progenitor,Denervated
TTCCTCTGTACCCGCA-1,2.7033669206193167,T-FAP,Denervated
TTCCTCTTCTTGAGCA-1,6.586384861145245,T-FAP,Denervated
TTCCTTCAGGACAGTC-1,20.8896534775129,Tenogenic-progenitor,Denervated
TTCCTTCAGGTCGTCC-1,19.46424182845908,Stromal,Denervated
TTCCTTCGTCGCTGCA-1,11.894814450724994,Tenogenic-progenitor,Denervated
TTCGCTGGTAGCTGAG-1,10.518554927500615,Stromal,Denervated
TTCGCTGTCGAGAAGC-1,18.210862619808307,Stromal,Denervated
TTCGGTCAGTTTGAGA-1,4.890636520029491,T-FAP,Denervated
TTCGGTCGTCACCTTC-1,7.987220447284344,T-FAP,Denervated
TTCTAACCAGTAGATA-1,9.363479970508724,T-FAP,Denervated
TTCTAACCATGTGTCA-1,4.15335463258786,T-FAP,Denervated
TTCTAACGTGGATGAC-1,0.14745637748832638,T-FAP,Denervated
TTCTAACGTTATGTCG-1,18.33374293438191,Stromal,Denervated
TTCTAGTAGGTACAAT-1,5.013516834603097,T-FAP,Denervated
TTCTAGTAGTTCTCTT-1,12.4846399606783,Tenogenic-progenitor,Denervated
TTCTAGTGTCTAGATC-1,15.704104202506757,Stromal,Denervated
TTCTCTCAGATAGCAT-1,7.790611943966577,Tenogenic-progenitor,Denervated
TTCTCTCAGCCTCTTC-1,15.704104202506757,Stromal,Denervated
TTCTCTCAGTGTAGTA-1,13.148193659375767,T-FAP,Denervated
TTCTCTCCAATTGCCA-1,6.905873679036619,T-FAP,Denervated
TTCTCTCCACCTTCCA-1,27.525190464487586,Stromal,Denervated
TTCTCTCGTCGGAAAC-1,10.6168591791595,Stromal,Denervated
TTCTGTACAGGAATAT-1,15.900712705824526,Tenogenic-progenitor,Denervated
TTCTTGACACGGGTAA-1,7.15163430818383,Stromal,Denervated
TTCTTGATCAAACCTG-1,9.166871467190955,T-FAP,Denervated
TTCTTGATCCGATAAC-1,30.572622265913,Tenogenic-progenitor,Denervated
TTCTTGATCTTACCAT-1,26.001474563774885,T-FAP,Denervated
TTGAACGCACGGCCAT-1,3.538953059719833,T-FAP,Denervated
TTGAACGGTAAGATTG-1,14.426148930941263,Tenogenic-progenitor,Denervated
TTGAACGGTCTACATG-1,7.790611943966577,T-FAP,Denervated
TTGAACGTCGCTGTTC-1,7.200786434013271,Stromal,Denervated
TTGACCCCAAGTGATA-1,24.182845908085522,Stromal,Denervated
TTGAGTGCAGACAAGC-1,1.0076185795035637,T-FAP,Denervated
TTGATGGAGCAGGTCA-1,5.062668960432538,T-FAP,Denervated
TTGATGGAGTGAGGCT-1,3.7355615630376016,T-FAP,Denervated
TTGATGGCATCCGTGG-1,27.402310149913983,Stromal,Denervated
TTGCATTAGCAAGGAA-1,5.160973212091423,Tenogenic-progenitor,Denervated
TTGCCTGGTCGTACTA-1,9.781273040058982,Stromal,Denervated
TTGCGTCTCTATCCAT-1,17.57188498402556,Stromal,Denervated
TTGCTGCAGACCAGAC-1,25.092160235930205,Stromal,Denervated
TTGCTGCTCCCTCTAG-1,28.803145736053082,Stromal,Denervated
TTGGGATCAAATCGTC-1,27.942983534037847,T-FAP,Denervated
TTGGGCGAGGAACATT-1,0.3686409437208159,T-FAP,Denervated
TTGGGTAAGCATCCTA-1,8.454165642664044,Tenogenic-progenitor,Denervated
TTGGGTATCAATCTTC-1,7.987220447284344,T-FAP,Denervated
TTGGGTATCTCAAAGC-1,0.9338903907594004,T-FAP,Denervated
TTGGTTTAGAATTCAG-1,14.770213811747357,Stromal,Denervated
TTGGTTTAGCGAGTCA-1,53.82157778323913,Stromal,Denervated
TTGGTTTGTTTGAACC-1,19.783730646350456,Stromal,Denervated
TTGTGGAAGGGACAGG-1,22.536249692799213,Stromal,Denervated
TTGTGGAAGGTAACTA-1,38.314082084050135,T-FAP,Denervated
TTGTGGAAGTGTGTTC-1,7.987220447284344,Tenogenic-progenitor,Denervated
TTGTGGAGTAGCTTTG-1,8.405013516834604,T-FAP,Denervated
TTGTTCAAGCATGGGT-1,20.37355615630376,Stromal,Denervated
TTGTTGTCATAAGATG-1,40.00983042516589,Stromal,Denervated
TTGTTGTTCTTTGATC-1,7.127058245269108,T-FAP,Denervated
TTGTTTGTCACCCTTG-1,0.9338903907594004,T-FAP,Denervated
TTGTTTGTCTGTTCAT-1,27.27942983534038,Stromal,Denervated
TTTACCATCCACGTGG-1,7.200786434013271,T-FAP,Denervated
TTTACGTCACTACCCT-1,18.137134431064144,Stromal,Denervated
TTTACGTGTCGTGTTA-1,14.696485623003195,Tenogenic-progenitor,Denervated
TTTACTGTCCGCTGTT-1,21.28287048414844,TSPC,Denervated
TTTACTGTCGTGCATA-1,13.148193659375767,Stromal,Denervated
TTTACTGTCTCGTTTA-1,23.937085278938312,Tenogenic-progenitor,Denervated
TTTAGTCCATTCACCC-1,21.30744654706316,T-FAP,Denervated
TTTAGTCTCTCGGGAC-1,9.04399115261735,T-FAP,Denervated
TTTCACAAGGGCGAGA-1,8.577045957237651,T-FAP,Denervated
TTTCACACAACGTATC-1-1,0.02457606291472106,T-FAP,Denervated
TTTCACAGTACGATTC-1,26.468419759154582,TSPC,Denervated
TTTCACAGTGGACTGA-1,5.726222659130007,T-FAP,Denervated
TTTCAGTAGGTAAGTT-1,1.7449004669451953,T-FAP,Denervated
TTTCAGTCACTGCATA-1,8.33128532809044,Tenogenic-progenitor,Denervated
TTTCAGTGTCATCAGT-1,0.4915212582944212,T-FAP,Denervated
TTTCAGTTCTTACTGT-1,27.623494716146475,Stromal,Denervated
TTTCATGAGCGGACAT-1,21.381174735807324,Stromal,Denervated
TTTCATGTCACATCAG-1,6.881297616121897,T-FAP,Denervated
TTTCCTCAGGGACACT-1,7.8397640697960185,Stromal,Denervated
TTTCCTCGTGCTATTG-1,18.03883017940526,Stromal,Denervated
TTTCCTCTCGACACTA-1,0.6635536986974687,T-FAP,Denervated
TTTCGATCATCTCAAG-1,0.17203244040304744,T-FAP,Denervated
TTTGACTCATACGCAT-1,0.7864340132710739,T-FAP,Denervated
TTTGACTGTTGGAGAC-1,2.0152371590071274,T-FAP,Denervated
TTTGACTTCAAATGAG-1,0.9584664536741214,T-FAP,Denervated
TTTGACTTCCATCGTC-1,10.518554927500615,Tenogenic-progenitor,Denervated
TTTGATCAGTAGTCCT-1,33.39886950110592,Stromal,Denervated
TTTGATCGTAGTCTTG-1,6.586384861145245,T-FAP,Denervated
TTTGGAGAGCATCAGG-1,21.774391742442862,Stromal,Denervated
TTTGGAGGTGGCTTGC-1,44.58097812730401,Stromal,Denervated
TTTGGTTCATACACCA-1,0.17203244040304744,T-FAP,Denervated
TTTGTTGAGAGTGTTA-1,15.48291963627427,Stromal,Denervated
TTTGTTGAGGATCATA-1,9.24059965593512,Tenogenic-progenitor,Denervated
TTTGTTGAGTTTGAGA-1,11.747358073236667,Tenogenic-progenitor,Denervated
TTTGTTGTCATGAAAG-1,28.803145736053082,Stromal,Denervated
