,,Enrichment,Enrichment,Enrichment,Enrichment,Enrichment,Enrichment,Enrichment,Enrichment
,,AUC,NES,MotifSimilarityQvalue,OrthologousIdentity,Annotation,Context,TargetGenes,RankAtMax
TF,MotifID,,,,,,,,
Atf3,transfac_pro__M00691,0.06313594544711668,4.343666995881592,0.00096,1.0,gene is annotated for similar motif transfac_pro__M00513 ('V$ATF3_Q6: ATF3'; q-value = 0.00096),"frozenset({'weight>75.0%', 'activating', 'mm10_500bp_up_100bp_down_full_tx_v10_clust.genes_vs_motifs.rankings'})","[('Klf9', 0.8863079626787186), ('1700056E22Rik', 0.4479008047531352), ('Sertad2', 0.4377971630096825), ('Lin7b', 0.4556361141556541), ('Usp46', 0.3927051638628195), ('9330117O12Rik', 0.4520553047174454), ('Tgfb2', 1.0030603734877497), ('Psd2', 0.4145702101890059), ('Cacna2d3', 0.6708634243762366), ('Rxra', 0.7010658657211238), ('Zfp455', 3.244342492811931), ('Hs3st3a1', 1.1192720742977806), ('Bcl11a', 0.4654460624791481), ('Il17rb', 0.6458183753551886), ('1700037C18Rik', 0.5585003673048977), ('Haus5', 4.353866669900657), ('Stim1', 1.1714520549830605), ('Loxl4', 2.43239177017453), ('Chdh', 0.9810475932952556), ('Gpr34', 0.7609262638295976), ('Phlda1', 0.5142935590618), ('Yap1', 0.4885222870292922), ('Pex5l', 0.8161367093108187), ('Dnajb1', 0.6476193139230765), ('Hspa1a', 0.7025738599052029), ('Col6a5', 0.7728643278942645), ('BB123696', 0.4900944904422556), ('Cpq', 0.4307758166038027), ('Klf15', 0.8139212689373149)]",1110
Atf3,transfac_pro__M01861,0.05592234104005523,3.456674492689769,0.000883,1.0,"gene is annotated for similar motif transfac_pro__M00981 ('V$CREBATF_Q6: CREB, ATF'; q-value = 0.000883)","frozenset({'weight>75.0%', 'activating', 'mm10_500bp_up_100bp_down_full_tx_v10_clust.genes_vs_motifs.rankings'})","[('Slc7a8', 2.810792808769384), ('Tcf20', 0.4531042465526095), ('Zfp36l1', 0.4257832503431664), ('Rfxank', 0.4441521496602402), ('Socs3', 0.7686215479431127), ('Tiparp', 0.4323676262392309), ('Htr2a', 0.4185843967694342), ('Cnnm1', 0.3966319548162207), ('Gdf15', 0.4999040844750257), ('Sema6c', 1.6080787245956825), ('Skida1', 0.6396622413158499), ('Tbc1d4', 0.5461301024883575), ('Eepd1', 0.6551881122759058), ('Nefm', 0.4069611208204682), ('Lhx6', 0.4101501099275612), ('Ltc4s', 0.6801695140577497), ('Sertad2', 0.4377971630096825), ('Carhsp1', 0.3923890581991409), ('Ppp3ca', 0.5194740520095364), ('Anxa9', 0.5731099570247226), ('Hoxa11', 1.5289182763611104), ('Ipo8', 0.4275827105441047), ('Frzb', 1.0349545697415952), ('Bcl11a', 0.4654460624791481), ('Has1', 0.4338035776827014), ('Hspa8', 0.8611687297239004), ('Btg1', 1.9205307086711596), ('Acpp', 0.6417829483144479), ('Tnfaip3', 1.4115386411856057), ('Pex5l', 0.8161367093108187), ('Rxra', 0.7010658657211238), ('Csrnp1', 0.5631574122447586), ('Kcnk6', 0.4166536925819557), ('Twist1', 1.337725637184058), ('Oas3', 0.940477850530165), ('Itprip', 0.6429348551748058), ('Kcng3', 0.4341846059413546), ('Als2cl', 0.5895851663867381), ('Sat1', 0.6482684328535656), ('Dnaja1', 1.1040651813175093), ('Pnrc1', 1.6114398009879138), ('Celf2', 0.514582616011034), ('Epn3', 1.3423287749984671), ('9330117O12Rik', 0.4520553047174454), ('Tfeb', 1.0554927685609203), ('Bag3', 0.6469779571458134), ('Nxph3', 3.451423766996801), ('Rtn4rl2', 0.7468612319036185), ('Unc45b', 0.6551240929304741), ('Sema4a', 0.4529495423636159), ('Triml2', 0.6317909066537747), ('Map3k8', 1.8529707251658527), ('H1f0', 0.9560515603376996), ('Gria3', 1.9187054694647905), ('Rnf128', 1.0662266647897385), ('Plcd4', 0.4899196681203363), ('Sertad1', 0.3949898633392258), ('Nfia', 0.5282953771590625), ('Hs3st3a1', 1.1192720742977806), ('Mettl7a1', 0.4747195392744729), ('Fos', 2.531101183381593), ('Lin7b', 0.4556361141556541), ('4930513N10Rik', 0.6664122520776806), ('Bhlhe40', 0.8147218115829459), ('A930006I01Rik', 0.4558921029664142), ('Trib1', 0.3947011185906692), ('Birc6', 0.4604687299758677)]",2880
Atf3,transfac_pro__M02279,0.060244868055849075,3.988177031711744,0.000274,1.0,"gene is annotated for similar motif transfac_pro__M00981 ('V$CREBATF_Q6: CREB, ATF'; q-value = 0.000274)","frozenset({'weight>75.0%', 'activating', 'mm10_500bp_up_100bp_down_full_tx_v10_clust.genes_vs_motifs.rankings'})","[('9330117O12Rik', 0.4520553047174454), ('Rtn4rl2', 0.7468612319036185), ('Zbtb10', 0.7179994303819015), ('Galnt15', 0.8666627142674148), ('Gm9895', 0.7456019287330875), ('Kcng3', 0.4341846059413546), ('Tctex1d4', 0.6348160182896815), ('Lhx6', 0.4101501099275612), ('Hs3st3a1', 1.1192720742977806), ('Nfia', 0.5282953771590625), ('Map4k4', 0.8695858776411768), ('Celf2', 0.514582616011034), ('Dctd', 1.0279090137629936), ('Tcf20', 0.4531042465526095), ('Cpq', 0.4307758166038027), ('Htr2a', 0.4185843967694342), ('Dcdc2b', 0.4744036092507012), ('Cebpd', 0.5845721183406773), ('Gpr34', 0.7609262638295976), ('Mettl7a1', 0.4747195392744729), ('Gm9833', 0.4989825501867301), ('Capn9', 0.7101832823938402), ('Atf3', 1.0), ('Pde6a', 0.4399312249173148), ('Socs3', 0.7686215479431127), ('Clk1', 0.8758337292626801), ('Plcd4', 0.4899196681203363), ('Ppp3ca', 0.5194740520095364), ('Phyhipl', 2.2934195077822177), ('Ttk', 0.4597846932536942), ('Mmp24', 0.4923607700009986), ('Sema6c', 1.6080787245956825), ('Tfeb', 1.0554927685609203), ('Zfp454', 0.438963001244838), ('Ace', 0.6817795001182717), ('Pcdhb10', 0.45575722354033), ('Alpk3', 1.828341526309071), ('Pex5l', 0.8161367093108187), ('Skida1', 0.6396622413158499), ('Mchr1', 2.616611593686504), ('Ryr2', 1.6743577290648184), ('2900076A07Rik', 0.4143902748768289)]",1671
Atf3,transfac_public__M00039,0.05930653592008679,3.872798710007495,5.2e-05,1.0,"gene is annotated for similar motif transfac_pro__M00981 ('V$CREBATF_Q6: CREB, ATF'; q-value = 5.19e-05)","frozenset({'weight>75.0%', 'activating', 'mm10_500bp_up_100bp_down_full_tx_v10_clust.genes_vs_motifs.rankings'})","[('Nfkbiz', 1.0295527954089918), ('Ccnl1', 0.5652609354724757), ('Pex5l', 0.8161367093108187), ('Wsb1', 0.4654935543435796), ('Dnajb9', 0.9791453033135968), ('Atf3', 1.0), ('Gnb3', 1.1367439816797855), ('Txnl4b', 1.5914010263052016), ('Ddhd1', 0.4212786114446745), ('Zbtb18', 0.5343230419615574), ('Btg1', 1.9205307086711596), ('Pde6a', 0.4399312249173148), ('Tbc1d4', 0.5461301024883575), ('Sertad2', 0.4377971630096825), ('Abca9', 0.7062741141769804), ('Clk1', 0.8758337292626801), ('Tprg', 0.9190026533382634)]",435
Creb1,jaspar__MA0604.1,0.05564597278732992,3.304308318342076,1.7e-05,1.0,"gene is annotated for similar motif cisbp__M0297 ('Creb1[gene ID: ""ENSMUSG00000025958"" species: ""Mus musculus"" TF status: ""direct"" TF family: ""bZIP"" DBDs: ""bZIP_1""]; CrebB-17A[gene ID: ""FBgn0014467"" species: ""Drosophila melanogaster"" TF status: ""inferred"" TF family: ""bZIP"" DBDs: ""bZIP_1""]'; q-value = 1.72e-05)","frozenset({'weight>75.0%', 'activating', 'mm10_500bp_up_100bp_down_full_tx_v10_clust.genes_vs_motifs.rankings'})","[('Anapc2', 0.5436235890478509), ('Appbp2os', 0.6235042221695279), ('Ccnk', 1.686275045308748), ('Rpp38', 0.4632494179809518), ('Isg20', 0.8285510888524387), ('Oxsr1', 0.6340937448292796), ('Mrpl2', 0.6377354700773118), ('Gpr89', 0.5863289456876959), ('Tbc1d15', 0.6416546887566046), ('Ddx56', 0.6273428505972763), ('Fmr1nb', 0.4651005276630746), ('Dennd3', 0.4187241916385919), ('Tor1aip2', 0.4777890318818708), ('Dedd2', 0.5461976694613467), ('Dhx36', 0.5552887127886118), ('Mettl1', 0.5962133332007892), ('Rundc3b', 0.4076472442497156), ('Tmem218', 0.4367856106920773), ('Ift81', 0.4684937951284867), ('Rprd1a', 0.475467924244759)]",1056
Creb1,taipale_cyt_meth__CREB1_NRTGACGTN_eDBD_repr,0.05965787286170539,3.739550364764704,0.0,0.997067,gene is orthologous to ENSG00000118260 in H. sapiens (identity = 99%) which is directly annotated for motif,"frozenset({'weight>75.0%', 'activating', 'mm10_500bp_up_100bp_down_full_tx_v10_clust.genes_vs_motifs.rankings'})","[('Nacc1', 0.4085556647120981), ('Pttg1ip', 0.5046439816016298), ('Arhgap26', 0.4715247335976328), ('Nme4', 0.6539300082906004), ('Ccnk', 1.686275045308748), ('Echdc1', 1.7125934608052449), ('Ube2ql1', 0.9047839698133991), ('Osbpl5', 0.4019909264381252), ('Rbm10', 1.8586366889819677), ('Tspan17', 0.3965655469637391), ('Rnft1', 0.4131885907082109), ('Mamld1', 1.2040725223947597), ('Enc1', 0.6392633168754945), ('Smc4', 0.5056113363466566), ('Cobll1', 0.4849081821709798), ('Ccnb1', 0.5867558008433397), ('Akap5', 0.4425602218609046), ('Atp1b1', 0.7199911224694969), ('Mon2', 0.4797309044190858), ('Rnf24', 0.595453483845494), ('Ift81', 0.4684937951284867)]",1111
Cux1,transfac_pro__M04610,0.053082256480012094,3.1901671669188048,0.0,1.0,gene is directly annotated,"frozenset({'weight>75.0%', 'activating', 'mm10_500bp_up_100bp_down_full_tx_v10_clust.genes_vs_motifs.rankings'})","[('Kif5b', 0.5135375755495634), ('Ppfibp1', 1.720893958525448), ('Tcp11l1', 1.6689971153948595), ('Mapkapk2', 0.4298329902651129), ('Rusc2', 0.7971000186998001), ('Mbnl1', 0.4796545509931004), ('Itgb3', 0.7770298083004802), ('Tacc2', 0.4418843614974717), ('Bag6', 1.5440467159900986), ('Lrrc20', 0.7147196389780195), ('Lancl1', 1.3013986110593367), ('Adam10', 0.7533042854819025), ('Afap1', 1.23442939480781), ('Cdk6', 0.5936193990627812), ('Acap2', 1.1444298688084509), ('Sptan1', 0.7173729331701664), ('Capza2', 0.8086718818243782), ('Dlat', 1.1330962143099392), ('Txnrd3', 0.5070171395980706), ('Zranb2', 0.5165949541216537), ('Sephs1', 1.3980545458839435), ('Adipor1', 0.5048633946468866), ('Cpd', 1.1336205483426496), ('Depdc5', 0.5394008602316193), ('Cnot4', 1.408633570590705), ('Camkmt', 0.3919614208022529), ('Icmt', 0.5872734396628387), ('Wwp1', 0.5017224159103392), ('Adgrg2', 0.4315709149738821), ('Slc25a30', 0.4938097748356971), ('Zbtb7c', 0.8759148599744228), ('Wasf2', 1.3722786077864), ('Erc2', 0.630776537550151), ('Ap1b1', 0.8924385369196184), ('Mthfd2l', 0.5093933614246886), ('Usp18', 0.5261013632160346), ('Moxd1', 0.8007475052296897), ('Plec', 0.4715742451680927), ('Txnl1', 0.5267600557489182), ('Tprgl', 0.6771082512574973), ('Ptms', 0.4385833577433654), ('St3gal4', 0.5633329975596403), ('Map3k7', 0.4449492247401998), ('Atox1', 1.1745999479177542), ('Dag1', 0.5542661419384132), ('Gspt1', 0.7893908177991505), ('Disp1', 0.5407884121632109), ('Fam126a', 0.4933868167483657), ('Impad1', 1.2869317341826831), ('Coro2a', 0.6263055230685153), ('Col8a1', 0.916442165754178), ('Cnot6', 0.4097612475992579), ('Rnf2', 0.4529538258060442), ('Ift57', 0.505930665575857), ('Clcn5', 0.9155194616351968), ('Uhrf1bp1l', 0.672658902204801), ('Smarca5', 0.7301831612760029), ('Des', 0.5620826076549044), ('Plp2', 0.6744368458558606), ('Lrrfip2', 0.5508054979403948), ('Cux1', 1.0), ('Trio', 0.7589550222474825), ('Pgam5', 0.588515621487665), ('Glrb', 0.6903619712589176), ('Slc4a8', 0.588495769619478), ('Tdrd7', 1.2527228171730402), ('Sc5d', 0.9436205934464664), ('Myrf', 0.5582806912131851), ('Tmc8', 0.4656371123541127), ('Tpcn1', 0.5176754211502674), ('Parp8', 0.6444082487776441), ('Slc25a46', 1.046709368547743), ('Synm', 1.0875993937356718), ('Fryl', 0.4519399716642924), ('Dpysl2', 1.2924641504616978), ('Pum1', 0.9988430870928228), ('Rmnd5a', 0.9380597645643248), ('Notch1', 0.4245500105776872), ('Atp6ap1', 0.4854245755605644), ('Mfn2', 0.9136833852143496), ('Aplp2', 0.7624385219605634), ('Scoc', 0.6715854427533962), ('Bcap29', 0.7417601467578974), ('Dhps', 1.08455222337052)]",1917
Egr2,transfac_pro__M02023,0.08736125372842404,3.7482047509499807,1.3e-05,1.0,gene is annotated for similar motif hocomoco__EGR2_MOUSE.H11MO.1.A ('EGR2_MOUSE'; q-value = 1.27e-05),"frozenset({'weight>75.0%', 'activating', 'mm10_500bp_up_100bp_down_full_tx_v10_clust.genes_vs_motifs.rankings'})","[('Mdk', 0.6066432752971992), ('Hgf', 1.1861036649050716), ('Rbm47', 0.8872539245498119), ('Bdnf', 1.679822009251123), ('Zfp691', 1.089376251346921), ('Nefm', 0.4148945177371532), ('Khnyn', 0.6839470442432491), ('Gpsm3', 0.405569986554236)]",228
Egr3,transfac_pro__M00807,0.06588563313937379,3.3325917873965594,0.0,1.0,gene is directly annotated,"frozenset({'weight>75.0%', 'activating', 'mm10_500bp_up_100bp_down_full_tx_v10_clust.genes_vs_motifs.rankings'})","[('Tcirg1', 0.506141868275355), ('Sorbs3', 0.7391648560749813), ('Rai14', 0.601602105949509), ('Tmem216', 1.4331996933801563), ('Ccl2', 0.8611941615191959), ('Mss51', 0.47803408566105), ('Pskh1', 0.5365916403291441), ('Fgf13', 0.6219732972093157), ('Cxcl10', 0.4796679713524208), ('Phf11d', 0.9480279605560142), ('Matn4', 0.95163756659), ('Mast4', 0.7027059998968865), ('Il11', 0.416614305254316), ('Nog', 2.72056170432615), ('Pik3r3', 0.4797891290916918), ('Frmd4a', 0.6044276674258655), ('Slc33a1', 1.9892410915027197), ('Dkc1', 0.424020651520913), ('Cish', 1.5957290272127729), ('Mfn1', 1.2762375525330092), ('Cep83', 0.4017891227776426), ('Ncam1', 0.6839780938010285), ('Rasgrp3', 0.7742956631863304)]",1090
Elk1,taipale_tf_pairs__FOXO1_ELK1_TGTTGCCGGANNN_CAP,0.0695856512564742,3.5931476540760703,0.0,0.85514,motif is annotated for orthologous gene ENSG00000126767 in H. sapiens (identity = 85%),"frozenset({'weight>75.0%', 'activating', 'mm10_500bp_up_100bp_down_full_tx_v10_clust.genes_vs_motifs.rankings'})","[('Ago3', 0.5239709591160947), ('Pan3', 1.3635485717063398), ('Prkaa1', 0.5029871013192623), ('Rbm17', 0.3922425628596796), ('Fyco1', 1.7075562641782496), ('Smc5', 1.0209773404782605), ('Sos1', 0.4641352386713312), ('Dpy30', 1.4013712200110715), ('Hoxd8', 0.6472261917465679), ('Slc30a1', 0.5589424477794966), ('Ogdh', 0.5854206448233448), ('Dennd1b', 0.4387803443903938), ('Yes1', 1.5528753132473303), ('Antxr2', 0.4321050370204074), ('Anapc4', 1.90024314028255), ('Dnm1l', 1.843087094992828), ('Phf21b', 0.6906924687454795), ('Kmt5b', 0.3921830235404948)]",1118
Emx2,transfac_pro__M04614,0.07328605200945626,3.316128956275391,3.6e-05,0.434783,gene is orthologous to FBgn0008646 in D. melanogaster (identity = 43%) which is annotated for similar motif flyfactorsurvey__E5_Cell_FBgn0008646 ('E5_Cell_FBgn0008646'; q-value = 3.6e-05),"frozenset({'weight>75.0%', 'activating', 'mm10_500bp_up_100bp_down_full_tx_v10_clust.genes_vs_motifs.rankings'})","[('L3mbtl3', 0.5363338720287787), ('Car2', 0.6913249128589094), ('Zfp746', 0.91966554102673), ('2610206C17Rik', 0.764362366253028), ('Sec61a2', 0.5863385381124794), ('Snhg15', 0.5954749985190473), ('Slco5a1', 0.9450288218797016), ('Elovl7', 0.665028042317594), ('Tbpl1', 0.4767055349370827), ('Igfbp5', 0.3974881966547248), ('Bckdhb', 0.6816102281036331), ('Anks1b', 0.4107575674553532), ('Gpn1', 1.0473932305856433), ('Casd1', 0.6271311390448381)]",696
Fli1,tfdimers__MD00018,0.06328622887226379,3.0462630432678375,0.0,0.966814,gene is orthologous to ENSG00000151702 in H. sapiens (identity = 96%) which is directly annotated for motif,"frozenset({'weight>75.0%', 'activating', 'mm10_500bp_up_100bp_down_full_tx_v10_clust.genes_vs_motifs.rankings'})","[('Gpr19', 0.8030948934212412), ('Arl8a', 1.9675522453923449), ('Gigyf2', 0.3945133921113509), ('Icmt', 0.6658794544837493), ('Urgcp', 0.9487654265655814), ('Klhl5', 0.42965908572178), ('Pabpc4l', 2.139507581618838), ('Itpripl1', 0.5510765680691011), ('Peli3', 0.5767550513932727), ('Arhgap28', 2.2524029342418057), ('Nbeal1', 1.3174781260345574), ('Rapgef6', 0.5233616407484764), ('Arl2', 0.8932491811837541), ('Zfp874a', 0.4442193845508199)]",719
Fos,transfac_public__M00039,0.05183270873096588,3.3563936343450966,0.000428,0.936842,gene is orthologous to ENSG00000170345 in H. sapiens (identity = 93%) which is annotated for similar motif transfac_pro__M08947 ('V$FOS_09: C-FOS'; q-value = 0.000428),"frozenset({'weight>75.0%', 'activating', 'mm10_500bp_up_100bp_down_full_tx_v10_clust.genes_vs_motifs.rankings'})","[('Rad9a', 0.3972524014676575), ('Dusp1', 3.918594626017562), ('Ints6', 1.1372795225166608), ('Zfp292', 1.2059916215492732), ('A230072C01Rik', 1.865172338606038), ('Cwc25', 3.1151092743493765), ('Hoxa11', 0.5252523783494337), ('Galnt13', 0.5244438164047455), ('Nudcd3', 0.7054611209501922), ('Mcoln1', 0.397970306608217), ('Zfp36l2', 0.6924151156954127), ('Nifk', 0.4569870400840247), ('Ell2', 0.5534915424480465), ('Skida1', 0.8799469942993385), ('Otud1', 0.4077717573578311), ('Susd1', 1.8239242634450756), ('Cbx8', 5.837955734831817), ('Gns', 0.4673446682298472), ('Ier5l', 0.6337732330508711), ('1810026B05Rik', 3.183313711529196), ('Zfp61', 2.760126612556999), ('Calm3', 0.543914974894413), ('Gpatch3', 0.392168075546513), ('BC037704', 0.4065267242676881), ('Fos', 1.0), ('Tom1l2', 0.4104131718953208), ('Tesk2', 0.885798179988974), ('Irs1', 1.5118987431406434), ('Egr1', 7.327177773831142), ('Gtpbp10', 0.405237470218491), ('Rnaseh1', 0.4066212229471929), ('Tra2a', 1.1077757488254478), ('Gnai1', 0.6075776868037841), ('Srsf3', 1.0310304839442324), ('Alk', 0.4935320125826429), ('Fam53a', 0.5751492232533454), ('Ryr2', 1.0211257746828188), ('Papss2', 0.4054814959922365), ('Nutf2', 0.4341508669770449), ('Kdm4c', 0.4468814905764761), ('Ier3', 2.6780659679281364), ('Otub2', 1.071789772365737), ('Zfp40', 0.6159623789751206), ('Adh1', 1.2795873861447145), ('Tgif1', 1.4345021191662068), ('Dock5', 0.9071348361257864), ('Bbs7', 0.4315844950508347), ('Prl2c3', 0.5942884045978221), ('Cmtm3', 0.6713470994449096)]",1778
Fos,transfac_pro__M02279,0.049787077929013594,3.0802611421416355,0.000337,0.936842,gene is orthologous to ENSG00000170345 in H. sapiens (identity = 93%) which is annotated for similar motif taipale_cyt_meth__FOS_NRTGACGTCAYN_eDBD ('FOS [bZIP]'; q-value = 0.000337),"frozenset({'weight>75.0%', 'activating', 'mm10_500bp_up_100bp_down_full_tx_v10_clust.genes_vs_motifs.rankings'})","[('Tbc1d1', 1.0611118116266638), ('Mrps6', 1.0919135408190686), ('Sox9', 0.9519648928854444), ('Lama3', 0.6926486827459605), ('Galnt13', 0.5244438164047455), ('Adamts13', 0.8506561207611345), ('Gm5127', 0.669167092335653), ('Tuba1a', 0.4108747402998636), ('Wfdc3', 0.4950425262284503), ('Htra1', 0.4050614529455624), ('Hspa1b', 3.954301549550204), ('Nrip2', 0.5171730289146698), ('Hsp90aa1', 0.9845959305782332), ('Ccnl1', 1.5072212089330854), ('Hspa1a', 2.3851972005768998), ('Efnb3', 1.112202073432793), ('9330175E14Rik', 0.5157799383616016), ('Gucy1a2', 0.473346946145532), ('C230037L18Rik', 1.675696487655305), ('4833419F23Rik', 2.4590696591134944), ('Map3k8', 0.6132827141788707), ('Snhg12', 2.094358601214428), ('Katna1', 0.520408739817773), ('Cirbp', 1.4546955105041672), ('Lpar2', 0.4463052194495436), ('Zfp94', 0.693761857715641), ('Bhlhe41', 0.4108194565909061), ('Sele', 1.6842308568805815), ('Lipk', 0.7759460686583428), ('Clec2l', 0.582232919399196), ('Pik3c3', 0.4129402748883767), ('Nlrx1', 0.569845813255482)]",1090
Foxp1,hocomoco__FOXP1_HUMAN.H11MO.0.A,0.05136066936483927,3.0951106516685525,0.0,0.923521,motif is annotated for orthologous gene ENSG00000114861 in H. sapiens (identity = 92%),"frozenset({'weight>75.0%', 'activating', 'mm10_500bp_up_100bp_down_full_tx_v10_clust.genes_vs_motifs.rankings'})","[('Atxn3', 0.6980590574581407), ('Vps26a', 0.7595670045433075), ('Trpm7', 1.108434574535485), ('Tulp4', 0.9102565832934466), ('Cnppd1', 0.5208559129318097), ('Nagpa', 0.8955424807309311), ('Aff4', 0.4988773835396014), ('Rab31', 0.6899899734147923), ('Nsd3', 0.4070756931513489), ('Mtdh', 0.3948841726741349), ('Snx8', 0.541577337490951), ('Lats2', 0.4224553751941752), ('Ilvbl', 1.3066857243976706), ('Lpar2', 0.5873716425447363), ('Prrc2c', 0.8880634010944016), ('Saraf', 0.4057881604909077), ('Osbpl8', 1.4493221155581275), ('Vps37b', 1.678380451340751), ('Fen1', 0.7817130401586315), ('Runx1', 0.7248776109406603), ('Smc3', 0.7603594295758568), ('Srpx2', 0.4953424165320815), ('Dnph1', 0.4492036142963226), ('Vps8', 3.134678564211414), ('Lpin2', 0.4738182013348881), ('Itgae', 0.8781002370536286), ('Ndst1', 0.5007966558465393), ('Mul1', 0.4440345854144759), ('Dnmt3a', 0.7505239919311343), ('Slc38a1', 0.4004969241249599), ('Herc1', 0.4706979176423594), ('Sbno1', 0.8518467920598097), ('Lrrc58', 0.3917212999243656), ('Cbx1', 0.4563693031742905), ('Acat1', 0.6127652495296083), ('Dedd2', 0.9534655577283784)]",1213
Gata3,tfdimers__MD00205,0.12430036021058465,3.731637491152185,0.0,0.96614,gene is orthologous to ENSG00000107485 in H. sapiens (identity = 96%) which is directly annotated for motif,"frozenset({'weight>75.0%', 'activating', 'mm10_500bp_up_100bp_down_full_tx_v10_clust.genes_vs_motifs.rankings'})","[('Cep68', 1.0588676216588986), ('Pcdhb16', 0.6376690238027992), ('Aldh6a1', 0.7712728936452764), ('Fbxo7', 1.2442730694508528)]",369
Hoxd9,hocomoco__HXD12_HUMAN.H11MO.0.D,0.06670822942643391,3.2865219607101306,0.000929,0.846591,motif similar to taipale_cyt_meth__HOXD9_GYAATAAAAN_FL ('HOXD9 [Homeodomain]'; q-value = 0.000929) which is annotated for orthologous gene ENSG00000128709 in H. sapiens (identity = 84%),"frozenset({'weight>75.0%', 'activating', 'mm10_500bp_up_100bp_down_full_tx_v10_clust.genes_vs_motifs.rankings'})","[('Dyrk1a', 0.7647599282625909), ('Hoxd9', 1.0), ('Ubqln4', 0.6350661994890908), ('Fam136a', 0.6193200641744248), ('Acap2', 1.138936278868644), ('Prdm4', 1.0349077463668044), ('Mtmr14', 0.8709755894610709), ('Lyplal1', 0.993759764058398), ('Ubap1', 1.2653841988293395), ('Afap1l1', 4.83861022222327), ('Lrp11', 1.329949945283316)]",278
Hoxd9,transfac_pro__M07377,0.0656781958148108,3.193599989197272,0.000688,0.846591,motif similar to taipale_cyt_meth__HOXD9_GYAATAAAAN_eDBD ('HOXD9 [Homeodomain]'; q-value = 0.000688) which is annotated for orthologous gene ENSG00000128709 in H. sapiens (identity = 84%),"frozenset({'weight>75.0%', 'activating', 'mm10_500bp_up_100bp_down_full_tx_v10_clust.genes_vs_motifs.rankings'})","[('Dyrk1a', 0.7647599282625909), ('Prdm4', 1.0349077463668044), ('Lyplal1', 0.993759764058398), ('Redrum', 0.7404214959971585), ('Cdc7', 0.8020035962777767), ('Hoxd8', 0.4549612050188292), ('Fam136a', 0.6193200641744248), ('Acap2', 1.138936278868644), ('Xiap', 0.7045937288177128), ('Hoxd9', 1.0), ('Kit', 1.849350187821152), ('Ubqln4', 0.6350661994890908), ('Msh5', 0.4013457601814857), ('Adck2', 1.2638003849351247), ('Mis18bp1', 0.5452583732637648), ('Cpsf1', 0.445112178848664), ('Bbc3', 1.2461117418327123), ('Mtmr14', 0.8709755894610709), ('Afap1l1', 4.83861022222327)]",969
Junb,transfac_pro__M02279,0.04583343982649526,3.1688188553031966,0.000195,0.938953,gene is orthologous to ENSG00000171223 in H. sapiens (identity = 93%) which is annotated for similar motif transfac_pro__M08921 ('V$JUNBFOSB_02: JUNB:FOSB'; q-value = 0.000195),"frozenset({'weight>75.0%', 'activating', 'mm10_500bp_up_100bp_down_full_tx_v10_clust.genes_vs_motifs.rankings'})","[('Galnt11', 0.4659790999076781), ('Tsc22d2', 0.763213054926814), ('Ccnl1', 3.751451633923088), ('Gtf2f1', 0.900895305815656), ('Ubn1', 0.4620711828847104), ('H3f3b', 0.8895109538959411), ('Zfand5', 0.9542955896303986), ('Dusp1', 3.692931120086513), ('Brca2', 0.6175938440039261), ('Rps29', 0.6729042638862092), ('Ahr', 0.4964189156592809), ('Gaa', 0.6832540705997123), ('Gas5', 0.7863338607738282), ('Gm26705', 0.6277570849242889), ('Sik1', 1.421818156399737), ('Tra2a', 3.546234490356313), ('Hnrnpa2b1', 1.93693247126678), ('Maff', 1.513611520406492), ('Gpm6b', 1.0581396489150237), ('Klhl26', 0.3928640719698634), ('Hmga1', 0.5139132662137786), ('Slfn5', 0.6387395690158494), ('Klf6', 1.2145176798771449), ('Armcx5', 1.6525901101578182), ('Btg2', 2.461702875781828), ('Klf4', 0.4519920818652637), ('Cradd', 1.0918584378998275), ('Gem', 2.325846037573484), ('Errfi1', 2.138537128232452), ('Spint2', 0.6517693621551467), ('Tubgcp6', 0.5829521817118771), ('Gnb4', 0.918829707795694), ('Habp4', 0.4603254736952188), ('Btg1', 4.826814842672998), ('Pgam5', 0.8305951179347412), ('Pdk2', 0.8697116532800537), ('Trmt5', 1.0249587744388324), ('Ifrd1', 2.4556627113718137), ('Klf10', 2.232939919534072), ('Coq10b', 1.6007237532964496), ('Azin1', 0.86380273216356), ('Fam53a', 0.4581580986402069), ('H6pd', 0.4549791121495977), ('Pus7', 2.0475219223900014), ('Igf1', 0.9984876665468396), ('B3gnt2', 0.5590867799345455), ('Mt1', 1.1683136436649677), ('Has1', 5.773081210035195), ('Dnajb4', 0.6603155852293477), ('Aplf', 0.5536266148972504), ('Dedd2', 0.7008037803302852), ('Cebpb', 6.798784463683688), ('Psap', 0.5257745387110908), ('Zc3h12b', 0.4515739289804614)]",959
Junb,transfac_public__M00039,0.04834059312431464,3.614777387144006,5.1e-05,0.938953,gene is orthologous to ENSG00000171223 in H. sapiens (identity = 93%) which is annotated for similar motif transfac_pro__M08927 ('V$JUNB_03: JUNB'; q-value = 5.12e-05),"frozenset({'weight>75.0%', 'activating', 'mm10_500bp_up_100bp_down_full_tx_v10_clust.genes_vs_motifs.rankings'})","[('Pank1', 2.410487524255221), ('Tnrc18', 0.4154594636530158), ('Trib1', 1.6351053999480198), ('Rab11fip2', 1.089047488031997), ('Hnrnpa2b1', 1.93693247126678), ('Pnp', 1.3451854850147242), ('Ptx3', 1.978945773597871), ('Dct', 0.5609195833136147), ('Gdf10', 2.206226346465702), ('Maff', 1.513611520406492), ('Tm7sf3', 0.7900431960623259), ('C3', 0.5412883707166743), ('Tmem50b', 1.3504144511709788), ('Ptgs2', 0.9142909402165302), ('Cdkn1b', 1.464681163496781), ('Ndrg1', 2.0271684197255992), ('Nfil3', 4.071884698715633), ('Ephb2', 0.5557766518485416), ('Il6', 2.921123914969593), ('Trf', 1.5495243575465387), ('Prdm4', 0.402118223513746), ('Fgf7', 1.6872188139821789), ('Pym1', 1.96203875288118), ('Casp4', 0.7088834364306759), ('Gm16675', 0.8433186148524977), ('Sytl4', 0.4224575212314911), ('Gadd45b', 9.11621650804397), ('Gpm6b', 1.0581396489150237), ('Tnfsf13b', 0.8520055644068546), ('Tnfaip6', 0.8680687611030548), ('Coq10b', 1.6007237532964496), ('Serping1', 0.5280025874693483), ('Dedd2', 0.7008037803302852), ('Ltf', 0.5996545649019401), ('Sgk1', 1.0152514373551988), ('Mpv17l', 0.5061536265268941), ('Gtf2f1', 0.900895305815656), ('Map3k8', 3.0602669335393964), ('Hmga1', 0.5139132662137786), ('Plxna3', 0.3994318914314335), ('Adcy7', 1.005666349731296), ('Nup98', 0.7486391884243904), ('Sf1', 0.4596839818045057), ('Steap4', 2.5594524060405117), ('Fbxo44', 0.5651541301296154), ('Ccdc47', 0.9900841690854062), ('Nfib', 2.0441796783944883), ('Pdk2', 0.8697116532800537), ('Arrdc3', 1.0533085769776889), ('Pcdhb5', 1.409977920128922), ('Rxra', 0.6544763583179359), ('Dab2', 0.7285252056535607), ('Sfrp4', 0.5308891682670809)]",975
Jund,taipale_cyt_meth__JUND_NRTGACGCATN_eDBD_repr,0.05049829638358316,3.100226927758861,0.0,0.741936,gene is orthologous to ENSG00000130522 in H. sapiens (identity = 74%) which is directly annotated for motif,"frozenset({'weight>75.0%', 'activating', 'mm10_500bp_up_100bp_down_full_tx_v10_clust.genes_vs_motifs.rankings'})","[('Tmsb10', 0.5940200962823569), ('Il11ra1', 0.7979619583190325), ('A330009N23Rik', 0.6584961345550882), ('Rps27a', 0.833256906863821), ('Thpo', 0.4802801608096332), ('Fosl2', 1.0478684842729535), ('Atf3', 0.83227258816063), ('Nkx6-1', 0.4853326757132051), ('Gpm6b', 0.4202314299779402), ('Sfrp4', 0.881507593481965), ('Adamts4', 0.7304011121946103), ('Dnaja1', 0.9340790238130758), ('Zfp36l1', 1.2865446811979964), ('Gm15867', 0.4400439210944383), ('Pdgfrl', 1.4799084542539644), ('Gem', 2.40961165805516), ('Ubald2', 3.200693192557374), ('Ubc', 3.819249149258636), ('Gch1', 1.0615037988723803), ('Ppargc1b', 0.6898070253879415), ('Hist2h4', 0.4054572813292804), ('Shroom4', 1.7709468688394172), ('Polr1d', 0.4340483272799474), ('Vim', 0.4950414986070746), ('Zmat1', 0.4344160767544316), ('Adamts1', 0.8079676527668272), ('Zfp366', 0.5081530330166782), ('Nfkbia', 1.4479400571507128), ('Gadd45b', 0.596141261142973), ('Eif4e', 0.9081829068108912), ('Rab28', 0.42452459863923), ('Ust', 1.113736643573989), ('Smad7', 0.5863253562204969), ('Ypel3', 0.7025553798313556), ('Rtn1', 0.4914335739153473), ('Dynlt1b', 0.4261046630353125), ('Tceal9', 0.5356075561169864), ('Hephl1', 0.5174648299222874), ('Rps16', 0.6552992350399716), ('Sgk1', 0.8170010319028067), ('Arid5a', 1.3003015124294817), ('Ibtk', 0.5213621639296758), ('Bag3', 0.5398625985431013), ('Rpl35a', 0.6415526736057205), ('Map4k4', 0.3979436588920643), ('Igf1', 1.8424183427024343), ('Pnpla7', 0.7464409353986546), ('Myc', 0.4557571813062755), ('Rxrg', 0.9992927641223116), ('Stk40', 0.7508840014688116), ('C9', 0.4689619844975595), ('Per1', 0.4462117018336264), ('Errfi1', 0.9547419605610644), ('Igfbp7', 0.7594793443434962), ('Nfkbiz', 1.265754734235942), ('Izumo1', 0.5621532748108337), ('Wnt5a', 0.3925573292080581), ('Oaz1', 0.7516574606080317), ('Acsl6', 0.6518414818847164), ('Cstb', 0.5120781459982916), ('BC049352', 1.6533120681448403), ('Slc6a8', 0.6386486441272852), ('Rapgef4', 0.4267279003196544), ('Htra1', 0.4127465017435739), ('Cd300lf', 0.5835853626029854), ('Rps4x', 1.3285720275849089), ('Arhgap27', 3.628213424404581), ('Erf', 3.1132643275076544), ('Agtpbp1', 0.4133833489153783), ('Lamp2', 0.5675768528808013), ('Gbgt1', 0.4025945249672526), ('Slc9a4', 0.4060926574080273), ('Pdxp', 3.184050323361973), ('Cpxm2', 2.689674275851444), ('Slco4a1', 0.7564692331139181), ('Car13', 0.5555815769596943), ('Fosb', 5.541102929950065), ('Rnf19b', 1.2753996013153504), ('Lgals9', 0.7008185636801134), ('Itgbl1', 2.0524467350622264), ('Mmp3', 0.62527262389176), ('Cox7a2l', 0.8090237955378199), ('Tagln3', 1.0742014168465497), ('Lysmd3', 0.4435828868198669), ('Id3', 0.521949516802389), ('Gna13', 0.5035819414141383), ('Cst3', 3.223518115731128), ('Sat1', 2.762837601728915), ('Mmp24', 0.7559204089890602), ('Sag', 1.0387150265808378), ('Cfap126', 0.4793389077960422), ('Maff', 0.5037193336335016), ('Clec11a', 1.206374394344927), ('Olfml2b', 0.7703632358548804), ('H2afx', 0.6416640036983065), ('Fam120c', 0.5365221368253568), ('Glyctk', 0.9348766607003224), ('Akap7', 0.898341487548308), ('Dusp23', 0.403943790894652), ('Ppic', 0.764796624999424), ('Arl13b', 1.7451850227064991), ('Mt1', 1.029046295661124), ('Ubb', 1.034875929225324), ('Rarg', 0.4498333876469246), ('Zfp558', 0.5284953583821211), ('Ece2', 0.496528425957564), ('Cstf1', 0.57424930832195), ('Ppfia2', 3.567478198774636), ('Slc16a12', 0.5662971061949243), ('Hccs', 0.4319596752581612), ('Nfatc1', 3.051698610548309), ('Foxp1', 0.6301997598874918), ('Mybph', 0.7657004605035062), ('Jdp2', 1.7175269317298518), ('Mcm10', 2.79113232416982), ('Alpl', 0.4332300037261326), ('Rpap2', 0.6475090250904362), ('Smoc2', 0.4769521888848824), ('Rpl22', 0.423787493730078), ('Igsf10', 0.4992112714203077), ('Trem3', 1.7581262451827298), ('Ctsk', 1.5308575847053538), ('Klhl4', 0.7141931866462569), ('Cd40', 0.4071119714107016), ('Txk', 0.8057791742049982), ('Fth1', 1.1805245353703815), ('Fbln7', 0.9378935182392446), ('Aprt', 0.4194028381844736), ('Apod', 0.8168134691471899), ('Cry2', 1.9405230403960447), ('Dennd2d', 0.8232881160850444)]",4599
Klf3,taipale_cyt_meth__KLF3_NRCCGCAGCCCN_FL_meth_repr,0.059244192950624545,3.930025164397494,0.0,0.956395,gene is orthologous to ENSG00000109787 in H. sapiens (identity = 95%) which is directly annotated for motif,"frozenset({'weight>75.0%', 'activating', 'mm10_500bp_up_100bp_down_full_tx_v10_clust.genes_vs_motifs.rankings'})","[('Lrch3', 0.7655163808050175), ('Tbc1d12', 0.7151092391822252), ('Kif5b', 1.0457069936008154), ('Rnf144b', 0.453393364558227), ('Fam168a', 0.8877955506094644), ('Eif4g1', 0.903383806669825), ('Islr2', 0.8636905791750003), ('Sema3e', 0.4078482050151794), ('Csnk1e', 0.431539197092758), ('Bmp1', 1.2713337820943742), ('Mxd4', 0.6521289461700923), ('Twsg1', 1.1772776592324594), ('Mff', 0.463163845340957), ('Gramd2', 0.5563395594647454), ('Snai2', 0.4165355079755378), ('Tmem241', 2.158539252934979), ('Meltf', 1.1963539791627693), ('Triobp', 0.7507511554424293), ('Dst', 0.5804952044701394), ('Cdr2', 1.11485106382513), ('Glul', 0.434009308775671), ('Champ1', 0.6459630856479611), ('Mgll', 1.233210154455036), ('Vwa8', 1.5596176905829795), ('Dusp19', 3.055148406972192), ('Cux1', 0.4119092713276939), ('Sdc4', 0.4132914406600859), ('Reep3', 1.0922635694799288), ('Ptpn6', 0.9772322967375054), ('Asap1', 0.7547410499946059), ('Samhd1', 1.804656284312212), ('Usp2', 0.5536586892026847), ('Fads3', 0.4733941462403042), ('Opa1', 0.4243281951260879), ('Cerk', 0.9556824359932768), ('Slc7a14', 0.4147717144994426), ('Itgav', 0.9553761376677736), ('Sec63', 1.6199022230477798), ('Borcs8', 0.4097248265688439), ('Bscl2', 0.7646640222297465), ('Arap1', 0.8554753245304376), ('Esco2', 0.8159580691508088), ('Sorbs3', 0.7083069723220111)]",731
Mecp2,transfac_pro__M01299,0.06411520948871602,4.331402351532458,0.0,1.0,gene is directly annotated,"frozenset({'weight>75.0%', 'activating', 'mm10_500bp_up_100bp_down_full_tx_v10_clust.genes_vs_motifs.rankings'})","[('Fblim1', 1.7545889654771367), ('Pappa', 0.7108533641683263), ('Smap2', 0.4066846515839856), ('Aplnr', 0.6538015521974224), ('Ube4b', 1.2306062866479917), ('Pabpc4l', 0.8015920084652702), ('Spred2', 0.44293307764962), ('Kctd1', 0.9394871522628672), ('Arhgef17', 1.339522553792969), ('Zrsr2', 0.4798885435137069), ('Angpt4', 0.7277943867029346), ('Nts', 0.3950277920740287), ('Fgf10', 0.642035642505448), ('Ptprb', 0.4510303996315499), ('Ccdc28b', 0.7570211738896461), ('Caly', 0.971539185156416), ('Tenm4', 0.5347707533580257), ('A930012L18Rik', 0.8368283734719285), ('E130114P18Rik', 0.4907966390864113), ('Mecp2', 1.0), ('2510039O18Rik', 0.7303215513592123), ('Prpf18', 0.6851971081011843), ('Gtf2i', 0.9927082024713476), ('Dok3', 0.4019630279615132), ('Msantd3', 1.0923610231777532), ('Cacnb4', 0.4283484791572913), ('Fam78b', 0.8255043330398553), ('Rrm1', 0.8447301150286766), ('Phf6', 2.5659085896516483), ('5730455P16Rik', 0.5665014040215923), ('Gm13490', 0.4554174744977624), ('Fndc4', 0.4767847364586061), ('Gstt3', 2.758706747883896), ('Tmem94', 0.6696767435394353), ('P2ry14', 0.6342045586504338), ('Ctps2', 1.2719002974507367), ('Spi1', 0.5878524716678284), ('Klk1b24', 0.6107615415842808), ('Glra1', 0.6696714645802687), ('Amigo2', 0.4931477293610415), ('Zfp566', 0.6417989722465575), ('Npy2r', 0.7611603880371788), ('Gnl3l', 0.938757429128728), ('Srsf10', 0.6621117325539717), ('Hsd17b10', 0.4911139460613944), ('Cfp', 1.0618615669120377), ('Acin1', 0.7195187357884839), ('Map3k6', 0.4429148570506862), ('Crem', 0.4586605238317113), ('Gpr151', 0.3958503496569108), ('Suz12', 0.4379722747771313), ('Stard8', 0.5033966530809059), ('Megf8', 0.8364279425456362), ('Vsnl1', 0.5182291521495195), ('Sh2b3', 0.7649884944490263), ('Als2cl', 0.5400120880796149), ('Zbtb6', 0.4275799110844728), ('Slc24a5', 0.5013555543642068), ('Icmt', 2.947796586202297), ('B3glct', 0.3947989066568801), ('Tctex1d4', 0.4434919949122483), ('Decr2', 0.917640445115607), ('Obsl1', 2.05728683312257), ('Il1b', 0.4207439266049284), ('Smc2os', 0.5104456833583726), ('Gigyf2', 3.0165847656377647)]",3710
Mybl2,taipale__MYBL2_DBD_AACCGTTAACGGNN,0.07937917762670949,3.040823996479586,0.0,0.855714,motif is annotated for orthologous gene ENSG00000101057 in H. sapiens (identity = 85%),"frozenset({'weight>75.0%', 'activating', 'mm10_500bp_up_100bp_down_full_tx_v10_clust.genes_vs_motifs.rankings'})","[('Slfn9', 0.8563918962426005), ('Tbk1', 0.5441775221345391), ('Trmt10c', 0.7584895474640948), ('Pex5', 0.6938802269186692)]",48
Nfkb1,transfac_pro__M04706,0.05454243179928966,3.1625380645303394,0.00014,1.0,motif similar to hocomoco__NFKB1_MOUSE.H11MO.0.A ('NFKB1_MOUSE'; q-value = 0.00014) which is directly annotated,"frozenset({'weight>75.0%', 'activating', 'mm10_500bp_up_100bp_down_full_tx_v10_clust.genes_vs_motifs.rankings'})","[('Nfatc1', 3.809553534319597), ('Nt5dc3', 0.549924847762125), ('Dleu2', 1.1603935418510531), ('Arih1', 2.1627679215943827), ('Ttc19', 2.353725073911213), ('Nr4a3', 2.773442384676008), ('Tulp4', 0.4425961518475621), ('Stxbp5', 0.3988921506238664), ('Zeb2', 0.6837067003625259), ('Cdyl2', 0.5320000167378606), ('Fem1b', 0.8128879590566293), ('Ago2', 0.6412039242485192), ('Trmt10a', 1.5140939242969664), ('Ptx3', 2.7513223059706973), ('Fosb', 0.7404338550874151), ('Pabpc1', 1.827542385666492), ('Oser1', 1.835425782366374), ('Etnk1', 0.4171122812230594), ('Phc1', 0.8006285725220788), ('Cxcl2', 1.7175384829249225), ('Uhrf2', 0.5110406503119437), ('Samd4', 0.4283408359190454), ('Zfp516', 4.121812239166952), ('Bag3', 0.8108660614572218), ('Rel', 2.8597308677504807), ('Prrc2c', 0.3984029630359314), ('Ddx3y', 1.4514868252855446), ('Oplah', 1.33349689818342), ('Jak2', 0.9555220187368356), ('Htt', 0.9341010696322009), ('Cep83', 0.7017106143032907), ('Braf', 1.2628733763877822), ('Hivep1', 0.3961274248844515), ('Gch1', 3.3413664267777814), ('Flcn', 0.5365749383703093), ('Hrk', 1.6564204527731818), ('Ddit3', 0.8186362149186945), ('Zfp131', 0.6502323388241739), ('Cpne2', 0.4725380397993649), ('Edrf1', 3.109673304385593), ('Tra2a', 0.5516508214761209), ('Slc3a2', 0.4721633691221884), ('Gabpb1', 0.8069213645436819), ('Ndst1', 0.5399739772247008), ('Isca1', 0.4175398715976792), ('Hccs', 0.5324820826259697), ('Btg1', 1.5193077276451448), ('Vcam1', 0.4159100465058684), ('Rcan1', 0.5366082554058205), ('Ypel4', 0.7938141015509529), ('Plk3', 0.4888716583985412), ('Mief1', 0.5991722767246633), ('Unc45a', 0.5098475555088974), ('Dnajb9', 0.5070568365146143), ('Larp4', 0.5542471968805689), ('Gdpd3', 0.7002752160804298), ('Rabgef1', 1.1587235952765609), ('Myrip', 0.6150684048503795), ('Klhl31', 0.4629035378310457), ('Cbwd1', 2.2527100423989905), ('Ptpn1', 2.4068781972977997), ('Tshz3', 1.4018854285314402), ('Cry2', 0.6876008131457501), ('Igsf9b', 0.4777876847031015), ('Mir22hg', 0.8794736491558199), ('Herpud2', 0.5979803902382863), ('Gas5', 0.414057443591961), ('Fosl2', 1.3311157393780553), ('Olr1', 0.7380067687215746), ('Ankrd44', 0.5555362520058891), ('Zfp655', 1.122427961594381), ('Pum2', 2.315854665283035), ('Phf13', 1.16061593675706), ('Irf2', 1.2814357280948725), ('1810013L24Rik', 2.1400923838815347), ('Eno2', 1.077534999705889), ('Ankrd54', 0.5373907537124127), ('Gnb4', 0.5732865519797463), ('Mllt6', 1.2495078527399237), ('Clec4b1', 0.4537788296400087), ('Rest', 1.3872225303549062), ('Zbtb11', 1.561950635764869), ('Slc7a1', 1.3750133938379303), ('Gar1', 0.5935153284169706), ('Neat1', 2.7976087278489947), ('Armcx5', 0.674754173717052), ('Nudt21', 0.6317159199787493), ('Sqstm1', 1.6704756473837732), ('Ypel2', 1.063965726614967), ('Tbc1d15', 0.7652801446101881), ('Sft2d1', 0.6543893487176639), ('Klf13', 1.0217836132094735), ('Erf', 2.4211371394646344), ('Spty2d1', 0.6550332319478986), ('Alkbh2', 0.5108662435448494), ('Abl2', 3.429327792863756), ('Ell2', 3.046854846754813), ('Ube2h', 0.4574756204613863), ('Baz1a', 0.72327687719358), ('Sertad3', 0.413591792260767), ('Lysmd3', 0.4155665017665347), ('Plau', 1.797557830597876), ('Ifrd1', 4.504086639989754), ('Fcho1', 0.829102119869605), ('Lmna', 0.4103028861813921), ('Pcdhb13', 0.4102263038515313), ('Stxbp5l', 0.4692145526787008), ('Stx11', 2.799315260741305), ('Itpkc', 0.4694353973128301), ('Usp39', 1.0235984483322182), ('Gm12925', 0.4056896864555336), ('Stx6', 2.04852164599436), ('Stk40', 3.980259560372968), ('Fosl1', 4.143267789924772), ('Zbtb7a', 0.7911553470284327), ('Tnfaip6', 3.5540470918071283), ('Nsd3', 2.674072578142848), ('Jdp2', 1.963874197032612), ('Hspa8', 1.0792985408944984), ('Gramd1a', 1.2315198654383848), ('Gnai1', 1.5054233149591154), ('Zfand5', 1.715515219530539), ('Runx1', 0.6961217628189662), ('Lmo4', 1.4443928799050652), ('Osbpl1a', 0.4163243154095499), ('Skil', 0.4631657078114174), ('Gpr45', 0.6441507826102641), ('Dnaaf3', 0.5833991600713148), ('Ptgs2', 1.5397340678405849), ('Dpp6', 0.7349120107883517), ('Tor1aip1', 0.3958617356374068), ('Ets1', 1.1523138688280534), ('Xab2', 1.276125968959121), ('Zbtb2', 0.4182405319207831), ('Prpf38b', 0.4008726272202916), ('Lif', 1.0785559279022776), ('Mbtd1', 0.619521398491697), ('Nelfcd', 0.4846248743848374), ('Plek2', 0.4040750542799137), ('Chic2', 1.8357779086061143), ('Cxcl1', 2.317384933585213), ('Gng12', 1.2701010639101775), ('4933417D19Rik', 0.9353512338533188), ('Gpr39', 1.2107932088052376), ('Mex3c', 0.7198785205944815), ('Lztfl1', 1.3874492381027417), ('Ankrd23', 0.4806306510806225), ('Errfi1', 0.9100878999480028), ('Ubtd2', 0.5502220192534278), ('Hs2st1', 0.5415331843418263), ('Arl5b', 2.288246185907153), ('Gsta4', 0.5125631500486189), ('Elf1', 2.1080188511961406), ('Elmsan1', 1.4023047747967203), ('Dnajb1', 0.9859408451260124), ('Rasa2', 1.270214088874645), ('Rho', 0.4969905535274501), ('Slc22a6', 1.6618895334240185), ('Klhdc10', 0.6294997541640938), ('Sorl1', 0.428346045176303), ('Fam25c', 0.5124507384943991), ('Gsk3a', 0.449525814031414), ('Ugdh', 2.2503183894124303), ('Ccdc43', 0.932133691618338), ('Flnc', 2.0053172369490184), ('Tnfaip8', 1.6877418328989122), ('Rpusd2', 0.3943479190937181)]",4491
Prox1,jaspar__MA0794.1,0.06660140924946202,3.0170575840767855,0.0,0.983718,gene is orthologous to ENSG00000117707 in H. sapiens (identity = 98%) which is directly annotated for motif,"frozenset({'weight>75.0%', 'activating', 'mm10_500bp_up_100bp_down_full_tx_v10_clust.genes_vs_motifs.rankings'})","[('Snhg11', 0.669540392590411), ('4833420G17Rik', 1.0583386268184989), ('Abhd14b', 0.4402110933322087), ('Akr1b10', 0.5865605304947216), ('Dhdh', 1.2215155657723469), ('Mtap', 1.2175550580370562), ('C2cd5', 0.4526657547400646), ('Fgfr3', 0.4860572892331933), ('Chordc1', 0.507384126575579), ('Adcy3', 0.7343012029126244), ('Kcnma1', 0.5941301109123756), ('Ms4a6c', 0.4271426537160634), ('Tsc2', 0.4242483583646037), ('Vldlr', 0.8089598981824672), ('Spats1', 0.8700265455230067)]",1114
Rel,homer__GGGGGAATCCCC_NFkB-p50_p52,0.06209146736682523,3.6009048251710025,7.5e-05,0.272109,gene is orthologous to FBgn0011274 in D. melanogaster (identity = 27%) which is annotated for similar motif bergman__dif_Rel ('dif/Rel'; q-value = 7.49e-05),"frozenset({'weight>75.0%', 'activating', 'mm10_500bp_up_100bp_down_full_tx_v10_clust.genes_vs_motifs.rankings'})","[('Ubr3', 0.7711070513066487), ('Osbpl11', 0.6278785002431542), ('Exph5', 0.798610773316414), ('Pard6g', 1.060655016698627), ('Mospd1', 2.3672816950318807), ('Slc8b1', 0.810232532657699), ('Tank', 1.007218530778644), ('Grik5', 1.1786536350813734), ('Rab8b', 0.4836871784602859), ('Mpz', 0.8104286070262808), ('Riox2', 0.9793803622404336), ('Lrrcc1', 0.9859273607988068), ('Abi2', 0.6150278961641682), ('Zfp212', 0.7387379597495054), ('Numb', 0.4390807216417708), ('Rab44', 0.6350480108200668), ('Enpp2', 1.603857552876529), ('Mapk11', 0.5644182883452957), ('Adam32', 0.5488158245456612), ('Elmo1', 0.9272703700501608), ('Slc9a6', 1.5782363046242234), ('Slc35e2', 0.4352939957621834), ('4921524J17Rik', 0.6401453428472282), ('Tbc1d8b', 0.996953355308016), ('Egr3', 0.8183187455497297)]",1125
Sox17,taipale_tf_pairs__SOX17_ACCGAACAAT_HT,0.12019950124688279,4.124135843614809,0.0,0.850242,motif is annotated for orthologous gene ENSG00000164736 in H. sapiens (identity = 85%),"frozenset({'weight>75.0%', 'activating', 'mm10_500bp_up_100bp_down_full_tx_v10_clust.genes_vs_motifs.rankings'})","[('Plvap', 3.721345171330455), ('Dusp2', 0.5696125801879148), ('Sox7', 1.147387762272796), ('Adgrl3', 0.7214316706143228), ('Jam2', 0.9191976142090236)]",952
Stat6,transfac_pro__M00777,0.05345290619604834,3.034530922147647,0.0,1.0,gene is directly annotated,"frozenset({'weight>75.0%', 'activating', 'mm10_500bp_up_100bp_down_full_tx_v10_clust.genes_vs_motifs.rankings'})","[('Zfp746', 0.4150962537998801), ('Card10', 0.8867028093118909), ('Tmcc3', 1.3408146029115364), ('Arfgef3', 0.4965049999501494), ('Zc3h14', 1.0536829931897749), ('Prkaa1', 0.4976551163026379), ('Commd10', 1.0731251907896215), ('Kif2c', 0.625307627990089), ('Rasgef1a', 0.4015743902001125), ('Il17ra', 0.5741148062633578), ('Fmr1nb', 0.678908238745113), ('Nsmce4a', 0.8509394051959362), ('Rap1gap', 0.4905973364543557)]",361
Zbtb7a,transfac_pro__M04845,0.06160587232483762,3.009550959864492,0.0,0.891037,gene is orthologous to ENSG00000178951 in H. sapiens (identity = 89%) which is directly annotated for motif,"frozenset({'weight>75.0%', 'activating', 'mm10_500bp_up_100bp_down_full_tx_v10_clust.genes_vs_motifs.rankings'})","[('Jade1', 0.5155186837968493), ('Sec24b', 0.7301095278774724), ('Xpr1', 0.4743016397347548), ('Nfatc1', 0.4403032336504202), ('Ddi2', 0.6652521410246788), ('Phlpp1', 0.473527907446892), ('Grk5', 0.7287633088290612), ('Dapk2', 0.8531496414990143), ('Btbd7', 0.7290966218676507), ('Twsg1', 0.8584129902028061), ('Cks2', 0.4261549621868981), ('Eda', 0.8388349788792998), ('Rbms1', 0.8140701220909251), ('Rell1', 0.7390066863776378), ('G2e3', 0.7389649408569445), ('Rtn3', 0.4576816694050543), ('Echdc1', 0.7911315000396278), ('Sp3', 1.6187700537462113), ('Appl1', 0.5177239409572535), ('Tmem151b', 0.6556501119678478), ('Nacc1', 2.091658028880235), ('Mier1', 0.4149635966453042), ('Hdgf', 0.4839271946951822), ('Nemp2', 0.3950962956058964), ('Ubxn11', 0.5816455315885409), ('Enpp4', 0.7591390281848447), ('Impad1', 0.4388194705296199), ('Helb', 0.4619634414811251), ('Smad2', 1.4943366793796014), ('Dip2c', 1.325975999449881), ('Asxl2', 0.4348878118768475), ('Vstm2a', 0.5679003032245061), ('Kif5c', 0.4962039142490783), ('Stk39', 0.4729454152719458), ('Smurf2', 0.5094108727910218), ('Ppp2r2d', 1.163593452724164), ('Pced1b', 0.4046035857756219), ('Dlg1', 0.6382106651212809), ('Katnbl1', 0.6910275400498447)]",1430
Zfp110,transfac_pro__M04916,0.07025016534090564,3.6035586790465493,1e-06,0.424279,"gene is orthologous to ENSG00000171606 in H. sapiens (identity = 42%) which is annotated for similar motif dbcorrdb__ZNF274__ENCSR000EVG_1__m3 ('ZNF274 (ENCSR000EVG-1, motif 3)'; q-value = 5.94e-07)","frozenset({'weight>75.0%', 'activating', 'mm10_500bp_up_100bp_down_full_tx_v10_clust.genes_vs_motifs.rankings'})","[('Hipk1', 0.6702957097438125), ('Lmbrd1', 0.4901123046739594), ('March8', 1.0993304902356815), ('Dmd', 0.5299417958814439), ('Nans', 0.7162140520737984), ('Tmem39a', 0.5356171138764432), ('Ctc1', 0.9111942124098698), ('Rnf138', 1.760011073319406), ('Atf7ip', 0.508201847736098), ('Lrrk2', 2.312767530563256), ('Cnot10', 2.6778997217021034), ('Xbp1', 0.468862509588404), ('Dnm1l', 0.7899692907753039), ('Ganc', 0.551066726668332), ('2810459M11Rik', 0.517656621540653), ('Ccdc25', 0.4058383691445655), ('Luc7l', 0.5933459648341484), ('Sart3', 0.7596589319517117), ('Dpp3', 0.561865168865141), ('Vps8', 0.5423512497516529), ('Irf7', 1.0268293794311902), ('Os9', 0.4527314990149662), ('Ralgds', 0.626428109972525), ('Ubap2', 1.0189538145007744), ('Dhx30', 0.4955457013272395), ('Stx8', 1.3686193655410466), ('Rnf128', 0.3950967298329307), ('Nemf', 1.1321396438659983), ('Ccl8', 0.5520699194608503), ('Top3b', 0.4035628145089532), ('Naa50', 0.4697275246234882), ('Neo1', 0.6318028838551843), ('Irf2', 0.8809655793043278), ('1700084E18Rik', 0.6920110110696048), ('Tars2', 0.4271393437640069), ('Epb41l1', 0.6559716357510321), ('Hoxd3', 1.304881014029554), ('Hdac7', 1.6801711063655247), ('2210408F21Rik', 0.5104170287981206), ('Zcrb1', 0.7280742865088815), ('Hoxa5', 0.6696807070121116), ('Mpp6', 0.5415123939393138), ('Sypl', 1.014636187407321), ('Fto', 1.180299074947441), ('Gm10037', 0.4806910827972633), ('Ing4', 2.1456556600244885), ('Polr3k', 2.6891774801490413), ('P2rx7', 1.9787428426396492)]",4932
Atf3,transfac_pro__M00691,0.0880734671258362,4.281011362168339,0.00096,1.0,gene is annotated for similar motif transfac_pro__M00513 ('V$ATF3_Q6: ATF3'; q-value = 0.00096),"frozenset({'weight>90.0%', 'activating', 'mm10_500bp_up_100bp_down_full_tx_v10_clust.genes_vs_motifs.rankings'})","[('Angptl8', 0.8054135422815415), ('Dctd', 1.0279090137629936), ('Mchr1', 2.616611593686504), ('Tfeb', 1.0554927685609203), ('Slc2a9', 1.0817180460362028), ('Col13a1', 0.9579935681513064), ('Ndrg1', 0.8911792634873155), ('Klf15', 0.8139212689373149), ('Map3k8', 1.8529707251658527), ('Atf3', 1.0)]",579
Atf3,transfac_pro__M01861,0.09728852471994616,4.9488801127952655,0.000883,1.0,"gene is annotated for similar motif transfac_pro__M00981 ('V$CREBATF_Q6: CREB, ATF'; q-value = 0.000883)","frozenset({'weight>90.0%', 'activating', 'mm10_500bp_up_100bp_down_full_tx_v10_clust.genes_vs_motifs.rankings'})","[('Fosb', 2.3836150012455555), ('Loxl4', 2.43239177017453), ('Azin1', 0.82802925898861), ('Tfeb', 1.0554927685609203), ('Atf3', 1.0), ('Btg1', 1.9205307086711596), ('Intu', 0.8068169404138688), ('Dnajb9', 0.9791453033135968), ('Txnl4b', 1.5914010263052016), ('Btg2', 0.8431732746147704), ('Irf1', 1.1412319508669266)]",623
Atf3,transfac_pro__M08803,0.08128092467244587,3.788716355262924,0.000808,1.0,"motif similar to cisbp__M0299 ('Atf3[gene ID: ""ENSMUSG00000026628"" species: ""Mus musculus"" TF status: ""direct"" TF family: ""bZIP"" DBDs: ""bZIP_1""]'; q-value = 0.000808) which is directly annotated","frozenset({'weight>90.0%', 'activating', 'mm10_500bp_up_100bp_down_full_tx_v10_clust.genes_vs_motifs.rankings'})","[('Dusp1', 1.0092196950850394), ('Fos', 2.531101183381593), ('Egr1', 3.743793685637277), ('Tra2a', 0.9741650983820348), ('Clk1', 0.8758337292626801), ('Btg2', 0.8431732746147704), ('Azin1', 0.82802925898861), ('Fosb', 2.3836150012455555), ('Haus5', 4.353866669900657), ('Ppp1r15a', 1.035319077469072), ('Btg1', 1.9205307086711596), ('Txnl4b', 1.5914010263052016), ('Tsc22d2', 1.599581308860773), ('Jun', 1.4516611661321723), ('Hoxa11', 1.5289182763611104), ('Klf9', 0.8863079626787186), ('Hs3st3a1', 1.1192720742977806), ('Atf3', 1.0), ('Tnfaip3', 1.4115386411856057), ('Dnajb4', 0.8892993061376704), ('Tprg', 0.9190026533382634), ('Intu', 0.8068169404138688), ('Dnajb9', 0.9791453033135968), ('Rnf128', 1.0662266647897385), ('Klf15', 0.8139212689373149), ('Bhlhe40', 0.8147218115829459), ('Galnt15', 0.8666627142674148), ('Klf6', 2.249597312748646), ('Hspa8', 0.8611687297239004), ('Ifrd1', 0.9512333447241856), ('Loxl4', 2.43239177017453), ('Twist1', 1.337725637184058), ('Junb', 1.5142309790547277), ('Rsrp1', 0.8858491814820953), ('Slc7a8', 2.810792808769384), ('Gdpgp1', 1.6390910130564675), ('Slc23a1', 1.92827229821912), ('Hist1h3e', 1.5187937608662343), ('Phyhipl', 2.2934195077822177), ('Ryr2', 1.6743577290648184), ('Rpusd2', 2.063234313077301)]",4844
Atf3,transfac_pro__M02279,0.08756679729248308,4.244290056291945,0.000274,1.0,"gene is annotated for similar motif transfac_pro__M00981 ('V$CREBATF_Q6: CREB, ATF'; q-value = 0.000274)","frozenset({'weight>90.0%', 'activating', 'mm10_500bp_up_100bp_down_full_tx_v10_clust.genes_vs_motifs.rankings'})","[('Dusp1', 1.0092196950850394), ('Dnajb4', 0.8892993061376704), ('Btg2', 0.8431732746147704), ('Tra2a', 0.9741650983820348), ('Pax1', 1.0726752075461572), ('Trhr2', 1.1562272142283307), ('Tprg', 0.9190026533382634), ('Pex5l', 0.8161367093108187), ('Egr1', 3.743793685637277), ('Ifrd1', 0.9512333447241856), ('Hoxa11', 1.5289182763611104), ('Sntb2', 0.8913802537509101), ('Haus5', 4.353866669900657), ('Tsc22d2', 1.599581308860773), ('Hs3st3a1', 1.1192720742977806), ('Gnb3', 1.1367439816797855), ('Azin1', 0.82802925898861), ('Ppp1r15a', 1.035319077469072), ('Frzb', 1.0349545697415952), ('Dctd', 1.0279090137629936), ('Loxl4', 2.43239177017453), ('Txnl4b', 1.5914010263052016), ('Dnaja1', 1.1040651813175093), ('Jund', 1.1585196138855325), ('Clk1', 0.8758337292626801)]",2660
Atf3,transfac_public__M00039,0.09946562166013538,5.106666973982899,5.2e-05,1.0,"gene is annotated for similar motif transfac_pro__M00981 ('V$CREBATF_Q6: CREB, ATF'; q-value = 5.19e-05)","frozenset({'weight>90.0%', 'activating', 'mm10_500bp_up_100bp_down_full_tx_v10_clust.genes_vs_motifs.rankings'})","[('Tnfaip3', 1.4115386411856057), ('Nfkbia', 1.0189746753372635), ('Nfkbiz', 1.0295527954089918), ('Twist1', 1.337725637184058), ('Nxph3', 3.451423766996801), ('Ubc', 0.8972897258949277), ('Irf1', 1.1412319508669266), ('Dnajb4', 0.8892993061376704), ('Map3k8', 1.8529707251658527), ('Txnl4b', 1.5914010263052016), ('Phyhipl', 2.2934195077822177), ('Btg1', 1.9205307086711596), ('Pcyox1l', 1.699926571411826), ('Hoxa11', 1.5289182763611104)]",1160
Atf3,transfac_pro__M00514,0.08220718046154456,3.8558474925682082,7e-06,1.0,motif similar to transfac_pro__M07313 ('V$ATF3_Q6_02: ATF-3'; q-value = 7.19e-06) which is directly annotated,"frozenset({'weight>90.0%', 'activating', 'mm10_500bp_up_100bp_down_full_tx_v10_clust.genes_vs_motifs.rankings'})","[('Egr1', 3.743793685637277), ('Dusp1', 1.0092196950850394), ('Tra2a', 0.9741650983820348), ('Fosb', 2.3836150012455555), ('Tsc22d2', 1.599581308860773), ('Fos', 2.531101183381593), ('Dnajb4', 0.8892993061376704), ('Btg1', 1.9205307086711596), ('Clk1', 0.8758337292626801), ('Txnl4b', 1.5914010263052016), ('Hspa8', 0.8611687297239004), ('Hoxa11', 1.5289182763611104), ('Btg2', 0.8431732746147704), ('Atf3', 1.0), ('Pax1', 1.0726752075461572), ('Tprg', 0.9190026533382634), ('Ppp1r15a', 1.035319077469072), ('Haus5', 4.353866669900657), ('Galnt15', 0.8666627142674148), ('Hs3st3a1', 1.1192720742977806), ('Azin1', 0.82802925898861), ('Tnfaip3', 1.4115386411856057)]",1916
Atf6,transfac_pro__M01861,0.08093272565712156,3.0328329676625527,0.000883,1.0,"gene is annotated for similar motif transfac_pro__M00981 ('V$CREBATF_Q6: CREB, ATF'; q-value = 0.000883)","frozenset({'weight>90.0%', 'activating', 'mm10_500bp_up_100bp_down_full_tx_v10_clust.genes_vs_motifs.rankings'})","[('Hps1', 0.8018491507919868), ('1190007I07Rik', 1.0204262675106104), ('Tug1', 1.5143836104946928), ('Hnrnph2', 1.1712643666218034), ('4930430F08Rik', 0.8604164759079486), ('Cry1', 1.2151507338363363)]",354
Crem,transfac_pro__M04746,0.11038193988712429,3.1594693958945785,0.000725,1.0,gene is annotated for similar motif transfac_pro__M00917 ('V$CREB_Q4_01: CREB'; q-value = 0.000725),"frozenset({'weight>90.0%', 'activating', 'mm10_500bp_up_100bp_down_full_tx_v10_clust.genes_vs_motifs.rankings'})","[('Hspbp1', 1.5275482975183892), ('Zfp715', 1.217153507856998), ('Foxc1', 2.1974489570777056), ('Crem', 1.0), ('Mrpl22', 1.0392103397064902), ('Rfesd', 0.8971105970971891)]",566
Cux1,transfac_pro__M04610,0.07158349337384508,3.353614742242726,0.0,1.0,gene is directly annotated,"frozenset({'weight>90.0%', 'activating', 'mm10_500bp_up_100bp_down_full_tx_v10_clust.genes_vs_motifs.rankings'})","[('Acap2', 1.1444298688084509), ('Ppfibp1', 1.720893958525448), ('Ttll7', 1.139680799899398), ('Dlat', 1.1330962143099392), ('Cdh13', 0.8944051329229904), ('Foxred2', 1.7154859046988122), ('Synm', 1.0875993937356718), ('Sc5d', 0.9436205934464664), ('Capza2', 0.8086718818243782), ('Letm1', 1.4379942114804056), ('Wasf2', 1.3722786077864), ('Peak1', 0.9174260648229292), ('Socs2', 1.1469085899009133), ('Uqcr11', 1.363979031114397), ('Impad1', 1.2869317341826831)]",539
Dbp,tfdimers__MD00134,0.08142342556307644,3.1975257194080506,0.0,0.916923,gene is orthologous to ENSG00000105516 in H. sapiens (identity = 91%) which is directly annotated for motif,"frozenset({'weight>90.0%', 'activating', 'mm10_500bp_up_100bp_down_full_tx_v10_clust.genes_vs_motifs.rankings'})","[('Klhl2', 1.519563937838848), ('Six5', 1.2273135017239936), ('Ttc21b', 0.9582169661325248), ('9530082P21Rik', 0.9313561608671548), ('Zfp459', 0.7942809311601277), ('Poln', 1.8216653217959071), ('Tcirg1', 1.8228105134543984)]",730
Deaf1,transfac_pro__M01238,0.08293749752602621,3.63511459521457,0.0,0.215548,gene is orthologous to FBgn0013799 in D. melanogaster (identity = 21%) which is directly annotated for motif,"frozenset({'weight>90.0%', 'activating', 'mm10_500bp_up_100bp_down_full_tx_v10_clust.genes_vs_motifs.rankings'})","[('Mllt3', 1.067261612398809), ('Mfsd12', 1.3413595825634426), ('Jade1', 1.25871167875692), ('Fam13c', 1.4660721930727816), ('Rif1', 1.7708098973427386), ('Rfc1', 1.2983870261590762), ('Tmem29', 1.253255659115028), ('Hecw2', 2.261809135791913), ('Sorbs1', 1.3467337802163646), ('Usp1', 1.3721012580631438), ('Agk', 1.2998133032458103), ('Rngtt', 0.9674374593898972), ('Kdm3a', 0.944348594789828)]",966
E2f1,taipale_tf_pairs__E2F1_ELK1_SGCGCNNNNNNNNNNCGGAAGN_CAP_repr,0.07940862130388315,3.3782247578309295,0.0,0.853488,gene is orthologous to ENSG00000101412 in H. sapiens (identity = 85%) which is directly annotated for motif,"frozenset({'weight>90.0%', 'activating', 'mm10_500bp_up_100bp_down_full_tx_v10_clust.genes_vs_motifs.rankings'})","[('Adh5', 0.8944160150131732), ('Tnpo2', 1.226603894179131), ('Fam160b1', 0.9853887207341878), ('Ncaph2', 2.1524707113157406), ('Sos1', 1.4919977455632778), ('Ppp3r1', 1.49133605048874), ('Nfasc', 0.8674705800826423), ('Mcm2', 1.0048529226740175), ('Adamts8', 1.110268159452085), ('Tiprl', 1.2578486392807835), ('Hspb11', 0.8677624763616297), ('Trappc8', 1.9474850181872925), ('Elk1', 3.1321767829376888), ('Foxred1', 1.8879568389972965), ('Ddx11', 1.1530046011341664)]",1816
E2f1,taipale_tf_pairs__E2F1_ELK1_SGCGCNNNNNNNNNNNCGGAAGN_CAP_repr,0.07887424296401853,3.3451263768279955,0.0,0.853488,gene is orthologous to ENSG00000101412 in H. sapiens (identity = 85%) which is directly annotated for motif,"frozenset({'weight>90.0%', 'activating', 'mm10_500bp_up_100bp_down_full_tx_v10_clust.genes_vs_motifs.rankings'})","[('E2f1', 1.0), ('Mcts1', 1.1231364479931885), ('Cars2', 0.962184020523242), ('Mcm2', 1.0048529226740175)]",70
E2f1,transfac_pro__M01251,0.09064244151525946,4.074026278470389,0.0,1.0,gene is directly annotated,"frozenset({'weight>90.0%', 'activating', 'mm10_500bp_up_100bp_down_full_tx_v10_clust.genes_vs_motifs.rankings'})","[('Adh5', 0.8944160150131732), ('Fam160b1', 0.9853887207341878), ('Tnpo2', 1.226603894179131), ('Ddx11', 1.1530046011341664), ('Dok4', 0.8644362839749067), ('Acot11', 1.39603183789937), ('Mcm2', 1.0048529226740175), ('Timm10', 1.8317484340395933), ('Myo18a', 1.6137679235408284)]",871
E2f1,transfac_public__M00024,0.08097613110081937,3.4753133421062024,0.0,1.0,gene is directly annotated,"frozenset({'weight>90.0%', 'activating', 'mm10_500bp_up_100bp_down_full_tx_v10_clust.genes_vs_motifs.rankings'})","[('Ddx11', 1.1530046011341664), ('Fam160b1', 0.9853887207341878), ('Adh5', 0.8944160150131732), ('Dok4', 0.8644362839749067), ('Acot11', 1.39603183789937)]",249
Egr3,transfac_pro__M00807,0.12041325258282864,5.355484801766542,0.0,1.0,gene is directly annotated,"frozenset({'weight>90.0%', 'activating', 'mm10_500bp_up_100bp_down_full_tx_v10_clust.genes_vs_motifs.rankings'})","[('Efhc2', 1.197746582020923), ('Mex3a', 2.7242400140049376), ('Slc39a8', 1.037363941751133), ('2310068J16Rik', 1.367121667169308), ('Egr3', 1.0), ('Mfn1', 1.2762375525330092), ('Rhobtb1', 1.3374093742526167), ('Nfe2l2', 0.927833996927978), ('Armc8', 1.3306909474300044), ('Grik4', 1.156618031781422), ('Cish', 1.5957290272127729), ('Dgkd', 1.2024907434462109), ('Amz2', 0.9075037438344784), ('Il1rl1', 1.0760496089661336), ('Cers4', 1.6714950333037537), ('Cyp2d22', 0.8012606499300249), ('Ccnd2', 1.9161179026312225), ('Lcp2', 1.2267801764339568), ('Rnf169', 1.0006604930847285), ('Noct', 2.0308846600061123)]",3210
Elk1,taipale_tf_pairs__E2F1_ELK1_SGCGCNNNNNNNNNNNCGGAAGN_CAP_repr,0.09667920593995238,3.981812176620271,0.0,0.85514,motif is annotated for orthologous gene ENSG00000126767 in H. sapiens (identity = 85%),"frozenset({'weight>90.0%', 'activating', 'mm10_500bp_up_100bp_down_full_tx_v10_clust.genes_vs_motifs.rankings'})","[('Dnaja3', 2.474170501833376), ('Tmod2', 1.2434448902488655), ('Fbxo30', 1.0919227030889662), ('Pot1a', 0.9638814630300458), ('Zswim8', 1.4380428127847522), ('Pelo', 1.079195843805551), ('Mcur1', 1.1818870203079568), ('Hspb11', 0.8070475983056667), ('Sf3b1', 1.236041592562343)]",983
Elk1,taipale_tf_pairs__ELK1_EOMES_RSCGGAANNAGGYGYNA_CAP_repr,0.12139143666258084,5.377570867482262,0.0,0.85514,motif is annotated for orthologous gene ENSG00000126767 in H. sapiens (identity = 85%),"frozenset({'weight>90.0%', 'activating', 'mm10_500bp_up_100bp_down_full_tx_v10_clust.genes_vs_motifs.rankings'})","[('Fyco1', 1.7075562641782496), ('Eaf1', 1.186228318992208), ('Foxred1', 1.3566570630902788), ('Mrps22', 1.1764658854240464), ('Sf3b1', 1.236041592562343), ('Ppp1r18', 1.0226525516329277), ('Pot1a', 0.9638814630300458), ('Zswim8', 1.4380428127847522), ('Tufm', 1.1600792533198343), ('Dnm1l', 1.843087094992828), ('Csk', 0.9178240314226688), ('Unc13b', 0.920245922023933), ('Anapc4', 1.90024314028255), ('Mtmr9', 2.0838199119842216), ('Pan3', 1.3635485717063398), ('Trim25', 0.7924773644809103), ('Mis18a', 1.4860338227289749), ('Srgap3', 1.1803841488211355), ('Tcaf1', 0.9767154838923768), ('4930563E22Rik', 0.8199917028594624), ('Pomt2', 1.7983638232362626), ('Edem3', 1.5760263045685288), ('Tmem87b', 1.1326749079197076), ('Tnpo2', 1.2476213357499235), ('Rap2b', 0.9247246426430068), ('Smc5', 1.0209773404782605), ('Yes1', 1.5528753132473303)]",4941
Elk1,taipale_tf_pairs__ELK1_FOXI1_RSCGGATGTKKN_CAP,0.08608422446708089,3.383402521245005,0.0,0.85514,motif is annotated for orthologous gene ENSG00000126767 in H. sapiens (identity = 85%),"frozenset({'weight>90.0%', 'activating', 'mm10_500bp_up_100bp_down_full_tx_v10_clust.genes_vs_motifs.rankings'})","[('Pot1a', 0.9638814630300458), ('Fbxo30', 1.0919227030889662), ('Dnaja3', 2.474170501833376), ('Hspb11', 0.8070475983056667), ('Ptp4a3', 0.9692778046328588), ('Zswim8', 1.4380428127847522), ('Pelo', 1.079195843805551), ('Timm29', 0.9783541366004992), ('Phf1', 2.147971997393323), ('Mcur1', 1.1818870203079568)]",985
Elk1,taipale_tf_pairs__ELK1_HOXA1_RCCGGAAGTAATTA_HT,0.07970187525536442,3.0229243644830426,0.0,0.85514,motif is annotated for orthologous gene ENSG00000126767 in H. sapiens (identity = 85%),"frozenset({'weight>90.0%', 'activating', 'mm10_500bp_up_100bp_down_full_tx_v10_clust.genes_vs_motifs.rankings'})","[('Fyco1', 1.7075562641782496), ('Mtmr9', 2.0838199119842216), ('Zswim8', 1.4380428127847522), ('4930563E22Rik', 0.8199917028594624), ('Mrps22', 1.1764658854240464)]",240
Elk1,taipale_tf_pairs__FOXO1_ELK1_RSCGGATGTTRTN_CAP,0.10137086661876382,4.246799430928733,0.0,0.85514,motif is annotated for orthologous gene ENSG00000126767 in H. sapiens (identity = 85%),"frozenset({'weight>90.0%', 'activating', 'mm10_500bp_up_100bp_down_full_tx_v10_clust.genes_vs_motifs.rankings'})","[('Tcaf1', 0.9767154838923768), ('Foxred1', 1.3566570630902788), ('Dnm1l', 1.843087094992828), ('Slc35e2', 0.8041907443978363), ('Ppp1r18', 1.0226525516329277), ('Hnrnpr', 1.007221601045801), ('Yes1', 1.5528753132473303), ('Fbxo30', 1.0919227030889662), ('Dld', 1.2761253373610086)]",1065
Elk3,taipale_tf_pairs__TEAD4_ELK3_NCCGGAANNNNNNNMATWCC_CAP_repr,0.09431609655107515,4.694517790484983,0.0,0.923833,motif is annotated for orthologous gene ENSG00000111145 in H. sapiens (identity = 92%),"frozenset({'weight>90.0%', 'activating', 'mm10_500bp_up_100bp_down_full_tx_v10_clust.genes_vs_motifs.rankings'})","[('Golm1', 0.855042340869968), ('Polr3b', 1.5439601069402735), ('Fam219a', 0.8538341323486704), ('Ubxn7', 1.1409716276520327), ('Tti2', 1.3897061725644688), ('Hibadh', 1.1239628288710355), ('Fam184a', 2.2422385539713456), ('Katna1', 0.7988020884997796), ('Mepce', 0.9954523596119884), ('Immp2l', 1.5210408019890476), ('Anks1b', 1.031334573152701), ('Pag1', 1.3851528300738642), ('Xndc1', 1.7908173843153143), ('Tmem185b', 1.2943790475424612), ('Pcgf6', 1.7812387374048833), ('E2f6', 1.1816025718079823), ('Scaf4', 1.0772799059028113), ('Pdcd2l', 2.2573210984546264), ('Fbxo41', 0.8244147621644768), ('Aph1a', 1.155437240507459), ('Ncoa4', 1.0776117833394967), ('Papolg', 1.9962900328209792), ('Tmem104', 1.606551808512053), ('Zcchc2', 0.8907851739957131), ('Dusp6', 0.8892856348680683), ('Pogz', 0.934770043790624), ('Naa35', 1.3595071137725714), ('Snhg17', 1.7579744433123017), ('Rad21', 0.9446278275551832), ('Prkdc', 0.851329409681548), ('Dgat1', 2.240487393858337), ('Txndc9', 1.0540474220288856), ('Ppp1cc', 0.9213969268462584), ('Pcgf1', 2.2879401764758107), ('Map3k5', 1.452585808374622), ('Jrk', 2.623855871423957), ('Orc5', 2.282380070527622), ('Tmcc2', 1.711900024541854), ('Wnt9a', 1.1187436131580109), ('Trim14', 1.431405875275906), ('Larp4b', 0.9374587925522264), ('Tfam', 0.9867291183374524)]",4655
Fli1,tfdimers__MD00018,0.09812769663143728,3.4383162293192417,0.0,0.966814,gene is orthologous to ENSG00000151702 in H. sapiens (identity = 96%) which is directly annotated for motif,"frozenset({'weight>90.0%', 'activating', 'mm10_500bp_up_100bp_down_full_tx_v10_clust.genes_vs_motifs.rankings'})","[('Gpr19', 0.8030948934212412), ('Mfsd12', 0.9854737756564116), ('Cyb5r1', 0.8384218504966561), ('Pola1', 0.9808484447670728), ('Urgcp', 0.9487654265655814), ('Dmtf1', 0.8244738544234463), ('Lmcd1', 0.8539359544235287), ('Nbeal1', 1.3174781260345574), ('Acrbp', 1.154810838901526), ('Spred2', 0.9978125958636006), ('Bdp1', 1.0544716494466506)]",1163
Fli1,tfdimers__MD00044,0.09730963596300254,3.3960319049481122,0.0,0.966814,gene is orthologous to ENSG00000151702 in H. sapiens (identity = 96%) which is directly annotated for motif,"frozenset({'weight>90.0%', 'activating', 'mm10_500bp_up_100bp_down_full_tx_v10_clust.genes_vs_motifs.rankings'})","[('Npy2r', 1.2711670865728624), ('Arhgap28', 2.2524029342418057), ('Dhx8', 1.5816763556633062), ('Urgcp', 0.9487654265655814), ('1600014C10Rik', 0.9719268156333764), ('Tmem267', 0.8295588760307159), ('Zfp280b', 1.1485215997399398)]",401
Fos,transfac_public__M00039,0.07648779286352021,4.281917898286178,0.000428,0.936842,gene is orthologous to ENSG00000170345 in H. sapiens (identity = 93%) which is annotated for similar motif transfac_pro__M08947 ('V$FOS_09: C-FOS'; q-value = 0.000428),"frozenset({'weight>90.0%', 'activating', 'mm10_500bp_up_100bp_down_full_tx_v10_clust.genes_vs_motifs.rankings'})","[('Dusp1', 3.918594626017562), ('Ints6', 1.1372795225166608), ('Zfp292', 1.2059916215492732), ('A230072C01Rik', 1.865172338606038), ('Cwc25', 3.1151092743493765), ('Skida1', 0.8799469942993385), ('Susd1', 1.8239242634450756), ('Cbx8', 5.837955734831817), ('1810026B05Rik', 3.183313711529196), ('Zfp61', 2.760126612556999), ('Fos', 1.0), ('Tesk2', 0.885798179988974), ('Irs1', 1.5118987431406434), ('Egr1', 7.327177773831142), ('Tra2a', 1.1077757488254478), ('Srsf3', 1.0310304839442324), ('Ryr2', 1.0211257746828188), ('Ier3', 2.6780659679281364), ('Otub2', 1.071789772365737), ('Adh1', 1.2795873861447145), ('Tgif1', 1.4345021191662068), ('Dock5', 0.9071348361257864)]",1663
Fos,transfac_pro__M02279,0.06795357285797851,3.550118485896088,0.000337,0.936842,gene is orthologous to ENSG00000170345 in H. sapiens (identity = 93%) which is annotated for similar motif taipale_cyt_meth__FOS_NRTGACGTCAYN_eDBD ('FOS [bZIP]'; q-value = 0.000337),"frozenset({'weight>90.0%', 'activating', 'mm10_500bp_up_100bp_down_full_tx_v10_clust.genes_vs_motifs.rankings'})","[('Tbc1d1', 1.0611118116266638), ('Mrps6', 1.0919135408190686), ('Sox9', 0.9519648928854444), ('Adamts13', 0.8506561207611345), ('Hspa1b', 3.954301549550204), ('Hsp90aa1', 0.9845959305782332), ('Ccnl1', 1.5072212089330854), ('Hspa1a', 2.3851972005768998), ('Efnb3', 1.112202073432793), ('C230037L18Rik', 1.675696487655305), ('4833419F23Rik', 2.4590696591134944), ('Snhg12', 2.094358601214428), ('Cirbp', 1.4546955105041672)]",799
Foxs1,stark__RTAAMA,0.07492841969151195,3.358507121741409,0.0,0.325228,gene is orthologous to FBgn0014143 in D. melanogaster (identity = 32%) which is directly annotated for motif,"frozenset({'weight>90.0%', 'activating', 'mm10_500bp_up_100bp_down_full_tx_v10_clust.genes_vs_motifs.rankings'})","[('Mocs3', 1.4301533410794651), ('Serac1', 0.8674438604407342), ('Cd200', 2.496407626796348), ('Herc6', 0.8142014915492883), ('Gcat', 0.8815694116376794), ('Tmem251', 0.9144333532080016), ('Epb41', 0.7987546525414686), ('Slc25a25', 2.5691596448877663)]",708
Gm14305,transfac_pro__M06477,0.07639554958756954,3.214644896499842,0.0,0.454128,motif is annotated for orthologous gene ENSG00000181896 in H. sapiens (identity = 45%),"frozenset({'weight>90.0%', 'activating', 'mm10_500bp_up_100bp_down_full_tx_v10_clust.genes_vs_motifs.rankings'})","[('Lag3', 1.103388238914898), ('Slc4a3', 2.0133361839305293), ('Piwil2', 0.9937926047982262), ('Hlcs', 0.9320719665652608)]",308
Hes7,taipale_tf_pairs__TEAD4_HES7_GGWATGYNNNNCRCGYGY_CAP_repr,0.11795073719210745,3.9135340905021154,0.0,0.92,gene is orthologous to ENSG00000179111 in H. sapiens (identity = 92%) which is directly annotated for motif,"frozenset({'weight>90.0%', 'activating', 'mm10_500bp_up_100bp_down_full_tx_v10_clust.genes_vs_motifs.rankings'})","[('Cactin', 0.8299907557649592), ('Phtf1os', 1.0080022655739251)]",75
Hoxb2,taipale_tf_pairs__HOXB2_ELK3_TAATGNNNNNCGGAAGTN_CAP,0.11388196176226101,3.245904961277776,0.0,0.80791,gene is orthologous to ENSG00000173917 in H. sapiens (identity = 80%) which is directly annotated for motif,"frozenset({'weight>90.0%', 'activating', 'mm10_500bp_up_100bp_down_full_tx_v10_clust.genes_vs_motifs.rankings'})","[('Gmnn', 2.358349797194842), ('Cenpk', 2.0476139144009697), ('Dusp23', 1.1251892282040967), ('Ccne1', 3.2508647956614705)]",709
Hoxb2,taipale_tf_pairs__HOXB2_PAX1_NNMATTAGTCACGCWTSRNTG_CAP_repr,0.10952618453865337,3.083720970026537,0.0,0.80791,gene is orthologous to ENSG00000173917 in H. sapiens (identity = 80%) which is directly annotated for motif,"frozenset({'weight>90.0%', 'activating', 'mm10_500bp_up_100bp_down_full_tx_v10_clust.genes_vs_motifs.rankings'})","[('Dusp23', 1.1251892282040967), ('Hat1', 0.8489493768027995), ('Ccne1', 3.2508647956614705), ('Hells', 1.427793995635946), ('C920021L13Rik', 1.499919881171343), ('Hoxb2', 1.0), ('Gmnn', 2.358349797194842), ('Actg2', 0.8268697135739211), ('H1fx', 0.8055920900055328), ('Fignl1', 1.967363147100652), ('Flad1', 1.9399278444508103)]",3268
Hoxd9,hocomoco__HXD12_HUMAN.H11MO.0.D,0.10846866573403889,4.603396339183801,0.000929,0.846591,motif similar to taipale_cyt_meth__HOXD9_GYAATAAAAN_FL ('HOXD9 [Homeodomain]'; q-value = 0.000929) which is annotated for orthologous gene ENSG00000128709 in H. sapiens (identity = 84%),"frozenset({'weight>90.0%', 'activating', 'mm10_500bp_up_100bp_down_full_tx_v10_clust.genes_vs_motifs.rankings'})","[('Hoxd9', 1.0), ('Acap2', 1.138936278868644), ('Prdm4', 1.0349077463668044), ('Mtmr14', 0.8709755894610709), ('Lyplal1', 0.993759764058398), ('Ubap1', 1.2653841988293395), ('Afap1l1', 4.83861022222327), ('Lrp11', 1.329949945283316)]",278
Hoxd9,transfac_pro__M07377,0.09845305435597997,4.0152617646271,0.000688,0.846591,motif similar to taipale_cyt_meth__HOXD9_GYAATAAAAN_eDBD ('HOXD9 [Homeodomain]'; q-value = 0.000688) which is annotated for orthologous gene ENSG00000128709 in H. sapiens (identity = 84%),"frozenset({'weight>90.0%', 'activating', 'mm10_500bp_up_100bp_down_full_tx_v10_clust.genes_vs_motifs.rankings'})","[('Hoxd9', 1.0), ('Acap2', 1.138936278868644), ('Afap1l1', 4.83861022222327), ('Prdm4', 1.0349077463668044), ('Mtmr14', 0.8709755894610709), ('Adck2', 1.2638003849351247), ('Ccne1', 0.9789129964049228), ('Cdc7', 0.8020035962777767), ('Lrp11', 1.329949945283316), ('Lyplal1', 0.993759764058398), ('Kit', 1.849350187821152), ('Bbc3', 1.2461117418327123)]",1020
Irf3,transfac_pro__M01279,0.09785791930430335,3.961759139588928,0.0,1.0,gene is directly annotated,"frozenset({'weight>90.0%', 'activating', 'mm10_500bp_up_100bp_down_full_tx_v10_clust.genes_vs_motifs.rankings'})","[('Eml6', 0.9302520892342232), ('Gigyf2', 0.8884595374333092), ('Ccnt2', 1.0578687180220436), ('Agrn', 0.95962161943349), ('Arhgap28', 1.3316300053454773), ('Taf11', 0.9428869409828264), ('Adgrf5', 0.8518103021769857), ('Snx21', 1.2155039576013345), ('Alg10b', 1.3387861032319222), ('Eogt', 0.7943287642328716), ('Pld2', 1.315453331137195), ('Lyst', 1.8329747219904844), ('Megf8', 0.7993041896895093), ('Cys1', 0.9469489441547204), ('St3gal3', 2.359433592285769), ('Ccdc28b', 0.8907280293811177), ('Wdr81', 0.969154953284244), ('Tcp11l2', 1.4338916025256827), ('Zc3h18', 1.1781269433276422), ('Mfsd12', 0.8480074593856782)]",2653
Irf9,transfac_pro__M00747,0.12595961077697912,3.2673847951015693,0.000253,1.0,gene is annotated for similar motif transfac_pro__M00972 ('V$IRF_Q6_01: IRF'; q-value = 0.000253),"frozenset({'weight>90.0%', 'activating', 'mm10_500bp_up_100bp_down_full_tx_v10_clust.genes_vs_motifs.rankings'})","[('Anks1', 1.0267780412293126), ('Crebrf', 1.309508337367702), ('Lemd3', 1.0690218507301272), ('Rab11fip2', 1.512617102224994), ('Ak4', 1.52112752383038), ('B4gat1', 0.8234632858036014), ('Wiz', 1.182579669568765), ('Sik2', 1.177806944531392), ('Psen2', 0.8556699798785002), ('Fam210b', 1.4157128960907432), ('Sh2d5', 0.8074946672583061), ('Esyt1', 1.381966469582475), ('Naa40', 0.9196081300278224), ('Tcf7l2', 1.163207663180891), ('Rnf6', 1.7120562647559574), ('Foxo1', 1.6534318939012038), ('S100pbp', 0.8077403054898162), ('Ptp4a1', 0.7921279999238175), ('Mpp5', 0.8168206350669162), ('Unc93a', 2.359149129706268)]",2591
Maff,transfac_public__M00039,0.0877585448144345,3.440503844906299,0.000752,0.884146,motif similar to taipale_cyt_meth__MAFF_NYGCTGAYRTCAGCRN_eDBD_repr ('MAFF [bZIP]'; q-value = 0.000752) which is annotated for orthologous gene ENSG00000185022 in H. sapiens (identity = 88%),"frozenset({'weight>90.0%', 'activating', 'mm10_500bp_up_100bp_down_full_tx_v10_clust.genes_vs_motifs.rankings'})","[('Sec16a', 1.4963558918078723), ('Maff', 1.0), ('Sft2d1', 2.7854435731805616), ('Kif5c', 1.2859967744440357), ('Coa7', 1.9684636493646608), ('Zfp672', 1.1178952355756513), ('Fam50a', 1.1985226848685118), ('Skil', 0.8521892885221365), ('Tmem19', 1.5061489745311292), ('BC005624', 0.8647625374552782), ('Mterf1b', 0.8201227201507705), ('Cd320', 1.4155562179274486)]",1115
Mlx,hocomoco__MLX_HUMAN.H11MO.0.D,0.10603121825066962,3.4386230586192936,0.0,0.949664,gene is orthologous to ENSG00000108788 in H. sapiens (identity = 94%) which is directly annotated for motif,"frozenset({'weight>90.0%', 'activating', 'mm10_500bp_up_100bp_down_full_tx_v10_clust.genes_vs_motifs.rankings'})","[('Echdc1', 2.525984762702249), ('Klhl13', 1.07867006697203), ('Rell1', 0.8808246944941708), ('Parp11', 1.318224731294809), ('Cnot11', 0.8740136837065168)]",344
Mybl2,taipale__MYBL2_DBD_AACCGTTAACGGNN,0.1239757748485928,3.7405033043787523,0.0,0.855714,motif is annotated for orthologous gene ENSG00000101057 in H. sapiens (identity = 85%),"frozenset({'weight>90.0%', 'activating', 'mm10_500bp_up_100bp_down_full_tx_v10_clust.genes_vs_motifs.rankings'})","[('Dusp28', 0.8855573951320407), ('Sat2', 0.7913445849924007), ('Rtn4r', 0.9142942761492918)]",226
Onecut2,taipale_tf_pairs__E2F3_ONECUT2_NNSGCGCSNNNATCGAYN_CAP_repr,0.13360118222961115,4.163955823819932,0.0,0.988095,motif is annotated for orthologous gene ENSG00000119547 in H. sapiens (identity = 98%),"frozenset({'weight>90.0%', 'activating', 'mm10_500bp_up_100bp_down_full_tx_v10_clust.genes_vs_motifs.rankings'})","[('Crocc', 0.8040574813756975), ('Foxj2', 1.3275519049986988)]",164
Pitx1,taipale_tf_pairs__ERF_PITX1_NSCGGANNNNNNGGMTTA_CAP,0.10207240519391177,4.6631355164260695,0.0,0.968153,motif is annotated for orthologous gene ENSG00000069011 in H. sapiens (identity = 96%),"frozenset({'weight>90.0%', 'activating', 'mm10_500bp_up_100bp_down_full_tx_v10_clust.genes_vs_motifs.rankings'})","[('Nol10', 1.089214396814218), ('Nanos1', 0.8457290911473994), ('Cldn10', 1.0962196385478526), ('Mllt3', 0.8605615745373678), ('Coa4', 1.2778984017719093), ('Tmem132e', 1.1402476715936705), ('Pnpla7', 0.8346769191999371), ('Ankrd52', 0.8525122563526376)]",812
Pitx1,taipale_tf_pairs__ETV2_PITX1_RSCGGAANNNNNGGMTTAN_CAP,0.07617450626307794,3.100201473083562,0.0,0.968153,motif is annotated for orthologous gene ENSG00000069011 in H. sapiens (identity = 96%),"frozenset({'weight>90.0%', 'activating', 'mm10_500bp_up_100bp_down_full_tx_v10_clust.genes_vs_motifs.rankings'})","[('Cyp27b1', 1.5867925214384524), ('Tmem132e', 1.1402476715936705), ('Grwd1', 1.6953810733001191), ('Nanos1', 0.8457290911473994), ('Cldn10', 1.0962196385478526)]",213
Sox17,taipale_tf_pairs__SOX17_ACCGAACAAT_HT,0.1256026600166251,3.732915189218356,0.0,0.850242,motif is annotated for orthologous gene ENSG00000164736 in H. sapiens (identity = 85%),"frozenset({'weight>90.0%', 'activating', 'mm10_500bp_up_100bp_down_full_tx_v10_clust.genes_vs_motifs.rankings'})","[('Tmem252', 0.934128242027062), ('Pawr', 2.466448141772351), ('Scarf1', 0.7908852429947087), ('Zbtb34', 0.8542860422823699), ('Ptprb', 3.6725400099687007), ('Sox17', 1.0)]",1811
Sp1,hocomoco__KLF13_HUMAN.H11MO.0.D,0.08229426433915212,3.3288612955684744,0.000238,0.950318,motif similar to taipale_cyt_meth__SP1_NWRGCCACGCCCMYN_eDBD ('SP1 [Znf_C2H2]'; q-value = 0.000238) which is annotated for orthologous gene ENSG00000185591 in H. sapiens (identity = 95%),"frozenset({'weight>90.0%', 'activating', 'mm10_500bp_up_100bp_down_full_tx_v10_clust.genes_vs_motifs.rankings'})","[('Gpr20', 0.9966787595386276), ('Slc35e1', 1.128815038135108), ('Ythdc1', 1.1647270639443452), ('Mapk1ip1', 1.849560934468268), ('Fam135a', 1.2011851725082971), ('Chn1os3', 1.1536509924524774), ('Tbc1d7', 2.2382719726186373)]",733
Tbp,tfdimers__MD00131,0.07536402439593899,3.0888240390202353,0.0,0.971519,gene is orthologous to ENSG00000112592 in H. sapiens (identity = 97%) which is directly annotated for motif,"frozenset({'weight>90.0%', 'activating', 'mm10_500bp_up_100bp_down_full_tx_v10_clust.genes_vs_motifs.rankings'})","[('Usp13', 2.0691802305096294), ('Lrrc23', 1.1312215510418844), ('Grk6', 1.2532113370433715), ('Uspl1', 1.6395169254006805), ('Vav3', 0.7890375599188606), ('Hvcn1', 1.7995344032356526), ('D330050G23Rik', 0.8922590804266146), ('Fam192a', 0.8461485495172202), ('Tsr1', 1.0177697724014692)]",590
Tead1,transfac_pro__M00704,0.08456636187309503,3.089029608247925,0.0,1.0,gene is directly annotated,"frozenset({'weight>90.0%', 'activating', 'mm10_500bp_up_100bp_down_full_tx_v10_clust.genes_vs_motifs.rankings'})","[('Pigm', 1.7196169499795175), ('Ercc3', 0.917376150127176), ('Prpf6', 0.832305530305298), ('Klhdc2', 1.026460342622068), ('Prpf4b', 0.9382842967629064), ('Rab10', 0.7931911960393779), ('Surf6', 0.8665022007378166), ('Unc5b', 1.642729504791511), ('Lrrc47', 1.6472089346664542), ('Zfp639', 2.0538012666965235), ('Zfp951', 1.1626785494579976), ('Tead1', 1.0), ('Impact', 1.308392637697206), ('Brf1', 1.416306943096617), ('Gabpb1', 0.8940960354622851), ('Caap1', 1.362406413851987), ('Arhgef6', 0.8739794113169499), ('Tsga10', 1.3886812006428937), ('Kansl2', 1.208940239415486), ('Smad4', 1.229497398112121), ('Fam8a1', 0.8031894228331719), ('Dpp9', 0.9083809378744604), ('Rrm2', 5.8848994425111405), ('Ehd4', 1.190728774932349), ('Ms4a7', 1.899130781083015), ('Mbtd1', 1.155834279030422), ('Hccs', 1.0837656816317098), ('Gse1', 0.8081849977729026), ('Mfn1', 1.7682728388972015), ('Gbf1', 1.0517171021269438), ('Ap1ar', 2.409321459845253)]",4369
Xbp1,transfac_pro__M08803,0.08395677472984206,3.2988238701381682,0.000808,1.0,motif similar to transfac_public__M00538 ('V$HTF_01: HTF (XBP1)'; q-value = 0.000808) which is directly annotated,"frozenset({'weight>90.0%', 'activating', 'mm10_500bp_up_100bp_down_full_tx_v10_clust.genes_vs_motifs.rankings'})","[('Cox17', 1.6810879334090487), ('Agap1', 2.812345129278442), ('Saa3', 2.0562629156159367), ('Canx', 1.2614579680174558), ('Nup62', 1.029585557680209), ('Sart3', 2.920111254581073), ('Pdzrn4', 1.1581857081303966), ('Fto', 2.296812527298362), ('Gxylt1', 3.708560532196393), ('Xbp1', 1.0), ('Nrbp1', 1.2054823479172851), ('Derl1', 1.3366751018310865), ('Met', 2.56117037981284), ('Ston1', 2.4865196861576204), ('Heca', 1.366291751559469), ('Tbl1x', 1.3328806023511643), ('Ubap2', 1.1929263535589194), ('Smarcc1', 1.3743994996094375), ('Ubn1', 1.7152786001060534), ('Mapk1', 1.793919944950674)]",3397
Zbtb7b,transfac_pro__M02281,0.07186094592578383,3.0384469316722695,0.000244,0.891544,"gene is orthologous to ENSG00000160685 in H. sapiens (identity = 89%) which is annotated for similar motif cisbp__M6539 ('ZBTB7B[gene ID: ""ENSG00000160685"" species: ""Homo sapiens"" TF status: ""direct"" TF family: ""C2H2 ZF"" DBDs: ""zf-C2H2""]'; q-value = 0.000244)","frozenset({'weight>90.0%', 'activating', 'mm10_500bp_up_100bp_down_full_tx_v10_clust.genes_vs_motifs.rankings'})","[('March9', 1.2570324028819382), ('Tasp1', 2.4620387006256044), ('Cited1', 1.218979042114312), ('Igf2bp2', 1.1366112571592153), ('Zfp664', 1.987384911002104), ('Pkmyt1', 3.924307092810707), ('Scarb1', 0.8856148944950336)]",373
Zfp110,transfac_pro__M04916,0.10473815461346633,3.4813273379168757,1e-06,0.424279,"gene is orthologous to ENSG00000171606 in H. sapiens (identity = 42%) which is annotated for similar motif dbcorrdb__ZNF274__ENCSR000EVG_1__m3 ('ZNF274 (ENCSR000EVG-1, motif 3)'; q-value = 5.94e-07)","frozenset({'weight>90.0%', 'activating', 'mm10_500bp_up_100bp_down_full_tx_v10_clust.genes_vs_motifs.rankings'})","[('Trmt2a', 1.9355256689503195), ('Hdac7', 1.6801711063655247), ('Lrrk2', 2.312767530563256), ('P2rx7', 1.9787428426396492), ('Irf7', 1.0268293794311902), ('Sypl', 1.014636187407321), ('Rnf138', 1.760011073319406), ('March8', 1.0993304902356815)]",959
Zfp287,transfac_pro__M06625,0.08395677472984206,3.142479363280137,0.0,1.0,gene is directly annotated,"frozenset({'weight>90.0%', 'activating', 'mm10_500bp_up_100bp_down_full_tx_v10_clust.genes_vs_motifs.rankings'})","[('Lrrc8d', 1.4233967036287989), ('Ptprk', 1.255849292252777), ('Bves', 1.093920935361138), ('Bag2', 1.5424745391466084), ('Nrxn1', 3.61406350685036), ('Loxl4', 0.8288546320118821), ('Dmxl2', 2.09066162392436), ('Mrs2', 0.9371545030243884), ('Gramd4', 2.368329150762816)]",1158
Zfp868,transfac_pro__M06477,0.08468624357473663,3.1594279828971294,0.0,0.35545,gene is orthologous to ENSG00000181896 in H. sapiens (identity = 35%) which is directly annotated for motif,"frozenset({'weight>90.0%', 'activating', 'mm10_500bp_up_100bp_down_full_tx_v10_clust.genes_vs_motifs.rankings'})","[('Tfeb', 1.1727061687689586), ('Dhx37', 1.51081170632576), ('Ppm1j', 0.9661221116765092), ('Wnt5b', 0.985335222426155), ('Zfp868', 1.0), ('Zfp956', 1.7582552360105783), ('Zfp300', 3.835498045111167), ('Ankrd44', 1.0800522982314416)]",1181
AW146154,transfac_pro__M06078,0.09888242357070287,3.4524362875503805,0.0,0.514957,gene is orthologous to ENSG00000257446 in H. sapiens (identity = 51%) which is directly annotated for motif,"frozenset({'activating', 'mm10_500bp_up_100bp_down_full_tx_v10_clust.genes_vs_motifs.rankings', 'top50'})","[('Neurl4', 1.410383200407472), ('Gse1', 0.9567960552014396), ('Ikbkg', 1.6538736604029556), ('Msra', 1.0657997358106304), ('Zbtb8a', 2.244194876244297)]",456
Arid3a,transfac_pro__M01654,0.10545065906661917,3.138308977652779,0.0,1.0,gene is directly annotated,"frozenset({'activating', 'mm10_500bp_up_100bp_down_full_tx_v10_clust.genes_vs_motifs.rankings', 'top50'})","[('Tmem80', 1.2378389466417468), ('Trim41', 1.6155889553923473), ('Tssc4', 1.9307668434948588), ('Ppwd1', 1.6717574469435803), ('Farp1', 1.0641896101196668), ('Mapk14', 2.13813712278492), ('Slc24a2', 2.100653496881845)]",509
Atf3,transfac_public__M00039,0.09457836889258335,3.3491627239859594,5.2e-05,1.0,"gene is annotated for similar motif transfac_pro__M00981 ('V$CREBATF_Q6: CREB, ATF'; q-value = 5.19e-05)","frozenset({'activating', 'mm10_500bp_up_100bp_down_full_tx_v10_clust.genes_vs_motifs.rankings', 'top50'})","[('Fosb', 2.3836150012455555), ('Loxl4', 2.43239177017453), ('Atf3', 1.0), ('Btg1', 1.9205307086711596)]",220
Atf6,transfac_pro__M01861,0.08574578047634537,3.1925799380905224,0.000883,1.0,"gene is annotated for similar motif transfac_pro__M00981 ('V$CREBATF_Q6: CREB, ATF'; q-value = 0.000883)","frozenset({'activating', 'mm10_500bp_up_100bp_down_full_tx_v10_clust.genes_vs_motifs.rankings', 'top50'})","[('Hnrnph2', 1.1712643666218034), ('Tug1', 1.5143836104946928), ('1190007I07Rik', 1.0204262675106104), ('Armcx3', 1.101000554855816), ('Cyp4v3', 1.7362950303285154), ('Anxa4', 3.037378820288622), ('Edn1', 2.066403679053405), ('Plcd4', 1.194098556280341)]",1395
Cebpd,tfdimers__MD00071,0.09156187545321094,3.1377199156502433,0.0,0.835821,gene is orthologous to ENSG00000221869 in H. sapiens (identity = 83%) which is directly annotated for motif,"frozenset({'activating', 'mm10_500bp_up_100bp_down_full_tx_v10_clust.genes_vs_motifs.rankings', 'top50'})","[('Socs1', 4.659347705479975), ('Cryzl1', 2.363813360840995), ('Mt2', 3.422607578885025), ('Rnf122', 2.7658635665571705), ('Ltbp3', 2.3383836286303623), ('Dab2', 2.3422039035718765), ('Lpl', 2.416347257336464), ('Cebpb', 4.543728486106078)]",1113
Cux1,taipale_tf_pairs__CUX1_HOXA13_NYMRTAAANATYGATN_CAP_repr,0.08864505403158769,3.0325453801757285,0.0,0.889628,gene is orthologous to ENSG00000257923 in H. sapiens (identity = 88%) which is directly annotated for motif,"frozenset({'activating', 'mm10_500bp_up_100bp_down_full_tx_v10_clust.genes_vs_motifs.rankings', 'top50'})","[('Mrps31', 1.4201026463778248), ('Vdac1', 1.7780755896943212), ('Flna', 1.3420173240413644), ('Letm1', 1.4379942114804056), ('Cnot4', 1.408633570590705), ('Serinc3', 1.431895525462247), ('Wasf2', 1.3722786077864)]",846
Deaf1,jaspar__MA0185.1,0.09975062344139651,3.122763059904938,0.0,0.215548,gene is orthologous to FBgn0013799 in D. melanogaster (identity = 21%) which is directly annotated for motif,"frozenset({'activating', 'mm10_500bp_up_100bp_down_full_tx_v10_clust.genes_vs_motifs.rankings', 'top50'})","[('Mfsd12', 1.3413595825634426), ('Jade1', 1.25871167875692), ('Fam13c', 1.4660721930727816), ('Rif1', 1.7708098973427386), ('Rfc1', 1.2983870261590762), ('Tmem29', 1.253255659115028), ('Hecw2', 2.261809135791913), ('Sorbs1', 1.3467337802163646), ('Usp1', 1.3721012580631438), ('Agk', 1.2998133032458103)]",805
Deaf1,transfac_pro__M01238,0.1076567839660109,3.4910936698536537,0.0,0.215548,gene is orthologous to FBgn0013799 in D. melanogaster (identity = 21%) which is directly annotated for motif,"frozenset({'activating', 'mm10_500bp_up_100bp_down_full_tx_v10_clust.genes_vs_motifs.rankings', 'top50'})","[('Jade1', 1.25871167875692), ('Agk', 1.2998133032458103), ('Rfc1', 1.2983870261590762), ('Mfsd12', 1.3413595825634426), ('Tmem29', 1.253255659115028)]",256
E2f1,taipale_tf_pairs__E2F1_ELK1_SGCGCNNNNNNNNNNCGGAAGN_CAP_repr,0.11580423940149626,4.65029750385889,0.0,0.853488,gene is orthologous to ENSG00000101412 in H. sapiens (identity = 85%) which is directly annotated for motif,"frozenset({'activating', 'mm10_500bp_up_100bp_down_full_tx_v10_clust.genes_vs_motifs.rankings', 'top50'})","[('Myo18a', 1.6137679235408284), ('Mcm2', 1.0048529226740175), ('Tnpo2', 1.226603894179131), ('Trappc8', 1.9474850181872925), ('Ostm1', 2.0873422431699424), ('Ppp3r1', 1.49133605048874), ('4632428C04Rik', 0.9752896446320124), ('Adamts8', 1.110268159452085), ('Ddx11', 1.1530046011341664), ('Fam160b1', 0.9853887207341878), ('Nat14', 1.1245549608760017), ('Acot11', 1.39603183789937), ('Foxred1', 1.8879568389972965), ('Mbtps1', 1.1665609655683262)]",2378
E2f1,taipale_tf_pairs__E2F1_ELK1_SGCGCNNNNNNNNNNNCGGAAGN_CAP_repr,0.09881546134663341,3.781100453955873,0.0,0.853488,gene is orthologous to ENSG00000101412 in H. sapiens (identity = 85%) which is directly annotated for motif,"frozenset({'activating', 'mm10_500bp_up_100bp_down_full_tx_v10_clust.genes_vs_motifs.rankings', 'top50'})","[('Cars2', 0.962184020523242), ('Mcm2', 1.0048529226740175), ('Tiprl', 1.2578486392807835), ('Foxred1', 1.8879568389972965), ('Mkrn2', 1.848092709649929), ('Rbm17', 2.124177957086276), ('Wdr35', 1.3382220399116915), ('Tufm', 1.3340139207908617), ('Dnm1l', 1.3329910000209773), ('Acot11', 1.39603183789937), ('Zfp846', 1.7293283503044368), ('Exosc2', 0.9764423646260552), ('Zfp142', 0.9938801608281006), ('Prkd2', 1.0035361507629306), ('Trappc8', 1.9474850181872925), ('Mcts1', 1.1231364479931885), ('Mtmr9', 2.0594968138239804)]",2851
E2f1,taipale_tf_pairs__E2F1_EOMES_RGGTGTNNNGGCGSNNTNNCRSNN_CAP,0.08489193682460515,3.0687310063289357,0.0,0.853488,gene is orthologous to ENSG00000101412 in H. sapiens (identity = 85%) which is directly annotated for motif,"frozenset({'activating', 'mm10_500bp_up_100bp_down_full_tx_v10_clust.genes_vs_motifs.rankings', 'top50'})","[('E2f1', 1.0), ('Mcts1', 1.1231364479931885), ('Cars2', 0.962184020523242), ('Mcm2', 1.0048529226740175)]",70
E2f1,transfac_pro__M01251,0.10361249653643669,4.02653122135968,0.0,1.0,gene is directly annotated,"frozenset({'activating', 'mm10_500bp_up_100bp_down_full_tx_v10_clust.genes_vs_motifs.rankings', 'top50'})","[('Mcts1', 1.1231364479931885), ('Mtmr9', 2.0594968138239804), ('Tufm', 1.3340139207908617), ('Zfp142', 0.9938801608281006), ('Edem1', 1.40096600352982), ('Wdr35', 1.3382220399116915), ('Dnajc24', 1.2971212842853852), ('Trappc8', 1.9474850181872925), ('Ncaph2', 2.1524707113157406), ('Prkd2', 1.0035361507629306), ('Nat14', 1.1245549608760017), ('Edem3', 1.9368123976458749), ('Mkrn2', 1.848092709649929), ('Ostm1', 2.0873422431699424)]",2566
E2f1,transfac_public__M00024,0.08496120809088391,3.0722751329340454,0.0,1.0,gene is directly annotated,"frozenset({'activating', 'mm10_500bp_up_100bp_down_full_tx_v10_clust.genes_vs_motifs.rankings', 'top50'})","[('Cars2', 0.962184020523242), ('Ncaph2', 2.1524707113157406), ('Ppp3r1', 1.49133605048874), ('Fam160b1', 0.9853887207341878), ('Hnrnpl', 1.206641184797962), ('Edem1', 1.40096600352982)]",462
Ebf1,transfac_pro__M04924,0.09256999345607612,3.0384592336356193,0.0,1.0,motif is annotated for orthologous gene ENSG00000164330 in H. sapiens (identity = 100%),"frozenset({'activating', 'mm10_500bp_up_100bp_down_full_tx_v10_clust.genes_vs_motifs.rankings', 'top50'})","[('Slc25a19', 2.506631417329487), ('Zyx', 1.9206786584466828), ('Wnt1', 1.802846833089928), ('Phactr3', 1.7583399880473858), ('Fam53b', 2.4820584683989297), ('Fbn1', 1.824287679742663), ('Pamr1', 1.511208036461812), ('Dlc1', 3.61976790946571), ('Veph1', 1.5367497813940434), ('St3gal2', 1.469513023519091)]",1208
Egr3,transfac_pro__M00807,0.12536367414796343,4.899122503500962,0.0,1.0,gene is directly annotated,"frozenset({'activating', 'mm10_500bp_up_100bp_down_full_tx_v10_clust.genes_vs_motifs.rankings', 'top50'})","[('Efhc2', 1.197746582020923), ('Mex3a', 2.7242400140049376), ('Slc39a8', 1.037363941751133), ('2310068J16Rik', 1.367121667169308), ('Egr3', 1.0), ('Mfn1', 1.2762375525330092), ('Rhobtb1', 1.3374093742526167), ('Armc8', 1.3306909474300044), ('Grik4', 1.156618031781422), ('Cish', 1.5957290272127729), ('Dgkd', 1.2024907434462109), ('Il1rl1', 1.0760496089661336), ('Cers4', 1.6714950333037537), ('Ccnd2', 1.9161179026312225), ('Lcp2', 1.2267801764339568)]",2729
Elk1,taipale_tf_pairs__E2F1_ELK1_SGCGCNNNNNNNNNNNCGGAAGN_CAP_repr,0.10247431067720769,3.549452873508323,0.0,0.85514,motif is annotated for orthologous gene ENSG00000126767 in H. sapiens (identity = 85%),"frozenset({'activating', 'mm10_500bp_up_100bp_down_full_tx_v10_clust.genes_vs_motifs.rankings', 'top50'})","[('Pan3', 1.3635485717063398), ('Dpy30', 1.4013712200110715), ('Pelo', 1.079195843805551), ('Ppp1r18', 1.0226525516329277), ('Pot1a', 0.9638814630300458), ('Smc5', 1.0209773404782605), ('Pik3cd', 1.0913646393914689)]",909
Elk1,taipale_tf_pairs__ELK1_EOMES_RSCGGAANNAGGYGYNA_CAP_repr,0.13293008613218726,5.001868856841184,0.0,0.85514,motif is annotated for orthologous gene ENSG00000126767 in H. sapiens (identity = 85%),"frozenset({'activating', 'mm10_500bp_up_100bp_down_full_tx_v10_clust.genes_vs_motifs.rankings', 'top50'})","[('Pan3', 1.3635485717063398), ('Fyco1', 1.7075562641782496), ('Smc5', 1.0209773404782605), ('Dpy30', 1.4013712200110715), ('Yes1', 1.5528753132473303), ('Anapc4', 1.90024314028255), ('Dnm1l', 1.843087094992828)]",934
Elk1,taipale_tf_pairs__ELK1_EOMES_TNRCACCGGAAGN_CAP,0.0974337206628818,3.3090704372424318,0.0,0.85514,motif is annotated for orthologous gene ENSG00000126767 in H. sapiens (identity = 85%),"frozenset({'activating', 'mm10_500bp_up_100bp_down_full_tx_v10_clust.genes_vs_motifs.rankings', 'top50'})","[('Dnaja3', 2.474170501833376), ('Tmod2', 1.2434448902488655), ('Fbxo30', 1.0919227030889662), ('Pot1a', 0.9638814630300458), ('Zswim8', 1.4380428127847522), ('Pelo', 1.079195843805551), ('Mcur1', 1.1818870203079568), ('Sf3b1', 1.236041592562343)]",983
Elk1,taipale_tf_pairs__ELK1_FOXI1_RSCGGATGTKKN_CAP,0.09577121027219186,3.229786405631927,0.0,0.85514,motif is annotated for orthologous gene ENSG00000126767 in H. sapiens (identity = 85%),"frozenset({'activating', 'mm10_500bp_up_100bp_down_full_tx_v10_clust.genes_vs_motifs.rankings', 'top50'})","[('Fyco1', 1.7075562641782496), ('Eaf1', 1.186228318992208), ('Foxred1', 1.3566570630902788), ('Mrps22', 1.1764658854240464), ('Sf3b1', 1.236041592562343), ('Ppp1r18', 1.0226525516329277), ('Pot1a', 0.9638814630300458), ('Zswim8', 1.4380428127847522), ('Tufm', 1.1600792533198343), ('Dnm1l', 1.843087094992828), ('Anapc4', 1.90024314028255), ('Mtmr9', 2.0838199119842216), ('Pan3', 1.3635485717063398), ('Mis18a', 1.4860338227289749), ('Srgap3', 1.1803841488211355), ('Tcaf1', 0.9767154838923768), ('Pomt2', 1.7983638232362626), ('Edem3', 1.5760263045685288), ('Tmem87b', 1.1326749079197076), ('Tnpo2', 1.2476213357499235), ('Smc5', 1.0209773404782605), ('Yes1', 1.5528753132473303)]",4941
Elk1,taipale_tf_pairs__ELK1_PAX5_RSCGGAACYACGCWYSANTG_CAP_repr,0.09593038679896004,3.23737742993506,0.0,0.85514,motif is annotated for orthologous gene ENSG00000126767 in H. sapiens (identity = 85%),"frozenset({'activating', 'mm10_500bp_up_100bp_down_full_tx_v10_clust.genes_vs_motifs.rankings', 'top50'})","[('Pot1a', 0.9638814630300458), ('Fbxo30', 1.0919227030889662), ('Dnaja3', 2.474170501833376), ('Ptp4a3', 0.9692778046328588), ('Zswim8', 1.4380428127847522), ('Pelo', 1.079195843805551), ('Timm29', 0.9783541366004992), ('Phf1', 2.147971997393323), ('Mcur1', 1.1818870203079568)]",985
Elk1,taipale_tf_pairs__ELK1_TBX21_TNRCACCGGAAGNN_CAP_repr,0.09448011177729436,3.1682147640620673,0.0,0.85514,motif is annotated for orthologous gene ENSG00000126767 in H. sapiens (identity = 85%),"frozenset({'activating', 'mm10_500bp_up_100bp_down_full_tx_v10_clust.genes_vs_motifs.rankings', 'top50'})","[('Fyco1', 1.7075562641782496), ('Mtmr9', 2.0838199119842216), ('Zswim8', 1.4380428127847522), ('Mrps22', 1.1764658854240464)]",240
Elk1,taipale_tf_pairs__FOXO1_ELK1_RSCGGATGTTRTN_CAP,0.12725279001078862,4.731122323362758,0.0,0.85514,motif is annotated for orthologous gene ENSG00000126767 in H. sapiens (identity = 85%),"frozenset({'activating', 'mm10_500bp_up_100bp_down_full_tx_v10_clust.genes_vs_motifs.rankings', 'top50'})","[('Mtmr9', 2.0838199119842216), ('Tufm', 1.1600792533198343), ('Zswim8', 1.4380428127847522), ('Sf3b1', 1.236041592562343), ('Mrps22', 1.1764658854240464), ('Fyco1', 1.7075562641782496), ('Anapc4', 1.90024314028255)]",798
Elk3,taipale_tf_pairs__TEAD4_ELK3_NCCGGAANNNNNNNMATWCC_CAP_repr,0.17127471177129638,6.514142060526465,0.0,0.923833,motif is annotated for orthologous gene ENSG00000111145 in H. sapiens (identity = 92%),"frozenset({'activating', 'mm10_500bp_up_100bp_down_full_tx_v10_clust.genes_vs_motifs.rankings', 'top50'})","[('Tmcc2', 1.711900024541854), ('Cep41', 1.8462476752655224), ('Traf3ip1', 1.666327768816101), ('Naa35', 1.3595071137725714), ('Elk3', 1.0), ('Jrk', 2.623855871423957), ('Mknk1', 1.879059568308981)]",785
Fos,transfac_pro__M08803,0.12641161324331449,4.6203915805826945,0.000986,0.936842,motif similar to taipale_cyt_meth__FOS_NRTGACGTCAYN_eDBD ('FOS [bZIP]'; q-value = 0.000986) which is annotated for orthologous gene ENSG00000170345 in H. sapiens (identity = 93%),"frozenset({'activating', 'mm10_500bp_up_100bp_down_full_tx_v10_clust.genes_vs_motifs.rankings', 'top50'})","[('Dusp1', 3.918594626017562), ('Cwc25', 3.1151092743493765), ('Cbx8', 5.837955734831817), ('1810026B05Rik', 3.183313711529196), ('Zfp61', 2.760126612556999), ('Fos', 1.0), ('Egr1', 7.327177773831142)]",1025
Fos,transfac_public__M00039,0.11374004014354358,4.032527677634882,0.000428,0.936842,gene is orthologous to ENSG00000170345 in H. sapiens (identity = 93%) which is annotated for similar motif transfac_pro__M08947 ('V$FOS_09: C-FOS'; q-value = 0.000428),"frozenset({'activating', 'mm10_500bp_up_100bp_down_full_tx_v10_clust.genes_vs_motifs.rankings', 'top50'})","[('Snhg12', 2.094358601214428), ('Atf3', 2.0914963856523894), ('Ppp1r15a', 2.5928718652403053), ('Cwc25', 3.1151092743493765), ('Dusp1', 3.918594626017562), ('Sertad1', 2.3787476754036274), ('Hoxa10', 2.377773347388106)]",811
Fos,transfac_pro__M02279,0.10911745027674716,3.818074925839521,0.000337,0.936842,gene is orthologous to ENSG00000170345 in H. sapiens (identity = 93%) which is annotated for similar motif taipale_cyt_meth__FOS_NRTGACGTCAYN_eDBD ('FOS [bZIP]'; q-value = 0.000337),"frozenset({'activating', 'mm10_500bp_up_100bp_down_full_tx_v10_clust.genes_vs_motifs.rankings', 'top50'})","[('Dusp1', 3.918594626017562), ('Zfp36', 4.842089037005789), ('Fus', 1.9623124511693772), ('Hspa1b', 3.954301549550204), ('Hspa1a', 2.3851972005768998), ('Jun', 4.967555462990761), ('Gadd45g', 2.93922575960124)]",982
Fosb,transfac_public__M00039,0.12609000374879795,4.003133364279105,0.000403,0.923077,gene is orthologous to ENSG00000125740 in H. sapiens (identity = 92%) which is annotated for similar motif transfac_pro__M08937 ('V$JUNFOSB_02: C-JUN:FOSB'; q-value = 0.000403),"frozenset({'activating', 'mm10_500bp_up_100bp_down_full_tx_v10_clust.genes_vs_motifs.rankings', 'top50'})","[('Gpm6b', 3.273922226303121), ('Colec12', 3.6276491914419022), ('Slc38a2', 3.578717203255364), ('Sh3pxd2a', 2.7068556865513065), ('Zfp36l1', 3.353560727732648), ('Ubc', 3.165471502517728), ('Sfrp1', 2.7038532949093077)]",466
Fosb,transfac_pro__M02279,0.13155020944371099,4.245579086189634,0.000236,0.923077,gene is orthologous to ENSG00000125740 in H. sapiens (identity = 92%) which is annotated for similar motif transfac_pro__M08937 ('V$JUNFOSB_02: C-JUN:FOSB'; q-value = 0.000236),"frozenset({'activating', 'mm10_500bp_up_100bp_down_full_tx_v10_clust.genes_vs_motifs.rankings', 'top50'})","[('Rsrp1', 3.0445409663593983), ('Btg1', 3.4017786314693086), ('Emb', 3.734937137118164), ('Sgk1', 4.850834775987302), ('Ndrg1', 2.783654359274156), ('Dusp1', 3.513593562516835), ('Il6st', 4.283271642477319), ('Fosb', 1.0), ('Slc38a2', 3.578717203255364), ('Sfrp1', 2.7038532949093077), ('Nr4a1', 3.4890393474208774), ('Zfp36l1', 3.353560727732648)]",1320
Foxp1,transfac_pro__M01137,0.11382258639116495,3.5636523239767612,0.000439,1.0,"gene is annotated for similar motif cisbp__M0725 ('Foxp1[gene ID: ""ENSMUSG00000030067"" species: ""Mus musculus"" TF status: ""direct"" TF family: ""Forkhead"" DBDs: ""Fork_head""]'; q-value = 0.000439)","frozenset({'activating', 'mm10_500bp_up_100bp_down_full_tx_v10_clust.genes_vs_motifs.rankings', 'top50'})","[('Ggta1', 1.5112779833422314), ('Zbtb38', 1.8782813419343087), ('Pitpnm2', 1.6177376808834771), ('Foxp1', 1.0), ('Wac', 1.6100398216009766), ('Gstm4', 1.6788715307439492), ('C630043F03Rik', 1.7208392813246407), ('Trps1', 1.544857034437758), ('Apln', 1.9805292209849303), ('Zfp503', 1.4891572037240453), ('Zfp385b', 3.968388974594967), ('Plod2', 2.172444522100448), ('Vps8', 3.134678564211414), ('Arid4b', 2.110118958647918), ('Dse', 1.6086665999404997), ('Itsn1', 1.555299781846864)]",3225
Foxp2,transfac_pro__M01137,0.1052860273558528,3.0723868961611243,0.00079,1.0,"motif similar to cisbp__M0724 ('FOXP4[gene ID: ""ENSG00000137166"" species: ""Homo sapiens"" TF status: ""inferred"" TF family: ""Forkhead"" DBDs: ""Fork_head""]; Foxp2[gene ID: ""ENSMUSG00000029563"" species: ""Mus musculus"" TF status: ""direct"" TF family: ""Forkhead"" DBDs: ""Fork_head""]; Foxp3[gene ID: ""ENSMUSG00000039521"" species: ""Mus musculus"" TF status: ""inferred"" TF family: ""Forkhead"" DBDs: ""Fork_head""]; Foxp4[gene ID: ""ENSMUSG00000023991"" species: ""Mus musculus"" TF status: ""inferred"" TF family: ""Forkhead"" DBDs: ""Fork_head""]'; q-value = 0.00079) which is directly annotated","frozenset({'activating', 'mm10_500bp_up_100bp_down_full_tx_v10_clust.genes_vs_motifs.rankings', 'top50'})","[('Fbxl19', 1.457456977651693), ('Tusc1', 1.3297320485081987), ('Kcnb1', 1.3189216320428938), ('Ctnnal1', 2.269128404098476), ('Rffl', 1.3517512170690766), ('Zadh2', 1.2565850855826932)]",106
Gabpa,hdpi__ELF2,0.09654724976177442,3.140242142347439,3.3e-05,0.960352,gene is orthologous to ENSG00000154727 in H. sapiens (identity = 96%) which is annotated for similar motif taipale_cyt_meth__GABPA_NACCGGAAGTN_eDBD ('GABPA [ETS]'; q-value = 3.27e-05),"frozenset({'activating', 'mm10_500bp_up_100bp_down_full_tx_v10_clust.genes_vs_motifs.rankings', 'top50'})","[('Kti12', 1.807153838161971), ('4930506C21Rik', 4.22753154198783), ('1700028E10Rik', 1.3122690506852055), ('Trmt12', 2.3494777003417053)]",250
Gm14305,transfac_pro__M06477,0.09238531578031665,3.8093483142386506,0.0,0.454128,motif is annotated for orthologous gene ENSG00000181896 in H. sapiens (identity = 45%),"frozenset({'activating', 'mm10_500bp_up_100bp_down_full_tx_v10_clust.genes_vs_motifs.rankings', 'top50'})","[('Klhdc10', 1.2223491732660945), ('Rgs22', 1.2519286515580264), ('Rragd', 1.4680814308666446), ('Sncaip', 1.2703005275160524), ('Slc4a3', 2.0133361839305293)]",672
Gm15446,transfac_pro__M06479,0.09318717096148518,3.815252489768118,0.0,0.444954,motif is annotated for orthologous gene ENSG00000181896 in H. sapiens (identity = 44%),"frozenset({'activating', 'mm10_500bp_up_100bp_down_full_tx_v10_clust.genes_vs_motifs.rankings', 'top50'})","[('Zfp62', 2.430566334693433), ('Rcan2', 0.9720810337776944), ('Garnl3', 1.70550950150736), ('Wfdc18', 0.925195447260276), ('Ms4a6c', 0.963305203915971)]",302
Gmeb2,taipale_cyt_meth__GMEB1_NKACGTNNNNACGTMN_FL_meth_repr,0.08863500164317888,3.173395965489067,0.000934,0.939623,"motif similar to cisbp__M5494 ('GMEB2[gene ID: ""ENSG00000101216"" species: ""Homo sapiens"" TF status: ""direct"" TF family: ""SAND"" DBDs: ""SAND""]'; q-value = 0.000934) which is annotated for orthologous gene ENSG00000101216 in H. sapiens (identity = 93%)","frozenset({'activating', 'mm10_500bp_up_100bp_down_full_tx_v10_clust.genes_vs_motifs.rankings', 'top50'})","[('Nagpa', 2.4594020193011024), ('Pdcl', 1.1936987943644477), ('Zbtb25', 1.045283219779113), ('Slc38a9', 1.0397324512041877), ('Ap5z1', 1.633558454926033), ('Tbc1d25', 1.7470800991214617)]",531
Hoxb2,taipale_tf_pairs__HOXB2_ELK3_TAATGNNNNNCGGAAGTN_CAP,0.0931698531449155,3.157701490976632,0.0,0.80791,gene is orthologous to ENSG00000173917 in H. sapiens (identity = 80%) which is directly annotated for motif,"frozenset({'activating', 'mm10_500bp_up_100bp_down_full_tx_v10_clust.genes_vs_motifs.rankings', 'top50'})","[('Cenph', 0.6042559303005863), ('C920021L13Rik', 1.499919881171343), ('Pclaf', 0.3436334091973426), ('Aamdc', 0.4798738029286032), ('Cdc6', 0.5560445151155053), ('Chaf1a', 0.4929213012919721), ('Rpa2', 0.899103217511868), ('Hat1', 0.8489493768027995), ('Uhrf1', 0.3946071828072287), ('Fignl1', 1.967363147100652), ('Mcm3', 1.4104608659040574), ('Nudt22', 0.8400570031817804), ('Zfp677', 0.4443072959495485), ('Gins2', 0.5242268013855909), ('Hells', 1.427793995635946), ('Olr1', 1.0968827759081017), ('Siah1b', 0.8492379173532438), ('Flad1', 1.9399278444508103), ('Gmnn', 2.358349797194842), ('Mcm5', 3.696547479001084), ('Arg1', 0.3944432954394413), ('Tcf7', 0.3906606527987917), ('Mettl16', 0.3331883458114794)]",4890
Hoxd9,transfac_pro__M07377,0.12357404361436833,4.583754503363926,0.000688,0.846591,motif similar to taipale_cyt_meth__HOXD9_GYAATAAAAN_eDBD ('HOXD9 [Homeodomain]'; q-value = 0.000688) which is annotated for orthologous gene ENSG00000128709 in H. sapiens (identity = 84%),"frozenset({'activating', 'mm10_500bp_up_100bp_down_full_tx_v10_clust.genes_vs_motifs.rankings', 'top50'})","[('Adck2', 1.2638003849351247), ('Afap1l1', 4.83861022222327), ('Prr33', 1.2477220789122978), ('Hoxd9', 1.0), ('Bbc3', 1.2461117418327123), ('Matn4', 1.1444046932277288)]",646
Irf9,transfac_pro__M00747,0.14046323584976952,3.5836727057275506,0.000253,1.0,gene is annotated for similar motif transfac_pro__M00972 ('V$IRF_Q6_01: IRF'; q-value = 0.000253),"frozenset({'activating', 'mm10_500bp_up_100bp_down_full_tx_v10_clust.genes_vs_motifs.rankings', 'top50'})","[('Anks1', 1.0267780412293126), ('Crebrf', 1.309508337367702), ('Lemd3', 1.0690218507301272), ('Rab11fip2', 1.512617102224994), ('Ak4', 1.52112752383038), ('Wiz', 1.182579669568765), ('Sik2', 1.177806944531392), ('Psen2', 0.8556699798785002), ('Fam210b', 1.4157128960907432), ('Esyt1', 1.381966469582475), ('Naa40', 0.9196081300278224)]",1022
Jun,taipale_tf_pairs__JUN_ATGACGTCAT_HT,0.10168419530882937,3.241082988604113,0.0,0.963746,motif is annotated for orthologous gene ENSG00000177606 in H. sapiens (identity = 96%),"frozenset({'activating', 'mm10_500bp_up_100bp_down_full_tx_v10_clust.genes_vs_motifs.rankings', 'top50'})","[('Dleu2', 2.7440779292431468), ('Fosb', 3.7478504027713657), ('Dnajb2', 3.391551281052428), ('Atf3', 5.780159500761603), ('Ppp1r15a', 2.951638152593344), ('Apobr', 2.4672118555782743), ('Acvr2a', 1.7970079065298024)]",586
Junb,transfac_public__M00039,0.11649210307564423,3.5979983997705505,5.1e-05,0.938953,gene is orthologous to ENSG00000171223 in H. sapiens (identity = 93%) which is annotated for similar motif transfac_pro__M08927 ('V$JUNB_03: JUNB'; q-value = 5.12e-05),"frozenset({'activating', 'mm10_500bp_up_100bp_down_full_tx_v10_clust.genes_vs_motifs.rankings', 'top50'})","[('Phlda1', 3.80094625435098), ('Smad7', 4.0260451322555575), ('Slc38a2', 2.70268480768148), ('Zfp36l1', 3.1225710880553543), ('Nr4a1', 3.537582562879052), ('Kitl', 3.3758273888972115), ('Nfkbiz', 5.049657822552227)]",442
Lmx1b,taipale_cyt_meth__LMX1B_YTCGTTAW_eDBD_meth,0.08860096136470418,3.2834213067232487,0.0,1.0,gene is orthologous to ENSG00000136944 in H. sapiens (identity = 100%) which is directly annotated for motif,"frozenset({'activating', 'mm10_500bp_up_100bp_down_full_tx_v10_clust.genes_vs_motifs.rankings', 'top50'})","[('Dclre1c', 1.990881608329772), ('Etfbkmt', 1.2985384884771654), ('Ubald1', 1.2896891322871684), ('Gm38403', 1.2932034945225932), ('Snph', 1.8605114317891316)]",388
Ltf,transfac_pro__M01692,0.13226193774822204,3.439702899335186,0.0,0.704385,gene is orthologous to ENSG00000012223 in H. sapiens (identity = 70%) which is directly annotated for motif,"frozenset({'activating', 'mm10_500bp_up_100bp_down_full_tx_v10_clust.genes_vs_motifs.rankings', 'top50'})","[('Rep15', 0.2020130135010153), ('Nr1h2', 0.13299512867725)]",64
Mlx,hocomoco__MLX_HUMAN.H11MO.0.D,0.10844101866545756,3.4776360595504396,0.0,0.949664,gene is orthologous to ENSG00000108788 in H. sapiens (identity = 94%) which is directly annotated for motif,"frozenset({'activating', 'mm10_500bp_up_100bp_down_full_tx_v10_clust.genes_vs_motifs.rankings', 'top50'})","[('Rab3il1', 0.8869973698286168), ('Parp11', 1.318224731294809), ('4930511M06Rik', 0.9002139423248322), ('Faxc', 1.6352055283217592), ('Aspscr1', 0.8498087288270707), ('Mapre2', 1.334319529238937), ('Mlx', 1.0)]",784
Mybl2,taipale__MYBL2_DBD_AACCGTTAACGGNN,0.10097097681328593,3.819884636318806,0.0,0.855714,motif is annotated for orthologous gene ENSG00000101057 in H. sapiens (identity = 85%),"frozenset({'activating', 'mm10_500bp_up_100bp_down_full_tx_v10_clust.genes_vs_motifs.rankings', 'top50'})","[('Ccp110', 0.5470328906818448), ('Exo1', 1.776578684015569), ('Dedd2', 0.8805803666509832), ('Rilpl2', 0.8539738702388219), ('Prps1', 0.6242745915267149), ('Ass1', 1.1784944353853242)]",731
Nfkb1,transfac_pro__M01239,0.10521315758223489,3.384347275286351,0.000139,0.870237,gene is orthologous to ENSG00000109320 in H. sapiens (identity = 87%) which is annotated for similar motif factorbook__NFKB1 ('NFKB1'; q-value = 0.000139),"frozenset({'activating', 'mm10_500bp_up_100bp_down_full_tx_v10_clust.genes_vs_motifs.rankings', 'top50'})","[('Ell2', 3.046854846754813), ('Adamts4', 2.372207284830941), ('Abl2', 3.429327792863756), ('Nsd3', 2.674072578142848), ('Neat1', 2.7976087278489947), ('Nfe2l2', 4.021373568231858), ('Nr4a3', 2.773442384676008), ('Tgif1', 3.057235875240501)]",917
Nfkb1,homer__GGAAATTCCC_NFkB-p65-Rel,0.09781668278283882,3.0358856713281677,9.9e-05,1.0,gene is annotated for similar motif hocomoco__NFKB1_MOUSE.H11MO.0.A ('NFKB1_MOUSE'; q-value = 9.89e-05),"frozenset({'activating', 'mm10_500bp_up_100bp_down_full_tx_v10_clust.genes_vs_motifs.rankings', 'top50'})","[('Nfatc1', 3.809553534319597), ('Ttc19', 2.353725073911213), ('Nr4a3', 2.773442384676008), ('Ptx3', 2.7513223059706973), ('Zfp516', 4.121812239166952), ('Rel', 2.8597308677504807), ('Gch1', 3.3413664267777814), ('Edrf1', 3.109673304385593), ('Ptpn1', 2.4068781972977997), ('Neat1', 2.7976087278489947), ('Erf', 2.4211371394646344), ('Abl2', 3.429327792863756), ('Ell2', 3.046854846754813), ('Ifrd1', 4.504086639989754), ('Stx11', 2.799315260741305), ('Stk40', 3.980259560372968), ('Fosl1', 4.143267789924772), ('Tnfaip6', 3.5540470918071283), ('Nsd3', 2.674072578142848)]",3008
Nfkb1,homer__GGGGGAATCCCC_NFkB-p50_p52,0.10634977182893107,3.4378952740597426,0.0,0.872033,motif is annotated for orthologous gene ENSG00000109320 in H. sapiens (identity = 87%),"frozenset({'activating', 'mm10_500bp_up_100bp_down_full_tx_v10_clust.genes_vs_motifs.rankings', 'top50'})","[('Nfkbia', 2.355576041448597), ('Kdm6b', 5.208863461880575), ('Nfkb2', 2.4794275694982835), ('Ccl2', 2.601305181781286), ('Sde2', 2.429777650811483), ('Gch1', 3.3413664267777814), ('Stx11', 2.799315260741305), ('Tgif1', 3.057235875240501), ('Fzd8', 4.056203490498369), ('Nfatc1', 3.809553534319597), ('Fndc3b', 2.488111992824502), ('Tnfaip6', 3.5540470918071283), ('Stk40', 3.980259560372968), ('Nfkb1', 1.0), ('Neat1', 2.7976087278489947), ('Nr4a3', 2.773442384676008), ('Ptx3', 2.7513223059706973), ('Top1', 4.728535983966474), ('Mid1', 3.053506069673879), ('Rspry1', 2.504358355073252), ('Noct', 2.395155460109333), ('Lncpint', 3.053207437410517)]",3780
Nfkb1,transfac_pro__M08891,0.10431404481992299,3.3419884105850133,0.0,0.872033,motif is annotated for orthologous gene ENSG00000109320 in H. sapiens (identity = 87%),"frozenset({'activating', 'mm10_500bp_up_100bp_down_full_tx_v10_clust.genes_vs_motifs.rankings', 'top50'})","[('Nfkbia', 2.355576041448597), ('Nfkb1', 1.0), ('Nfkb2', 2.4794275694982835), ('Rel', 2.8597308677504807)]",156
Nfkb1,transfac_public__M00208,0.10239706855310703,3.2516761141463086,0.0,0.872033,motif is annotated for orthologous gene ENSG00000109320 in H. sapiens (identity = 87%),"frozenset({'activating', 'mm10_500bp_up_100bp_down_full_tx_v10_clust.genes_vs_motifs.rankings', 'top50'})","[('Nfkb2', 2.4794275694982835), ('Nfkbia', 2.355576041448597), ('Fosl1', 4.143267789924772), ('Rel', 2.8597308677504807), ('Ptx3', 2.7513223059706973), ('Nfkb1', 1.0), ('Stx11', 2.799315260741305), ('Kdm6b', 5.208863461880575), ('Zfp516', 4.121812239166952), ('Tgif1', 3.057235875240501), ('Tnfaip6', 3.5540470918071283), ('Hey2', 3.875979531276821), ('Plk1', 3.48332028229704), ('Nsd3', 2.674072578142848), ('Gch1', 3.3413664267777814), ('Ifrd1', 4.504086639989754), ('Pvr', 2.965277119050254), ('Edrf1', 3.109673304385593), ('Chd1', 4.2554441455654), ('Dusp10', 2.969468966316005), ('Ccl2', 2.601305181781286), ('Mid1', 3.053506069673879)]",4800
Pou3f1,transfac_public__M00136,0.09996833313541544,4.126649266111036,0.000668,1.0,motif similar to hocomoco__PO3F1_MOUSE.H11MO.0.C ('PO3F1_MOUSE'; q-value = 0.000668) which is directly annotated,"frozenset({'activating', 'mm10_500bp_up_100bp_down_full_tx_v10_clust.genes_vs_motifs.rankings', 'top50'})","[('Wdr31', 0.6136966416740881), ('Stk32c', 0.9163886352794453), ('Aptx', 1.0143984731297542)]",38
Sp1,hocomoco__KLF13_HUMAN.H11MO.0.D,0.08321210861734553,3.319817560022514,0.000238,0.950318,motif similar to taipale_cyt_meth__SP1_NWRGCCACGCCCMYN_eDBD ('SP1 [Znf_C2H2]'; q-value = 0.000238) which is annotated for orthologous gene ENSG00000185591 in H. sapiens (identity = 95%),"frozenset({'activating', 'mm10_500bp_up_100bp_down_full_tx_v10_clust.genes_vs_motifs.rankings', 'top50'})","[('Csrnp2', 1.0875264991808935), ('Ric1', 2.222230920796044), ('Gpr20', 0.9966787595386276), ('Tmem183a', 2.19684255583966), ('Slc35e1', 1.128815038135108)]",554
Stat1,transfac_pro__M01220,0.10216289342004466,3.318518596062256,0.000846,0.928477,gene is orthologous to ENSG00000115415 in H. sapiens (identity = 92%) which is annotated for similar motif factorbook__STAT1 ('STAT1'; q-value = 0.000846),"frozenset({'activating', 'mm10_500bp_up_100bp_down_full_tx_v10_clust.genes_vs_motifs.rankings', 'top50'})","[('Inhbb', 2.9283438949541947), ('Rassf2', 1.049929154630774), ('Ptk7', 1.2838020938905954), ('Ccdc149', 1.311959888103603), ('Lgi4', 1.4234012152904485), ('Smarca2', 1.2669174174647369), ('Itsn2', 2.1317509789772933)]",650
Tbp,tfdimers__MD00131,0.10399725324370233,3.610210028225684,0.0,0.971519,gene is orthologous to ENSG00000112592 in H. sapiens (identity = 97%) which is directly annotated for motif,"frozenset({'activating', 'mm10_500bp_up_100bp_down_full_tx_v10_clust.genes_vs_motifs.rankings', 'top50'})","[('Dnmbp', 2.8790630974655893), ('D16Ertd472e', 1.499426452752762), ('Lrrc20', 3.067961513766799), ('Usp13', 2.0691802305096294), ('Rai2', 1.8962087832395345), ('Tspyl2', 1.578643790956814)]",573
Tead1,transfac_pro__M00704,0.08639386382528527,3.0769355034059402,0.0,1.0,gene is directly annotated,"frozenset({'activating', 'mm10_500bp_up_100bp_down_full_tx_v10_clust.genes_vs_motifs.rankings', 'top50'})","[('Tead1', 1.0), ('Mbtd1', 1.155834279030422), ('Impact', 1.308392637697206), ('Htt', 1.1674953749978718), ('Slc38a6', 1.1054979835152323), ('Gk5', 1.3488628390694886), ('Caap1', 1.362406413851987), ('Dnajc27', 1.304599674878939)]",1064
Thrb,tfdimers__MD00319,0.0805561852943399,3.0309896843841377,0.0,0.819957,motif is annotated for orthologous gene ENSG00000151090 in H. sapiens (identity = 81%),"frozenset({'activating', 'mm10_500bp_up_100bp_down_full_tx_v10_clust.genes_vs_motifs.rankings', 'top50'})","[('Pidd1', 1.359235757395285), ('Mphosph9', 1.5248603717200702), ('Thrb', 1.0), ('Radil', 1.6655525471089128), ('Npy2r', 1.5541785159861214)]",407
Tlx2,taipale_cyt_meth__LHX9_CYAATTAR_eDBD,0.0983790523690773,3.1641350972895004,0.000379,0.929577,gene is orthologous to ENSG00000115297 in H. sapiens (identity = 92%) which is annotated for similar motif taipale_cyt_meth__TLX2_NCAATTAN_eDBD ('TLX2 [Homeodomain]'; q-value = 0.000379),"frozenset({'activating', 'mm10_500bp_up_100bp_down_full_tx_v10_clust.genes_vs_motifs.rankings', 'top50'})","[('Adck1', 0.0495923726629553), ('3300005D01Rik', 0.2009802873255154), ('Pnpo', 0.8410214547011859), ('Acss2', 0.0941406391199774), ('Plet1', 0.2837800881499682), ('Ilvbl', 0.1455844588874384), ('Zfp182', 0.0802900913057426), ('Btbd11', 0.1566096154532532), ('Dctpp1', 0.0695034051276632), ('Mdga1', 0.1150907958488503)]",1416
Zbtb2,transfac_pro__M07343,0.09820410214773144,3.1262791329986555,0.0,0.949416,gene is orthologous to ENSG00000181472 in H. sapiens (identity = 94%) which is directly annotated for motif,"frozenset({'activating', 'mm10_500bp_up_100bp_down_full_tx_v10_clust.genes_vs_motifs.rankings', 'top50'})","[('2700054A10Rik', 2.483580035037426), ('Jade3', 1.0583567217429468), ('Slc1a6', 1.2290071002036358), ('Fn3krp', 1.2001330452140966), ('Plcd4', 1.4526456067381366), ('Sox6', 1.4649673956490707), ('Eps8l1', 1.983632030526924), ('Pm20d2', 1.8229805931392216), ('Nyap1', 1.422625347789236)]",1172
Zfp110,transfac_pro__M04916,0.0942643391521197,3.3335492895725123,1e-06,0.424279,"gene is orthologous to ENSG00000171606 in H. sapiens (identity = 42%) which is annotated for similar motif dbcorrdb__ZNF274__ENCSR000EVG_1__m3 ('ZNF274 (ENCSR000EVG-1, motif 3)'; q-value = 5.94e-07)","frozenset({'activating', 'mm10_500bp_up_100bp_down_full_tx_v10_clust.genes_vs_motifs.rankings', 'top50'})","[('Trmt2a', 1.9355256689503195), ('Hdac7', 1.6801711063655247), ('Lrrk2', 2.312767530563256), ('P2rx7', 1.9787428426396492), ('Irf7', 1.0268293794311902), ('Sypl', 1.014636187407321), ('Rnf138', 1.760011073319406), ('March8', 1.0993304902356815)]",959
Zfp119a,transfac_pro__M06477,0.07344486007204212,3.3947404653322644,0.0,0.394495,motif is annotated for orthologous gene ENSG00000181896 in H. sapiens (identity = 39%),"frozenset({'activating', 'mm10_500bp_up_100bp_down_full_tx_v10_clust.genes_vs_motifs.rankings', 'top50'})","[('Tpmt', 1.2418139489300548), ('Nop2', 1.228749617509963), ('Sox8', 1.4021659164727076), ('Foxj3', 1.014440246071046), ('Lipk', 1.092654474492713), ('Mttp', 1.3238595419792571), ('Vps16', 1.804666380837629), ('Tspan14', 1.1801960282006732), ('Zfp119a', 1.0), ('Ndrg3', 1.6375741025859405), ('Cdc25a', 1.150121093481361), ('Limd2', 1.0414312383500024), ('Chic1', 2.396606191937198), ('Dnajc11', 1.17203348372679)]",3411
Zfp287,transfac_pro__M06625,0.10377157880492567,3.8408729827818866,0.0,1.0,gene is directly annotated,"frozenset({'activating', 'mm10_500bp_up_100bp_down_full_tx_v10_clust.genes_vs_motifs.rankings', 'top50'})","[('Trim65', 2.392717030096345), ('Pnmal2', 1.4279411061252776), ('Gramd4', 2.368329150762816), ('Borcs5', 1.314396005749206), ('Yod1', 1.6042816985652286), ('Dmxl2', 2.09066162392436), ('Ptprk', 1.255849292252777), ('Amer1', 1.6565515565089215), ('Nrxn1', 3.61406350685036), ('Vps45', 2.087966425974095)]",1864
Zfp646,transfac_pro__M06759,0.0921215479818971,3.0735201011991347,0.0,0.710291,gene is orthologous to ENSG00000167395 in H. sapiens (identity = 71%) which is directly annotated for motif,"frozenset({'activating', 'mm10_500bp_up_100bp_down_full_tx_v10_clust.genes_vs_motifs.rankings', 'top50'})","[('Pck2', 1.3711195432099617), ('Hif1an', 0.8628140403569405), ('Tmem218', 1.2492098342169893), ('Alg10b', 1.5255970323173804), ('Ms4a4c', 1.0725618109805286), ('Tmem129', 1.6933876324395007), ('Btbd3', 1.0187683905038585), ('Mgmt', 1.026955694631102), ('Mmab', 1.7161018562775576)]",913
Zfp868,transfac_pro__M06477,0.09430968034459307,3.503915428564369,0.0,0.35545,gene is orthologous to ENSG00000181896 in H. sapiens (identity = 35%) which is directly annotated for motif,"frozenset({'activating', 'mm10_500bp_up_100bp_down_full_tx_v10_clust.genes_vs_motifs.rankings', 'top50'})","[('Enkur', 1.8830366816314132), ('Stk32c', 1.0153105985800073), ('Vps50', 1.0082104330986867)]",168
Aebp2,transfac_pro__M05476,0.09201458718794411,3.361036097274781,0.0,1.0,gene is directly annotated,"frozenset({'activating', 'top5perTarget', 'mm10_500bp_up_100bp_down_full_tx_v10_clust.genes_vs_motifs.rankings'})","[('Lrrk1', 0.9842732702056028), ('Ccne2', 1.6217639705904572), ('Phlpp1', 1.2186259958525043), ('Cks2', 0.7975942740973695), ('Gle1', 0.9876443285396648), ('Cmas', 1.5605063888277408)]",237
E2f1,taipale_tf_pairs__E2F1_ELK1_SGCGCNNNNNNNNNNCGGAAGN_CAP_repr,0.11329315599889166,4.783549912556043,0.0,0.853488,gene is orthologous to ENSG00000101412 in H. sapiens (identity = 85%) which is directly annotated for motif,"frozenset({'activating', 'top5perTarget', 'mm10_500bp_up_100bp_down_full_tx_v10_clust.genes_vs_motifs.rankings'})","[('Cars2', 0.962184020523242), ('Mcm2', 1.0048529226740175), ('Tiprl', 1.2578486392807835), ('Foxred1', 1.8879568389972965), ('Coa5', 0.7046789394408786), ('Mkrn2', 1.848092709649929), ('Rbm17', 2.124177957086276), ('Wdr35', 1.3382220399116915), ('Dnm1l', 1.3329910000209773)]",1157
E2f1,taipale_tf_pairs__E2F1_ELK1_SGCGCNNNNNNNNNNNCGGAAGN_CAP_repr,0.10877320587420337,4.542582266821746,0.0,0.853488,gene is orthologous to ENSG00000101412 in H. sapiens (identity = 85%) which is directly annotated for motif,"frozenset({'activating', 'top5perTarget', 'mm10_500bp_up_100bp_down_full_tx_v10_clust.genes_vs_motifs.rankings'})","[('Ddx11', 1.1530046011341664), ('Ehmt1', 1.505524877424819), ('Dld', 0.9392895022770092), ('Mbtps1', 1.1665609655683262), ('Hspb11', 0.8677624763616297), ('Adamts8', 1.110268159452085), ('Ostm1', 2.0873422431699424), ('Foxred1', 1.8879568389972965), ('Mcm2', 1.0048529226740175), ('Hnrnpl', 1.206641184797962), ('Trappc8', 1.9474850181872925), ('Zfp846', 1.7293283503044368), ('Fam160b1', 0.9853887207341878), ('Ppp3r1', 1.49133605048874)]",2831
E2f1,transfac_pro__M00938,0.087333748960931,3.3996016330322467,0.0,1.0,gene is directly annotated,"frozenset({'activating', 'top5perTarget', 'mm10_500bp_up_100bp_down_full_tx_v10_clust.genes_vs_motifs.rankings'})","[('Cars2', 0.962184020523242), ('Timm10', 1.8317484340395933), ('Mcts1', 1.1231364479931885), ('Coa5', 0.7046789394408786), ('Mtmr9', 2.0594968138239804), ('Tiprl', 1.2578486392807835), ('Trappc8', 1.9474850181872925), ('Mkrn2', 1.848092709649929), ('Edem3', 1.9368123976458749), ('Ostm1', 2.0873422431699424), ('Wdr35', 1.3382220399116915), ('Foxred1', 1.8879568389972965), ('Myo18a', 1.6137679235408284), ('Fam160b1', 0.9853887207341878), ('Mcm2', 1.0048529226740175), ('Dld', 0.9392895022770092), ('Tipin', 0.861543666164925), ('Rbm17', 2.124177957086276), ('Zfp846', 1.7293283503044368), ('Prkd2', 1.0035361507629306), ('Saxo2', 1.7914776250292732), ('Dnm1l', 1.3329910000209773)]",4082
E2f1,transfac_public__M00024,0.09168052091992242,3.6313368019184864,0.0,1.0,gene is directly annotated,"frozenset({'activating', 'top5perTarget', 'mm10_500bp_up_100bp_down_full_tx_v10_clust.genes_vs_motifs.rankings'})","[('Rbm17', 2.124177957086276), ('Dld', 0.9392895022770092), ('Cars2', 0.962184020523242), ('Ddx11', 1.1530046011341664), ('Iqce', 1.3098175805126695), ('Arhgef26', 0.5062849490864408), ('Coa5', 0.7046789394408786)]",715
Egr3,transfac_pro__M00807,0.12108617345525076,5.463330838640604,0.0,1.0,gene is directly annotated,"frozenset({'activating', 'top5perTarget', 'mm10_500bp_up_100bp_down_full_tx_v10_clust.genes_vs_motifs.rankings'})","[('Mex3a', 2.7242400140049376), ('Rhobtb1', 1.3374093742526167), ('Jakmip2', 0.8611818644936525), ('Efhc2', 1.197746582020923), ('Mfn1', 1.2762375525330092), ('Egr3', 1.0), ('2310068J16Rik', 1.367121667169308), ('Noct', 2.0308846600061123), ('Nog', 2.72056170432615), ('Cish', 1.5957290272127729), ('Ptcra', 0.8143641322811537), ('Rel', 1.3056896253661607), ('Ccnd2', 1.9161179026312225), ('Lck', 0.7684015240749229)]",1622
Elk1,taipale_tf_pairs__ELK1_EOMES_RSCGGAANNAGGYGYNA_CAP_repr,0.10368523136602938,3.5147793977359694,0.0,0.85514,motif is annotated for orthologous gene ENSG00000126767 in H. sapiens (identity = 85%),"frozenset({'activating', 'top5perTarget', 'mm10_500bp_up_100bp_down_full_tx_v10_clust.genes_vs_motifs.rankings'})","[('Pan3', 1.3635485717063398), ('Fyco1', 1.7075562641782496), ('Smc5', 1.0209773404782605), ('Dpy30', 1.4013712200110715), ('Hoxd8', 0.6472261917465679), ('Yes1', 1.5528753132473303), ('Anapc4', 1.90024314028255), ('Dnm1l', 1.843087094992828)]",934
Elk1,taipale_tf_pairs__FOXO1_ELK1_RSCGGATGTTRTN_CAP,0.10045257227302115,3.362303120212125,0.0,0.85514,motif is annotated for orthologous gene ENSG00000126767 in H. sapiens (identity = 85%),"frozenset({'activating', 'top5perTarget', 'mm10_500bp_up_100bp_down_full_tx_v10_clust.genes_vs_motifs.rankings'})","[('Yes1', 1.5528753132473303), ('Hoxd8', 0.6472261917465679), ('Iqce', 2.2436845118664124), ('Tnpo2', 1.2476213357499235), ('Vps13c', 1.3639961884875156), ('Zswim8', 1.4380428127847522), ('Pan3', 1.3635485717063398), ('Smc5', 1.0209773404782605)]",1142
Elk3,taipale_tf_pairs__TEAD4_ELK3_NCCGGAANNNNNNNMATWCC_CAP_repr,0.10733068319300758,5.819254914205327,0.0,0.923833,motif is annotated for orthologous gene ENSG00000111145 in H. sapiens (identity = 92%),"frozenset({'activating', 'top5perTarget', 'mm10_500bp_up_100bp_down_full_tx_v10_clust.genes_vs_motifs.rankings'})","[('Pdcd2l', 2.2573210984546264), ('Aph1a', 1.155437240507459), ('Elk3', 1.0), ('Mknk1', 1.879059568308981), ('Exoc7', 0.7101105565867436), ('Tmem104', 1.606551808512053), ('Trrap', 1.3733138176641462), ('As3mt', 3.24116652416098), ('Tmem95', 0.72105255914114), ('Lsmem1', 1.5566931132418766), ('Papolg', 1.9962900328209792), ('Sema4f', 0.6786093132195969)]",699
Erg,taipale_tf_pairs__GCM1_ERG_RTRYGGGCGGAARKN_CAP,0.09046827376004433,3.0518361714416025,0.0,0.971193,gene is orthologous to ENSG00000157554 in H. sapiens (identity = 97%) which is directly annotated for motif,"frozenset({'activating', 'top5perTarget', 'mm10_500bp_up_100bp_down_full_tx_v10_clust.genes_vs_motifs.rankings'})","[('Itpripl1', 3.004328931733577), ('Msra', 0.8024103394937535), ('Kcnb1', 1.3795145952308323)]",60
Gm14305,transfac_pro__M06477,0.08909824204919799,3.9056421217976873,0.0,0.454128,motif is annotated for orthologous gene ENSG00000181896 in H. sapiens (identity = 45%),"frozenset({'activating', 'top5perTarget', 'mm10_500bp_up_100bp_down_full_tx_v10_clust.genes_vs_motifs.rankings'})","[('A330102I10Rik', 0.7449284873506765), ('Srsf4', 0.9655393570308592), ('Tmtc1', 0.9240140735991832), ('Zbed5', 1.5422124951914775), ('Ormdl2', 0.7165363677298834)]",499
Gm4631,transfac_pro__M06039,0.08811305070656691,3.0960110826672373,0.0,0.516064,gene is orthologous to ENSG00000257446 in H. sapiens (identity = 51%) which is directly annotated for motif,"frozenset({'activating', 'top5perTarget', 'mm10_500bp_up_100bp_down_full_tx_v10_clust.genes_vs_motifs.rankings'})","[('Ppp1r3c', 2.1626754742267127), ('Pcdhb18', 1.7969834167861871), ('Arfgef2', 1.3274318756968169), ('Klf11', 0.9115254889004412), ('Nynrin', 1.522398423589324), ('C230037L18Rik', 2.2278220355477067), ('Cdt1', 1.2081019508910429), ('Pank1', 1.0518353659385986)]",1254
Hoxa6,taipale_cyt_meth__GSX1_CTAATTAC_eDBD,0.1142975893599335,3.3798571886374886,0.00062,0.340517,gene is orthologous to FBgn0003944 in D. melanogaster (identity = 34%) which is annotated for similar motif stark__KNVNVBYTAATKRSBHNVD ('Ultrabithorax'; q-value = 0.00062),"frozenset({'activating', 'top5perTarget', 'mm10_500bp_up_100bp_down_full_tx_v10_clust.genes_vs_motifs.rankings'})","[('Ubxn7', 1.9961838211105083), ('Mageh1', 1.875905117286072), ('Trim33', 0.7857942264705979), ('Oxa1l', 1.8537780358479492), ('Prr14l', 1.9146876588029085), ('Zfp608', 1.3239477560466315)]",1009
Hoxb2,taipale_tf_pairs__HOXB2_ELK3_TAATGNNNNNCGGAAGTN_CAP,0.1498446865292908,3.8318153052817845,0.0,0.80791,gene is orthologous to ENSG00000173917 in H. sapiens (identity = 80%) which is directly annotated for motif,"frozenset({'activating', 'top5perTarget', 'mm10_500bp_up_100bp_down_full_tx_v10_clust.genes_vs_motifs.rankings'})","[('Gmnn', 2.358349797194842), ('Cenpk', 2.0476139144009697), ('Dusp23', 1.1251892282040967), ('Ccne1', 3.2508647956614705)]",709
Hoxd9,hocomoco__HXD12_HUMAN.H11MO.0.D,0.11073704627320588,4.085991965567783,0.000929,0.846591,motif similar to taipale_cyt_meth__HOXD9_GYAATAAAAN_FL ('HOXD9 [Homeodomain]'; q-value = 0.000929) which is annotated for orthologous gene ENSG00000128709 in H. sapiens (identity = 84%),"frozenset({'activating', 'top5perTarget', 'mm10_500bp_up_100bp_down_full_tx_v10_clust.genes_vs_motifs.rankings'})","[('Hoxd9', 1.0), ('Acap2', 1.138936278868644), ('Prdm4', 1.0349077463668044), ('Lyplal1', 0.993759764058398), ('Ubap1', 1.2653841988293395), ('Afap1l1', 4.83861022222327), ('Lrp11', 1.329949945283316)]",278
Hoxd9,transfac_pro__M07377,0.11120809088390136,4.110176191116942,0.000688,0.846591,motif similar to taipale_cyt_meth__HOXD9_GYAATAAAAN_eDBD ('HOXD9 [Homeodomain]'; q-value = 0.000688) which is annotated for orthologous gene ENSG00000128709 in H. sapiens (identity = 84%),"frozenset({'activating', 'top5perTarget', 'mm10_500bp_up_100bp_down_full_tx_v10_clust.genes_vs_motifs.rankings'})","[('Kansl1l', 2.4238542918872144), ('Prdm4', 1.0349077463668044), ('Lrp11', 1.329949945283316), ('Slc6a7', 1.0877608427889556), ('Kit', 1.849350187821152), ('Pcgf2', 1.281521666966479), ('Acap2', 1.138936278868644), ('Bbc3', 1.2461117418327123), ('Hoxd9', 1.0), ('Zcchc2', 2.845948683505804)]",726
Ikzf1,tfdimers__MD00301,0.12480703004393777,4.02701831258057,0.0,0.932039,gene is orthologous to ENSG00000185811 in H. sapiens (identity = 93%) which is directly annotated for motif,"frozenset({'activating', 'top5perTarget', 'mm10_500bp_up_100bp_down_full_tx_v10_clust.genes_vs_motifs.rankings'})","[('Snx8', 1.2090216084485232), ('Adamts17', 1.2225766943870915), ('Cxcr4', 1.0860458611440715), ('Prkcz', 1.0537829780746517), ('Bdkrb2', 0.8039081911050344), ('Dyrk3', 1.878872583084584)]",766
Maff,transfac_public__M00039,0.09411087665451755,3.6162794886212817,0.000752,0.884146,motif similar to taipale_cyt_meth__MAFF_NYGCTGAYRTCAGCRN_eDBD_repr ('MAFF [bZIP]'; q-value = 0.000752) which is annotated for orthologous gene ENSG00000185022 in H. sapiens (identity = 88%),"frozenset({'activating', 'top5perTarget', 'mm10_500bp_up_100bp_down_full_tx_v10_clust.genes_vs_motifs.rankings'})","[('Sec16a', 1.4963558918078723), ('Lrguk', 0.76371707664783), ('Maff', 1.0), ('Sft2d1', 2.7854435731805616), ('Kif5c', 1.2859967744440357), ('Coa7', 1.9684636493646608), ('Zfp672', 1.1178952355756513), ('Fam50a', 1.1985226848685118), ('Tmem19', 1.5061489745311292), ('BC005624', 0.8647625374552782), ('Mterf1b', 0.8201227201507705), ('Cd320', 1.4155562179274486)]",1115
Mafg,tfdimers__MD00162,0.08406068162926018,3.3397837847995673,0.0,0.987654,gene is orthologous to ENSG00000197063 in H. sapiens (identity = 98%) which is directly annotated for motif,"frozenset({'activating', 'top5perTarget', 'mm10_500bp_up_100bp_down_full_tx_v10_clust.genes_vs_motifs.rankings'})","[('Erbb2', 1.232816695067222), ('Tmem54', 1.1810573342813862), ('Vkorc1l1', 0.5282957020713246), ('Dlgap5', 0.5476822413533885), ('Cyb5r4', 1.064173870408819), ('Stx1b', 1.605049685376678), ('Mpzl1', 1.067586727844938)]",609
Mlx,hocomoco__MLX_HUMAN.H11MO.0.D,0.11354496641279684,3.7283803168353926,0.0,0.949664,gene is orthologous to ENSG00000108788 in H. sapiens (identity = 94%) which is directly annotated for motif,"frozenset({'activating', 'top5perTarget', 'mm10_500bp_up_100bp_down_full_tx_v10_clust.genes_vs_motifs.rankings'})","[('Rab3il1', 0.8869973698286168), ('Parp11', 1.318224731294809), ('Mlx', 1.0), ('Foxm1', 1.4681616542572136), ('Faxc', 1.6352055283217592), ('Mapre2', 1.334319529238937)]",762
Nfia,tfdimers__MD00390,0.07062721446973583,3.0135617027658097,0.0,0.992141,gene is orthologous to ENSG00000162599 in H. sapiens (identity = 99%) which is directly annotated for motif,"frozenset({'activating', 'top5perTarget', 'mm10_500bp_up_100bp_down_full_tx_v10_clust.genes_vs_motifs.rankings'})","[('Phactr2', 1.3237346427279644), ('Zdhhc12', 2.3407444145777), ('Dcn', 0.5502446748565765), ('Tcf4', 3.0019700975576136), ('Ado', 2.599488871886418), ('Dapk1', 0.9030973859611656), ('Nfib', 1.5175748862994327), ('Thra', 0.9845775571987596), ('Nfia', 1.0), ('Nid1', 1.4380627765248335), ('Snhg12', 1.401972890683023), ('Cpne3', 1.0181804346907073), ('Vipr2', 1.6663815874957848), ('Ifngr2', 1.6399160579261267), ('Kctd12', 0.9728341312544736), ('Trpm3', 1.3863942452303508), ('Sh3bp5', 1.7852814463295688), ('Man1a', 2.259485776401557), ('Brat1', 1.962781737351992), ('Nrbf2', 1.5951295853634322), ('Slc25a30', 0.9412173591332118), ('Kat2b', 0.9338739372717352), ('Pcdh19', 2.3208518721093414), ('Mob3c', 1.0911478265287091), ('Gm15408', 1.251917623488371), ('Dcun1d3', 1.3188310137565338), ('Adam17', 1.106557094461271), ('Puf60', 1.4452141324265724), ('Runx1t1', 1.7197130813838082), ('Impact', 1.7489882141023565), ('Mcmbp', 0.8770660689083478), ('Cyb5a', 0.5502388083804226), ('Poc1b', 2.785496002664073), ('Zbtb20', 2.882862221870336), ('Carmil2', 0.9166891896958776), ('Dkk2', 1.824756853721183), ('Tor1aip1', 1.163831866548095), ('Psmd10', 0.8096314173859605), ('Ogn', 1.5348822810272886), ('Eno4', 1.0616116177023838), ('Nufip2', 1.629643955752643), ('Ubl3', 1.11941646747072), ('Lysmd2', 1.314536107842737), ('Nedd4', 1.0137389985620129), ('Fgf17', 0.6203382262773737), ('Dnpep', 1.5251724185013031), ('Pi15', 1.5397367116739251), ('Pard3b', 1.0277267386743127), ('Bend7', 0.6481752181258535), ('Gstm1', 0.9739000981308636), ('Hk3', 0.4476578451157016)]",4517
Nr2c2,hocomoco__NR2C2_HUMAN.H11MO.0.B,0.0924563591022444,3.652852152354138,0.0,0.952846,motif is annotated for orthologous gene ENSG00000177463 in H. sapiens (identity = 95%),"frozenset({'activating', 'top5perTarget', 'mm10_500bp_up_100bp_down_full_tx_v10_clust.genes_vs_motifs.rankings'})","[('Nipal3', 0.7874819290201909), ('Rad18', 1.3067817339253307), ('B3gnt9', 1.385163220617185), ('Fbxw7', 1.3572997459347933), ('Map3k14', 0.9061885413417206), ('AI837181', 1.1209772261837911), ('Lhfpl4', 1.7522015781287383), ('Golga1', 2.325994456710545), ('Ganab', 2.235125920037322), ('Fndc5', 0.4693710161553287)]",2615
Nr2f1,transfac_pro__M00767,0.09993832622744214,3.094080081101815,0.000807,0.997619,gene is orthologous to ENSG00000175745 in H. sapiens (identity = 99%) which is annotated for similar motif taipale_cyt_meth__NR2F1_NRGGTCRNTGACCYN_FL ('NR2F1 [Nuclear_receptor]'; q-value = 0.000807),"frozenset({'activating', 'top5perTarget', 'mm10_500bp_up_100bp_down_full_tx_v10_clust.genes_vs_motifs.rankings'})","[('Zfp395', 0.9020556353816211), ('Cry1', 1.3345309759402453), ('Wdhd1', 0.9516820656926444), ('Cotl1', 1.2939559449389515), ('Gins4', 1.3936361841395857), ('Ak5', 1.7475780090854265)]",820
Pou3f1,transfac_public__M00136,0.14043594716911426,4.286198463723729,0.000668,1.0,motif similar to hocomoco__PO3F1_MOUSE.H11MO.0.C ('PO3F1_MOUSE'; q-value = 0.000668) which is directly annotated,"frozenset({'activating', 'top5perTarget', 'mm10_500bp_up_100bp_down_full_tx_v10_clust.genes_vs_motifs.rankings'})","[('Plbd1', 0.7713533767801748), ('Ctla2a', 1.7411101923325962), ('Aptx', 1.0143984731297542), ('Alkbh3', 0.9160382010281574)]",879
AW146154,transfac_pro__M06078,0.09648954536735085,3.7599553798945116,0.0,0.514957,gene is orthologous to ENSG00000257446 in H. sapiens (identity = 51%) which is directly annotated for motif,"frozenset({'top10perTarget', 'activating', 'mm10_500bp_up_100bp_down_full_tx_v10_clust.genes_vs_motifs.rankings'})","[('Neurl4', 1.410383200407472), ('Kif26b', 0.6521789723939347), ('Gse1', 0.9567960552014396), ('Ikbkg', 1.6538736604029556), ('Adh1', 0.4372763926940725), ('Msra', 1.0657997358106304), ('Zbtb8a', 2.244194876244297)]",456
Atf3,transfac_pro__M00691,0.07147915044839401,4.487702307808467,0.00096,1.0,gene is annotated for similar motif transfac_pro__M00513 ('V$ATF3_Q6: ATF3'; q-value = 0.00096),"frozenset({'top10perTarget', 'activating', 'mm10_500bp_up_100bp_down_full_tx_v10_clust.genes_vs_motifs.rankings'})","[('Fosb', 2.3836150012455555), ('Loxl4', 2.43239177017453), ('Azin1', 0.82802925898861), ('Tfeb', 1.0554927685609203), ('Atf3', 1.0), ('Btg1', 1.9205307086711596), ('Intu', 0.8068169404138688), ('Ace', 0.6817795001182717), ('Mt2', 0.4430339982754233), ('Psmd5', 0.4928803790534322), ('Dnajb9', 0.9791453033135968), ('Cdkn1c', 0.3915430433197138), ('Txnl4b', 1.5914010263052016), ('Btg2', 0.8431732746147704), ('Irf1', 1.1412319508669266)]",623
Atf3,transfac_pro__M01861,0.0688710322958037,4.225947318940172,0.000883,1.0,"gene is annotated for similar motif transfac_pro__M00981 ('V$CREBATF_Q6: CREB, ATF'; q-value = 0.000883)","frozenset({'top10perTarget', 'activating', 'mm10_500bp_up_100bp_down_full_tx_v10_clust.genes_vs_motifs.rankings'})","[('Haus5', 4.353866669900657), ('Aebp1', 0.3273986853529961), ('Mt2', 0.4430339982754233), ('1810041H14Rik', 0.2309655590227753), ('Plcd4', 0.4899196681203363), ('Slc3a1', 1.2787789506079594), ('Aldh5a1', 0.7826499391779709), ('Egr1', 3.743793685637277), ('Zfp36', 2.310476059481034), ('Pcdh15', 0.6817582379101826), ('Pcyox1l', 1.699926571411826), ('Tnfaip3', 1.4115386411856057), ('Slc2a2', 0.5239581615408865), ('Anxa9', 0.5731099570247226), ('Pex5l', 0.8161367093108187), ('Rxra', 0.7010658657211238), ('1700067K01Rik', 0.6189140494588732)]",848
Atf3,transfac_pro__M02279,0.05841656880725875,3.1767203230886705,0.000274,1.0,"gene is annotated for similar motif transfac_pro__M00981 ('V$CREBATF_Q6: CREB, ATF'; q-value = 0.000274)","frozenset({'top10perTarget', 'activating', 'mm10_500bp_up_100bp_down_full_tx_v10_clust.genes_vs_motifs.rankings'})","[('Irf1', 1.1412319508669266), ('Nfkbia', 1.0189746753372635), ('Nfkbiz', 1.0295527954089918), ('Ier2', 0.7781400765736552), ('Rflna', 0.4921876199828551), ('Ace', 0.6817795001182717), ('Nxph3', 3.451423766996801), ('Gria3', 1.9187054694647905), ('Gm7694', 0.5900208321137984), ('4930511M06Rik', 0.6275768012887274), ('Celf2', 0.514582616011034), ('Acpp', 0.6417829483144479), ('Phyhipl', 2.2934195077822177), ('Anxa9', 0.5731099570247226)]",692
Atf3,transfac_public__M00039,0.06842241838085562,4.180923695222522,5.2e-05,1.0,"gene is annotated for similar motif transfac_pro__M00981 ('V$CREBATF_Q6: CREB, ATF'; q-value = 5.19e-05)","frozenset({'top10perTarget', 'activating', 'mm10_500bp_up_100bp_down_full_tx_v10_clust.genes_vs_motifs.rankings'})","[('Dusp1', 1.0092196950850394), ('Tsc22d2', 1.599581308860773), ('Tenm3', 0.6782114748631042), ('Izumo1', 5.9902791618959095e-05), ('Btg2', 0.8431732746147704), ('Tra2a', 0.9741650983820348), ('Ppp1r15a', 1.035319077469072), ('Hs3st3a1', 1.1192720742977806), ('Psmd5', 0.4928803790534322), ('Azin1', 0.82802925898861), ('Haus5', 4.353866669900657), ('Hspa1a', 0.7025738599052029), ('Klf6', 2.249597312748646), ('Ier2', 0.7781400765736552), ('Jun', 1.4516611661321723), ('Rpusd2', 2.063234313077301), ('Hist1h3i', 0.6837166680532342), ('Txnl4b', 1.5914010263052016), ('Btg1', 1.9205307086711596)]",897
Atf3,transfac_pro__M00514,0.058781617385108655,3.213357193368718,7e-06,1.0,motif similar to transfac_pro__M07313 ('V$ATF3_Q6_02: ATF-3'; q-value = 7.19e-06) which is directly annotated,"frozenset({'top10perTarget', 'activating', 'mm10_500bp_up_100bp_down_full_tx_v10_clust.genes_vs_motifs.rankings'})","[('9330117O12Rik', 0.4520553047174454), ('Aebp1', 0.3273986853529961), ('Rtn4rl2', 0.7468612319036185), ('Zbtb10', 0.7179994303819015), ('Galnt15', 0.8666627142674148), ('Gm9895', 0.7456019287330875), ('Tctex1d4', 0.6348160182896815), ('Hs3st3a1', 1.1192720742977806), ('Nfia', 0.5282953771590625), ('Celf2', 0.514582616011034), ('Dctd', 1.0279090137629936), ('Cebpd', 0.5845721183406773), ('Gpr34', 0.7609262638295976), ('Gm9833', 0.4989825501867301), ('Capn9', 0.7101832823938402), ('Atf3', 1.0), ('Pde6a', 0.4399312249173148), ('Socs3', 0.7686215479431127), ('Clk1', 0.8758337292626801), ('Plcd4', 0.4899196681203363), ('Phyhipl', 2.2934195077822177), ('Ttk', 0.4597846932536942), ('Mmp24', 0.4923607700009986), ('Sema6c', 1.6080787245956825), ('Tfeb', 1.0554927685609203), ('Zfp454', 0.438963001244838), ('Ace', 0.6817795001182717), ('Alpk3', 1.828341526309071), ('Pex5l', 0.8161367093108187), ('Mchr1', 2.616611593686504), ('Ryr2', 1.6743577290648184), ('Hoxa11', 1.5289182763611104), ('Dnaja1', 1.1040651813175093), ('Fmo1', 0.4143840253704616), ('Angptl8', 0.8054135422815415), ('Egr1', 3.743793685637277), ('Rflna', 0.4921876199828551), ('Anxa9', 0.5731099570247226)]",2292
Cux1,transfac_pro__M04610,0.05701418801481146,3.1635823371627776,0.0,1.0,gene is directly annotated,"frozenset({'top10perTarget', 'activating', 'mm10_500bp_up_100bp_down_full_tx_v10_clust.genes_vs_motifs.rankings'})","[('Ghitm', 0.4432164947368333), ('Txnrd3', 0.5070171395980706), ('Rmnd5a', 0.9380597645643248), ('Lancl1', 1.3013986110593367), ('Flna', 1.3420173240413644), ('Synm', 1.0875993937356718), ('Cul2', 1.1152314098595344), ('Capn2', 0.5584477685965249), ('Inhba', 1.2333973267677985), ('Ptprf', 1.4516426329487688), ('Gen1', 0.4605991765957066), ('Peak1', 0.9174260648229292), ('Prrt4', 0.4440094623818317), ('Bag6', 1.5440467159900986), ('Sc5d', 0.9436205934464664), ('Ccdc130', 1.13306200929495)]",315
Dbp,tfdimers__MD00134,0.0829430488818604,3.3466401771832017,0.0,0.916923,gene is orthologous to ENSG00000105516 in H. sapiens (identity = 91%) which is directly annotated for motif,"frozenset({'top10perTarget', 'activating', 'mm10_500bp_up_100bp_down_full_tx_v10_clust.genes_vs_motifs.rankings'})","[('E130102H24Rik', 0.8559276628188647), ('Rgs7', 1.37982337203326), ('Mapre3', 0.6813068217005287), ('Gm15545', 1.4154352935620202), ('Sgms1', 0.4958629689407147), ('Trmt2b', 0.6163387570310145), ('Cldn11', 0.9667376853756668)]",405
Dmrta2,transfac_pro__M01150,0.1406133788336177,3.6833637329972237,0.0,1.0,gene is directly annotated,"frozenset({'top10perTarget', 'activating', 'mm10_500bp_up_100bp_down_full_tx_v10_clust.genes_vs_motifs.rankings'})","[('Ccdc130', 0.8644501432238038), ('Dmrta2', 1.0), ('Stac', 0.5693797714739766), ('Iqgap3', 2.6231095806068683), ('Atad3a', 1.162128701150092)]",1056
E2f1,taipale_tf_pairs__E2F1_ELK1_SGCGCNNNNNNNNNNCGGAAGN_CAP_repr,0.06635767483647782,3.1755827488430244,0.0,0.853488,gene is orthologous to ENSG00000101412 in H. sapiens (identity = 85%) which is directly annotated for motif,"frozenset({'top10perTarget', 'activating', 'mm10_500bp_up_100bp_down_full_tx_v10_clust.genes_vs_motifs.rankings'})","[('Rbm17', 2.124177957086276), ('Pan3', 0.8420186585904965), ('Ccdc34', 1.0608398861146644), ('Vapb', 0.538189774482118), ('Arhgef26', 0.5062849490864408), ('Antxr2', 0.531755893370852), ('Nfasc', 0.8674705800826423), ('Mbtps1', 1.1665609655683262), ('Nrm', 0.5800001175205558)]",397
E2f1,transfac_public__M00024,0.06448525151767047,3.0332250379733066,0.0,1.0,gene is directly annotated,"frozenset({'top10perTarget', 'activating', 'mm10_500bp_up_100bp_down_full_tx_v10_clust.genes_vs_motifs.rankings'})","[('Dnajc24', 1.2971212842853852), ('Ensa', 1.02180546712133), ('Kin', 0.6420408939724467), ('Fpr1', 0.9005180746725826), ('Tipin', 0.861543666164925), ('Ehmt1', 1.505524877424819), ('Pros1', 0.7091535710244172), ('Ddx11', 1.1530046011341664), ('Zfp652', 0.9067659996700668)]",553
Egr3,transfac_pro__M00807,0.07514546965918537,3.6036624358782112,0.0,1.0,gene is directly annotated,"frozenset({'top10perTarget', 'activating', 'mm10_500bp_up_100bp_down_full_tx_v10_clust.genes_vs_motifs.rankings'})","[('Tcirg1', 0.506141868275355), ('Sorbs3', 0.7391648560749813), ('Rai14', 0.601602105949509), ('Tmem216', 1.4331996933801563), ('Ccl2', 0.8611941615191959), ('Fgf13', 0.6219732972093157), ('Phf11d', 0.9480279605560142), ('Matn4', 0.95163756659), ('Mast4', 0.7027059998968865), ('Nog', 2.72056170432615), ('Frmd4a', 0.6044276674258655), ('Slc33a1', 1.9892410915027197), ('Cish', 1.5957290272127729), ('Mfn1', 1.2762375525330092), ('Ncam1', 0.6839780938010285), ('Rasgrp3', 0.7742956631863304)]",1090
Elk1,taipale_tf_pairs__E2F1_ELK1_SGCGCNNNNNNNNNNNCGGAAGN_CAP_repr,0.08081329243939958,3.3870706802495314,0.0,0.85514,motif is annotated for orthologous gene ENSG00000126767 in H. sapiens (identity = 85%),"frozenset({'top10perTarget', 'activating', 'mm10_500bp_up_100bp_down_full_tx_v10_clust.genes_vs_motifs.rankings'})","[('Fyco1', 1.7075562641782496), ('Eaf1', 1.186228318992208), ('Snhg4', 0.6505218783982508), ('Foxred1', 1.3566570630902788), ('Pum3', 0.7295265281688115), ('Mrps22', 1.1764658854240464), ('Sf3b1', 1.236041592562343), ('Ppp1r18', 1.0226525516329277), ('Pot1a', 0.9638814630300458), ('Zswim8', 1.4380428127847522), ('Tufm', 1.1600792533198343), ('Lrpap1', 0.5548644204229659), ('Dnm1l', 1.843087094992828), ('Csk', 0.9178240314226688), ('Unc13b', 0.920245922023933), ('Trappc8', 0.7792205805557495), ('Anapc4', 1.90024314028255), ('Mtmr9', 2.0838199119842216), ('Pan3', 1.3635485717063398), ('Trim25', 0.7924773644809103), ('Mis18a', 1.4860338227289749), ('Srgap3', 1.1803841488211355), ('Tcaf1', 0.9767154838923768), ('4930563E22Rik', 0.8199917028594624), ('Pomt2', 1.7983638232362626), ('Edem3', 1.5760263045685288), ('Tmem87b', 1.1326749079197076), ('Ggcx', 0.634510493815645), ('Cfap43', 0.6048745711990533), ('Tnpo2', 1.2476213357499235), ('Cdc42ep4', 0.5919847106406666), ('Rap2b', 0.9247246426430068), ('Smc5', 1.0209773404782605), ('Yes1', 1.5528753132473303)]",4941
Elk1,taipale_tf_pairs__ELK1_EOMES_RSCGGAANNAGGYGYNA_CAP_repr,0.09122786902475612,4.061478722692422,0.0,0.85514,motif is annotated for orthologous gene ENSG00000126767 in H. sapiens (identity = 85%),"frozenset({'top10perTarget', 'activating', 'mm10_500bp_up_100bp_down_full_tx_v10_clust.genes_vs_motifs.rankings'})","[('Pot1a', 0.9638814630300458), ('Fbxo30', 1.0919227030889662), ('Sumo3', 0.6549237749584176), ('Dnaja3', 2.474170501833376), ('Hspb11', 0.8070475983056667), ('Ptp4a3', 0.9692778046328588), ('Zswim8', 1.4380428127847522), ('Ctsl', 0.3467951807769658), ('Prr7', 0.6195878662049212), ('Pelo', 1.079195843805551), ('Timm29', 0.9783541366004992), ('Phf1', 2.147971997393323), ('Mcur1', 1.1818870203079568)]",985
Elk1,taipale_tf_pairs__FOXO1_ELK1_RSCGGATGTTRTN_CAP,0.07617928359178681,3.0869900375111814,0.0,0.85514,motif is annotated for orthologous gene ENSG00000126767 in H. sapiens (identity = 85%),"frozenset({'top10perTarget', 'activating', 'mm10_500bp_up_100bp_down_full_tx_v10_clust.genes_vs_motifs.rankings'})","[('Hoxd8', 0.6472261917465679), ('Phf21b', 0.6906924687454795), ('Gclm', 0.6963376445585806), ('Ube2c', 0.7622651676402663), ('Uchl4', 0.7214936150121137), ('Zswim8', 1.4380428127847522), ('Kif2a', 2.577239747043435), ('Cfap43', 0.6048745711990533), ('Sumo3', 0.6549237749584176)]",528
Elk1,taipale_tf_pairs__FOXO1_ELK1_TGTTGCCGGANNN_CAP,0.07919855533579843,3.282506497522148,0.0,0.85514,motif is annotated for orthologous gene ENSG00000126767 in H. sapiens (identity = 85%),"frozenset({'top10perTarget', 'activating', 'mm10_500bp_up_100bp_down_full_tx_v10_clust.genes_vs_motifs.rankings'})","[('Cdc42ep4', 0.5919847106406666), ('Prr7', 0.6195878662049212), ('Zswim8', 1.4380428127847522), ('Hspb11', 0.8070475983056667), ('Pot1a', 0.9638814630300458), ('Ptp4a3', 0.9692778046328588), ('Fbxo30', 1.0919227030889662), ('Snhg4', 0.6505218783982508), ('Sumo3', 0.6549237749584176), ('Mcur1', 1.1818870203079568), ('Sf3b1', 1.236041592562343), ('Pelo', 1.079195843805551)]",869
Elk3,taipale_tf_pairs__TEAD4_ELK3_NCCGGAANNNNNNNMATWCC_CAP_repr,0.06649628002961089,3.7143689582936545,0.0,0.923833,motif is annotated for orthologous gene ENSG00000111145 in H. sapiens (identity = 92%),"frozenset({'top10perTarget', 'activating', 'mm10_500bp_up_100bp_down_full_tx_v10_clust.genes_vs_motifs.rankings'})","[('Hus1', 0.511662477122435), ('Golm1', 0.855042340869968), ('Polr3b', 1.5439601069402735), ('Fam219a', 0.8538341323486704), ('Ubxn7', 1.1409716276520327), ('Tti2', 1.3897061725644688), ('Spg7', 0.6666120803580716), ('Acadl', 0.5188936405876446), ('Hibadh', 1.1239628288710355), ('Fam184a', 2.2422385539713456), ('Katna1', 0.7988020884997796), ('Mepce', 0.9954523596119884), ('Immp2l', 1.5210408019890476), ('Anks1b', 1.031334573152701), ('Bnip2', 0.6061192533017549), ('Pag1', 1.3851528300738642), ('Xndc1', 1.7908173843153143), ('Mpp7', 0.517112407265209), ('Tmem185b', 1.2943790475424612), ('Azin2', 0.5571902961309337), ('Pcgf6', 1.7812387374048833), ('E2f6', 1.1816025718079823), ('Scaf4', 1.0772799059028113), ('Pdcd2l', 2.2573210984546264), ('Fbxo41', 0.8244147621644768), ('Aph1a', 1.155437240507459), ('Exoc1', 0.54384046881682), ('Ncoa4', 1.0776117833394967), ('Papolg', 1.9962900328209792), ('Ccnh', 0.7266450239012128), ('Tmem104', 1.606551808512053), ('Zcchc2', 0.8907851739957131)]",1857
Foxs1,stark__RTAAMA,0.06989588176451526,3.7667442786569842,0.0,0.325228,gene is orthologous to FBgn0014143 in D. melanogaster (identity = 32%) which is directly annotated for motif,"frozenset({'top10perTarget', 'activating', 'mm10_500bp_up_100bp_down_full_tx_v10_clust.genes_vs_motifs.rankings'})","[('Capn5', 0.7539859607698649), ('Fstl3', 0.6289624727177818), ('Pcnx4', 1.3327189685543164), ('Rarres1', 0.7010214158041027), ('Kank4', 0.5858514686926312), ('Olfm1', 0.8924907068169976), ('Nqo1', 1.1289967659654072), ('Pltp', 1.254816814815482), ('Ppil3', 0.3961277277387244), ('Bmpr1b', 0.6893164856816282), ('Cuedc1', 0.750373359462291)]",653
Gata3,tfdimers__MD00205,0.1274465351772085,3.2739488005841926,0.0,0.96614,gene is orthologous to ENSG00000107485 in H. sapiens (identity = 96%) which is directly annotated for motif,"frozenset({'top10perTarget', 'activating', 'mm10_500bp_up_100bp_down_full_tx_v10_clust.genes_vs_motifs.rankings'})","[('Sema3e', 0.4506588551978104), ('Cep131', 1.1122068315359623), ('Gata3', 1.0), ('Med23', 0.8414622614083325)]",730
Gm14305,transfac_pro__M06477,0.06528187107987607,3.2032733762758117,0.0,0.454128,motif is annotated for orthologous gene ENSG00000181896 in H. sapiens (identity = 45%),"frozenset({'top10perTarget', 'activating', 'mm10_500bp_up_100bp_down_full_tx_v10_clust.genes_vs_motifs.rankings'})","[('Mab21l3', 1.162787771942263), ('Sipa1l2', 1.3342407319362644), ('Polrmt', 0.6009981000456593), ('Pln', 0.6673326830011576), ('Rgs22', 1.2519286515580264), ('D030028A08Rik', 1.7519051769474765), ('Dcdc2b', 1.6288284278002976), ('Cib3', 1.5503441864346494), ('Fggy', 0.7449726449919677)]",683
Hinfp,transfac_pro__M06887,0.07359102244389028,3.2504001601929797,0.0,0.872763,gene is orthologous to ENSG00000172273 in H. sapiens (identity = 87%) which is directly annotated for motif,"frozenset({'top10perTarget', 'activating', 'mm10_500bp_up_100bp_down_full_tx_v10_clust.genes_vs_motifs.rankings'})","[('Bcat1', 0.408529722325152), ('Kcnab2', 1.0524205490888878), ('Numbl', 0.93488374962242), ('Ilf2', 1.0260895128080805), ('Wdcp', 2.1264639313879936), ('Zcchc14', 0.9427722583057718), ('Tesc', 1.772955950248912), ('Rai14', 2.236623005941388), ('Abcb6', 1.0299149700881474), ('Kdm5a', 1.2077543939410782), ('Fut10', 0.7659248860549213)]",885
Hoxb2,taipale_tf_pairs__HOXB2_ELK3_TAATGNNNNNCGGAAGTN_CAP,0.1129208229426434,3.7793037685831727,0.0,0.80791,gene is orthologous to ENSG00000173917 in H. sapiens (identity = 80%) which is directly annotated for motif,"frozenset({'top10perTarget', 'activating', 'mm10_500bp_up_100bp_down_full_tx_v10_clust.genes_vs_motifs.rankings'})","[('Cenph', 0.6042559303005863), ('C920021L13Rik', 1.499919881171343), ('Aamdc', 0.4798738029286032), ('Rpa2', 0.899103217511868), ('Fignl1', 1.967363147100652), ('Mcm3', 1.4104608659040574), ('Nudt22', 0.8400570031817804), ('Gins2', 0.5242268013855909), ('Hells', 1.427793995635946), ('Olr1', 1.0968827759081017), ('Siah1b', 0.8492379173532438), ('Flad1', 1.9399278444508103), ('Gmnn', 2.358349797194842), ('Mcm5', 3.696547479001084)]",4438
Hoxd9,hocomoco__HXD12_HUMAN.H11MO.0.D,0.07667612577751025,3.49488334823564,0.000929,0.846591,motif similar to taipale_cyt_meth__HOXD9_GYAATAAAAN_FL ('HOXD9 [Homeodomain]'; q-value = 0.000929) which is annotated for orthologous gene ENSG00000128709 in H. sapiens (identity = 84%),"frozenset({'top10perTarget', 'activating', 'mm10_500bp_up_100bp_down_full_tx_v10_clust.genes_vs_motifs.rankings'})","[('Hoxd9', 1.0), ('Acap2', 1.138936278868644), ('Prdm4', 1.0349077463668044), ('Mtmr14', 0.8709755894610709), ('Lyplal1', 0.993759764058398), ('Ubap1', 1.2653841988293395), ('Afap1l1', 4.83861022222327), ('Lrp11', 1.329949945283316), ('Hoxd8', 0.4549612050188292), ('Ccne1', 0.9789129964049228), ('Adck2', 1.2638003849351247)]",582
Hoxd9,transfac_pro__M07377,0.07355891879496661,3.2620101510843704,0.000688,0.846591,motif similar to taipale_cyt_meth__HOXD9_GYAATAAAAN_eDBD ('HOXD9 [Homeodomain]'; q-value = 0.000688) which is annotated for orthologous gene ENSG00000128709 in H. sapiens (identity = 84%),"frozenset({'top10perTarget', 'activating', 'mm10_500bp_up_100bp_down_full_tx_v10_clust.genes_vs_motifs.rankings'})","[('Prdm4', 1.0349077463668044), ('Lyplal1', 0.993759764058398), ('Redrum', 0.7404214959971585), ('Cdc7', 0.8020035962777767), ('Hoxd8', 0.4549612050188292), ('Acap2', 1.138936278868644), ('Xiap', 0.7045937288177128), ('Hoxd9', 1.0), ('Kit', 1.849350187821152), ('Adck2', 1.2638003849351247), ('Mis18bp1', 0.5452583732637648), ('Bbc3', 1.2461117418327123), ('Mtmr14', 0.8709755894610709), ('Afap1l1', 4.83861022222327)]",969
Ikzf1,tfdimers__MD00301,0.08523406929829896,3.0046190532086743,0.0,0.932039,gene is orthologous to ENSG00000185811 in H. sapiens (identity = 93%) which is directly annotated for motif,"frozenset({'top10perTarget', 'activating', 'mm10_500bp_up_100bp_down_full_tx_v10_clust.genes_vs_motifs.rankings'})","[('Snx8', 1.2090216084485232), ('Adamts17', 1.2225766943870915), ('Cxcr4', 1.0860458611440715), ('Prkcz', 1.0537829780746517), ('Bdkrb2', 0.8039081911050344), ('Dyrk3', 1.878872583084584)]",766
Jund,taipale_cyt_meth__JUND_NRTGACGCATN_eDBD_repr,0.05202870261671726,3.0295847575114334,0.0,0.741936,gene is orthologous to ENSG00000130522 in H. sapiens (identity = 74%) which is directly annotated for motif,"frozenset({'top10perTarget', 'activating', 'mm10_500bp_up_100bp_down_full_tx_v10_clust.genes_vs_motifs.rankings'})","[('Tmsb10', 0.5940200962823569), ('Il11ra1', 0.7979619583190325), ('A330009N23Rik', 0.6584961345550882), ('Rps27a', 0.833256906863821), ('Thpo', 0.4802801608096332), ('Atf3', 0.83227258816063), ('Gpm6b', 0.4202314299779402), ('Sfrp4', 0.881507593481965), ('Adamts4', 0.7304011121946103), ('Dnaja1', 0.9340790238130758), ('Zfp36l1', 1.2865446811979964), ('Pdgfrl', 1.4799084542539644), ('Gem', 2.40961165805516), ('Selenop', 0.2601487902633163), ('Ubald2', 3.200693192557374), ('Ubc', 3.819249149258636), ('Gch1', 1.0615037988723803), ('Ppargc1b', 0.6898070253879415), ('Shroom4', 1.7709468688394172), ('Serpina3n', 0.2535129389446225), ('Adamts1', 0.8079676527668272), ('Rps13', 0.3882318245893216), ('Zfp366', 0.5081530330166782), ('Pnma2', 7.203804009175863e-05), ('Nfkbia', 1.4479400571507128), ('Ctsl', 0.2601484539799956), ('Eif4e', 0.9081829068108912), ('Ust', 1.113736643573989), ('Ypel3', 0.7025553798313556), ('Rtn1', 0.4914335739153473), ('Dynlt1b', 0.4261046630353125), ('Tceal9', 0.5356075561169864), ('Rps16', 0.6552992350399716), ('Sgk1', 0.8170010319028067), ('Mast1', 8.185042154212033e-05), ('Arid5a', 1.3003015124294817), ('Rpl35a', 0.6415526736057205), ('Igf1', 1.8424183427024343), ('Rxrg', 0.9992927641223116), ('Stk40', 0.7508840014688116), ('Klra4', 1.62513506076837e-05), ('Errfi1', 0.9547419605610644), ('Igfbp7', 0.7594793443434962), ('Nfkbiz', 1.265754734235942), ('Izumo1', 0.5621532748108337), ('Oaz1', 0.7516574606080317), ('Acsl6', 0.6518414818847164), ('Cstb', 0.5120781459982916), ('BC049352', 1.6533120681448403), ('Slc6a8', 0.6386486441272852), ('Htra1', 0.4127465017435739), ('Dcn', 0.2859545278591509), ('Cd300lf', 0.5835853626029854), ('Rps4x', 1.3285720275849089), ('Gpx3', 0.3276869549769564), ('Arhgap27', 3.628213424404581), ('Erf', 3.1132643275076544), ('Lamp2', 0.5675768528808013), ('Adamts2', 0.2886720967796264), ('Pdxp', 3.184050323361973), ('Cpxm2', 2.689674275851444), ('Slco4a1', 0.7564692331139181), ('Fosb', 5.541102929950065), ('Rnf19b', 1.2753996013153504), ('Lgals9', 0.7008185636801134), ('Itgbl1', 2.0524467350622264), ('Mmp3', 0.62527262389176), ('Cox7a2l', 0.8090237955378199), ('Tagln3', 1.0742014168465497), ('Id3', 0.521949516802389), ('Cst3', 3.223518115731128), ('Sat1', 2.762837601728915), ('Mmp24', 0.7559204089890602), ('Sag', 1.0387150265808378), ('Cfap126', 0.4793389077960422), ('Clec11a', 1.206374394344927), ('Rpl32', 0.2910115328711102), ('Olfml2b', 0.7703632358548804), ('H2afx', 0.6416640036983065), ('Glyctk', 0.9348766607003224), ('Akap7', 0.898341487548308), ('Scn7a', 0.3781310381311352), ('Ppic', 0.764796624999424), ('Arl13b', 1.7451850227064991), ('Mt1', 1.029046295661124), ('Ubb', 1.034875929225324), ('Zfp558', 0.5284953583821211), ('Ppfia2', 3.567478198774636), ('Slc16a12', 0.5662971061949243), ('Nfatc1', 3.051698610548309), ('Mybph', 0.7657004605035062), ('Jdp2', 1.7175269317298518), ('Mcm10', 2.79113232416982), ('Rpap2', 0.6475090250904362), ('Rpl22', 0.423787493730078), ('Igsf10', 0.4992112714203077), ('Trem3', 1.7581262451827298), ('Ctsk', 1.5308575847053538), ('Txk', 0.8057791742049982), ('Fth1', 1.1805245353703815), ('Fbln7', 0.9378935182392446), ('Apod', 0.8168134691471899), ('Cry2', 1.9405230403960447), ('Dennd2d', 0.8232881160850444)]",4599
Klf3,taipale_cyt_meth__KLF3_NRCCGCAGCCCN_FL_meth_repr,0.05871666215986139,3.6351031199387767,0.0,0.956395,gene is orthologous to ENSG00000109787 in H. sapiens (identity = 95%) which is directly annotated for motif,"frozenset({'top10perTarget', 'activating', 'mm10_500bp_up_100bp_down_full_tx_v10_clust.genes_vs_motifs.rankings'})","[('Lrch3', 0.7655163808050175), ('Tbc1d12', 0.7151092391822252), ('Kif5b', 1.0457069936008154), ('Fam168a', 0.8877955506094644), ('Eif4g1', 0.903383806669825), ('Islr2', 0.8636905791750003), ('Bmp1', 1.2713337820943742), ('Mxd4', 0.6521289461700923), ('Twsg1', 1.1772776592324594), ('Gramd2', 0.5563395594647454), ('Tmem241', 2.158539252934979), ('Meltf', 1.1963539791627693), ('Triobp', 0.7507511554424293), ('Dst', 0.5804952044701394), ('Cdr2', 1.11485106382513), ('Champ1', 0.6459630856479611), ('Mgll', 1.233210154455036), ('Vwa8', 1.5596176905829795), ('Dusp19', 3.055148406972192), ('Reep3', 1.0922635694799288), ('Ptpn6', 0.9772322967375054), ('Asap1', 0.7547410499946059), ('Samhd1', 1.804656284312212), ('Usp2', 0.5536586892026847), ('Cerk', 0.9556824359932768), ('Itgav', 0.9553761376677736), ('Sec63', 1.6199022230477798), ('Bscl2', 0.7646640222297465), ('Arap1', 0.8554753245304376), ('Esco2', 0.8159580691508088), ('Sorbs3', 0.7083069723220111)]",731
Klf4,transfac_pro__M07040,0.06350871994930167,3.2450463113805466,0.0,1.0,gene is directly annotated,"frozenset({'top10perTarget', 'activating', 'mm10_500bp_up_100bp_down_full_tx_v10_clust.genes_vs_motifs.rankings'})","[('Sema3b', 0.3874091120588227), ('Lrrn4cl', 0.6510723002246939), ('Snca', 0.8869541374795151), ('Gast', 0.7393607013650717), ('Procr', 1.8603668533726836), ('Rasgrp4', 1.0092496449306234), ('Cadm3', 1.1494315581639432), ('Tcf7l1', 0.7539902457408724), ('A930006I01Rik', 0.6292620982465875), ('Cd34', 0.324898595531408), ('Gprasp2', 0.5202586395704083), ('Hoxb9', 0.5727761744179702), ('Capn5', 1.0566835533027388), ('Tnfsf9', 1.0210842732481602), ('Gap43', 0.8030861333402126), ('Slco2a1', 0.849030294996408), ('Lbp', 0.2086684478624038), ('Igfbp5', 0.2811604322452055), ('Rnf208', 0.6150658740702485), ('Rbms1', 0.7071397565735197)]",821
Klf4,transfac_pro__M07289,0.06117955935244397,3.02193286690496,0.0,1.0,gene is directly annotated,"frozenset({'top10perTarget', 'activating', 'mm10_500bp_up_100bp_down_full_tx_v10_clust.genes_vs_motifs.rankings'})","[('Rora', 1.3755924582608652), ('Cadm3', 1.1494315581639432), ('1700007J10Rik', 0.4897744917879751), ('Lbp', 0.2086684478624038), ('Gpr45', 1.614733652955768), ('Capn5', 1.0566835533027388), ('Cd34', 0.324898595531408), ('Procr', 1.8603668533726836), ('Gprasp2', 0.5202586395704083), ('Il1rn', 0.4625457705696645), ('A930006I01Rik', 0.6292620982465875), ('Lrrn4cl', 0.6510723002246939), ('Arhgap27', 0.6275509863585682), ('Sema3b', 0.3874091120588227)]",498
Nfkb1,transfac_pro__M04706,0.06724283438985235,4.026580626439755,0.00014,1.0,motif similar to hocomoco__NFKB1_MOUSE.H11MO.0.A ('NFKB1_MOUSE'; q-value = 0.00014) which is directly annotated,"frozenset({'top10perTarget', 'activating', 'mm10_500bp_up_100bp_down_full_tx_v10_clust.genes_vs_motifs.rankings'})","[('Rybp', 0.7228740832964795), ('Ddx3y', 1.4514868252855446), ('Ubtd2', 0.5502220192534278), ('Phf13', 1.16061593675706), ('Rnf19b', 0.758856964563695), ('Trim71', 0.6058734379533722), ('Mex3c', 0.7198785205944815), ('Nampt', 1.1067847775879265), ('Zswim4', 0.828498221322054), ('Braf', 1.2628733763877822), ('Ell', 1.6636271558820168), ('Klhl7', 0.6273235472201533), ('Ell2', 3.046854846754813), ('Htt', 0.9341010696322009), ('Vwc2', 0.6118812304436371), ('Klhl21', 2.107992423849506), ('Atf4', 1.5682268737877127), ('Ndrg1', 1.024138987415228), ('Sde2', 2.429777650811483), ('Elf1', 2.1080188511961406), ('Sobp', 0.7972611608425316), ('Zfp131', 0.6502323388241739), ('Zfand5', 1.715515219530539), ('Rab20', 0.8515178132522202), ('Top1', 4.728535983966474), ('Med13l', 1.9179827071247215), ('Smco2', 0.4617922943132631), ('Htr1f', 1.2076976124498655), ('1810013L24Rik', 2.1400923838815347), ('Pvr', 2.965277119050254), ('Fzd8', 4.056203490498369), ('Dek', 0.9670853423514824), ('Taf1d', 1.5509141872017806), ('Nr4a3', 2.773442384676008), ('Aebp2', 0.7256992540670587), ('March7', 0.76044689792592), ('Fchsd2', 0.6141979222121502), ('Ifrd1', 4.504086639989754), ('Cyp1b1', 0.5851518029077957), ('Nsd3', 2.674072578142848), ('Etf1', 1.1781960038972097), ('Hspa8', 1.0792985408944984), ('Banp', 1.2325732394198), ('Rc3h1', 0.6965538106767971), ('Fubp1', 1.376916465356418), ('Pxk', 1.7052968943736344), ('Has1', 1.569963572139017), ('Rel', 2.8597308677504807), ('Spred1', 0.8037030910438604), ('Mroh2a', 0.7008175450407422), ('Tra2b', 0.8410698311556011), ('Slc52a3', 0.642205057385027), ('Arid1a', 0.7324043726876247), ('Pom121', 1.3916681879525816), ('Tmem132e', 0.6863811055451698), ('Gls', 1.6278338543906226), ('Herpud2', 0.5979803902382863), ('Chka', 1.1622362666710813), ('Hoxc11', 1.3806854353183888), ('Spty2d1', 0.6550332319478986), ('BC049352', 0.8971894513528759), ('Sqstm1', 1.6704756473837732), ('Cnot9', 0.7587151028385015), ('Tgif1', 3.057235875240501), ('Cebpb', 2.47978217443417), ('Chd4', 1.3798553659065864), ('Ptgs2', 1.5397340678405849), ('Ubc', 0.7866429155130074), ('Fndc3b', 2.488111992824502), ('Ptpn1', 2.4068781972977997)]",2072
Nfkb1,transfac_pro__M01239,0.05926659179024449,3.146320829497866,0.000139,0.870237,gene is orthologous to ENSG00000109320 in H. sapiens (identity = 87%) which is annotated for similar motif factorbook__NFKB1 ('NFKB1'; q-value = 0.000139),"frozenset({'top10perTarget', 'activating', 'mm10_500bp_up_100bp_down_full_tx_v10_clust.genes_vs_motifs.rankings'})","[('Tnfaip3', 0.6918105843252594), ('Nfkbiz', 1.413684012901558), ('Cxcl1', 2.317384933585213), ('Nfkbia', 2.355576041448597), ('Fchsd2', 0.6141979222121502), ('Cxcl2', 1.7175384829249225), ('Nfkb1', 1.0), ('Nfkb2', 2.4794275694982835), ('Birc3', 0.9391422230747312), ('Elmsan1', 1.4023047747967203), ('Rel', 2.8597308677504807), ('Arl5b', 2.288246185907153), ('Mdfic', 0.5030015279872914), ('Jak2', 0.9555220187368356), ('Trp53', 1.9512834335382847), ('Plau', 1.797557830597876), ('Ephb3', 0.9700846454318492), ('Tlr2', 0.9923476445421772), ('Dleu2', 1.1603935418510531), ('Dnaic2', 0.6251237928800117), ('Egr3', 2.2728649807349464), ('Stx11', 2.799315260741305), ('Tmem132e', 0.6863811055451698), ('Map2k3', 0.6938593534841385), ('Aebp2', 0.7256992540670587), ('Chd4', 1.3798553659065864), ('Stxbp1', 1.3229433727554865), ('C130026L21Rik', 0.4362167013139744), ('Dennd4a', 0.6606968008026872), ('Il1rl1', 0.7183791246177317)]",589
Nfkb1,homer__GGAAATTCCC_NFkB-p65-Rel,0.062081860657939546,3.4570144889329377,9.9e-05,1.0,gene is annotated for similar motif hocomoco__NFKB1_MOUSE.H11MO.0.A ('NFKB1_MOUSE'; q-value = 9.89e-05),"frozenset({'top10perTarget', 'activating', 'mm10_500bp_up_100bp_down_full_tx_v10_clust.genes_vs_motifs.rankings'})","[('Arih1', 2.1627679215943827), ('Nr4a3', 2.773442384676008), ('Braf', 1.2628733763877822), ('Ttc19', 2.353725073911213), ('Cep83', 0.7017106143032907), ('Ell2', 3.046854846754813), ('Ddx3y', 1.4514868252855446), ('Trmt10a', 1.5140939242969664), ('Cabyr', 1.2551659563833133), ('Plk3', 0.4888716583985412), ('Zfand5', 1.715515219530539), ('Zfp655', 1.122427961594381), ('Mbtd1', 0.619521398491697), ('Rel', 2.8597308677504807), ('Mex3c', 0.7198785205944815), ('Tsc22d2', 0.8619782264823451), ('Zfp131', 0.6502323388241739), ('Arl5b', 2.288246185907153), ('Ptgs2', 1.5397340678405849), ('Btg1', 1.5193077276451448), ('Fubp1', 1.376916465356418), ('Oplah', 1.33349689818342), ('Tbc1d15', 0.7652801446101881), ('Spty2d1', 0.6550332319478986), ('Cebpb', 2.47978217443417), ('Phf13', 1.16061593675706), ('Slc15a2', 0.8410307814769488), ('Nfkb2', 2.4794275694982835), ('Htt', 0.9341010696322009), ('Klf13', 1.0217836132094735), ('Mapk8', 1.4897781739716047), ('Bag3', 0.8108660614572218), ('Snx16', 1.1871550202497427), ('Xab2', 1.276125968959121), ('Hspa8', 1.0792985408944984), ('Rabgef1', 1.1587235952765609), ('4732471J01Rik', 0.2341027459442564), ('Taf4b', 0.7054994867314838), ('Gch1', 3.3413664267777814), ('Jak1', 1.7940830642983088), ('Dnajb1', 0.9859408451260124), ('Cry2', 0.6876008131457501), ('4933417D19Rik', 0.9353512338533188), ('Tbkbp1', 1.7686877997757495), ('Ppp1r15b', 0.5984802085689471), ('Kcnq1ot1', 1.7974451639548616), ('Klhl7', 0.6273235472201533), ('Usp22', 0.6395387816602396), ('Tra2b', 0.8410698311556011), ('Gar1', 0.5935153284169706), ('Stk40', 3.980259560372968), ('Herpud2', 0.5979803902382863), ('Mir22hg', 0.8794736491558199), ('Tnfaip3', 0.6918105843252594), ('Tmem240', 2.3099518142135422), ('Neat1', 2.7976087278489947), ('Dek', 0.9670853423514824), ('Nsd3', 2.674072578142848), ('Ppp1r16b', 0.7457822811333703), ('Mroh2a', 0.7008175450407422), ('Nudt21', 0.6317159199787493), ('Errfi1', 0.9100878999480028), ('Zbtb11', 1.561950635764869), ('Rcan1', 0.5366082554058205), ('Zfp516', 4.121812239166952), ('Nr4a2', 0.81503013291309), ('Lgr5', 1.1909484100175165), ('Ctif', 1.2624905507126063), ('Stx6', 2.04852164599436), ('Chd1', 4.2554441455654), ('Ddx21', 0.6820741320686315), ('Sobp', 0.7972611608425316), ('Erf', 2.4211371394646344), ('Layn', 0.5941604317483081), ('Hey2', 3.875979531276821), ('Acsl4', 0.9426392232505586), ('Il1rl1', 0.7183791246177317), ('Tnfaip8', 1.6877418328989122), ('Klf9', 2.0706554023243324), ('Cxcl1', 2.317384933585213), ('Elmsan1', 1.4023047747967203), ('Bach1', 1.5630542982302522), ('Lztfl1', 1.3874492381027417), ('Hs2st1', 0.5415331843418263), ('Has1', 1.569963572139017), ('Dleu2', 1.1603935418510531), ('Fem1b', 0.8128879590566293), ('Hoxc11', 1.3806854353183888), ('Ifrd1', 4.504086639989754), ('Ypel4', 0.7938141015509529), ('Tgif2', 2.051041503201166), ('Tgif1', 3.057235875240501), ('Baz1a', 0.72327687719358), ('Zc3h12a', 2.2931868407331404), ('Ier5', 1.1460752195242678), ('Fosl1', 4.143267789924772), ('Bcl10', 1.5712703268807404), ('Zeb2', 0.6837067003625259), ('Trim36', 0.5750428522823343), ('Snd1', 0.6032691544931035), ('Cpeb2', 1.201865666544918), ('Arl13b', 1.9623560164850111), ('Tgfb2', 0.8664710303271912), ('Noct', 2.395155460109333), ('Nfatc1', 3.809553534319597), ('Flnc', 2.0053172369490184), ('Neil2', 1.099146519579572), ('Rsrp1', 0.698274777799146), ('Top1', 4.728535983966474), ('Slc52a3', 0.642205057385027)]",4017
Onecut2,taipale_tf_pairs__E2F3_ONECUT2_NNSGCGCSNNNATCGAYN_CAP_repr,0.10020088667220836,3.3067535797803544,0.0,0.988095,motif is annotated for orthologous gene ENSG00000119547 in H. sapiens (identity = 98%),"frozenset({'top10perTarget', 'activating', 'mm10_500bp_up_100bp_down_full_tx_v10_clust.genes_vs_motifs.rankings'})","[('Crocc', 0.8040574813756975), ('Npas3', 0.716276954843315), ('Ust', 0.5351402201116267), ('Abcc3', 0.7534536047103783)]",981
Runx3,transfac_pro__M01658,0.11154805294456167,3.3401525516400086,0.000387,1.0,gene is annotated for similar motif transfac_pro__M08866 ('V$AML_Q4: AML'; q-value = 0.000387),"frozenset({'top10perTarget', 'activating', 'mm10_500bp_up_100bp_down_full_tx_v10_clust.genes_vs_motifs.rankings'})","[('Gmnn', 0.3442244670555856), ('Sag', 1.0719565967394036), ('Hcls1', 0.755553133972011), ('Sema4d', 0.7084069811854717)]",463
Sox17,taipale_tf_pairs__SOX17_ACCGAACAAT_HT,0.12403773175756262,3.9987273560333394,0.0,0.850242,motif is annotated for orthologous gene ENSG00000164736 in H. sapiens (identity = 85%),"frozenset({'top10perTarget', 'activating', 'mm10_500bp_up_100bp_down_full_tx_v10_clust.genes_vs_motifs.rankings'})","[('Adgrl3', 0.7214316706143228), ('Flt1', 2.445002966725538), ('Plvap', 3.721345171330455), ('Vwf', 1.0395020117299674), ('Map7d3', 1.1419306388146535)]",1010
Srebf1,tfdimers__MD00457,0.0627874757550568,3.0693896701430847,0.0,0.793651,gene is orthologous to ENSG00000072310 in H. sapiens (identity = 79%) which is directly annotated for motif,"frozenset({'top10perTarget', 'activating', 'mm10_500bp_up_100bp_down_full_tx_v10_clust.genes_vs_motifs.rankings'})","[('Wdyhv1', 0.7029216537772649), ('Gtf2a1', 1.4531614702776376), ('Cuedc1', 0.6931201858495292), ('Slc17a3', 0.7708364050085487), ('Sh3bgrl', 0.5024178287562585), ('Aldh1l1', 0.7575991049645769), ('Adcy7', 0.6463431831705491), ('Rmdn2', 0.8352820181148631), ('Ngb', 0.5664350462715163)]",770
Zfp110,transfac_pro__M04916,0.07804161094847423,3.2002056643108725,1e-06,0.424279,"gene is orthologous to ENSG00000171606 in H. sapiens (identity = 42%) which is annotated for similar motif dbcorrdb__ZNF274__ENCSR000EVG_1__m3 ('ZNF274 (ENCSR000EVG-1, motif 3)'; q-value = 5.94e-07)","frozenset({'top10perTarget', 'activating', 'mm10_500bp_up_100bp_down_full_tx_v10_clust.genes_vs_motifs.rankings'})","[('Zfp407', 1.1917273555534147), ('1700084E18Rik', 0.6920110110696048), ('Akr1c13', 0.4665108634750827), ('Ing4', 2.1456556600244885), ('Ntrk1', 0.8894865846798143), ('Tnks', 1.4065038214423466), ('Irf2', 0.8809655793043278), ('Hdac7', 1.6801711063655247), ('Ddx50', 0.9225836394831026), ('Elavl1', 0.7010280477199701), ('Fam171a1', 1.2711534004787928), ('Cnot10', 2.6778997217021034)]",1695
Zfp868,transfac_pro__M06477,0.09391864254707147,3.8407732552076514,0.0,0.35545,gene is orthologous to ENSG00000181896 in H. sapiens (identity = 35%) which is directly annotated for motif,"frozenset({'top10perTarget', 'activating', 'mm10_500bp_up_100bp_down_full_tx_v10_clust.genes_vs_motifs.rankings'})","[('Enkur', 1.8830366816314132), ('Stk32c', 1.0153105985800073), ('Vps50', 1.0082104330986867), ('6430562O15Rik', 0.5819308958381528), ('Zbtb11os1', 0.9895313476608772), ('Nwd1', 0.4935407454868945), ('Sema6c', 0.7735901356977104), ('Tfeb', 1.1727061687689586), ('Wnt5b', 0.985335222426155), ('Sorbs2', 0.603115408557769), ('Papolg', 0.6940424304051065)]",1263
Ascl2,transfac_pro__M07477,0.11401603518086505,3.1986668854747595,0.000318,0.273632,"motif similar to cisbp__M4724 ('ac[gene ID: ""FBgn0000022"" species: ""Drosophila melanogaster"" TF status: ""direct"" TF family: ""bHLH"" DBDs: ""HLH""]'; q-value = 0.000318) which is annotated for orthologous gene FBgn0000022 in D. melanogaster (identity = 27%)","frozenset({'top50perTarget', 'activating', 'mm10_500bp_up_100bp_down_full_tx_v10_clust.genes_vs_motifs.rankings'})","[('Ece2', 0.3822432942208063), ('Neurl1a', 0.1312148276375851), ('1810010H24Rik', 0.4357795646151016), ('Homer1', 0.1103537277967904), ('Glrb', 1.5711408005364564), ('Tyw1', 0.8157802013921233), ('Ascl2', 1.0), ('Pmaip1', 0.8228063508076212), ('Lxn', 0.2241277567544773)]",1659
Cux1,transfac_pro__M04610,0.04519831373946087,3.066714650227824,0.0,1.0,gene is directly annotated,"frozenset({'top50perTarget', 'activating', 'mm10_500bp_up_100bp_down_full_tx_v10_clust.genes_vs_motifs.rankings'})","[('Smarcad1', 0.3525587794038331), ('Lmo1', 0.2032411627773053), ('Uba3', 0.1175409204023997), ('Degs1', 0.3022854908086401), ('Tex2', 0.3787771485537811), ('Fkbp8', 0.2067313202326341), ('Tbc1d9b', 0.7819465486897165), ('Ghitm', 0.4432164947368333), ('Ppt2', 0.3950909826874711), ('Elk3', 0.5933415372556405), ('Lrrc9', 0.0274082613702167), ('Pfkp', 0.311090114622788), ('AW551984', 0.4623019732175852), ('Myl12a', 0.044161690959349), ('Tmod1', 0.3022147274558208), ('Gchfr', 0.1014418972661575), ('Acap2', 1.1444298688084509), ('Map3k2', 0.6486337457248134), ('Cul2', 1.1152314098595344), ('Urgcp', 0.2045162280687063), ('Gatad1', 0.1153329128679208), ('Adprh', 0.1020607968221564), ('Zic5', 0.4361977979865996), ('Smarca5', 0.7301831612760029), ('Gpx1', 0.2777256950350036), ('B3gntl1', 0.3131456257000301), ('Peak1', 0.9174260648229292), ('Ap2m1', 0.5124616017717404), ('Myh9', 0.2298512495821077), ('Scamp1', 0.2165466895643371), ('Cers2', 0.1430321308813206), ('Aacs', 0.4064668082604279), ('Ogdh', 0.3419467634993452), ('Me1', 0.3787501259472973), ('Dpysl3', 0.2750214077671414), ('Actr1b', 0.1225655933376663), ('Dctn1', 0.2751137308836598), ('Psmd14', 0.1060576664814403), ('Tpm2', 0.167499151605667), ('Dynlt3', 0.6984986498290741), ('Bend7', 0.2907428048471302), ('Mtmr6', 0.166990345857074), ('Vdac1', 1.7780755896943212), ('Gja1', 0.6069008208511197), ('Capza2', 0.8086718818243782), ('Rnf44', 0.1819132828713039), ('Zfp68', 0.443250199696871), ('Med15', 0.2620660133840403), ('Snx7', 0.1514415983129653), ('Srpk1', 0.187087776602353), ('Plec', 0.4715742451680927), ('Rnf187', 0.3721540785977483), ('Pde1a', 0.6668591138246729), ('Cbfa2t2', 0.2216614781140956), ('Pop5', 0.3894001996858088), ('Serinc3', 1.431895525462247), ('Reep3', 0.3448498382643158), ('Ptprs', 0.4837445252427355), ('Galnt5', 0.132775275580904), ('Wwp1', 0.5017224159103392), ('Perp', 0.3056247712367925), ('Mrpl2', 0.1461420371901431), ('1110020A21Rik', 0.3740478545190496), ('Wasf2', 1.3722786077864), ('Gt(ROSA)26Sor', 0.4096337155008671), ('Ago2', 0.3744383885248451), ('Slc25a30', 0.4938097748356971), ('Cbx5', 0.188644239691601), ('Pgam5', 0.588515621487665), ('Timm17a', 0.1342283097002729), ('Leprot', 0.5983356748965311), ('Tsnax', 0.3183110359604597), ('Ehd2', 0.6373180694903291), ('Letm1', 1.4379942114804056), ('Usp18', 0.5261013632160346), ('Parp8', 0.6444082487776441), ('Mydgf', 0.0413722475986406), ('Sc5d', 0.9436205934464664), ('Mapkapk2', 0.4298329902651129), ('Caprin1', 0.2491473766953542), ('Ifnar2', 0.284050813545432), ('Gadd45gip1', 0.2610108096510164), ('Aplp2', 0.7624385219605634), ('Lrrd1', 0.0723625477008001), ('Pdlim1', 0.1512912880394001), ('Kif5b', 0.5135375755495634), ('Smc2os', 0.284202083939605), ('Sqle', 0.1182876513010721), ('Mrps31', 1.4201026463778248), ('Tmem145', 0.7678827351806328), ('Ccdc97', 0.2252745820229292), ('Pon2', 0.1235528333511582), ('Dlat', 1.1330962143099392), ('Mmp28', 0.1444427185182465), ('Tsn', 0.1901466802587857), ('Rbms2', 0.3563898751284862), ('Lims1', 0.3031817697960319), ('Cnot6', 0.4097612475992579), ('Plat', 0.1489035130402241), ('Camsap2', 0.2137126651207855), ('Psmb1', 0.0447654342296505), ('Rmnd5a', 0.9380597645643248), ('Ppp1r12a', 0.2157605215840115)]",955
Egr1,transfac_pro__M02281,0.04770898633530351,3.608542946988221,0.00097,1.0,gene is annotated for similar motif hocomoco__EGR1_MOUSE.H11MO.0.A ('EGR1_MOUSE'; q-value = 0.00097),"frozenset({'top50perTarget', 'activating', 'mm10_500bp_up_100bp_down_full_tx_v10_clust.genes_vs_motifs.rankings'})","[('Fbxl3', 0.1780041430485814), ('Tnfaip3', 0.7577136150688728), ('Zfp37', 0.2104955740402933), ('Abl1', 1.8059790333409969), ('Kcns3', 0.1661679189122382), ('Kank4', 0.5012893019895552), ('Dleu2', 0.1667867292820362), ('Bend7', 0.54155097711315), ('Arl8a', 0.145009744279589), ('Kif5c', 0.3842470502823674), ('Nfkbia', 0.4954367415457679), ('Ppm1d', 0.1813936751862288), ('Man2a2', 0.2440572959280456), ('Fam83h', 0.3375193721385769), ('Eif4a2', 0.2583253623258356), ('Hp1bp3', 0.2020129660492789), ('Nfkb2', 0.2413699818047583), ('Gabpb1', 0.1914277332943568), ('Ttc30b', 0.4351713010435959), ('Susd4', 0.1981293048834747), ('A730020E08Rik', 1.5304626598308362), ('Pltp', 0.3718521828378415), ('Ptpn14', 0.1613168558966909), ('Irf1', 3.541960588240633), ('Phip', 0.4433020053868159), ('Lama3', 0.212050610171072), ('Gpatch2l', 0.1476277169064418), ('Trim39', 0.2975067213129037), ('Xiap', 0.2049091001036208), ('Fbxl7', 0.2032533341954929), ('Tmem54', 0.4806085807039068), ('Nr4a1', 1.1734478569730062), ('2810410L24Rik', 0.1593753884786297), ('Agap2', 0.1473657222316626), ('Map3k8', 1.250132856868308), ('Gm527', 0.1330604416847814), ('Ak4', 0.0932883510233958), ('Il1b', 0.0953678059241024), ('Gadd45b', 1.3493636899342587), ('Rad51b', 0.5495368148776996), ('Bag6', 0.1238953017461726), ('Tanc1', 0.2652432225783648), ('Zfp503', 0.7679179952159046), ('Zcchc7', 0.3634820312298171), ('Ptp4a3', 0.1883807048068988), ('Ccnl1', 1.9803761907233743), ('Sorcs1', 0.8707428634699722), ('Cdk2', 0.0829151911154365), ('Igf2', 0.1770577259932088), ('Fam181b', 1.7843395588589965e-07), ('Serpina3c', 0.3549084389564732), ('Igfbp3', 0.3279088004164607), ('Qpctl', 0.1683764184553389), ('Wwc2', 0.4331733435590241), ('Ccdc181', 0.1680036840975831), ('Arhgap36', 0.1919010922653314), ('Atg13', 0.4003379140700628), ('Nrp2', 0.2396876404460385), ('Zfp874a', 0.342693289194979), ('Foxp4', 0.3243584580301201), ('Fgfr1op', 0.1464324616784212), ('Itga1', 0.4919930134397831), ('Mdga2', 1.1682295640509262), ('Ctsl', 0.0672902576305821), ('Zfp384', 0.1317545111450495), ('Fgf12', 0.591496664617164), ('Myo9a', 0.0278905301191017), ('Nin', 0.1659454290552047), ('Arf6', 0.1356551208714729), ('Heph', 0.128647940138416), ('Clec4a1', 0.3707805351563263), ('Tac1', 1.1442105457309677), ('Gpc6', 0.1984939564917821), ('Wsb1', 0.2067225159829667), ('Il23a', 0.3057198187389211), ('Grem1', 2.463949929278209), ('Zfp292', 1.013614702291895), ('Bag3', 0.1148137954110701), ('Sft2d2', 1.0890447085752677), ('Pld2', 0.87655977746836), ('Xk', 0.3491649139965125), ('Egr4', 0.3840969200676355), ('Psd', 0.240054815875151), ('Tra2b', 0.7002429534274649), ('Nfkbiz', 0.2462699822228691), ('Xylt2', 0.2486921727737191), ('Dcaf15', 0.1850880216742702), ('D930048N14Rik', 9.409990619752151e-06), ('Penk', 0.1689358797231769), ('Aaas', 0.2596052473234947), ('Kdm3b', 0.2753359401785613), ('Pcgf2', 0.0251826905648124), ('St13', 0.2832184510718412), ('Iars2', 0.2787146603401618), ('D130020L05Rik', 0.5603020661427608), ('Gas5', 0.0399017774678813), ('Ftsj1', 0.2198684255236032), ('Zfp69', 1.9780601134939266e-08), ('Clic6', 0.1344728169157278), ('Zfp93', 0.2958479265913055), ('Itprip', 0.1176262908638802), ('Med14', 0.3198234398843886), ('Mterf1b', 0.1109372039462465), ('Dusp5', 0.4292240426803726), ('Gm973', 0.5865956035823187), ('Rubcn', 0.2110647858109212), ('Pmp22', 0.0896773075654075), ('Aloxe3', 0.1928550298496133), ('Hnrnpl', 0.156389700105426), ('Fgf10', 0.1721752135231459), ('Deaf1', 0.1406978209308413), ('Ndufs4', 0.1504738398021241), ('C030034L19Rik', 5.768961190011373e-09), ('Il1f9', 1.4090296711043628e-08), ('Clip3', 0.2162684579566995), ('Dlg2', 0.588344453212788), ('Pdik1l', 0.2038678872214042), ('Mad2l2', 0.555785966170113), ('Rnd3', 0.4904902698599058), ('Map7', 0.3518544444978559), ('Ripk2', 0.1517381446079489), ('Ankrd42', 0.1580606095303731), ('Zc3h12a', 0.2056348380866631), ('Gnpda1', 0.2685617579127843), ('Tvp23b', 0.1638141769854409), ('Ccdc28b', 0.4435558232712603), ('Zfp608', 0.2120132719450747), ('Morf4l1', 0.0973352382697455), ('Btg1', 0.2633027182050442), ('Slc22a5', 0.3195719276614502), ('Kirrel3', 0.654725826129321), ('Foxd2', 0.2122235348290762), ('Yap1', 0.2982050008740438), ('Nsmf', 0.4083868593959306), ('Tert', 0.2593960307649879), ('Mob3c', 0.2637595855817833), ('Prkce', 0.8864783046495632), ('Ogfrl1', 0.720510986597654), ('Vcpip1', 0.1742024361975611), ('Ms4a7', 0.3641878763764314), ('Twf2', 0.1921240866482104), ('Zfp184', 8.511526106860378e-06), ('Stab2', 0.1500968704853537), ('Chst2', 0.2513452402339187), ('Msto1', 0.1287581202358051), ('Raet1e', 1.0159174775916403e-06), ('9330158H04Rik', 0.0226076152698929), ('Btbd11', 0.191295129961398), ('Pogk', 0.4076972177040132), ('Zeb2os', 0.262470131541298), ('Rbpjl', 0.46720516965969), ('Bclaf1', 0.2662876659137148), ('Olfml1', 0.8780889044093478), ('Frs2', 0.3070862247499789), ('Snhg12', 0.1346759272869437), ('Cdk17', 0.3663158083526201), ('Egr2', 0.1991755897093537), ('Fn3krp', 1.4773096641330563), ('Haus5', 0.4230729279268925), ('Parp2', 0.1213369496336381), ('Cdk5r1', 1.1778930184970913), ('Zfp65', 0.4400202509881917), ('Fen1', 0.3937172284340307), ('Sertad1', 1.4235864415240111), ('Pcbp1', 0.1495244562669325), ('Egflam', 0.0466697864188028), ('Rbm33', 0.1389865657850719), ('Rell2', 0.2401880050588418), ('Rbm4b', 0.5980270744578656), ('Hs2st1', 0.1691633995301011), ('Gbp7', 0.2122526607049903), ('Bend5', 0.7397921890320027), ('Myc', 0.0918074728999918), ('Prkx', 1.07255196217141), ('Heatr1', 0.1299549469790378), ('Lrrc29', 0.4355918109471523), ('Hoxa5', 0.0227087432362967), ('Arid1a', 0.1893065592437452), ('Cds1', 0.4072218390147673), ('Klf14', 0.4600330361180142), ('Huwe1', 0.3108352572803206), ('Upk1a', 0.4239141603707709), ('Cacnb3', 0.6710927430398606), ('Tgfbr3', 0.5551494338300217), ('Cry2', 0.2008175401910905), ('Teddm2', 0.1094717724156788), ('Avl9', 0.2616723331529098), ('Loxl3', 0.1116341081154944), ('Fus', 1.762338646999299), ('Atf3', 3.137033465959142), ('Cars2', 0.1590751039012446), ('Gli1', 0.4957484338595433), ('Sppl2a', 0.058190658478836), ('Nrros', 0.2450804502676629), ('Smad1', 0.1909220432091158), ('Id2', 1.6448066982024396), ('Lcorl', 0.4368274009376301), ('Klf4', 0.1474277861207691), ('Bard1', 0.6286751446985495), ('Hs3st3b1', 0.2869437317574745), ('Ankef1', 0.2861833006673228), ('Coa6', 0.3445206986883723), ('Zfp382', 0.1650258254342353), ('Col6a5', 0.2771036600568648), ('Sbk1', 0.7318957008399034), ('Mfsd4a', 0.2541100164555247), ('Mapk7', 0.2483378408253402), ('Casz1', 0.2285160042727834), ('Ttc26', 0.5454217702326747), ('Zfp97', 0.4885964873072057), ('Syn1', 0.0890077358501329), ('Ntng1', 0.0156346078304665), ('Serpina3m', 0.3078726840456636), ('Ptpn2', 0.4818715197224231), ('Plxdc2', 0.1484585455688333), ('Hook1', 0.4675466315556698), ('Crlf3', 0.2783306247257802), ('Tdh', 0.3065126232550075), ('Ogfod1', 0.3240285306956841), ('Sox9', 0.3600580007141263), ('Fam219b', 0.1476004819759044), ('Stox1', 0.3789144154036408), ('Tmem196', 3.757808601250469e-05), ('Bbip1', 0.1464866743975877), ('Mfsd4b4', 0.7765590026678839), ('Maml3', 0.3182432376424417), ('Nkd1', 0.2382212117109942), ('Me3', 0.6420883385210533), ('Pym1', 0.3877929465235888), ('Cd36', 0.1216201281557977), ('Steap4', 0.0569171986390843), ('Cdk19', 0.2834868489102621), ('Ica1l', 0.7193229790219706), ('Acot1', 0.596205317387034), ('E2f4', 0.3032535713426318), ('AW551984', 0.1549261397787336), ('Cish', 0.232662219809677), ('Dis3', 0.3270743908753251), ('Sin3a', 0.2600892105772711), ('Zfp36l2', 0.3539306326519664), ('Hsp90aa1', 0.531384008487177), ('Reep4', 0.16758186109504), ('Ahrr', 0.5665344637120702), ('Adap2', 0.627064672803516), ('Gimap6', 0.1518800731645427), ('Zfp526', 0.2381040211361332), ('Kif9', 0.4236925586406262), ('Zfp467', 1.0976700889470712), ('Lgi2', 0.1558146259569744), ('Mkx', 0.4384944049743126), ('Nop16', 0.1486068083256183), ('Gbp4', 0.1291398816395746), ('Fchsd2', 0.4008968828988646), ('Syn2', 0.1988176200868675), ('Rgmb', 0.187527930874547), ('Pcdhgc4', 0.1875432290367139), ('Igf2bp2', 0.7555286024888772), ('Txnip', 3.907218299775327), ('Tbx2', 0.1800824226415984), ('Spin1', 0.4665204574612469), ('Zhx1', 1.592340508772201), ('Six1', 1.648962756976361), ('Emsy', 0.1487236201852489), ('Itm2a', 0.0230568646852127), ('Cyb5a', 0.1226759222906724), ('Lysmd3', 0.1945535563207884), ('Mid1ip1', 0.187599755556312), ('Rgs3', 0.1048247043161394), ('Phlda1', 0.1235563448631109)]",4353
Foxj1,transfac_pro__M00742,0.14284464277901737,3.6381618371818396,0.0,1.0,gene is directly annotated,"frozenset({'top50perTarget', 'activating', 'mm10_500bp_up_100bp_down_full_tx_v10_clust.genes_vs_motifs.rankings'})","[('Crlf1', 0.168608761572792), ('Rapgef4', 2.286071020330464), ('Ttll3', 0.1006235036608213)]",366
Gabpa,hdpi__ELF2,0.0629589652182424,5.242824046152308,3.3e-05,0.960352,gene is orthologous to ENSG00000154727 in H. sapiens (identity = 96%) which is annotated for similar motif taipale_cyt_meth__GABPA_NACCGGAAGTN_eDBD ('GABPA [ETS]'; q-value = 3.27e-05),"frozenset({'top50perTarget', 'activating', 'mm10_500bp_up_100bp_down_full_tx_v10_clust.genes_vs_motifs.rankings'})","[('Cog3', 0.2233570423708947), ('Zfp617', 0.3838201453119749), ('Inip', 0.3424754253466159), ('Nup107', 0.4029256395325619), ('Stn1', 0.1466166787066741), ('Cfap20', 0.1459002441114827), ('1700028E10Rik', 1.3122690506852055), ('Zfp709', 0.6502846542326066), ('C330018D20Rik', 0.1723425898330113), ('Exoc4', 0.1954064219357037), ('4930506C21Rik', 4.22753154198783), ('Tti2', 0.1755371283680585), ('Nynrin', 0.5538578445121501), ('Gm14634', 0.6495943524755167), ('Tssc4', 0.2491846155534847), ('B3gat3', 0.4529761943924916), ('Kti12', 1.807153838161971), ('Dbr1', 0.1652294316015854), ('Utp3', 0.4173217495165117), ('Necap2', 0.2455628175133626), ('Smap2', 0.1881075095719746), ('Atad5', 0.0106093516954578), ('Tyw1', 0.3687315905148786), ('Ippk', 0.16430854066303), ('Ddx18', 0.213947094101038), ('Gnai3', 0.3184016308359488), ('Gspt1', 0.8336533801016637), ('Fra10ac1', 0.3262148560663087), ('Kat2b', 0.1707997080469978), ('Apc', 0.1862263662374762), ('Crtc2', 0.3223728282197527), ('Cep112', 0.2058508991138654), ('Haus6', 0.7070841228601443), ('Usp27x', 0.3855144876384127), ('Cdc45', 0.2312710340444102), ('Atp8b2', 0.4376037046682463), ('Epn2', 0.1756682825774065), ('Mdm4', 0.3260557474972386), ('Slx1b', 0.3528442545947917), ('1600012H06Rik', 0.2310528421355385), ('Trim23', 0.6037408976772718), ('Arfgap1', 0.2276318946084613), ('Ccdc71', 0.2683290732231817), ('Zfp93', 0.4246791566244685), ('Oscp1', 0.8720514935939943), ('Fam172a', 0.2671181266065489), ('Apeh', 0.1803953418198976), ('Ap3s2', 0.1412961461952799), ('Dnaja1', 0.1887892017338372), ('Nudcd1', 0.4136284598936681), ('Trappc12', 0.2474601558789018), ('Taf1c', 0.0725084585891888), ('Snrnp27', 0.1641047300206752), ('Ccng2', 0.6077769426665196), ('Jmjd7', 0.3373686603985814), ('Kif22', 0.1981967998490932), ('Vps9d1', 0.1636207763755613), ('Golga3', 0.614259176312069), ('Utp23', 0.279348779779735), ('Rbm34', 0.4475568505575109), ('Rexo1', 0.1581024651127888), ('Nvl', 0.7149077249272321), ('Map1s', 0.3492413998065525), ('Naa40', 0.167545693243927), ('Med19', 0.2078998406687653), ('Acot11', 0.0320528235590728), ('Nfkb2', 0.2388651890241469), ('Dhx8', 0.3903875851517344), ('Sp1', 0.1939278199070808), ('Nup155', 0.2571578291577417), ('Mast2', 0.1829037432070482), ('Rwdd3', 0.1110429124958304), ('Zfp719', 0.6046639276696528), ('Slx4ip', 0.6499674283404058), ('Oxr1', 0.2157386762373009), ('Letmd1', 0.1178460794576998), ('Pik3c2b', 0.2730259609684632), ('Tspan31', 0.1714151796106446), ('Cep70', 0.234294570190644), ('Shisa3', 0.3291982175294267), ('Spopl', 0.188223328630377), ('Reps1', 0.9821903983136304), ('Sdhaf3', 0.1312833490716443), ('Mrpl1', 1.6765569089817196), ('Rom1', 0.3518625694538767), ('Fdx1', 0.1377739362241828), ('Zfp579', 0.0034175401120599), ('Dlec1', 0.3744632423303244), ('Papolg', 0.3155494491928044), ('Zkscan4', 0.2183956305534977), ('A730017L22Rik', 0.3025852783628454), ('Mfsd4b4', 0.2538259168647828), ('Naa38', 0.1675078762453471), ('Rtkn', 0.1627175749041759), ('Tmem212', 0.1221661591942113), ('Zfp28', 0.1376082583266423), ('Clpp', 0.2387268201655108), ('Vps53', 0.2376388171575565), ('Rbbp5', 0.1809640920071911), ('Ap4b1', 0.5119930135566084), ('Sorbs2', 0.211403883484859), ('Rab6b', 0.2658708608240496), ('Dock11', 0.4631369828886931), ('Cep89', 0.3064172576674284), ('Dmrtc1a', 0.2147406337782587), ('Rarb', 0.4568705470554377), ('Trmt12', 2.3494777003417053), ('Stab1', 1.254791246814161), ('Anapc4', 0.1991013994787793), ('Mrps10', 0.2576666024786075), ('Mknk1', 0.7539971965860639), ('Atp6v1c1', 0.2385578962750587), ('Tex30', 0.3124663712031698), ('Psip1', 0.1369980425523836), ('1810026B05Rik', 0.1668068732891802), ('Gtpbp10', 0.4286319037747311), ('Zfp386', 0.1656315912994177), ('Mta1', 0.2375111019140589), ('Rcor3', 1.3807630664432224), ('Frmd4a', 0.164896238626584), ('Itfg2', 0.1402727773780669), ('Pogz', 0.116691478555572), ('Stap2', 0.5670569044244252), ('Myo1h', 0.0745531112801902), ('Osbp', 0.1878524848730262), ('Shpk', 0.1431496691933079), ('Pomc', 0.2147905405852253), ('Hmbs', 0.1791762090108478), ('E030018B13Rik', 0.7400488680084129), ('Dcp1a', 0.6600286251832619), ('Ppil4', 0.1688919286193787), ('Klhl29', 0.2145697765255657), ('Ppfibp2', 0.1067956318127766), ('Egr3', 0.1292299384684796), ('Zfp94', 0.2671160311820013), ('Orc5', 0.5061946242814626), ('Zfp202', 0.1057091053511897), ('Cog8', 0.1642932850093467), ('Trib1', 0.1310552049670356), ('Dcun1d2', 0.5762059345291759), ('Xrra1', 0.6447073076931492), ('Lpin3', 0.1624613844836563), ('Hist1h1e', 0.3288693503506223), ('Lrp3', 0.1770186604148487), ('Zfp760', 0.1126772858083248), ('Map3k5', 0.4030675601206421), ('Sertad1', 0.3040205315279355), ('2310057M21Rik', 0.1982027223808713), ('Grm1', 0.503976624384194), ('Meaf6', 1.11684371554845), ('Wdfy2', 0.1979447381237424), ('Fam184a', 0.5976772745396698), ('Slc38a6', 0.3942550880387042), ('Fbxl3', 0.2517518087608848), ('Amer1', 0.2847041277248818), ('Frrs1', 0.297301841596411), ('Cd47', 0.1861037910040175), ('Cercam', 0.1910512184753846), ('Neo1', 0.1433677046457538), ('Mboat4', 1.561655958039097), ('Ppm1e', 0.5155380142308361), ('Syt7', 0.6683356538756775), ('Alg8', 2.130935278172062), ('Spata7', 0.5193898354324068), ('March6', 0.2665503285120768), ('Ric8b', 0.1810951201154883), ('Fam192a', 0.2611930747725799), ('St3gal6', 0.0980257204955789), ('Ddx19b', 0.3693873799235685), ('Utp15', 0.6640385162933284), ('Hoxa13', 0.1498604299111644), ('Rgs20', 0.0754725839789399)]",4116
Gabpa,hdpi__ETV4,0.05861934439743648,4.597667216349869,3.3e-05,0.960352,gene is orthologous to ENSG00000154727 in H. sapiens (identity = 96%) which is annotated for similar motif taipale_cyt_meth__GABPA_NACCGGAAGTN_eDBD ('GABPA [ETS]'; q-value = 3.27e-05),"frozenset({'top50perTarget', 'activating', 'mm10_500bp_up_100bp_down_full_tx_v10_clust.genes_vs_motifs.rankings'})","[('Kti12', 1.807153838161971), ('Ippk', 0.16430854066303), ('Cog3', 0.2233570423708947), ('Snrnp27', 0.1641047300206752), ('Utp3', 0.4173217495165117), ('4930506C21Rik', 4.22753154198783), ('Nup107', 0.4029256395325619), ('Rbm34', 0.4475568505575109), ('Tti2', 0.1755371283680585), ('Necap2', 0.2455628175133626), ('Zfp617', 0.3838201453119749), ('1600012H06Rik', 0.2310528421355385), ('1700028E10Rik', 1.3122690506852055), ('Gnai3', 0.3184016308359488), ('Haus6', 0.7070841228601443), ('Trmt12', 2.3494777003417053), ('Naa38', 0.1675078762453471), ('Inip', 0.3424754253466159), ('Vps53', 0.2376388171575565), ('Arfgap1', 0.2276318946084613), ('Utp23', 0.279348779779735), ('Mdm4', 0.3260557474972386), ('Map1s', 0.3492413998065525), ('Timm10', 0.1594984968188515), ('Fra10ac1', 0.3262148560663087), ('Orc5', 0.5061946242814626), ('Kif22', 0.1981967998490932), ('Arih2', 0.2026866377028254), ('Rexo1', 0.1581024651127888), ('Taf1c', 0.0725084585891888), ('Slx4ip', 0.6499674283404058), ('Cfap20', 0.1459002441114827), ('Zfp709', 0.6502846542326066), ('Hsp90aa1', 0.117554981723435), ('Nt5c3', 0.3710255681876117), ('Apeh', 0.1803953418198976), ('Nup155', 0.2571578291577417), ('Ap3s2', 0.1412961461952799), ('Nvl', 0.7149077249272321), ('Oxr1', 0.2157386762373009), ('Dhx8', 0.3903875851517344), ('Ccdc71', 0.2683290732231817), ('Sdhaf3', 0.1312833490716443), ('Sfswap', 0.2773972694454566), ('C330018D20Rik', 0.1723425898330113), ('Itfg2', 0.1402727773780669), ('Fam172a', 0.2671181266065489), ('Zfp579', 0.0034175401120599), ('Rbm42', 0.1476416791229406), ('B3gat3', 0.4529761943924916), ('Trappc12', 0.2474601558789018), ('Mrpl1', 1.6765569089817196), ('Exoc4', 0.1954064219357037), ('Zfp28', 0.1376082583266423), ('Mfsd4b4', 0.2538259168647828), ('Acad9', 0.2610377883143152), ('Vps9d1', 0.1636207763755613), ('Ccng2', 0.6077769426665196), ('Cdc45', 0.2312710340444102), ('Slc38a6', 0.3942550880387042), ('Dcp1a', 0.6600286251832619), ('Clpp', 0.2387268201655108), ('BC052040', 0.2189972197207849), ('Surf2', 0.3294730661003895), ('Rom1', 0.3518625694538767), ('Wdfy2', 0.1979447381237424), ('Dbr1', 0.1652294316015854), ('Babam1', 0.1598728689360975), ('Rbbp5', 0.1809640920071911), ('Tex30', 0.3124663712031698), ('Ddx18', 0.213947094101038), ('Mboat1', 0.2458868450172225), ('Cd47', 0.1861037910040175), ('Tssc4', 0.2491846155534847), ('Dnaja1', 0.1887892017338372), ('Fbxo46', 0.0770364903231382), ('Letmd1', 0.1178460794576998), ('Acyp1', 0.166698356123767), ('Ap4b1', 0.5119930135566084), ('Tyw1', 0.3687315905148786), ('Ric8b', 0.1810951201154883), ('Cog8', 0.1642932850093467), ('Gm14634', 0.6495943524755167), ('Zfp568', 0.2318056909633131), ('Med19', 0.2078998406687653), ('Farp1', 0.3935300708684641), ('Gspt1', 0.8336533801016637), ('Ccdc171', 0.3631989415322099), ('Chchd3', 0.1241891315404105), ('Zfp202', 0.1057091053511897), ('Caap1', 0.1508237393446416), ('Frrs1', 0.297301841596411), ('Spopl', 0.188223328630377), ('Pik3r4', 0.1584725719665006), ('Harbi1', 1.4578647826387896), ('Ubxn2b', 0.5257631102142691), ('A930006K02Rik', 0.303911747583532), ('Dlec1', 0.3744632423303244), ('Ehd4', 0.4162979512081106), ('Zfp93', 0.4246791566244685), ('2310057M21Rik', 0.1982027223808713), ('Trim23', 0.6037408976772718), ('Slc7a3', 0.4326750340426736), ('Reps1', 0.9821903983136304), ('Oscp1', 0.8720514935939943), ('Hspbap1', 0.0835159871914745), ('Fam192a', 0.2611930747725799), ('Vldlr', 0.1569698358886586), ('E030018B13Rik', 0.7400488680084129), ('C330007P06Rik', 0.9135154135599052), ('Spp1', 0.1004746233195096), ('Zfp13', 0.1891401427986637), ('H2-DMa', 0.2581291925386555), ('Zfp760', 0.1126772858083248), ('Zkscan4', 0.2183956305534977), ('Gpatch1', 0.5242245793562437), ('Slc30a5', 0.2127606128182228), ('Ezr', 0.16701946533443), ('Hist1h1e', 0.3288693503506223), ('Mknk1', 0.7539971965860639), ('Mrps10', 0.2576666024786075), ('Nfkb2', 0.2388651890241469), ('Dcaf12', 0.2839285470400411), ('Med4', 0.2110720555969009), ('Cep89', 0.3064172576674284), ('Zfp362', 0.5654888121372976), ('Apc', 0.1862263662374762), ('Golga3', 0.614259176312069), ('Sp1', 0.1939278199070808), ('Fbxo5', 0.163799503985241), ('Zfp46', 0.1953429887204855), ('Atp6v1c1', 0.2385578962750587), ('Zfp94', 0.2671160311820013), ('Rnf216', 0.8610043129413099), ('Nup37', 0.7083132247522502), ('Tk2', 0.0756148175968195), ('Phpt1', 0.1997559299404621), ('Cep85', 0.4874084003788474), ('Fam187b', 0.6206255706400868), ('Crtc2', 0.3223728282197527), ('Mrm1', 0.0877876319292619), ('Tspan31', 0.1714151796106446), ('Rad1', 0.131757672093603), ('Ppfibp2', 0.1067956318127766), ('Pxn', 0.22342183246871), ('Rwdd3', 0.1110429124958304), ('4930581F22Rik', 0.631632518261662), ('Ccdc173', 1.7657518910465502), ('Alg8', 2.130935278172062), ('Mc1r', 0.032155282266744), ('Anapc4', 0.1991013994787793), ('Meaf6', 1.11684371554845), ('Tmem185b', 0.2767556007033218), ('Fbf1', 0.3962436610635488), ('Cnpy3', 0.6945865839920735), ('Fam110c', 0.223337091339014), ('Smap2', 0.1881075095719746), ('Hs3st3a1', 0.0157229391889398), ('Gpn1', 0.1256341996646134), ('Abcc4', 0.0910928431217286), ('Mboat4', 1.561655958039097), ('Zfp719', 0.6046639276696528), ('Lysmd2', 0.2211960847629119), ('March6', 0.2665503285120768), ('Olfr1307', 5.933353770337099e-05), ('Fbxl3', 0.2517518087608848), ('A730017L22Rik', 0.3025852783628454), ('Gatad2a', 0.198199390697111), ('Gpr155', 0.5033886794060759), ('Osbp', 0.1878524848730262), ('Map3k5', 0.4030675601206421), ('Acot11', 0.0320528235590728), ('Trim27', 2.104820140121083e-06), ('Spata7', 0.5193898354324068), ('Ppme1', 0.124889087574855), ('Lrrc4c', 0.6610976925529406), ('Fasn', 0.670146654683943), ('Rad9b', 0.080003219748341), ('Wee1', 0.2684254494524177), ('Sox30', 0.6105629896599095), ('Slc7a6', 0.7962835581330758)]",4521
Gata3,tfdimers__MD00168,0.07551633736172389,3.293987838598448,0.0,0.96614,gene is orthologous to ENSG00000107485 in H. sapiens (identity = 96%) which is directly annotated for motif,"frozenset({'top50perTarget', 'activating', 'mm10_500bp_up_100bp_down_full_tx_v10_clust.genes_vs_motifs.rankings'})","[('Armt1', 0.2453202554421398), ('Morc2a', 0.1808467225121389), ('Coq4', 0.3477626693783799), ('Max', 0.875537056973674), ('Fbxo7', 1.2442730694508528), ('Thrb', 0.6992609937763377), ('Fbxo25', 0.2980914023884606), ('Lin52', 0.3242632677640902)]",661
Glis1,flyfactorsurvey__Sug_F3-5-2_SOLEXA_5,0.049011564465600385,3.024839945628986,0.000107,0.236721,motif similar to flyfactorsurvey__lmd-F3-5_SOLEXA_5 ('lmd-F3-5_SOLEXA_5'; q-value = 0.000107) which is annotated for orthologous gene FBgn0039039 in D. melanogaster (identity = 23%),"frozenset({'top50perTarget', 'activating', 'mm10_500bp_up_100bp_down_full_tx_v10_clust.genes_vs_motifs.rankings'})","[('Egr3', 0.3991274176429801), ('Kcp', 0.1498292171989406), ('Nfic', 0.0764086691953948), ('Trabd2b', 0.136744392882797), ('Il11', 0.1012977772096503), ('Stk33', 0.4550747465964455), ('2310022A10Rik', 1.281713918690314), ('Pibf1', 0.2525264011796623), ('Etl4', 0.1340755379495371), ('Nrxn2', 1.0063251363284644), ('Sv2b', 0.6279744285427228), ('Ptk2b', 0.0330806243745083), ('Adamts13', 0.0108532113395583), ('Rab37', 0.2209098025093514), ('Lrfn3', 0.1667179361013134), ('Lrp8', 0.4910311234532887)]",493
Hoxd8,hocomoco__HXD8_HUMAN.H11MO.0.D,0.05263500458399118,3.755820049357359,0.0,0.896194,gene is orthologous to ENSG00000175879 in H. sapiens (identity = 89%) which is directly annotated for motif,"frozenset({'top50perTarget', 'activating', 'mm10_500bp_up_100bp_down_full_tx_v10_clust.genes_vs_motifs.rankings'})","[('Rfx3', 0.148595579195922), ('Keap1', 0.2082051010189431), ('Slc25a33', 0.2343269603003424), ('Lpin3', 0.1152150588064918), ('Snapc1', 3.1364484786219764), ('Fam172a', 0.2157178480984596), ('Srsf4', 0.1886669414940756), ('En1', 0.3235002755968514), ('Sertad2', 0.1904736145064639), ('Kcnk7', 0.2560687976631595), ('Mrps18b', 0.173534427194523), ('Cep104', 0.8494590933367294), ('Tug1', 0.5115738675496134), ('Phf6', 0.1696377095749734), ('Pik3cd', 0.5637654112477438), ('Itk', 1.001862618900899), ('Wdfy4', 0.118171088487583), ('Cog7', 0.2386153967903645), ('P2ry1', 0.4769501770646744), ('L1cam', 9.81567712962176e-07), ('Rarg', 0.5804525082348364), ('St6gal1', 0.201287270263765), ('Wdr5b', 0.209484735256788), ('Dkc1', 0.13611212199296), ('Gss', 0.9761742044837144)]",480
Hoxd9,transfac_pro__M01834,0.056939298178305925,3.1903603500593407,0.0,1.0,gene is directly annotated,"frozenset({'top50perTarget', 'activating', 'mm10_500bp_up_100bp_down_full_tx_v10_clust.genes_vs_motifs.rankings'})","[('Ptpdc1', 0.2436392044613468), ('Dyrk1a', 0.7647599282625909), ('Etv5', 0.262044318786988), ('Ube2j1', 0.2078051000409322), ('Hoxd9', 1.0), ('Specc1l', 0.2074247808385154), ('Kif18a', 0.3211257788243429), ('Ubqln4', 0.6350661994890908), ('Fam136a', 0.6193200641744248), ('Trim23', 0.1251423651727736), ('Cacna1a', 0.1293917559858494), ('Acap2', 1.138936278868644), ('Prdm4', 1.0349077463668044), ('Mtmr14', 0.8709755894610709), ('Mrpl17', 0.05864527304131), ('Ctnnal1', 0.1995871659612558), ('Osbpl6', 0.3194330829141288), ('Lyplal1', 0.993759764058398), ('Vps4a', 0.174905554433939), ('Ubap1', 1.2653841988293395), ('Afap1l1', 4.83861022222327), ('Lrp11', 1.329949945283316), ('Rbm17', 0.1406619764871959), ('Zfp330', 0.3455827947219034), ('Prps1l3', 0.1941233655792431), ('A430005L14Rik', 0.197794862302938), ('Hoxd8', 0.4549612050188292), ('Ptpn3', 0.3315031445609904), ('Rnf149', 0.166592312727473), ('Trp53i11', 0.083022140779678), ('Ccne1', 0.9789129964049228), ('Adck2', 1.2638003849351247), ('Arrdc3', 0.2315202068825818), ('Ppfia3', 0.3026973118714601), ('Wtap', 0.1981517338027207), ('Gmds', 0.1751892219215597), ('Fbxo46', 0.2813890876805007)]",715
Junb,transfac_public__M00039,0.0436272588534421,3.329604344205277,5.1e-05,0.938953,gene is orthologous to ENSG00000171223 in H. sapiens (identity = 93%) which is annotated for similar motif transfac_pro__M08927 ('V$JUNB_03: JUNB'; q-value = 5.12e-05),"frozenset({'top50perTarget', 'activating', 'mm10_500bp_up_100bp_down_full_tx_v10_clust.genes_vs_motifs.rankings'})","[('Tnfaip3', 1.9279547245478552), ('Casp4', 0.7088834364306759), ('Nfkbiz', 5.049657822552227), ('Cxcl1', 5.194788828636113), ('Nfkbia', 6.9526853324332105), ('Gtse1', 0.7575074379863078), ('Cxcl2', 2.0686407804366977), ('Fjx1', 0.0016791898095395), ('Cul3', 0.194458285153058), ('Cxcl10', 0.2345576583554605), ('Gbp5', 0.5095226549901951), ('Nfkb1', 0.2446858561751088), ('Angptl4', 0.2624464448462988), ('Lyzl4', 0.7202633606507579), ('Hpn', 0.026502196871949), ('Sh3bp5', 0.2695599194432691), ('Tufm', 0.1156393024540526), ('Sele', 0.1935586397738044), ('Birc3', 1.1985503309602432), ('Gtf3a', 0.242936087834144), ('Tspan11', 0.2416826819552763), ('Ier3', 4.850144278419899), ('Ntpcr', 0.2242808957033641), ('Cpxm1', 0.8427980761425081), ('Hoxa7', 0.3044676307070507), ('Phf21a', 0.1881332166190805), ('Map3k8', 3.0602669335393964), ('Ip6k3', 0.0517421334590713), ('Grem1', 0.0461547770824266), ('Car13', 0.5495335390268534), ('Zfp617', 0.2754142387983497), ('Arl5b', 0.2715331151632721), ('AW112010', 0.3713883767165142), ('Mdfic', 0.1916894397718782), ('H2-Q4', 0.246503667843579), ('2410002F23Rik', 0.2213238022486441), ('Cstf2', 0.3166510386926787), ('Ccl5', 0.0615433571434482), ('Zbtb3', 0.3731515943125505)]",182
Klf3,taipale_cyt_meth__KLF3_NRCCGCAGCCCN_FL_meth_repr,0.047963706552826973,3.254243029705345,0.0,0.956395,gene is orthologous to ENSG00000109787 in H. sapiens (identity = 95%) which is directly annotated for motif,"frozenset({'top50perTarget', 'activating', 'mm10_500bp_up_100bp_down_full_tx_v10_clust.genes_vs_motifs.rankings'})","[('Fbxl3', 0.4242552314613739), ('Cables2', 1.5301772346181033), ('Spast', 0.3694069571344998), ('Rpn2', 0.2499756070620648), ('Zfx', 1.1619329676023642), ('Dyrk1a', 0.1886332382811331), ('Diaph1', 0.4301055274946326), ('Rab2a', 0.183180190427099), ('Tmem184b', 0.563414147705671), ('Lypla1', 0.2429295069201826), ('Vapb', 0.1486171567967447), ('Hmgcs1', 0.270870304328927), ('Ppfibp1', 0.2271501788977897), ('Styx', 0.4659131859558585), ('Rab23', 0.4685232827576505), ('Rtn3', 0.1845272929293187), ('Rarg', 0.1876964799657835), ('Phlpp1', 0.0864158025283195), ('Polr2a', 0.2281270173520681), ('Vwa8', 1.5596176905829795), ('Ndfip1', 0.1043340042702298), ('A130010J15Rik', 0.3699510183797879), ('Mtmr14', 0.3002024296913882), ('Jag1', 0.2796797487762552), ('Sh3glb2', 0.0635268583815453), ('D5Ertd579e', 1.9139698902769835), ('Tmcc3', 0.7698081493959386), ('Carhsp1', 0.2726253917518893), ('Card10', 0.1143425321387895), ('Prkaa1', 0.5015916281319714), ('Ogdh', 0.2830146756226722), ('Pi4k2b', 0.1549057346786017), ('Gcc2', 0.3075013292994921), ('Bag6', 0.1649203990305427), ('Eif4g1', 0.903383806669825), ('Pitpnm2', 1.3343736779664326), ('Ccdc50', 1.127701652535419), ('Wwp1', 1.1596138115825314), ('Dnajc1', 0.272943210679176), ('Vat1', 1.309328828725003), ('Sec24b', 0.1909845365728811), ('Aplp2', 0.3981398048360114), ('Tmem259', 0.3047550724959414), ('Sult2b1', 0.1558642388565947), ('Secisbp2l', 0.2222276738852477), ('Tmem168', 0.3449114606709088), ('Rhoq', 0.1666659984674422), ('Amfr', 0.3359458818952281), ('Ptpn6', 0.9772322967375054), ('Fip1l1', 1.2251019927387607), ('Tex264', 0.1761789232832055), ('Esco2', 0.8159580691508088), ('Pank3', 0.1907631599925017), ('Ubash3b', 0.151154766233544), ('Kif5b', 1.0457069936008154), ('Cxxc5', 1.6924002738542352), ('Capza2', 0.9901399964381744), ('Twsg1', 1.1772776592324594), ('Fign', 0.5679353713367417), ('Micu3', 1.5368800693184177), ('Steap1', 0.281652476315122), ('Wasf2', 0.2204198120053968), ('Traf3ip1', 0.1774554646043354), ('Gatad1', 0.3356865942641353), ('Gng4', 0.4486071215875489), ('Fam126a', 1.0504947701920555), ('Cdc42bpa', 1.1494871844053502), ('Trio', 0.8950568421810718), ('Dync1i2', 0.6091835051889788), ('Xpnpep3', 0.0054635725490414), ('Ago3', 0.2679449783552859), ('Dhcr24', 0.6344829312218802), ('Pkn1', 0.1945518986144834), ('Hp1bp3', 0.28132768365935), ('Mff', 0.463163845340957), ('Klf4', 0.6449207190417465), ('Fgf16', 0.2787978405300253), ('Zranb2', 0.2057180398813247), ('Sema3b', 0.1622183634364862), ('Txnrd3', 0.5700163218906471), ('Lrrfip2', 0.0717079725251504), ('Fitm2', 0.1490671399583271), ('Wnt11', 0.2100130502121032), ('Cerk', 0.9556824359932768), ('Rras2', 0.1499672941128247), ('Kif21b', 0.1453001105976519), ('Afdn', 0.9398875612942552), ('Trip10', 0.4869364922841145), ('Zfp787', 0.9785968585691912), ('Rgs4', 0.1695574338788522), ('Prss23', 0.4983953890235643), ('Cnnm4', 0.7010866479094466), ('Dact2', 0.5994920155750106), ('Uhrf1bp1', 0.4374430559515264), ('Yipf5', 0.2020889904947796), ('Pomgnt1', 0.3220658702804273), ('9330102E08Rik', 1.7519826895368993e-08), ('Asap1', 0.7547410499946059), ('Sp3', 0.1699551395960595), ('Rnf2', 1.122304684714123), ('Galnt18', 1.0527088763115058), ('C330018D20Rik', 0.2245258102929749), ('Cadm3', 0.4769080745073669), ('Aldh1a2', 0.2133136913558393), ('Plod1', 0.1565398018998558), ('Cdkn2a', 0.350456016025529), ('Rbpms2', 0.6308307832481035), ('Eps15', 0.1953938192654902), ('Grk5', 0.2741758111413029), ('Slc30a4', 0.1477264568509848), ('Pik3c2b', 0.4913111809529015), ('Lamtor3', 1.1936369050159723), ('Dclk2', 0.1838518965018633), ('Slc48a1', 0.1825929111617525), ('Pan3', 0.1920498718254292), ('Itgb1', 0.1461511839397124), ('Usp2', 0.5536586892026847), ('Itgav', 0.9553761376677736), ('Lats1', 0.8087332288168124), ('Plec', 0.2282296641134937), ('Rap1b', 0.3938799322627443), ('Arhgef2', 0.1884412681307374), ('Mbtps2', 0.1948906203882327), ('Ppp6r1', 0.2637879670450838), ('Icmt', 0.1476203279706608), ('Peak1', 0.2123514362909936), ('Golim4', 0.5554889347694824), ('Fez2', 0.5412090593089786), ('Tmem214', 0.4873742894020449), ('Dst', 0.5804952044701394), ('Meis3', 0.1920879824993509), ('Dgkb', 0.3417498564454667), ('4930452B06Rik', 0.1521456358742273), ('Aco2', 0.1667360998574726), ('Ppp5c', 0.20744843082297), ('Dip2c', 0.2043502267850117), ('Rfk', 0.3810626846896831), ('Acta2', 0.1296713826925213), ('Pi4kb', 1.6020661922473205), ('Prdm5', 0.2351077912206948), ('Rbm43', 0.149711857627932), ('Cnot6', 0.4475326500487608), ('Fzd6', 0.206187382733934), ('Fosl1', 0.1093931728368525), ('Plcxd2', 0.4042079621923917), ('Rprml', 0.0262366089025), ('Cux1', 0.4119092713276939), ('Zhx2', 0.3664274683390157), ('Tia1', 0.4779714920746188), ('Psmd1', 0.1001503180528139), ('9430037G07Rik', 0.3626909699034392), ('S100a10', 0.0334854259868959), ('Pdcd6ip', 0.4381422023620731), ('Psme4', 0.1804625760355265), ('Akap12', 1.0714481845642585), ('Sri', 0.5686030906297024), ('Msi2', 0.7454293261835963), ('Rgl2', 0.5374084055346932), ('Pkd1', 0.1482916015559393), ('Vgll3', 0.2490157313551792), ('Cast', 0.7474043957039224), ('Sumo3', 0.1643629939167701), ('Itgb3', 0.0937017600550311), ('Zfp384', 0.051040315035054), ('Sbf1', 0.1574263857007353), ('E4f1', 0.5366978654507246), ('Lama4', 0.3173287100917548), ('Cgrrf1', 0.4913297009503857), ('Ube2e3', 0.3303872589294199), ('Taf15', 0.7344795412897895), ('Slc45a4', 0.1549406260457971), ('Wipf1', 0.4445022326469374), ('Snhg15', 0.2088821323013669), ('Stk38l', 0.2079133690990508), ('Nppc', 0.0325779194705836), ('Kif13b', 1.411016336314933), ('Zmym4', 0.5918973461827474), ('Spata6', 0.7195076578430962), ('Dcaf10', 0.8167068326977284), ('Hey2', 0.1289433841551071), ('Vkorc1l1', 0.3371767638761925), ('Slc31a2', 0.8661070298737086), ('Mtor', 1.2944232657188453), ('Ehd2', 0.5664129957997216), ('Osbpl9', 1.8056781105142212), ('Gnpnat1', 0.0992242234259494), ('Prrc1', 1.1853206141777852), ('Mob4', 0.1315408823063109), ('Socs2', 0.3018736379796598), ('Tprgl', 0.3983610226015839), ('Med15', 0.4563690406117605), ('Psapl1', 3.075902344527823e-12), ('Wdfy3', 0.2392117122386043), ('Trpc1', 1.874497725283773), ('Hcar2', 0.684485782508321), ('Lats2', 0.1563640532922055), ('Sulf2', 0.1107959562874609), ('Smim14', 0.5609937604680922), ('Pold2', 0.1483756323646387), ('Orai1', 0.2860576810318718), ('Smim8', 0.2555265995014299), ('Mapk8ip3', 0.4263403642241686), ('Cdc42', 0.1360350653771594), ('Kctd9', 1.2089784596101694), ('Mnd1', 1.240700316123435), ('Rab3d', 0.2040289345149796), ('Pdk1', 0.1658903610144838), ('Lactb2', 0.2379857093387016), ('Zfhx3', 0.1994114372072447), ('Sec14l1', 0.2660406548622018), ('Rhobtb2', 0.2994084828149315), ('Slc39a10', 0.3347587079532509), ('Zfp263', 0.7045527815436363), ('Lrrc8d', 0.4349150964847139), ('Arf3', 0.4808770633943441), ('Stxbp2', 0.3961330100918669), ('Gcnt1', 0.2150290437564906), ('4930523C07Rik', 0.3566144531212812), ('Rnf11', 0.3153506363808065), ('Ank', 0.1795250534648059), ('Egln3', 0.1524370270118033), ('Islr2', 0.8636905791750003), ('Ino80c', 0.2822465535248596), ('Cab39', 0.7794404706710394), ('Sav1', 0.6691015737616895), ('Flt4', 1.0050870427229973e-07), ('Sgms1', 0.8730834531120465), ('Slc4a8', 0.1061821357135022), ('Pgrmc2', 0.4113942772480944), ('Anxa2', 0.1117902379722745), ('Sema3c', 0.777007519166963), ('Abl2', 0.1717388460331674), ('Mtif3', 0.1956651328934605), ('Gosr2', 0.184706383003541), ('Prpf19', 0.140315056941771), ('Txndc9', 0.1587435337153554), ('Tln1', 0.7234761340968231), ('Cd109', 0.2560368318151463), ('Matr3', 0.2101517025275119), ('Chn2', 0.303535488054262), ('Rasgrp4', 0.2466754605834583), ('Plekhf1', 0.4050249006104812), ('Bcl7c', 0.0684720797234422), ('Shisa5', 0.2502562264589933), ('Dguok', 1.1470935278072123), ('Mga', 0.5230813028561371), ('Penk', 0.1506560640990162), ('Krt20', 5.730076881941245e-09), ('Tmem165', 0.1882331310611881), ('Wasf1', 0.3480700158744385), ('Gbe1', 1.7924610043667917), ('Rhob', 0.2091989457383089), ('Kctd17', 0.3233094816544323), ('Trak1', 0.1792973604798648), ('Gorasp2', 0.1279804556255655), ('Dag1', 0.4969897977085181), ('Copa', 0.3927839726731891), ('Mrps5', 0.1183727683054464), ('Chst15', 1.529243912241589), ('Ddx55', 1.2215251184059746), ('Zzz3', 0.5035958801853366), ('Adgrg2', 0.09957981332978), ('Abhd5', 0.4080640918556135), ('Sema3e', 0.4078482050151794), ('Mcur1', 0.2047334457780425), ('Dync1h1', 0.6373810043325375), ('Paqr8', 0.0594239705896632), ('Inpp5k', 0.4633314664126283), ('Tnks1bp1', 0.1646568177575065), ('Rfc1', 0.2027842313285596), ('Ptprs', 0.071941813114436), ('Cic', 0.2489715001118128), ('Hectd1', 0.7144370871224894), ('Tmem158', 0.8176818139923926), ('Itih5', 0.975071771665004), ('Frmd8', 0.1839979352013037), ('Cdh13', 0.3740982582242655), ('Snx21', 0.7384244393109013), ('Mbd3', 0.2315289294254143), ('Mef2d', 0.672306635773819), ('Pcbp2', 0.1099579684230048), ('Dpysl2', 0.1008181785045404), ('Capns1', 0.1935127132796522), ('Ubr2', 1.601934078369072), ('Afap1', 0.4033811249270713), ('Nin', 0.2002070378351764), ('Tulp4', 0.2163298764857992), ('Rai14', 0.1579991387019663), ('Ptms', 0.018663124778815), ('Cpsf1', 0.1327184407334022), ('D11Wsu47e', 0.3292378761871644), ('Cand1', 0.1625768213331991), ('Smim13', 0.3214760869425044), ('Htr2a', 0.2014448769867144), ('Gnb1', 0.2860623601254766), ('9430078K24Rik', 0.0534595613120663), ('Neu2', 0.2266169608307892), ('Sptbn1', 0.7100276004618669), ('Serinc3', 0.7480327875352083), ('Copz2', 0.0634877974535138), ('Cpd', 0.9450711304828128), ('Cntn2', 0.0457767726897041), ('Uhmk1', 0.1762338300229863), ('Btc', 0.1345809695641807), ('Lrp10', 0.6375470780127246), ('Eva1c', 0.2099516384174836), ('Emp3', 0.0249661716447125), ('Duoxa1', 0.3666794666455075), ('Adam11', 0.6029930202265472), ('Ptpn11', 0.5829004958800612), ('Ttc9', 0.5563868979660344), ('Chst3', 0.6104724954076742), ('Snx18', 0.2477142292288473), ('Sptan1', 1.8244666563466017), ('Ptgs1', 0.1025806564682243), ('Foxj1', 0.5638408413723243), ('Clip1', 0.2124053442874451), ('Dnmt3a', 1.2567992664096337), ('Gltp', 0.6989808361954248), ('Aldh1l2', 0.4843784287753795), ('Clcn5', 0.319238454470705), ('Cog2', 1.6887898651321205), ('Map6', 0.3494511613029222), ('Spry4', 0.2117149741965479), ('Nsf', 0.1606483108693347), ('Mecp2', 0.7091332009301189), ('Slc17a8', 0.2063080821315135), ('Adcy7', 0.4827310021559652), ('Scn3a', 4.1442620665938447e-10), ('Herc2', 0.9610546707842262), ('Zadh2', 0.2723628470936214), ('Rnf187', 0.2228552254463533), ('Fkbp1a', 0.0492666943579645), ('Fam160b2', 0.195726217551263), ('Gmfb', 0.1478955201435474), ('Rnf144b', 0.453393364558227), ('Zdhhc21', 0.716087429789634), ('Ganab', 0.1513860840117791), ('St3gal2', 0.2032880567173755), ('Dstn', 0.3858749563488657), ('Ppp3cb', 0.6695525686227085), ('Ranbp2', 0.5872273547404954), ('Nbea', 0.2733244685993453), ('Clptm1l', 0.6655558781475956), ('Tcf12', 0.2297752907669784), ('Sla2', 0.0199095530302894), ('Diaph3', 0.1629006370107323), ('Pip4k2b', 0.1992607635007778), ('Phactr2', 0.2103106011191663), ('Ccnd3', 0.2139436636355684), ('Hsd17b11', 0.2192067425105337), ('Fgf9', 0.1536589307863519), ('Rabgap1l', 0.3368133034982676), ('Immt', 0.1242009794136903), ('Tbc1d31', 0.2359403813955179), ('Nrd1', 0.2719491150849072), ('Dstyk', 0.2003764983546114), ('Gtf2h1', 0.167439878646895), ('Zdhhc18', 0.2564154159613843), ('Dgkz', 0.2305361635798166), ('Krt80', 0.1415392328703098), ('Arhgap29', 0.9624076512985548), ('Ubac1', 0.1807806776144968), ('Bscl2', 0.7646640222297465), ('Acin1', 0.162293703121412), ('Cers2', 0.3073536348664856), ('Osr2', 0.4602552828703882), ('Slc7a14', 0.4147717144994426), ('Zfp867', 0.0399457250076213), ('Cpox', 0.5858840924091084), ('Hook2', 0.1849881640393715), ('Mgat5', 0.1693963819025312), ('Rnf13', 0.7875445606958212), ('Cars', 2.179494446254878), ('Foxd1', 0.3006849483709681), ('Doc2b', 0.3767828112427301), ('Fermt2', 0.6222094121294746), ('Ago2', 0.1811367799610867), ('Aldh1b1', 0.13949216416184), ('Shroom2', 0.3034074316493785), ('Mars2', 0.2509052598442854), ('Slc22a17', 0.284709110941534), ('Ergic1', 0.1416270717022853), ('Cdc40', 0.5407249878225513), ('Gna14', 0.7880978686514318), ('Unc5c', 0.0371441761811714), ('Rnf10', 0.1464810905684395), ('Cyfip2', 0.4238040739015989), ('Fhl1', 0.8199394672819021), ('Sec63', 1.6199022230477798), ('Ackr1', 1.4311686996858193), ('AU041133', 0.624849162152641), ('9430041J12Rik', 0.0183813141198284), ('Mxd4', 0.6521289461700923), ('Stmn2', 0.3057047884820225), ('Mcub', 0.2575901418748488), ('Ptgfrn', 0.980519724569738), ('Adam10', 1.4812079489754606), ('Pde4dip', 0.6516066089497722), ('Cyld', 1.466663336530946), ('1700011L22Rik', 0.3287006293683387), ('Slco3a1', 1.109847493590158), ('Csf3r', 0.7297735873449833), ('Wwp2', 0.4828305505179585), ('Fam168a', 0.8877955506094644), ('Fbxo8', 0.1317517539153241), ('Phldb1', 0.5441392913211601), ('Cep192', 0.5169697351839976), ('Pmp22', 0.4056673140683088)]",4548
Klf4,transfac_pro__M01835,0.045224574179963485,3.4455154266357852,0.0,1.0,gene is directly annotated,"frozenset({'top50perTarget', 'activating', 'mm10_500bp_up_100bp_down_full_tx_v10_clust.genes_vs_motifs.rankings'})","[('Fbn1', 0.0481308663482998), ('Gdap1l1', 0.2961730967571542), ('Tmem151b', 1.360103584217679e-10), ('Efhc2', 0.3006141006931325), ('Ep300', 0.212477584538287), ('Procr', 1.8603668533726836), ('Kcna6', 0.0783812167673677), ('Ubash3a', 7.77636331193993e-08), ('9930021J03Rik', 0.2208176240975356), ('Plxdc2', 0.1019545816447487), ('Rasgrp4', 1.0092496449306234), ('Smarcd2', 0.2285320165897524), ('Capn5', 1.0566835533027388), ('Trim71', 0.068160890038981), ('Add3', 0.15990734970287), ('Rora', 1.3755924582608652), ('Car3', 0.5007763055985933), ('Atp1a3', 0.4223606873293129), ('Nfe2l2', 0.2491481647434916), ('Plpp3', 1.98257578224525), ('Gm15417', 0.1892065552951387), ('9330117O12Rik', 0.0283697343877405), ('Hspb8', 2.751266183888851), ('Elfn1', 0.166399639552952), ('Zmym2', 0.2105784625954658), ('Nupr1', 0.198582356110103), ('Zfp131', 0.18647121753245), ('Sbsn', 0.0310826607045593), ('Ywhaz', 0.0953685022445554), ('Gprasp2', 0.5202586395704083), ('Hmgcll1', 0.2944053013012652), ('Rbfox2', 0.0575877115307698), ('Insig2', 0.1057851596206894), ('Sema3b', 0.3874091120588227), ('Cadm3', 1.1494315581639432), ('Bhlhe40', 0.697793312065182), ('St3gal2', 0.4503394947904663), ('Tor1aip1', 0.3732902510178503), ('Snca', 0.8869541374795151), ('Eln', 0.1972852133175037), ('Slco2a1', 0.849030294996408), ('Tubb4a', 0.3825743630994458), ('Srcin1', 0.3606872540365003), ('Trp53cor1', 0.1418147503964384), ('Plcb3', 0.0257570384624059), ('Prnp', 1.0815437501341212), ('Hoxb9', 0.5727761744179702), ('Pkn3', 0.3702182968068197), ('Myh11', 0.2334040629831648), ('Iqsec2', 0.2127541793271921), ('Lcmt2', 0.3569605739744653), ('Atp11a', 0.2695246944231254), ('Wdyhv1', 0.3326070544285464), ('Sulf1', 0.0593741826998967), ('Csrnp1', 0.1054108051208644), ('Gpr162', 0.2538241245327314), ('Nr4a1', 0.1362581769165613), ('Slc7a14', 0.4141018813485445), ('Nsg2', 0.194597794470391), ('Rnf208', 0.6150658740702485), ('Clcnkb', 0.4044859187050464), ('Nid1', 0.0591011178835), ('Tnfsf9', 1.0210842732481602), ('Bcl11a', 0.3367702379806031), ('Sec14l1', 0.7979767889811806), ('Tcf7l1', 0.7539902457408724), ('Llgl2', 0.0089036789911309), ('Rnase4', 0.168082246443912), ('Aqp3', 0.3311113035292359), ('Celf2', 0.4270905322829099), ('Golga3', 0.3304573925977805), ('Bcl9l', 0.1887331727427166), ('T', 2.360103298449882e-10), ('Pi15', 1.6280252624754932), ('B3gnt3', 0.3517147693657054), ('Myadm', 0.1398291285561669), ('Slc6a15', 0.4601601880099491), ('Anxa4', 0.1994196500848109), ('Lama2', 0.0825829526398604), ('Gstp3', 0.7968059123880543), ('Ppp1r1a', 1.404955988579995e-11), ('Gfra4', 0.5524497816075445), ('Megf9', 0.2071636339923908), ('Cd34', 0.324898595531408), ('Plat', 0.1092070968978448), ('Ndrg1', 0.2838177910528323), ('Nudt18', 0.1817941557684854), ('Alg13', 0.168768144478786), ('Podnl1', 0.2114663240035964), ('Sv2c', 0.4798518383908354), ('Sparc', 0.2159124596351431), ('Vldlr', 0.2182923149667195), ('Gprc5a', 0.740099843037189), ('Tmub2', 0.2597066287948254), ('Ahnak', 0.4354531135891354), ('4930513N10Rik', 0.3085485154101478), ('Rab42', 0.3840043596424045), ('Loxl1', 0.1428942381745639), ('Nfia', 0.1433681183537928), ('Spty2d1', 0.5052223809469139), ('Pard3', 0.6007738274638073), ('Uchl1', 0.1345330497206897), ('Osbpl3', 0.1464727394016987), ('Teddm2', 0.1046182680055913), ('Btg2', 0.053006063875014), ('Glul', 0.5738786323415788), ('Pcdh15', 0.5570927870517226), ('Gpr45', 1.614733652955768), ('Dpysl2', 0.0844975423361132), ('Tnxb', 0.0841941410591324), ('Ctdsp2', 0.5802283822803376), ('Usp2', 3.654670829800711), ('Krt80', 0.3301099032644002), ('Ranbp17', 0.2051641971226731), ('Ehf', 0.5006964143491909), ('Arhgef18', 1.3000301376514591), ('Cryab', 0.2085105008500718), ('Zhx2', 0.4303530320131339), ('Adamts19', 0.4550234788044832), ('Aldh1a3', 0.1917500031755588), ('Abhd15', 0.263596980013306), ('Nfe2l1', 0.2157256085137099), ('Igfbp5', 0.2811604322452055), ('Eif4ebp2', 0.2394987743348589), ('Enpp6', 0.1429031805930508), ('Pkn1', 0.3380878388259675), ('Gpr183', 5.570648777806815), ('1810065E05Rik', 0.5977974433843933), ('Ecm1', 8.789330040380068e-05), ('Rinl', 0.1278443558680752), ('Gm16894', 0.2806931092079026), ('Nr1h4', 0.1429942338468168), ('Prox2', 0.109652646455357), ('Col9a3', 0.3602076571259569), ('Sptbn4', 6.999297841809709e-05), ('Timp2', 0.6522660074415392), ('Kdm7a', 1.0642723253539763), ('Gm17455', 0.0683656177963925), ('Thra', 0.1206178512879496), ('Zbed3', 0.3762855447752825), ('Iqcg', 0.6288356653544768), ('Dnaja1', 0.6550219134885701), ('Zfp1', 0.2892388193447107), ('Mt2', 0.0246292622540802), ('Irf9', 0.2251380033933759), ('Ago1', 0.1158248277822199), ('Vcan', 0.0334460823533913), ('Pmp22', 0.8196633892711434), ('Icam1', 0.0434332610694571), ('Ly6h', 0.1707846617246213), ('Brd2', 0.1814410768669241), ('Prr36', 0.3974643868692087), ('Rtn3', 0.7933188523505337), ('Rarres1', 0.4551546914158396), ('Nabp1', 0.5053787627846994), ('Ttpa', 0.0658340225194948), ('Slc38a1', 0.1506288655414372), ('Erf', 0.2225755716164265), ('Alox5ap', 0.7285145950532377), ('Gys1', 0.1493350430250202), ('Dlgap4', 0.06999920980592), ('Dnah9', 0.8422405304343827), ('Dtna', 0.5662309510549572), ('Gast', 0.7393607013650717), ('Atp6v1g2', 0.5685667082944932), ('Ugt1a6a', 2.917111591110449e-07), ('Zfp36l1', 0.0924953561865461), ('Krtdap', 0.888956561912973), ('Kcnb1', 0.3882463914745055), ('C4b', 0.0303687623638039), ('Rbms1', 0.7071397565735197), ('Serpinf1', 0.0399780263817557), ('Txlnb', 0.3213101324487282), ('Pdgfb', 0.1424239617482774), ('Slc1a4', 0.3539971506060483), ('Tmem79', 0.6785472993336522), ('Cish', 0.4770219276009166), ('AA388235', 0.5722421263876447), ('Gstm2', 0.1366424481184269), ('Fam171a1', 0.214345658246997), ('Ooep', 0.1041718715480495), ('Tctex1d4', 0.6003320720327615), ('Mef2d', 0.3676532516642313), ('Orai2', 0.2484349385287547), ('Arhgef11', 0.4453841623829068), ('Gstm1', 0.6774144318131118), ('Acsf2', 0.1633681660905508), ('Kcnk4', 0.2175920218819387), ('Afap1l2', 0.2855232324126998), ('Plekhh3', 0.3661406840039431), ('D130017N08Rik', 0.182892483017778), ('Dnajb12', 0.2134489703600674), ('Gpsm3', 0.1485551829569348), ('Alas1', 0.1957700507503761), ('Usf2', 0.3804819682378471), ('Mroh5', 1.0570539259573466e-06), ('Ripply1', 3.124250856624132e-07), ('Islr', 0.1129469974699343), ('Foxp2', 0.2145408525778587), ('Gap43', 0.8030861333402126), ('Gab3', 0.335901691653602), ('Cflar', 0.3133254532042286), ('Ugdh', 3.585964336859503), ('Msto1', 0.6220255441888792), ('Chst5', 0.2065721804499925), ('Ccdc83', 0.3392721180123649), ('Lasp1', 0.3683461788521827), ('Npr3', 0.5440905129372681), ('Rhou', 0.2720657594269268), ('Gfpt2', 3.696573533828292), ('Zbtb3', 3.9362735205194815e-06), ('Prtg', 0.0083696148596603), ('Lbp', 0.2086684478624038), ('Prkag2', 0.1779665751299796), ('Rprd1b', 0.1691082979985057), ('Msx2', 0.1142061922794933), ('Atf3', 0.3053676488690761), ('Hspa1a', 0.2033903596395655), ('Siglecg', 0.3862934845517082), ('Apcdd1', 0.1643009552111635), ('Bub1b', 0.6010038393713345), ('Rab6a', 0.1824900465534242), ('Olr1', 0.2152547637728637), ('Fam129a', 0.2246407968318498), ('Cd248', 0.0597633263954953), ('Elf1', 0.1985854141867041), ('E130006D01Rik', 0.3643634766696923), ('1810013L24Rik', 0.1182732646454812), ('Peli3', 0.3792361472936985), ('Pcolce2', 0.8845719153843946), ('Kdm5c', 0.1875991344297576), ('Ccnd3', 0.1990482734873815), ('Cav3', 0.2714993022569291), ('Tsc22d3', 0.6715778525539954), ('Sema3d', 0.2513700542082991), ('Gucd1', 0.2303648831143088), ('Ptgfrn', 0.116417845415264), ('Cpt1b', 0.3290127198776029), ('Il1rn', 0.4625457705696645), ('Serpinb7', 0.6417906373075595), ('Cry1', 0.2067955699745045), ('Aco1', 0.5075217220890778), ('Ina', 0.7741616684958279), ('Lrrn4cl', 0.6510723002246939), ('Mageb3', 5.756358056537183e-15), ('Ackr3', 0.059900946122825), ('Acot6', 0.4286190393376902), ('Lpar1', 0.0986380371942769), ('Fbxo11', 0.2110662411544361), ('Sdk2', 0.2574677557365136), ('Fam102b', 0.9247801029171738), ('Slc1a7', 0.270365730437642), ('Rgs9', 6.6449311471709e-10), ('Arhgef15', 0.5146733767219529)]",4785
Klf4,transfac_pro__M07040,0.044499674868198,3.303359986770585,0.0,1.0,gene is directly annotated,"frozenset({'top50perTarget', 'activating', 'mm10_500bp_up_100bp_down_full_tx_v10_clust.genes_vs_motifs.rankings'})","[('Gdap1l1', 0.2961730967571542), ('Zfp36l1', 0.0924953561865461), ('Rasgrp4', 1.0092496449306234), ('Plxdc2', 0.1019545816447487), ('Ep300', 0.212477584538287), ('Trim71', 0.068160890038981), ('Nfe2l1', 0.2157256085137099), ('Slc1a4', 0.3539971506060483), ('Sptbn4', 6.999297841809709e-05), ('9930021J03Rik', 0.2208176240975356), ('Efhc2', 0.3006141006931325), ('9330117O12Rik', 0.0283697343877405), ('Lrrn4cl', 0.6510723002246939), ('A930006I01Rik', 0.6292620982465875), ('Tnfsf9', 1.0210842732481602), ('Dpysl2', 0.0844975423361132), ('Vldlr', 0.2182923149667195), ('Nupr1', 0.198582356110103), ('Add3', 0.15990734970287), ('Gm15417', 0.1892065552951387), ('Igfbp5', 0.2811604322452055), ('Pdgfb', 0.1424239617482774), ('Zfp131', 0.18647121753245), ('Rora', 1.3755924582608652), ('Snca', 0.8869541374795151), ('Aif1l', 0.1294487405822829), ('Celf2', 0.4270905322829099), ('Nid1', 0.0591011178835), ('Elfn1', 0.166399639552952), ('Tmem151b', 1.360103584217679e-10), ('Bhlhe40', 0.697793312065182), ('Sbsn', 0.0310826607045593), ('Rbms1', 0.7071397565735197), ('Hoxb9', 0.5727761744179702), ('Mageb3', 5.756358056537183e-15), ('Sema3b', 0.3874091120588227), ('Pithd1', 0.1470084132690461), ('Alg13', 0.168768144478786), ('Ptprg', 0.2149978507863861), ('Tcf7l1', 0.7539902457408724), ('Ywhaz', 0.0953685022445554), ('Zmiz1', 1.4880251607069062), ('Itga1', 0.3195601269490681), ('Csrnp3', 0.2379871463740892), ('Uchl1', 0.1345330497206897), ('Rbfox2', 0.0575877115307698), ('Tor1aip1', 0.3732902510178503), ('Htr2a', 0.468829370392917), ('Vcan', 0.0334460823533913), ('Zbtb7a', 0.267795555169766), ('Rab6a', 0.1824900465534242), ('Capn5', 1.0566835533027388), ('Slco2a1', 0.849030294996408), ('Gpsm3', 0.1485551829569348), ('Itgb5', 0.1850858555323641), ('Mlxip', 0.1584132348098641), ('Ina', 0.7741616684958279), ('Nnt', 0.2919822329176578), ('Kcna6', 0.0783812167673677), ('Col9a3', 0.3602076571259569), ('Kcnb1', 0.3882463914745055), ('Usf2', 0.3804819682378471), ('Aldh1a3', 0.1917500031755588), ('Gab3', 0.335901691653602), ('St3gal2', 0.4503394947904663), ('Gast', 0.7393607013650717), ('T', 2.360103298449882e-10), ('Trp53cor1', 0.1418147503964384), ('Ndrg1', 0.2838177910528323), ('Nsg2', 0.194597794470391), ('Lasp1', 0.3683461788521827), ('Procr', 1.8603668533726836), ('Dusp8', 0.7084287857193934), ('Rhobtb2', 0.4056763603411857), ('Lpar1', 0.0986380371942769), ('Glul', 0.5738786323415788), ('Cadm3', 1.1494315581639432), ('Errfi1', 0.7720902921778905), ('Zmynd12', 0.3939786409419339), ('Pappa2', 0.0625684666647904), ('Gpr45', 1.614733652955768), ('Ranbp17', 0.2051641971226731), ('Gm5129', 0.3236246777418014), ('Col10a1', 7.822727445938536e-05), ('Nr4a1', 0.1362581769165613), ('Tagln3', 0.0132073016022117), ('Bcl11a', 0.3367702379806031), ('Slc38a1', 0.1506288655414372), ('Fbn1', 0.0481308663482998), ('Slc23a1', 0.429208788510631), ('Serpinb7', 0.6417906373075595), ('Pik3c2b', 0.5279441721723387), ('Iqcg', 0.6288356653544768), ('Ccdc83', 0.3392721180123649), ('Rarres1', 0.4551546914158396), ('Ddr2', 0.3959979515092036), ('Eps15', 0.9064128633860368), ('Clcnkb', 0.4044859187050464), ('Sv2c', 0.4798518383908354), ('Tubb4a', 0.3825743630994458), ('Ebf2', 0.4109476620078828), ('Ly6h', 0.1707846617246213), ('Nmnat2', 0.007797150017348), ('Sp4', 0.3191638667489333), ('Kcnk4', 0.2175920218819387), ('Cntn1', 0.7993686821731467), ('Cd34', 0.324898595531408), ('Tctex1d4', 0.6003320720327615), ('Srd5a1', 0.1970900839844386), ('Has3', 5.5116800130105424e-08), ('Ttpa', 0.0658340225194948), ('Rabep1', 0.2011097587834295), ('Ehf', 0.5006964143491909), ('Tnxb', 0.0841941410591324), ('Klf6', 0.9584004754245627), ('Map3k8', 0.6171826180663217), ('Il1rn', 0.4625457705696645), ('Btg2', 0.053006063875014), ('Tle3', 0.1955449395131545), ('Srcin1', 0.3606872540365003), ('B230208H11Rik', 0.6557909755720849), ('Lamc1', 0.239515233940341), ('Skil', 0.2596472891259782), ('H2-Q6', 0.3113538388080696), ('Rcor1', 0.129370152895688), ('1700064M15Rik', 0.238250041870234), ('Nfia', 0.1433681183537928), ('Llgl2', 0.0089036789911309), ('Gda', 0.3161105622779709), ('Iqsec2', 0.2127541793271921), ('Pi15', 1.6280252624754932), ('Apcdd1', 0.1643009552111635), ('Dnajb1', 0.7952577913113204), ('Arhgef11', 0.4453841623829068), ('Cntnap1', 0.6304527728539705), ('Lbp', 0.2086684478624038), ('Nr2f1', 0.3837765241398909), ('Eif2d', 0.1929841140817358), ('Ahnak', 0.4354531135891354), ('Thra', 0.1206178512879496), ('Smarcd2', 0.2285320165897524), ('Peli3', 0.3792361472936985), ('Alox5ap', 0.7285145950532377), ('Ccnd3', 0.1990482734873815), ('Fam129a', 0.2246407968318498), ('Nos1', 0.1287843479185753), ('Brd2', 0.1814410768669241), ('Ubash3a', 7.77636331193993e-08), ('Sec14l1', 0.7979767889811806), ('Atp11a', 0.2695246944231254), ('Fgr', 0.3947564666547596), ('Atp6ap1', 0.1240743162774493), ('Eif4g2', 0.1317668991322524), ('Adm', 0.11457925212393), ('Gprasp2', 0.5202586395704083), ('Pim1', 0.0515245528635065), ('Arl13b', 0.1677112302240109), ('Tbx5', 0.388853333875742), ('Npr3', 0.5440905129372681), ('Rab21', 0.3560485623056569), ('Podnl1', 0.2114663240035964), ('Ppp1r1a', 1.404955988579995e-11), ('Nell2', 0.3450812549980612), ('Krtdap', 0.888956561912973), ('Gls', 0.1494723877229498), ('Slc31a2', 0.2796723839566439), ('Mbnl2', 0.1709352048960254), ('Sulf1', 0.0593741826998967), ('Ppp1r13b', 0.361768277386879), ('Myadm', 0.1398291285561669), ('Hspb8', 2.751266183888851), ('Ackr3', 0.059900946122825), ('Zbtb18', 0.1674259775995418), ('Plp1', 0.5613915361234594), ('Rnase4', 0.168082246443912), ('Ahcyl1', 0.1719946284607834), ('Zbed3', 0.3762855447752825), ('Gstm1', 0.6774144318131118), ('Mtrf1', 0.4285105817899481), ('Usp2', 3.654670829800711), ('Irf9', 0.2251380033933759), ('Fam102b', 0.9247801029171738), ('Cdkn1a', 0.6739873470975812), ('Birc5', 0.0167991789933732), ('Rinl', 0.1278443558680752), ('Fyn', 0.1368516608728447), ('Gprc5a', 0.740099843037189), ('Insig2', 0.1057851596206894), ('Ctsw', 0.6317957343060584), ('Ptp4a2', 0.1860380696529632), ('Nr1h4', 0.1429942338468168), ('Fmr1nb', 0.2871067493152158), ('2500004C02Rik', 0.9646896896467088), ('Dlgap4', 0.06999920980592), ('AB124611', 0.1927248255614565), ('Plcb3', 0.0257570384624059), ('Tob1', 1.8090281955473595), ('Cdr2', 0.2175703489460327), ('C1galt1', 0.4551786941353577), ('Disp1', 0.178397847863857), ('Prkag2', 0.1779665751299796), ('Hcfc2', 0.1811772233331513), ('C430049B03Rik', 0.3125503711809314), ('C5ar1', 0.2212268437766568), ('Crtc2', 0.4488180190464225), ('Dnajb12', 0.2134489703600674), ('Klf3', 0.4073803409752916), ('Ston2', 0.1289972222376093), ('Zfp1', 0.2892388193447107), ('Prox2', 0.109652646455357), ('Nudt18', 0.1817941557684854), ('Tmprss6', 0.2333916673293939), ('Ddx3x', 0.2094975688056412), ('Fbxo11', 0.2110662411544361), ('Alas1', 0.1957700507503761), ('Zkscan5', 0.2878970101292875), ('6720489N17Rik', 0.7324229978123721), ('Car11', 0.3665633869831433), ('Shpk', 0.2002045939172918), ('Chst5', 0.2065721804499925), ('Ccdc24', 1.3234480048870407), ('4833427G06Rik', 4.746344522812502e-07), ('Gna13', 0.2403760397454433), ('Dctd', 0.2174178939297183), ('Mtmr4', 0.3004242698048112), ('Csgalnact2', 0.51632533669606), ('Sptbn2', 2.2285514231016698e-07), ('Pard3', 0.6007738274638073), ('Slc6a15', 0.4601601880099491), ('Rhou', 0.2720657594269268), ('Loxl1', 0.1428942381745639), ('Olfml2b', 0.1557477551310135), ('Lama5', 0.0929172756445012), ('Slfn5', 0.0518701155219266), ('Mzf1', 0.6226745159541908), ('Plpp3', 1.98257578224525), ('Gys1', 0.1493350430250202), ('Klhdc9', 0.4385271052370547), ('Rprd1b', 0.1691082979985057), ('Stc2', 0.3376189514029837), ('Tmem79', 0.6785472993336522), ('Cryab', 0.2085105008500718), ('Car3', 0.5007763055985933), ('Rragc', 0.7924554447654507), ('Csrnp1', 0.1054108051208644), ('Eif4e', 0.149994075181107), ('Herpud1', 1.043043039010886), ('Abhd15', 0.263596980013306), ('Acsf2', 0.1633681660905508), ('Zcchc24', 0.4196412731630292), ('C230037L18Rik', 0.2279880958352739), ('Gpr183', 5.570648777806815), ('1810013L24Rik', 0.1182732646454812), ('Elf1', 0.1985854141867041), ('Cry1', 0.2067955699745045), ('Plat', 0.1092070968978448), ('2700054A10Rik', 0.0713419625996582)]",4820
Klf4,transfac_pro__M07461,0.04406865365579691,3.2188351306345213,0.0,1.0,gene is directly annotated,"frozenset({'top50perTarget', 'activating', 'mm10_500bp_up_100bp_down_full_tx_v10_clust.genes_vs_motifs.rankings'})","[('Nfe2l1', 0.2157256085137099), ('Ep300', 0.212477584538287), ('Gdap1l1', 0.2961730967571542), ('Kcnb1', 0.3882463914745055), ('Efhc2', 0.3006141006931325), ('Slc38a1', 0.1506288655414372), ('Zfp36l1', 0.0924953561865461), ('Myh11', 0.2334040629831648), ('St3gal2', 0.4503394947904663), ('Plxdc2', 0.1019545816447487), ('Trim71', 0.068160890038981), ('Fbn1', 0.0481308663482998), ('Sv2c', 0.4798518383908354), ('Htr2a', 0.468829370392917), ('Iqsec2', 0.2127541793271921), ('Ptgfrn', 0.116417845415264), ('Sema3b', 0.3874091120588227), ('Tmem151b', 1.360103584217679e-10), ('Tubb4a', 0.3825743630994458), ('Ly6h', 0.1707846617246213), ('Cadm3', 1.1494315581639432), ('Csgalnact2', 0.51632533669606), ('Snca', 0.8869541374795151), ('Tor1aip1', 0.3732902510178503), ('Sptbn4', 6.999297841809709e-05), ('Tcf7l1', 0.7539902457408724), ('Fgr', 0.3947564666547596), ('Rasgrp4', 1.0092496449306234), ('Car3', 0.5007763055985933), ('Cd101', 0.02550018595806), ('Procr', 1.8603668533726836), ('Sbsn', 0.0310826607045593), ('Gab3', 0.335901691653602), ('Capn5', 1.0566835533027388), ('Ubash3a', 7.77636331193993e-08), ('Slco2a1', 0.849030294996408), ('Rab21', 0.3560485623056569), ('Igfbp5', 0.2811604322452055), ('Carhsp1', 0.3941445312006522), ('C1ql1', 0.4717993504447395), ('Pard3', 0.6007738274638073), ('Rora', 1.3755924582608652), ('Ly6a', 0.0199717874339995), ('Rbfox2', 0.0575877115307698), ('Aco1', 0.5075217220890778), ('Megf9', 0.2071636339923908), ('Elfn1', 0.166399639552952), ('Ecm1', 8.789330040380068e-05), ('Csrnp3', 0.2379871463740892), ('Gast', 0.7393607013650717), ('Afap1l2', 0.2855232324126998), ('Crtc2', 0.4488180190464225), ('Nr4a1', 0.1362581769165613), ('Hoxb9', 0.5727761744179702), ('Ugdh', 3.585964336859503), ('Ywhaz', 0.0953685022445554), ('Arhgef11', 0.4453841623829068), ('Bcl11a', 0.3367702379806031), ('Birc5', 0.0167991789933732), ('Lamc1', 0.239515233940341), ('Has1', 1.192938673334241), ('Insig2', 0.1057851596206894), ('Nid1', 0.0591011178835), ('Cgn', 0.4809144124798216), ('B3gnt3', 0.3517147693657054), ('9930021J03Rik', 0.2208176240975356), ('Fam102b', 0.9247801029171738), ('Gpsm3', 0.1485551829569348), ('Fam129a', 0.2246407968318498), ('Trp53cor1', 0.1418147503964384), ('Cd34', 0.324898595531408), ('Rnase4', 0.168082246443912), ('Csrnp1', 0.1054108051208644), ('Gpr45', 1.614733652955768), ('Zfand6', 0.1794445236902078), ('Rab6a', 0.1824900465534242), ('Mageb3', 5.756358056537183e-15), ('Gprasp2', 0.5202586395704083), ('Tomm7', 0.1397067415618666), ('Hspb8', 2.751266183888851), ('Il15', 0.2120380122389317), ('Rcor1', 0.129370152895688), ('Srcin1', 0.3606872540365003), ('Arhgef28', 0.1579766788777855), ('Tnfsf9', 1.0210842732481602), ('Nupr1', 0.198582356110103), ('Sulf1', 0.0593741826998967), ('Rprd1b', 0.1691082979985057), ('Mtmr4', 0.3004242698048112), ('Sat1', 0.324550400990688), ('Dnaja1', 0.6550219134885701), ('Rarres1', 0.4551546914158396), ('Celf2', 0.4270905322829099), ('Hcfc2', 0.1811772233331513), ('Fyn', 0.1368516608728447), ('Mef2d', 0.3676532516642313), ('Slc1a4', 0.3539971506060483), ('Aldh1a3', 0.1917500031755588), ('Lrrn4cl', 0.6510723002246939), ('Car11', 0.3665633869831433), ('Epn3', 0.0390964967068948), ('9330117O12Rik', 0.0283697343877405), ('Atp1a3', 0.4223606873293129), ('Atp6ap1', 0.1240743162774493), ('Thra', 0.1206178512879496), ('Alg13', 0.168768144478786), ('Nudt18', 0.1817941557684854), ('Dpysl2', 0.0844975423361132), ('Kcna6', 0.0783812167673677), ('Vldlr', 0.2182923149667195), ('Rabep1', 0.2011097587834295), ('Aif1l', 0.1294487405822829), ('Il1rn', 0.4625457705696645), ('Arhgef18', 1.3000301376514591), ('Atp6v1g2', 0.5685667082944932)]",1729
Mafb,transfac_pro__M02879,0.045054578466115415,3.2419237755733947,0.0,1.0,gene is directly annotated,"frozenset({'top50perTarget', 'activating', 'mm10_500bp_up_100bp_down_full_tx_v10_clust.genes_vs_motifs.rankings'})","[('Pabpc1', 0.1121613647468058), ('Jarid2', 0.6662822444199032), ('Ywhah', 0.1120607318311859), ('Pfkm', 0.2994273371020434), ('Tmem117', 0.2479268294049477), ('Dleu2', 0.2174718839650193), ('Sun2', 0.3489849266850781), ('Grin3a', 1.237675440593914), ('Dusp23', 0.261125295229505), ('Rbp2', 0.3424541501827511), ('Adrm1', 0.1191580383052421), ('Kcnip4', 0.162611989078669), ('Mpped2', 0.2063907774142613), ('Epb41l5', 0.3324539315944868), ('Sim1', 0.377179754234053), ('Pabpc4', 0.3223434459268997), ('Bdnf', 0.5145365596525983), ('Lemd3', 0.1887477533521023), ('Hist1h4a', 0.349312274373018), ('Avl9', 0.2314190573403806), ('Wnt5b', 0.6670836171608436), ('Sox17', 6.345050322480645e-05), ('Lypla1', 0.1527819589696155), ('Fos', 0.2816822407473823), ('Med6', 0.2508629593656564), ('Ankrd34a', 1.659122578681587), ('Lrig3', 0.7491556907787469), ('Dnajc12', 0.5747408504315211), ('Sept5', 0.1419329327630011), ('Porcn', 0.3788753856055341), ('Zswim1', 0.2684268495813088), ('Stip1', 0.0229743228537164), ('Mb21d2', 0.6769568484250855), ('Cytl1', 0.924452157855696), ('Tsga10', 0.0254805370681923), ('Pfkfb3', 0.293020373548343), ('Art3', 0.2546551465714883), ('Ier5', 0.0462651816334492), ('Pradc1', 0.3231234772872063), ('Rnf169', 0.8183422038175153), ('Gm826', 0.6291207456426433), ('Ptp4a1', 0.2874555966510138), ('Krt6a', 0.3239173186787769), ('Trim27', 0.1193694761583393), ('Gtf2e2', 0.141359708809913), ('Ppig', 0.1472183949267519), ('Ccl5', 0.0440743438141164), ('Cabyr', 0.2345171704042163), ('0610009L18Rik', 0.3843613013239938), ('Stra6', 0.0664760496949773), ('Zfp36l2', 0.3289548895042712), ('Clec11a', 0.0814799184247968), ('Tvp23a', 0.4667242453753185), ('Rnf144b', 0.3670684573100264), ('Brsk2', 0.2726903761182592), ('Med14', 0.3017490497505752), ('S100a8', 0.4336567280966318), ('Gm10549', 0.1222959967511363), ('Ltbr', 0.1382046984469101), ('Retsat', 0.2055905066257565), ('Mboat4', 0.0642606649776058), ('Twist1', 0.2900030865058743), ('Leng8', 0.1891546676975579), ('Plod1', 0.1432114041839899), ('Igfbp3', 0.1323802409219929), ('Mmp15', 0.272068692554028), ('Mapk8ip3', 0.2512699958956658), ('Daglb', 0.1852995536940229), ('Lhfpl2', 0.3459868876838197), ('Mgp', 0.1122835704768479)]",1082
Phtf1,hdpi__PHTF1,0.05579844966755721,3.155152100488166,0.0,0.935611,gene is orthologous to ENSG00000116793 in H. sapiens (identity = 93%) which is directly annotated for motif,"frozenset({'top50perTarget', 'activating', 'mm10_500bp_up_100bp_down_full_tx_v10_clust.genes_vs_motifs.rankings'})","[('Rhobtb3', 0.4054761769957737), ('Carhsp1', 0.1868913371940932), ('Rab23', 0.1330054439811493), ('Vps4a', 0.172507633394339), ('Itpr3', 0.7595567759882086), ('Pdik1l', 0.742734362585344), ('Foxk2', 0.4505511793228208), ('Zzz3', 0.5722983620572886), ('Atg13', 0.2943286817544569), ('Ei24', 1.7478817894628882), ('Mtmr7', 0.1383700509799532), ('Nkain1', 1.0803056598442324), ('Slc44a1', 0.2541858893290624), ('Diaph1', 0.1297455096296618), ('Cdh2', 0.3993767369532358), ('Pear1', 0.2576040341926502), ('Adam10', 0.1943464349287651), ('Osbpl9', 0.1793331356686149), ('Smim19', 1.0418695103678952), ('Stat5b', 0.6091203916285354), ('Atad2', 0.224671812090633), ('Pxdn', 0.2254711256887273), ('Ykt6', 0.2334908179362143), ('Dtx3', 0.9743258524385084), ('Slc35b2', 0.1664484674623527), ('Szrd1', 0.3002583594645618), ('Birc2', 0.4793508471307135), ('Chsy1', 0.2006850607362142), ('Ccny', 0.9999964362834052), ('Rims2', 2.36418236100378e-07), ('Ccno', 0.2513076119070661), ('Mif4gd', 0.4054115461493149), ('Tle3', 0.2936908602162904), ('Eci1', 0.4589769091328971), ('Hnrnph3', 0.1648881850744092), ('Aldh18a1', 0.3750891361325199), ('Otud6b', 0.1968825180183917), ('Ptpn3', 0.5407032826990588), ('Msto1', 0.9234311971936802), ('Caprin1', 0.1703607908380183), ('Stoml1', 0.1866993082726483), ('Nectin3', 0.1343800327921052), ('Firre', 0.1112138178207982), ('Prss35', 0.4315677341150194), ('Inhbb', 0.1291615929170628), ('Anxa11', 0.1583398827629417), ('Hecw2', 0.4046109515227162), ('Hnrnpd', 0.2643173293504817), ('Gmds', 0.1425185942454492), ('Trim8', 0.5311559052706887), ('Zic5', 0.0105284409311492), ('Rbbp4', 0.3777531564176453), ('Slc36a1', 0.1968987863867744), ('Fig4', 0.1735637541766103), ('Mb21d2', 0.3801211463366599), ('Tbc1d31', 0.42604776694815), ('Slc35e3', 0.5467936593340794), ('Trip12', 0.3128907978224997), ('Mapkapk2', 0.2449237628608511), ('Ica1', 0.4223028953313176), ('Acat1', 0.1437925000195479), ('Twf1', 0.1417108399834489), ('Nup153', 0.2721278608141414), ('Zmynd11', 0.2375465185235544), ('Oprl1', 1.3581923645583742), ('Fbxo36', 0.2629890229390706), ('Slc27a4', 0.2350888018053378), ('Fgf12', 0.2262412084345328), ('Fzd2', 0.4723773486742749), ('Rcan1', 0.1646480549331099), ('Qtrt1', 0.751524792756164), ('Zfp664', 0.2422038155886154), ('Ssr1', 0.1290527360235677), ('Eci3', 0.2019208572852363), ('F13a1', 0.4657335619037763), ('Fzd10', 1.0227945413148756), ('Prrc2c', 0.3014424911899937), ('Ncln', 1.5955541361010486), ('Lypla1', 0.1561195498483434), ('Eif3j2', 0.130507435438634), ('Tango2', 0.2197593612774798), ('Hdac6', 0.1923204556525232), ('Ppp1r3e', 0.3871921171737241), ('Phtf1', 1.0), ('Taf3', 1.073367476150913), ('Actr2', 0.4048223688751166), ('Glg1', 0.314317701093317), ('AI506816', 0.0394874240479786), ('Zbtb41', 0.2558753867094482), ('Vamp5', 0.2644651437102345), ('Atxn2', 0.1602136704158362), ('Ciz1', 0.5263619838917157), ('Fnbp1l', 0.4228424029292724), ('Dhtkd1', 0.1026934383456919), ('Cyp51', 0.117488374699808), ('Nsf', 0.2884348798029819), ('Cltc', 0.2709164372784963), ('E130308A19Rik', 0.8900431743653123), ('Letmd1', 0.1938022424601282), ('4931414P19Rik', 1.3517740789854369), ('Hunk', 0.0815202415349721), ('Tm9sf3', 0.1265800028022871), ('Rubcnl', 1.3440451958807829), ('Pxk', 1.599033934180055), ('Vkorc1l1', 0.4190518127024571), ('Dusp23', 1.0418745414022856), ('Timmdc1', 0.0822755646170785), ('Cpox', 0.510037181032917), ('Sec31a', 0.1795562663375462), ('Ppp1r18', 0.4195207160181295), ('Bckdhb', 0.4366770403159564), ('Rbm28', 0.3186248280914681), ('Sertad1', 0.2221052877592403), ('Camta1', 0.2687429433074104), ('Flrt1', 0.5453075238638145), ('Fhl3', 0.4199524529141514), ('Gatm', 0.1012224584453118), ('Capn7', 0.2139168717020866), ('Gm973', 0.2627665146288213), ('Atic', 0.2072179022346808), ('Garnl3', 0.2674854473686708), ('Tmem30b', 1.017498997924101), ('Pex14', 0.1885752738005419), ('Gjb2', 0.0862131604257983), ('Zfp617', 0.7997048891240578), ('Slc25a21', 0.222274905737441), ('Map6', 0.1585658181131173), ('Vti1b', 0.1857114358727143), ('Psmb2', 0.0661874439992298), ('Dtymk', 0.1359355907068701), ('Dpysl3', 0.0536713508540886), ('Rnf34', 0.2406885879404621), ('Hist1h1e', 0.3449082118961605), ('L3mbtl2', 0.1515405360339634), ('Rad54b', 3.616490131908445e-07), ('Zfp672', 0.1899799951844211), ('Xrn2', 0.149217310993886), ('Sema3e', 0.182756573898031), ('Fam104a', 0.1459296374598517), ('A330102I10Rik', 0.1535316411070586), ('Rfwd3', 1.286568273850773), ('Tmem43', 0.1061313361758332), ('Cd27', 0.1022251085962491), ('Rnpepl1', 0.4143759270345875), ('Nucks1', 0.1142470169476753), ('Vat1l', 0.1376081140609055), ('2410004B18Rik', 0.1742914175073045), ('Gltp', 0.1607655675373864), ('Rbm6', 0.4922230042882883), ('Adamts8', 0.264597727224989), ('Stra6', 0.9857089064866734), ('Hpf1', 0.1550133855637414), ('Armcx2', 0.1792033901219621), ('Ercc6', 0.4178148549723651), ('Galnt2', 0.1645994598193219), ('Als2', 0.1778133939587015), ('Atp6v1f', 0.1176938003233847), ('Ptgfrn', 0.0847988453784671), ('Bcl10', 0.1344254444601919), ('Atp5o', 0.0361846290258415), ('Cux1', 0.125853342441374), ('Dlgap5', 0.0173005962554485), ('G3bp1', 0.17159432887983), ('Vcp', 0.0998876909149224), ('Thrap3', 0.8350319411308631), ('Lrp6', 0.1071371437430303), ('Polr2j', 0.1642008551136554), ('Asxl2', 0.3880324018594284), ('Fut4', 0.729583527103937), ('Ctsl', 0.1706779552212786), ('Abcb4', 0.4705130733705181), ('Soat1', 0.7231552202683997), ('Prkcd', 0.2055373034842422), ('Map7d2', 0.0113662536148198), ('Lag3', 0.074636312404141), ('Cntn2', 0.1792941241503269), ('Endov', 0.2851545487448916), ('Lrrc8b', 1.2624667737216633), ('Med13', 0.1198322013133403), ('Utp14a', 0.2155390642726569), ('Tmco4', 0.1534158769531752), ('Hist4h4', 0.5806357052714798), ('Tspan3', 0.2123047586976786), ('Thtpa', 0.1664392867375005), ('Pcdhga4', 0.5503748346929982), ('Lrrc51', 0.1442403267486054), ('Sema3c', 0.1610702684515843), ('Mbtps2', 0.3440946451743659), ('Cd93', 0.162874610970846), ('Acvr1', 0.2221145214322575), ('Hspbp1', 0.703936266459368), ('Rasl10a', 0.4489589554177657), ('Chd7', 0.758353653277309), ('Depdc5', 0.2280372188716233), ('Dpysl2', 0.2227631923777329), ('E130311K13Rik', 0.1535407285432005), ('Rb1', 0.5276406454741323), ('Ak5', 0.3359342928429248), ('Baz1a', 0.3849203523478773), ('Elovl4', 0.3370555028335925), ('Ywhaz', 0.2754418252443885), ('Uggt1', 0.2613027135845439), ('Rpp21', 0.2551788339553257), ('Polr3e', 0.0759038580473242), ('St13', 0.2373783158195661), ('Ebf1', 0.1118287929146055), ('Slc25a1', 0.5437624217261143), ('Enpp6', 0.4067516686264263), ('Api5', 0.2063017030548971), ('Jkamp', 0.2433486226140973), ('Arl6ip4', 0.2683704398132392), ('Hpgds', 0.1629005878934638), ('Tapt1', 0.512741581061275), ('Tcp11', 0.6672552145285724), ('Rnf214', 0.4315763276718558), ('Kifap3', 0.1552119124718468), ('Smad5', 0.1562308447305006), ('Gkap1', 0.1574202484984089), ('Arl11', 0.3492815089018766), ('Nufip2', 0.3447596672184826), ('Mt2', 0.058468029984187), ('Polr1e', 0.1792747887934879), ('Usp14', 1.2488078259491608), ('Sspn', 0.1753969112121581), ('Ttc1', 0.2440983261431985), ('Spc25', 0.5094175287477183), ('Icam5', 0.3595190970835165), ('Ttl', 0.134851427713574), ('Ndufa12', 0.0819545119547706), ('Gsta1', 0.2282827973471895), ('Cnot4', 0.211891256496851), ('Clpx', 0.9833306077459244), ('Armcx1', 0.5881960242522142), ('Pik3cd', 0.2574890097056088), ('Nppb', 0.6755179620027543), ('Smim8', 0.1802538703602001)]",4892
Rbpjl,flyfactorsurvey__SuH_FlyReg_FBgn0004837,0.07803243214714536,3.73750185248748,0.0,0.44466,gene is orthologous to FBgn0004837 in D. melanogaster (identity = 44%) which is directly annotated for motif,"frozenset({'top50perTarget', 'activating', 'mm10_500bp_up_100bp_down_full_tx_v10_clust.genes_vs_motifs.rankings'})","[('Ptpdc1', 0.8290547105712648), ('Etv5', 0.545016343002987), ('Hoxd9', 1.35050265986846), ('Epc1', 0.2006289342031147), ('Ubqln4', 0.4550285047696319), ('Prps1l3', 1.7169887930852463), ('Rnf149', 0.1794838281021425), ('Xpc', 1.5164538933143987), ('Wtap', 0.1647227526277226), ('Fbxo46', 1.6255836106085089), ('Kri1', 0.8194813620744595), ('Rpe', 0.1352275711245995), ('Zfp282', 0.4989251352761517), ('Pde4dip', 0.2643194138842291), ('Mon1a', 0.5596149709973801), ('Cdc25b', 0.4452192526590564), ('Ppa2', 0.2860729917543794), ('Map2k5', 0.8785602324420629)]",1115
Rel,transfac_pro__M04706,0.05204085097392676,3.79366467515311,0.000108,1.0,gene is annotated for similar motif transfac_public__M00054 ('V$NFKAPPAB_01: NF-kappaB'; q-value = 0.000108),"frozenset({'top50perTarget', 'activating', 'mm10_500bp_up_100bp_down_full_tx_v10_clust.genes_vs_motifs.rankings'})","[('Tnfaip3', 0.1863004836767757), ('Ms4a4c', 0.1574206229533577), ('Nr5a2', 0.0122815857313029), ('Ncoa5', 0.3584167740517974), ('Fam107a', 0.4674716841296339), ('Chd4', 0.3333534826051423), ('Tfpi2', 0.197085489299691), ('Elmo1', 0.9272703700501608), ('4833419F23Rik', 1.192597472703036), ('Nfkbiz', 0.0483199062177863), ('Sgms1', 0.1538930988341351), ('Pltp', 0.2531198434557234), ('Cplx2', 0.9814202251075133), ('Ctnnd1', 0.1646898798696125), ('Slc7a1', 0.8104707559402285), ('Tnfsf4', 3.4437334672292644e-08), ('Dnmbp', 0.5177770557753989), ('C1qa', 0.4216709780052487), ('Cxcl2', 0.2509218224157225), ('Tank', 1.007218530778644), ('Pik3cb', 0.4001457248042179), ('5830416I19Rik', 0.2036931373620901), ('Ino80dos', 0.5457109224135874), ('Kdm3b', 0.2381790676081788), ('Intu', 0.0885032479283154), ('Klhl12', 0.5587013291255606), ('Tbc1d1', 0.2245092625918867), ('Dnaja2', 0.1358640601917804), ('Cxcl1', 0.1723001224992658), ('Nudcd1', 0.2180500060326033), ('Fam117b', 0.2673573737789794), ('Ibtk', 0.4246048540467287), ('Dlg4', 0.3544391702843198), ('Mff', 0.1465973349130974), ('Carnmt1', 0.3733304277355793), ('Slc15a3', 0.343383258471687), ('Vps13a', 0.2405725614866375), ('1700101I11Rik', 0.113377796152881), ('Sh3pxd2a', 0.2572542414551577), ('Mapk11', 0.5644182883452957), ('Pmel', 0.2042009778854083), ('Cep192', 0.1398752215099313), ('Nfkb2', 0.5537045956221219), ('Ankrd33b', 0.1411494058925426), ('Cited1', 0.2279737024585082), ('Vash1', 0.2039550972944825), ('Cipc', 0.2241017101202535), ('Loxl4', 1.6853535021640862), ('Met', 0.0334045158536773), ('Adcy3', 0.2297314048636161), ('Gtpbp8', 0.4180078010310386), ('Capn1', 0.1886533939927256), ('Acot7', 0.1256017272156326), ('Snrpb2', 0.1400512054417608), ('Rgs2', 0.1781447662191972), ('Zdhhc2', 0.0605894510884426), ('Nxpe4', 0.2519253756013593), ('Sertad3', 0.5354106410187788), ('Wiz', 0.11179814343879), ('Riox2', 0.9793803622404336), ('Vash2', 0.4411184645187032), ('Gpr84', 0.4411273786086577), ('Msi1', 1.925942793008991), ('Pnpla2', 1.5168747296322649), ('Kdm3a', 0.2005050003235896), ('Rad51b', 0.2070619437753727), ('Ncoa2', 0.219689058896101), ('Ripk2', 0.2244075277571175), ('Tmem161b', 0.8927464506290594), ('Mnt', 0.5574025008676344), ('Tefm', 0.1843701299996082), ('Acod1', 0.0410331732199451), ('Eml1', 0.3804408045262485), ('Neurl1a', 0.3488465632833425), ('Rasgef1b', 0.3632214482415414), ('Cabp1', 0.2407701760169224), ('Rassf9', 0.2751035415403197), ('Tnrc6b', 0.232844374215426), ('Nfkb1', 0.142937682495984), ('Numb', 0.4390807216417708), ('Brinp3', 0.2124514880125226), ('Fosl1', 0.4410135363057362), ('Adgra3', 0.2138241101074123), ('Acd', 0.5399022473668955), ('Gm31763', 0.6362414070042094)]",1735
Rel,hocomoco__REL_HUMAN.H11MO.0.B,0.049412525167162775,3.360368237131034,0.0,0.760204,gene is orthologous to ENSG00000162924 in H. sapiens (identity = 76%) which is directly annotated for motif,"frozenset({'top50perTarget', 'activating', 'mm10_500bp_up_100bp_down_full_tx_v10_clust.genes_vs_motifs.rankings'})","[('Elmo1', 0.9272703700501608), ('Lrrcc1', 0.9859273607988068), ('Ppfia2', 0.0533666862289622), ('Kat2b', 0.16801522961008), ('Tnks', 0.3791295652203795), ('Wdcp', 0.3568879259483375), ('Atp6v1c1', 0.2233298599134187), ('Rbsn', 1.1374457909070477), ('Rffl', 0.1484847430380433), ('Dyrk3', 0.2563075098688505), ('0610030E20Rik', 0.5831167982360579), ('Mtfmt', 0.185941473446436), ('Rasa2', 0.4069818279187209), ('Tlr2', 0.1884311656852625), ('Zxdb', 0.6020183536733608), ('Dnmbp', 0.5177770557753989), ('Zfp212', 0.7387379597495054), ('Tceal9', 0.1414072987646201), ('Nol10', 0.3079180121422575), ('Vegfa', 1.1443147626049714), ('Afap1l1', 0.1356546547980364), ('Bank1', 0.296633948144312), ('Tmem131', 0.2399462808220131), ('Sap30', 1.0256415975354192), ('Traf1', 0.2072975968937838), ('Dram2', 0.1794848872861905), ('Nhs', 0.8126358930795792), ('Chd4', 0.3333534826051423), ('Ina', 0.195177924912204), ('Riox2', 0.9793803622404336), ('Ftx', 2.5645828081662545), ('2310009A05Rik', 0.1984844018978044), ('Zbtb33', 1.3134914297350309), ('Capn1', 0.1886533939927256), ('Ngly1', 0.2194678330928004), ('Ctr9', 0.4285319115240358), ('Rraga', 0.1675786296542371), ('Prkaa2', 0.6314810563604575), ('Bach1', 0.1057076190040376), ('Sf3b3', 0.2056405644099699), ('Tjp2', 0.1790957762280801), ('Neil3', 0.0179431447544511), ('Bcl10', 0.3540579333293956), ('Fam49a', 1.3576694717723576), ('Rnf149', 0.1808847504346515), ('Aen', 0.4970500700609067), ('Rev3l', 0.1643143715187866), ('Brinp3', 0.2124514880125226), ('9430091E24Rik', 0.3736376959381827), ('Nfkbiz', 0.0483199062177863), ('Hadha', 0.2078467519150038), ('Gtpbp8', 0.4180078010310386), ('Supv3l1', 0.186970880205347), ('Cited1', 0.2279737024585082), ('Klhl12', 0.5587013291255606), ('Ncoa5', 0.3584167740517974), ('Fgd5', 0.8020273611134635), ('Amer1', 0.002411683668567), ('Pik3cb', 0.4001457248042179), ('Ankrd46', 0.3414031298439648), ('Tgif1', 0.293134017409046), ('Sgms1', 0.1538930988341351), ('Papolb', 1.3246881622323137), ('Zfp41', 0.4248887190181373), ('Pigh', 0.1431811097564621), ('Elavl3', 0.7793430781502195), ('2900076A07Rik', 0.8711281275076423), ('Rel', 1.0), ('Htr1b', 0.4735326527524088), ('Fosl1', 0.4410135363057362), ('Btaf1', 0.3427320714760172), ('Gabarapl2', 0.1301182661013756), ('Cabp1', 0.2407701760169224), ('C330018D20Rik', 0.2518525989165098), ('Foxj1', 0.5262442833285831), ('Mff', 0.1465973349130974), ('Med24', 1.7708927046919902), ('Slc35a3', 0.9215669384154286), ('Naa40', 0.5624591146480531), ('Stk40', 0.1870386485387344), ('Rce1', 0.5126675039822755), ('Ralbp1', 0.1114694631896696), ('Snrpf', 0.2885748814887382), ('1700017B05Rik', 0.3356116483089515), ('Grsf1', 0.2510568881269204), ('BC025920', 0.3247252797624674), ('BC017158', 0.1958813088145574), ('Meis1', 1.554742589900417), ('Rgs6', 2.494340723142222), ('Ncoa2', 0.219689058896101), ('Kdm3a', 0.2005050003235896), ('Arl4c', 0.0668816514853584), ('Ifrd1', 0.0377696674315605), ('Fam160b2', 0.1632468830597022), ('Cep192', 0.1398752215099313), ('Ypel2', 0.1745948162436028), ('Sult2b1', 0.1389277578548992), ('Katnal1', 0.373273025903724), ('Mlxip', 0.328354588905216), ('Prelid3a', 0.0053630609749314), ('Trim65', 0.4484065720020478), ('Adssl1', 0.0585576568899916), ('Rasgef1b', 0.3632214482415414), ('Snx1', 0.3213214045891693), ('Tmem8', 0.7144580785453074), ('Arid4b', 0.2019890595309313), ('Atp7a', 0.3899925514068356), ('Dnajc5', 0.1920155373170461), ('Cacna2d3', 0.1380941214855586), ('Clasp2', 0.3103836248589382), ('Sorbs3', 1.195210038578738), ('Myl6b', 0.5061592098923613), ('Incenp', 0.0469176358859948), ('Rnf141', 2.303073385631057), ('Smox', 0.118300269191438), ('Ugdh', 0.3189461703754068), ('Tnrc6b', 0.232844374215426), ('BC005537', 0.1641641746227729), ('Fam214b', 0.1102102665451039), ('Heatr5a', 0.4060012505811912), ('Vash1', 0.2039550972944825), ('Epc1', 0.2914987764803117), ('Tcf7', 0.1359885991241359), ('Slc2a8', 0.1527830719189244), ('Apln', 1.0804899000722308), ('Crat', 0.6614991012945779), ('Zfp280c', 0.2281975668929053), ('Amz1', 0.0137067310431666), ('Nfkb2', 0.5537045956221219), ('Pth1r', 0.144016681601287), ('Ubqln2', 0.1921823802624751), ('Fam117b', 0.2673573737789794), ('Map3k1', 0.6939089281092691), ('Neurl1a', 0.3488465632833425), ('Ska1', 0.4602565657658312), ('Osbpl11', 0.6278785002431542), ('Rab11fip1', 0.2276208145903165), ('Rcor1', 0.3415696361020018), ('Lrrc8b', 0.1421122213127422), ('Alas1', 1.0052512632364137), ('Lysmd3', 0.672258701567148), ('Tex10', 0.3423086025548502), ('Rab39', 0.1348171658658656), ('Cdt1', 0.2332294535073659), ('Otud3', 0.1021633122955396), ('Trmt10b', 0.3994184905591559), ('Tnfaip3', 0.1863004836767757), ('Stxbp3', 0.2116179209283979), ('Satb2', 0.0984073371816301), ('Cog4', 0.1794176342409306), ('Eif3j1', 0.1802355952829449), ('Jade3', 0.1255008558247697), ('Uspl1', 3.4434673512891942), ('Rgs2', 0.1781447662191972), ('Tbc1d19', 0.1105545266043271), ('Stx11', 0.4208251755006488)]",3491
Stat1,transfac_pro__M01220,0.05005280393322743,3.172825924929262,0.000846,0.928477,gene is orthologous to ENSG00000115415 in H. sapiens (identity = 92%) which is annotated for similar motif factorbook__STAT1 ('STAT1'; q-value = 0.000846),"frozenset({'top50perTarget', 'activating', 'mm10_500bp_up_100bp_down_full_tx_v10_clust.genes_vs_motifs.rankings'})","[('Foxk2', 0.3354788842011842), ('P4ha1', 0.1601537826022966), ('Ago3', 0.349742579938389), ('Ehbp1', 0.3320034398027341), ('Pear1', 0.3240445690615116), ('Slc41a3', 0.2273482465124225), ('March8', 0.1736605039110577), ('1110004F10Rik', 0.1090202692159866), ('Nes', 0.0376114851535793), ('Cct4', 0.2225226010691799), ('Smc5', 0.2424428567044174), ('Cenpc1', 0.241208241081408), ('Nup153', 0.27568791794239), ('Dclk2', 0.1942776030965634), ('Ccdc149', 1.311959888103603), ('Appl1', 0.2511881756058213), ('Pitpnb', 0.2745426484061816), ('Slc25a36', 0.2356037873517411), ('Zbtb44', 1.1390121575380134), ('Srsf6', 0.390653575941179), ('Stat1', 1.0), ('Synj1', 0.6822065374218225), ('Slc29a1', 0.1988553465991803), ('Ino80d', 1.0293971276416984), ('Hist1h2bm', 0.6622139832968355), ('Birc2', 0.5039352876229536), ('Basp1', 0.1315207218915077), ('Smarca2', 1.2669174174647369), ('Nsmce4a', 0.2550798003574706), ('Clock', 0.5263756341582287), ('Rbck1', 0.2729579692863459), ('Map1lc3b', 0.0594373009761618), ('Zfp202', 2.577154921847748), ('Phip', 1.0453307249545214), ('Ttyh2', 0.212866556290555), ('Cops7a', 0.1387665319839992), ('Il17re', 0.0363224014661986), ('Ttpa', 0.046656564379897), ('Wipf2', 0.9296430462021184), ('Nop2', 0.7773295705880063), ('Peak1', 0.2858390205499955), ('Fut4', 0.1145296870751822), ('Dnm1l', 0.2983370882294973), ('Itsn2', 2.1317509789772933), ('Dusp3', 0.1832874243783065), ('Cd2ap', 0.1987061120137639), ('Mpdz', 0.3057370895504728), ('Trio', 0.9920363904279966), ('Hdac7', 0.9703899814879088), ('Atic', 1.5117747735013978), ('Ice1', 0.437290755892033), ('Hp1bp3', 0.2663056147960687), ('Golim4', 0.0977577612594705), ('Lats2', 0.884661916305914), ('Tomm70a', 0.4490598132441371), ('Casc3', 0.1401675983529455), ('Npdc1', 0.0742676819019473), ('Eif2ak4', 0.1902361217029919), ('Zfp24', 0.4090934617586061), ('Myo9a', 0.1700866046593213), ('Lrrc58', 0.2246776306749351), ('Tcf12', 0.2000688650655681), ('Pknox1', 0.5007144480206702), ('Klhl35', 0.6864282216736209), ('Slc25a37', 0.5509165834364274), ('Mturn', 0.2813519641660502), ('Hpdl', 0.0098118240928352), ('Trpc1', 0.1833911627603994), ('BC037032', 0.4866452689933578), ('Slc27a6', 0.2886651659600922), ('Ppp1r21', 0.243890836705907), ('Ifnar2', 0.1859521835460365), ('Hdac2', 0.2898898925607375), ('Mbd2', 0.1515157422815788), ('Idh3b', 0.4739793277976636), ('Fzd3', 0.5318663999326918), ('Clcn3', 1.696376216666528), ('Atp5j', 0.1710912316819636), ('Large1', 0.6742615674604018), ('Ilf3', 0.5671950209850533), ('Hltf', 0.4093910512866572), ('Rab3gap2', 0.6027484808699476), ('Telo2', 0.3271526187977752), ('Il6st', 0.0499555888475021), ('Capn7', 0.1784981851362244), ('Meis2', 0.3100987348711615), ('Fdxr', 0.278505021733596), ('Plekhh2', 1.538994118266647), ('Aprt', 0.0643803738582846), ('Cd177', 4.663096466436882e-07), ('Leng8', 0.1943570430976927), ('Diras2', 0.1920884020834648), ('Nono', 0.2282957587578406), ('Numa1', 0.8835118494649891), ('Ephb6', 0.3554688982135491), ('BC031181', 0.0790007373942304), ('Usp18', 0.0864107741333791), ('Grb14', 0.1922384196944154), ('Sulf2', 0.2706480215878563), ('Clu', 2.6246250280463217), ('Manea', 0.3428512430150804), ('Mettl7a1', 0.7526180318918108), ('Cep192', 0.5078045973938832), ('Slc39a8', 0.195758243634403), ('Gtf3c3', 0.4013950526549706), ('A930033H14Rik', 0.2686580765989336), ('Exog', 0.1631400311445917), ('Cenpw', 0.1458871458471046), ('Fip1l1', 2.429372507441943), ('Gm19705', 0.1415379206955333), ('Helz', 0.6561805960553359), ('Arhgap12', 1.1209926843132996), ('Mdm4', 1.0858146556339476), ('Dlg1', 0.3630469731796646), ('Slc26a1', 0.2608132317607779), ('Dcaf11', 0.4122237009550772), ('Dnajc13', 0.7889818768767414), ('Rnf103', 0.3279250567315231), ('Klf10', 0.1879696043361741), ('Tbc1d23', 0.3934577415658612), ('Dusp11', 0.3781790320368376), ('Tlcd1', 0.0903405990899364), ('Pqlc1', 0.6003961973952335), ('Sertad4', 0.1735204169090839), ('Map7', 0.6807018739237412), ('E2f7', 0.4241945670422899), ('Fam57b', 0.3005078839396619), ('Slc35a5', 0.177076107487426), ('Gsk3a', 0.2838102521937155), ('Scly', 0.2321513282392778), ('Pou2f1', 0.2553931941106898), ('Zfp358', 0.3132261274143925), ('Apbb1', 0.3004997373465662), ('Sh3pxd2b', 0.3619707589917358), ('Tcp11l2', 0.2610991169968918), ('Furin', 1.109177287340944), ('Cbx1', 0.1988879391497952), ('Ifitm10', 0.219581936607679), ('Igfbp7', 0.0300713859868539), ('Zfp598', 0.3753246229624335), ('Pla2g15', 0.3445320478990689), ('Inpp5f', 0.2654682241856711), ('C430049B03Rik', 0.2714867522910865), ('Eri3', 0.1207685105603535), ('Eepd1', 0.3469517293685045), ('Anks1b', 7.6176977776407e-09), ('Lrpprc', 0.2264553753660023), ('Rbm6', 0.3360444797512087), ('Bckdk', 0.1510617065387004), ('Akt2', 0.1287218375004959), ('Zfp597', 1.1042445047799905), ('Pdzd4', 0.2480842114671379), ('Timmdc1', 0.8340161272493047), ('Lats1', 0.2317111281330973), ('Csnk2a1', 0.5267893221128761), ('Pcgf3', 0.0785292726405892), ('Lrp4', 0.7365266907729442), ('Pitpnc1', 1.327899726560407), ('Ypel3', 0.239529737838755), ('Limd1', 0.18896770074073), ('Ints6', 0.432498321597805), ('Wdr44', 0.307313281847283), ('Paqr8', 0.7965211309468978), ('Samd10', 0.2051344678689359), ('Syt9', 0.0426677355177493), ('Slc6a2', 0.0145909539145769), ('Ddx5', 0.5320157561838889), ('Lyst', 0.6380628153356166), ('Edf1', 0.0502765501733042), ('Blmh', 0.2148475490980671), ('Aldh3a2', 1.4417456397382808), ('Rpe', 0.5336017065088766), ('Zbtb38', 0.1928662627769388), ('Icam2', 0.3355116142863036), ('Tspan13', 0.4246492251777773), ('E130311K13Rik', 0.5590197322805985), ('Bad', 0.1111776029132193), ('Men1', 2.13180388473211)]",4932
Tfap2a,transfac_pro__M00915,0.099889165973954,3.583099916173237,0.0,1.0,gene is directly annotated,"frozenset({'top50perTarget', 'activating', 'mm10_500bp_up_100bp_down_full_tx_v10_clust.genes_vs_motifs.rankings'})","[('Pold1', 0.1990926757032144), ('Pex7', 0.1788200753411253), ('Tfap2a', 1.0), ('Tbc1d22a', 0.2687254505377668), ('Mid2', 0.4347134228558397)]",582
Tfap2a,transfac_public__M00189,0.09381638496351713,3.293693263968425,0.0,1.0,gene is directly annotated,"frozenset({'top50perTarget', 'activating', 'mm10_500bp_up_100bp_down_full_tx_v10_clust.genes_vs_motifs.rankings'})","[('Tmem164', 0.5726187914586903), ('Zbtb8a', 0.0592454325367896), ('Mdm1', 0.2234221984492817), ('Hist1h4i', 0.7155654234688076), ('Pex7', 0.1788200753411253), ('Ifitm10', 0.7701943061412605), ('Tapbpl', 0.1688816638196491), ('Rnd1', 0.2662496838247716), ('Pold1', 0.1990926757032144), ('Zranb3', 0.0627299124723836), ('Prpsap2', 0.1987688715200811), ('Mid2', 0.4347134228558397), ('Tfap2a', 1.0), ('Krtdap', 0.2311001702291542), ('Nt5dc2', 0.38254799175016)]",4196
Zbtb7a,transfac_pro__M04845,0.05013429575140875,3.47519978042696,0.0,0.891037,gene is orthologous to ENSG00000178951 in H. sapiens (identity = 89%) which is directly annotated for motif,"frozenset({'top50perTarget', 'activating', 'mm10_500bp_up_100bp_down_full_tx_v10_clust.genes_vs_motifs.rankings'})","[('Zbtb7a', 1.0), ('Plppr2', 0.1188657369242879), ('Hdgf', 0.4839271946951822), ('Dleu2', 0.3404262471323971), ('Nfatc1', 0.4403032336504202), ('H2afv', 0.1556316978538721), ('C3', 0.0618645959979372), ('Galnt9', 0.1629592015749422), ('Sypl', 0.1195551305932185), ('Mocos', 0.2071153052752695), ('Stk39', 0.4729454152719458), ('Unc13b', 0.3733178400862501), ('Nr2f1', 0.1139060354772209), ('Orm1', 0.5625161984942727), ('Tgfbr2', 0.0549851365410951), ('Cdc42se1', 0.3383666190363488), ('Herpud1', 0.4981325271340761), ('Snx27', 0.198954479348352), ('Clic4', 0.1759819103038234), ('Sec63', 0.1913428338264366), ('Map4k5', 1.7142132462321595), ('Hnrnpf', 0.2824622677504823), ('Kmt5a', 0.3032778924575794), ('Dpy19l1', 0.6665543660664416), ('Sh2b3', 0.5154115862256262), ('Brd4', 0.1491658301761475)]",190
Zfp110,transfac_pro__M01858,0.04949996954029426,3.3127224552696033,0.000594,0.424279,"gene is orthologous to ENSG00000171606 in H. sapiens (identity = 42%) which is annotated for similar motif dbcorrdb__ZNF274__ENCSR000EVG_1__m3 ('ZNF274 (ENCSR000EVG-1, motif 3)'; q-value = 0.000594)","frozenset({'top50perTarget', 'activating', 'mm10_500bp_up_100bp_down_full_tx_v10_clust.genes_vs_motifs.rankings'})","[('Snrpe', 0.1155885570612053), ('Sytl2', 0.3247571077403548), ('Pcdhb8', 0.0275785666202637), ('Tnks', 1.4065038214423466), ('Phyh', 0.2101763124474276), ('Atp6v0b', 0.286546981859431), ('Il4i1', 0.0406573464424132), ('Atf7ip', 0.508201847736098), ('Chrna1', 0.6643679854706921), ('Gnal', 0.2602900077055333), ('Ccdc103', 0.5741307970769198), ('Ism1', 0.5540977252077285), ('Pank3', 0.4306921683848044), ('Gm10037', 0.4806910827972633), ('Suds3', 0.3160117350431517), ('Rdx', 0.2078803879503514), ('Asf1b', 8.712697990152057e-09), ('Atcayos', 0.0394826601270815), ('Hdac7', 1.6801711063655247), ('Cbr2', 0.2235263221642282), ('Cnot10', 2.6778997217021034), ('Zfp13', 0.1842128647450955), ('Ppfia1', 0.195150094571929), ('Cep85', 0.3006133529246793), ('Mov10', 0.3383846987750663), ('Cep350', 0.1479129307478407)]",628
Bach2,tfdimers__MD00530,0.061178482587064674,3.064603625361366,0.0,0.902265,gene is orthologous to ENSG00000112182 in H. sapiens (identity = 90%) which is directly annotated for motif,"frozenset({'weight>75.0%', 'activating', 'mm10_10kbp_up_10kbp_down_full_tx_v10_clust.genes_vs_motifs.rankings'})","[('Anln', 1.6037147899780115), ('Nup54', 0.5238330772104403), ('Gtpbp1', 0.580544139774098), ('Rab33a', 0.7518055619831229), ('Pex10', 0.7404608990892432), ('Ogfr', 0.4484589831678703), ('Rnf144b', 0.4342730920311315), ('Aldh3a2', 0.4394440891190281), ('Cnot7', 0.5481199114721902), ('Tpd52', 0.577526235242592), ('Asxl3', 0.7846151982531503), ('Osbpl1a', 0.4171379065294643), ('Aff2', 0.6199979779539173), ('Entpd5', 0.7174580312364848), ('Klhl36', 3.663144022665942), ('Deaf1', 1.0402289957759947), ('Plcd3', 1.3111839442832942), ('Fryl', 0.6800024383991644), ('Fmn1', 1.99868229545878), ('Tarsl2', 0.5053536700445764), ('Epb41', 1.8765619951407877)]",1206
Elf4,hdpi__ELF2,0.07115194739213375,3.1376077645434153,0.00019,1.0,"gene is annotated for similar motif cisbp__M0706 ('Elf1[gene ID: ""ENSMUSG00000036461"" species: ""Mus musculus"" TF status: ""inferred"" TF family: ""Ets"" DBDs: ""Ets""]; Elf4[gene ID: ""ENSMUSG00000031103"" species: ""Mus musculus"" TF status: ""direct"" TF family: ""Ets"" DBDs: ""Ets""]'; q-value = 0.00019)","frozenset({'weight>75.0%', 'activating', 'mm10_10kbp_up_10kbp_down_full_tx_v10_clust.genes_vs_motifs.rankings'})","[('Ier3ip1', 0.4026000543186347), ('Lcmt1', 0.4828493634360986), ('Katnbl1', 0.576164771874948), ('Ints4', 0.3941056031535927), ('Piezo2', 1.277338311031163), ('Ttr', 0.9813093382182888), ('Lrp1b', 0.4287913743325559), ('Nwd2', 0.6156758282216565), ('Snhg14', 0.925815546706772), ('Vezt', 0.4328062880447156), ('Rbx1', 0.4082239322869527), ('Hnrnph1', 0.4244417838842832), ('Slc24a4', 0.8614914799815477), ('Fam234a', 1.610138034851033), ('Cndp2', 0.7092609186339981), ('Ptprf', 0.4140849858390515), ('Mtmr3', 0.6154396797556366), ('Myrf', 0.4132672938899539), ('Smc2os', 0.4827542478709712), ('Kremen1', 0.4495396400244892), ('Chd9', 0.4752690546800433), ('Mcc', 0.8188796556989288), ('Tulp1', 3.613708045312952), ('Klf16', 0.7633170918323375), ('Prdm10', 0.4465507471966325), ('Prpf8', 0.5752613126835551), ('Fancd2', 0.4161722460959098), ('Rtf1', 0.3972918255705486), ('Phf19', 0.4609153913589875), ('Ddx56', 0.4997896319742114), ('Rbm22', 0.4132257736566606), ('Wif1', 0.7052074534498038)]",1709
Elk1,taipale_tf_pairs__ELK1_PAX1_RSCGGAACYACGCWYSANTG_CAP,0.0788472169069184,4.108975143910964,0.0,0.85514,motif is annotated for orthologous gene ENSG00000126767 in H. sapiens (identity = 85%),"frozenset({'weight>75.0%', 'activating', 'mm10_10kbp_up_10kbp_down_full_tx_v10_clust.genes_vs_motifs.rankings'})","[('Dnajc24', 0.7771658379199772), ('Sos1', 0.4641352386713312), ('Asah1', 0.5490437721404291), ('Yes1', 1.5528753132473303), ('Usp40', 0.7192232099407616), ('Ago3', 0.5239709591160947), ('Edem1', 0.9541161307836786), ('Fbxo30', 1.0919227030889662), ('Zfp644', 0.643282999587429), ('Pum3', 0.7295265281688115), ('Tmod2', 1.2434448902488655), ('Dnm1l', 1.843087094992828), ('Irf2bp2', 0.6904842695706394), ('Kmt5b', 0.3921830235404948), ('Dnajc16', 0.6053684439053844), ('Ccdc34', 0.5352069923529014)]",801
Elk1,taipale_tf_pairs__ELK1_PAX5_RSCGGAACYACGCWYSANTG_CAP_repr,0.08038865501552069,4.235796241515189,0.0,0.85514,motif is annotated for orthologous gene ENSG00000126767 in H. sapiens (identity = 85%),"frozenset({'weight>75.0%', 'activating', 'mm10_10kbp_up_10kbp_down_full_tx_v10_clust.genes_vs_motifs.rankings'})","[('Rc3h2', 0.6587462698867038), ('Fbxo30', 1.0919227030889662), ('Yes1', 1.5528753132473303), ('Galnt13', 0.4377674578355483), ('Pcgf3', 0.4053763864797647), ('Slmap', 0.4018315070461916), ('Atxn7', 0.4208974023911017), ('Gpr63', 0.4919763742825106), ('Rap2b', 0.9247246426430068), ('Mtmr9', 2.0838199119842216), ('Edem1', 0.9541161307836786), ('Rbm17', 0.3922425628596796), ('Ogdh', 0.5854206448233448), ('Zfp644', 0.643282999587429), ('Has2os', 0.7106383485506571), ('Prkaa1', 0.5029871013192623), ('Tdrd3', 1.742180133617642)]",970
Elk1,taipale_tf_pairs__ELK1_PAX9_RSCGGAACYACGCWYSANTG_CAP,0.07487668495131182,3.78230148904767,0.0,0.85514,motif is annotated for orthologous gene ENSG00000126767 in H. sapiens (identity = 85%),"frozenset({'weight>75.0%', 'activating', 'mm10_10kbp_up_10kbp_down_full_tx_v10_clust.genes_vs_motifs.rankings'})","[('Pdlim2', 0.876790492701352), ('Sos1', 0.4641352386713312), ('Pelo', 1.079195843805551), ('Prkaa1', 0.5029871013192623), ('Armcx1', 0.465180664177207), ('Rps6ka1', 0.5342997364198864), ('Slc25a38', 0.5185438815379105), ('E2f1', 0.6235609943559797), ('Mtmr9', 2.0838199119842216), ('Slmap', 0.4018315070461916), ('Mroh5', 0.4583753247945354), ('Pik3cd', 1.0913646393914689), ('Pdss2', 0.7628273616597019), ('Hnrnpr', 1.007221601045801), ('Usp2', 0.673502840662993), ('Dnajc24', 0.7771658379199772), ('Ppp1r18', 1.0226525516329277), ('Galnt13', 0.4377674578355483), ('Zfp644', 0.643282999587429)]",1013
Elk1,taipale_tf_pairs__FOXO1_ELK1_TGTTGCCGGANNN_CAP,0.07233596972402942,3.573265335065534,0.0,0.85514,motif is annotated for orthologous gene ENSG00000126767 in H. sapiens (identity = 85%),"frozenset({'weight>75.0%', 'activating', 'mm10_10kbp_up_10kbp_down_full_tx_v10_clust.genes_vs_motifs.rankings'})","[('Fbxo30', 1.0919227030889662), ('Cbfb', 2.685607747414976), ('Yes1', 1.5528753132473303), ('Prkaa1', 0.5029871013192623), ('Pdss2', 0.7628273616597019), ('Rbm17', 0.3922425628596796), ('Edem1', 0.9541161307836786), ('Sos1', 0.4641352386713312), ('Atxn7', 0.4208974023911017), ('Slmap', 0.4018315070461916), ('Saxo2', 2.814390839583833), ('Tdrd3', 1.742180133617642), ('Rap2b', 0.9247246426430068), ('Zfp644', 0.643282999587429), ('Ap3m1', 1.200576339872922), ('Kmt5b', 0.3921830235404948), ('Dennd1b', 0.4387803443903938), ('Slc30a1', 0.5589424477794966), ('Tmem87b', 1.1326749079197076), ('Ago3', 0.5239709591160947), ('Hspb11', 0.8070475983056667), ('Hnrnpr', 1.007221601045801), ('Ogdh', 0.5854206448233448), ('Pum3', 0.7295265281688115), ('Kif2a', 2.577239747043435), ('Sf3b1', 1.236041592562343), ('Asah1', 0.5490437721404291), ('Edem3', 1.5760263045685288), ('Gclm', 0.6963376445585806), ('Ckap5', 1.1010195726258216), ('Mcur1', 1.1818870203079568), ('Phf21b', 0.6906924687454795), ('B230208H11Rik', 0.4314325846138515), ('Unc13b', 0.920245922023933), ('Snrpa1', 0.4039949455132867), ('Rc3h2', 0.6587462698867038), ('Dnajc24', 0.7771658379199772), ('Dnajc16', 0.6053684439053844), ('Ggcx', 0.634510493815645), ('Vps13c', 1.3639961884875156), ('Pan3', 1.3635485717063398), ('Hoxd8', 0.6472261917465679), ('Usp2', 0.673502840662993), ('Dnm1l', 1.843087094992828), ('Gpr63', 0.4919763742825106), ('Arl6ip1', 0.5319227742950823), ('Eaf1', 1.186228318992208), ('Acadm', 0.499976632191837), ('Trim25', 0.7924773644809103), ('Creg1', 0.5836211732552348), ('Antxr2', 0.4321050370204074), ('Pm20d1', 0.4441240580457228), ('Dld', 1.2761253373610086)]",3690
Foxo1,tfdimers__MD00090,0.06204924987465772,3.2294574355954433,0.0,0.930982,gene is orthologous to ENSG00000150907 in H. sapiens (identity = 93%) which is directly annotated for motif,"frozenset({'weight>75.0%', 'activating', 'mm10_10kbp_up_10kbp_down_full_tx_v10_clust.genes_vs_motifs.rankings'})","[('Tmem181a', 0.4022973810980498), ('Adap2', 0.5197548120323898), ('Nr2f1', 1.583797977801239), ('Cdc45', 0.4990424279293474), ('Ndnf', 1.188022660964564), ('Spast', 0.7928409410485941), ('Dysf', 0.41105088326344), ('Tmem52', 0.6603211814704493), ('Ccdc3', 0.4343420925449992), ('Lsm14b', 0.6887959045293804), ('Syn1', 0.4684010516625532), ('Ormdl1', 0.4698863219313429), ('Sec1', 0.9076841398213392), ('D630033O11Rik', 0.6227427286481343), ('Hhipl2', 0.4117050410765718), ('2010300C02Rik', 0.7697739574918192), ('Itih4', 1.151380236184233), ('4930506C21Rik', 0.502439655409923), ('Nedd4', 0.5326894289146011)]",1085
Gm14305,transfac_pro__M06479,0.0631530693416387,3.5404587759618242,0.0,0.454128,motif is annotated for orthologous gene ENSG00000181896 in H. sapiens (identity = 45%),"frozenset({'weight>75.0%', 'activating', 'mm10_10kbp_up_10kbp_down_full_tx_v10_clust.genes_vs_motifs.rankings'})","[('Prtg', 0.8093932088363466), ('9530026P05Rik', 0.9415988538196892), ('Car13', 0.4104176822110972), ('Scg3', 0.4246121484292977), ('Zfp341', 0.5707979311559319), ('Sox13', 0.6997297208224206), ('Ttc25', 0.6179905210837101), ('Sipa1l2', 1.3342407319362644), ('9430037G07Rik', 0.9742397159990712), ('Zfat', 0.7589540876796116), ('2510002D24Rik', 0.4606741332184749), ('Homez', 1.7649965919703463), ('Gins1', 0.4695973288603955)]",1046
Hoxb2,taipale_tf_pairs__HOXB2_TBX21_NAGGTGNTAATKR_CAP,0.07842899324515633,3.6106776148833557,0.0,0.80791,gene is orthologous to ENSG00000173917 in H. sapiens (identity = 80%) which is directly annotated for motif,"frozenset({'weight>75.0%', 'activating', 'mm10_10kbp_up_10kbp_down_full_tx_v10_clust.genes_vs_motifs.rankings'})","[('Mcm3', 1.4104608659040574), ('Chaf1a', 0.4929213012919721), ('Siah1b', 0.8492379173532438), ('Cenpk', 2.0476139144009697), ('Gins1', 0.8421640527155907)]",852
Hoxb2,taipale_tf_pairs__HOXB2_TBX3_AGGTGTTAATKN_CAP,0.07624479229866926,3.482293531409679,0.0,0.80791,gene is orthologous to ENSG00000173917 in H. sapiens (identity = 80%) which is directly annotated for motif,"frozenset({'weight>75.0%', 'activating', 'mm10_10kbp_up_10kbp_down_full_tx_v10_clust.genes_vs_motifs.rankings'})","[('Mcm3', 1.4104608659040574), ('Cenph', 0.6042559303005863), ('Slfn9', 2.398512258648213), ('Zfp157', 0.4133387211623084), ('Rpa2', 0.899103217511868), ('Gmnn', 2.358349797194842), ('Mcm5', 3.696547479001084), ('Ung', 0.6525658093715033), ('Chaf1a', 0.4929213012919721)]",2105
Hoxd10,hocomoco__HXD12_HUMAN.H11MO.0.D,0.12129353233830846,3.1560924684873193,9.5e-05,1.0,"gene is annotated for similar motif cisbp__M1045 ('HOXA11[gene ID: ""ENSG00000005073"" species: ""Homo sapiens"" TF status: ""inferred"" TF family: ""Homeodomain"" DBDs: ""Homeobox""]; HOXB9[gene ID: ""ENSG00000170689"" species: ""Homo sapiens"" TF status: ""inferred"" TF family: ""Homeodomain"" DBDs: ""Homeobox""]; HOXC9[gene ID: ""ENSG00000180806"" species: ""Homo sapiens"" TF status: ""inferred"" TF family: ""Homeodomain"" DBDs: ""Homeobox""]; Hoxb9[gene ID: ""ENSMUSG00000020875"" species: ""Mus musculus"" TF status: ""inferred"" TF family: ""Homeodomain"" DBDs: ""Homeobox""]; Hoxd10[gene ID: ""ENSMUSG00000050368"" species: ""Mus musculus"" TF status: ""direct"" TF family: ""Homeodomain"" DBDs: ""Homeobox""]; NP_032296.2[gene ID: ""NP_032296.2"" species: ""Mus musculus"" TF status: ""inferred"" TF family: ""Homeodomain"" DBDs: ""Homeobox""]'; q-value = 9.45e-05)","frozenset({'weight>75.0%', 'activating', 'mm10_10kbp_up_10kbp_down_full_tx_v10_clust.genes_vs_motifs.rankings'})","[('Ass1', 0.486674272176381), ('Prdm10', 2.428601742853641), ('Tnmd', 0.5783720047961007), ('Sox6', 1.0773221283758725), ('Flad1', 0.5759088756381622)]",722
Hoxd10,transfac_pro__M07456,0.13399668325041458,3.6026214505547256,0.0,1.0,gene is directly annotated,"frozenset({'weight>75.0%', 'activating', 'mm10_10kbp_up_10kbp_down_full_tx_v10_clust.genes_vs_motifs.rankings'})","[('Sox6', 1.0773221283758725), ('Hoxd10', 1.0)]",39
Hoxd11,taipale_cyt_meth__CDX2_NRTCGTAAAN_eDBD,0.06971695827976224,3.0663528585520763,0.000661,1.0,"gene is annotated for similar motif cisbp__M1026 ('HOXA11[gene ID: ""ENSG00000005073"" species: ""Homo sapiens"" TF status: ""inferred"" TF family: ""Homeodomain"" DBDs: ""Homeobox""]; HOXC9[gene ID: ""ENSG00000180806"" species: ""Homo sapiens"" TF status: ""inferred"" TF family: ""Homeodomain"" DBDs: ""Homeobox""]; Hoxd11[gene ID: ""ENSMUSG00000042499"" species: ""Mus musculus"" TF status: ""direct"" TF family: ""Homeodomain"" DBDs: ""Homeobox""]'; q-value = 0.000661)","frozenset({'weight>75.0%', 'activating', 'mm10_10kbp_up_10kbp_down_full_tx_v10_clust.genes_vs_motifs.rankings'})","[('Serpina3m', 0.4085817141227574), ('Tbx4', 1.355911877789212), ('Adgrv1', 4.1708586499760125), ('Tk1', 1.334312599214835), ('Tgds', 0.6335449479442963), ('Bcl6', 0.7848565715867049), ('Cdc42bpg', 0.534180080433551), ('Zfp740', 1.1930510751515178), ('Dbf4', 0.7213269792352597), ('Mab21l2', 0.4913748206123423), ('Arih2', 0.7392663944277265), ('Acvr2b', 0.4933498163853317), ('Zcchc4', 0.8581554178047929), ('Ankrd26', 1.6738641867034827), ('Fmnl1', 1.1813251625829493), ('Ankrd6', 3.991522296862529), ('Bhlhb9', 1.6071841993808973), ('Prim2', 0.4957446520961714), ('Arsg', 0.5835396372334587)]",2249
Klf3,transfac_pro__M07461,0.07126336256803324,3.274039206114658,0.0,1.0,gene is directly annotated,"frozenset({'weight>75.0%', 'activating', 'mm10_10kbp_up_10kbp_down_full_tx_v10_clust.genes_vs_motifs.rankings'})","[('Zfx', 1.1619329676023642), ('Kmt2e', 0.4605615173720359), ('Atp2b1', 0.9052015048766608), ('Rdx', 1.192681980761774), ('Shoc2', 0.4945514289386146), ('Hivep2', 1.1380687164703516), ('Taok1', 0.454341937360528), ('Mef2a', 0.5134863794678595), ('Fhl1', 0.8199394672819021), ('Afdn', 0.9398875612942552), ('Creb1', 0.5318165251406174), ('Cnot6', 0.4475326500487608), ('Ppp3cb', 0.6695525686227085), ('Adnp', 0.5005983151819423), ('Klhl15', 0.9610061256683176), ('Ap1s2', 0.5683227317776746), ('Fam168a', 0.8877955506094644), ('Dab1', 0.6870180547884948), ('Msi2', 0.7454293261835963), ('Tob1', 0.7094627453370503), ('Ctcf', 1.213942998298326), ('Crnde', 2.6905479943090684), ('Ap1g1', 0.4553903153038529), ('Sgms1', 0.8730834531120465), ('Rora', 0.5116703498278187), ('Ugp2', 0.6651850129068542), ('Sptan1', 1.8244666563466017), ('Smim14', 0.5609937604680922), ('Manea', 0.6336190598683101), ('Fign', 0.5679353713367417), ('Kdm2a', 1.391061463038355), ('Ppp2r5e', 0.9284279016834768), ('Fyn', 0.774794206528797), ('Fbxl3', 0.4242552314613739), ('Lats1', 0.8087332288168124), ('Ube2w', 0.6522508861382345), ('Rnf2', 1.122304684714123), ('Fam126a', 1.0504947701920555), ('Klf3', 1.0), ('Aplp2', 0.3981398048360114), ('Zeb1', 0.582520760117872), ('Ankib1', 0.8782569229992301), ('BC005537', 0.8709613819318438), ('Cab39', 0.7794404706710394), ('Hectd1', 0.7144370871224894), ('Arhgap29', 0.9624076512985548), ('Cadm3', 0.4769080745073669), ('Capza2', 0.9901399964381744), ('Rock2', 1.7219435468321158), ('Abi1', 0.7942774785512048), ('Hbp1', 1.4038748567045096), ('Arhgef28', 0.5334965745391185), ('Golim4', 0.5554889347694824), ('Taf15', 0.7344795412897895), ('Rab6a', 0.7919511854747551), ('Fryl', 0.7402798524623972), ('Lamc1', 0.51818926121155), ('Cux1', 0.4119092713276939), ('Tmcc1', 0.4078059518900074), ('Zdhhc21', 0.716087429789634), ('Vcan', 0.5749750932840879), ('Gcnt4', 0.4105006544492856), ('Wwp1', 1.1596138115825314), ('Herc1', 0.4547693314745301), ('Zzz3', 0.5035958801853366), ('Atg4c', 0.486858498437885), ('Adam10', 1.4812079489754606), ('Lysmd3', 0.3990948322568318), ('Dock7', 0.9612862103810744), ('Zmym4', 0.5918973461827474), ('Top2b', 0.4177339851015691), ('Rasal2', 0.7739269924587201), ('Mga', 0.5230813028561371), ('Ranbp2', 0.5872273547404954), ('Wipf1', 0.4445022326469374), ('Rap1b', 0.3938799322627443), ('Zdbf2', 0.5243863045502327), ('Gapvd1', 0.5785108082382419), ('Rnf13', 0.7875445606958212), ('Pi4kb', 1.6020661922473205), ('Lrrc8c', 0.5568436527418272), ('Rap1a', 0.8962124621902847), ('Akap11', 1.4521133282602356), ('Ubr5', 1.0252109642581348), ('Asap2', 0.549755083703951), ('Gng4', 0.4486071215875489), ('Pde10a', 0.6395949980963261), ('Kctd9', 1.2089784596101694), ('Spata6', 0.7195076578430962), ('Inpp1', 1.5107912954706473), ('Sec63', 1.6199022230477798), ('Klf4', 0.6449207190417465), ('4833418N02Rik', 0.9175234442188672), ('E4f1', 0.5366978654507246), ('Lmbrd2', 1.2657097160454416), ('Acvr1b', 0.4026137381420668), ('Utrn', 0.450966919803014), ('Ptpra', 0.8279476922032424), ('Sema3c', 0.777007519166963), ('Cacnb2', 1.533866478581583), ('Pdgfc', 0.5402894935895428), ('Arf3', 0.4808770633943441), ('Pgrmc2', 0.4113942772480944), ('Fgf14', 0.7613339897044235), ('Ntn4', 0.6529991430958388), ('Wapl', 0.75431638421803), ('Aco1', 0.9356778087138266), ('1700019D03Rik', 0.5490707955682538), ('Nek1', 0.5371318596348393), ('Phldb1', 0.5441392913211601), ('Daam1', 0.4453212487915976), ('Map3k7', 0.7061127005649397), ('Lrrc8d', 0.4349150964847139), ('Mef2d', 0.672306635773819), ('Dnajc10', 0.768608755710774), ('Mecp2', 0.7091332009301189), ('Twsg1', 1.1772776592324594), ('Itpr1', 0.624668373310223), ('Cyld', 1.466663336530946), ('Ammecr1', 0.7997590891030034), ('Abhd5', 0.4080640918556135), ('Slc7a14', 0.4147717144994426), ('Dag1', 0.4969897977085181), ('Fam160a2', 0.8643291482038329), ('Btbd1', 0.4164231666818405), ('Dcbld2', 1.0853365964700918), ('Uap1', 1.0122318100782222), ('Asap1', 0.7547410499946059), ('Cast', 0.7474043957039224), ('Smurf1', 0.4138591817485008), ('Diaph1', 0.4301055274946326), ('3110056K07Rik', 1.591444230140728), ('Fstl1', 0.3934912982627246), ('Apbb1ip', 0.7656976219394007), ('Prkaa1', 0.5015916281319714), ('Tmcc3', 0.7698081493959386), ('Gbe1', 1.7924610043667917), ('Cobll1', 1.459602854430604), ('Prrc1', 1.1853206141777852), ('Chst15', 1.529243912241589), ('Ccdc90b', 0.6007684743607397), ('Tbc1d12', 0.7151092391822252), ('Itgav', 0.9553761376677736), ('Sltm', 0.7467046880029309), ('Glul', 0.434009308775671), ('Arhgap42', 2.002359644209617), ('Zdhhc20', 0.7414106484910639), ('Osbpl3', 2.236882864066678), ('Eif4g1', 0.903383806669825), ('Wnk1', 0.849166756494802), ('Vps13a', 0.4227735318249029), ('D5Ertd579e', 1.9139698902769835), ('Lzts3', 1.9558886184304676), ('Prss23', 0.4983953890235643), ('Ppp1cb', 0.8555203937762772), ('Kcnd3', 0.6002300016578419), ('Pcgf3', 0.5024811971887813), ('Dync1i2', 0.6091835051889788), ('Cep192', 0.5169697351839976), ('Rara', 0.5172759644901395), ('Snai2', 0.4165355079755378), ('Dst', 0.5804952044701394), ('Ccdc50', 1.127701652535419), ('Anxa7', 0.4029085615176269), ('Kras', 1.8970434960744944), ('Klhl12', 1.336917160951714), ('Rab5b', 0.7722686701973928), ('Styx', 0.4659131859558585), ('Phf3', 0.6953926054092222), ('Golga5', 1.2648450611649524), ('Agpat4', 1.0602047052543169), ('Ahnak', 1.6741477082744003), ('Dhcr24', 0.6344829312218802), ('Ipo13', 1.135854304937937), ('Pitrm1', 0.8952291269813445), ('Lrch3', 0.7655163808050175), ('Nptn', 1.09796650769047), ('Tmem65', 0.5597708889480666), ('Clic4', 0.8529879572803969), ('Slco3a1', 1.109847493590158), ('Gpat4', 0.517724918548228), ('Hdac4', 0.7868434950673231), ('Micu3', 1.5368800693184177), ('Gfod2', 0.6451433572114964), ('Setx', 0.6585685006160575), ('Slk', 0.5239818549060421), ('Cxxc5', 1.6924002738542352), ('Pmp22', 0.4056673140683088), ('Sik3', 0.4550442382748432), ('Rab23', 0.4685232827576505), ('Ttc9', 0.5563868979660344), ('Foxo6', 0.6946998037770391), ('Trpc1', 1.874497725283773), ('Adcy7', 0.4827310021559652), ('Fermt2', 0.6222094121294746), ('Tmem9b', 0.6682032254037699), ('Camsap2', 1.80509274725), ('Ccdc186', 0.4226223017812905), ('Rnf144b', 0.453393364558227), ('Chst3', 0.6104724954076742), ('Trio', 0.8950568421810718), ('Asah1', 0.8160598775383584), ('Cyfip2', 0.4238040739015989), ('Lrp10', 0.6375470780127246), ('Sav1', 0.6691015737616895), ('Arhgef10', 0.3945639129826104), ('Pde8a', 1.012240791124072), ('Samhd1', 1.804656284312212), ('Ltbp1', 1.407744936105614), ('Kif5b', 1.0457069936008154)]",3917
Klf4,transfac_pro__M07461,0.06202874516307352,3.285300783824407,0.0,1.0,gene is directly annotated,"frozenset({'weight>75.0%', 'activating', 'mm10_10kbp_up_10kbp_down_full_tx_v10_clust.genes_vs_motifs.rankings'})","[('Dtna', 0.5662309510549572), ('Stag1', 0.4055962440180448), ('Cnot6', 0.6882417480147318), ('Epb41l4a', 0.6332915693739111), ('Tob1', 1.8090281955473595), ('Irx5', 0.7904451327784621), ('Katnbl1', 0.4123891290189435), ('Rora', 1.3755924582608652), ('Has2', 1.9090438244218677), ('Errfi1', 0.7720902921778905), ('C1galt1', 0.4551786941353577), ('Adamts19', 0.4550234788044832), ('Arl4a', 0.6676087351853766), ('Gprasp2', 0.5202586395704083), ('Kdm7a', 1.0642723253539763), ('Map3k3', 0.5642567190446001), ('Klf3', 0.4073803409752916), ('Snca', 0.8869541374795151), ('Rnf19a', 0.8216792178354491), ('Bhlhe40', 0.697793312065182), ('Eps15', 0.9064128633860368), ('Cab39', 0.7840662551342867), ('Rbms1', 0.7071397565735197), ('Tmeff2', 0.3970135040188019), ('Sv2c', 0.4798518383908354), ('Cadm3', 1.1494315581639432), ('Rock2', 0.7392222276140756), ('Abi1', 0.8651667984934249), ('Ndel1', 1.1888982864322095), ('Ypel2', 2.8693276003536665), ('Cntn1', 0.7993686821731467), ('Slc6a15', 0.4601601880099491), ('Rnf13', 2.3492976290219665), ('Ugdh', 3.585964336859503), ('Dnaja1', 0.6550219134885701), ('Rtn3', 0.7933188523505337), ('Klf4', 1.0), ('Tsc22d3', 0.6715778525539954), ('Dlx6os1', 0.6147343049330534), ('Aco1', 0.5075217220890778), ('1700019D03Rik', 0.3944052053699992), ('Pard3', 0.6007738274638073), ('Klf6', 0.9584004754245627), ('Smurf2', 0.9189073133744606), ('Zhx2', 0.4303530320131339), ('Elk4', 0.4222177984217672), ('Slc7a14', 0.4141018813485445), ('Csgalnact2', 0.51632533669606), ('Fgf13', 0.6514876825560891), ('Optn', 0.4649050730841943), ('Npr3', 0.5440905129372681), ('Cgn', 0.4809144124798216), ('Heca', 0.8887548882088792), ('Glul', 0.5738786323415788), ('Hes1', 0.9468162604294306), ('Cxxc4', 0.6146852043224753), ('Celf2', 0.4270905322829099), ('Car3', 0.5007763055985933), ('Ptbp3', 0.7895070683549016), ('Mtrf1', 0.4285105817899481), ('2500004C02Rik', 0.9646896896467088), ('Bmp2k', 1.5491072114311597), ('Slc18a1', 0.6621189284370325), ('Map3k8', 0.6171826180663217), ('Cdc7', 0.4431295859530794), ('Ahnak', 0.4354531135891354), ('Fam102b', 0.9247801029171738), ('Nabp1', 0.5053787627846994), ('Prnp', 1.0815437501341212), ('Rhob', 0.8479677379614791), ('Tcf7l1', 0.7539902457408724), ('Klf13', 1.3226150182270635), ('Hdac4', 1.073052585929689), ('Gfod2', 0.6958562812214492), ('Gpr45', 1.614733652955768), ('Eri1', 0.8573515210510166), ('Pmp22', 0.8196633892711434), ('Capn5', 1.0566835533027388), ('Pcolce2', 0.8845719153843946), ('B230208H11Rik', 0.6557909755720849), ('Maff', 0.8579810622242318), ('Samhd1', 0.4419410084358959), ('Ltbp1', 1.6218358558020547), ('Areg', 0.3931489394187011), ('Gnai1', 0.4162816010814719), ('Fgf18', 1.3238209433452863), ('Reep3', 0.4250200124712445), ('Pabpc5', 0.5192666462417286), ('Creb5', 0.5032099421362268), ('Stim1', 0.5601667273624485), ('Arhgef15', 0.5146733767219529), ('Chaf1b', 0.3959570133748568), ('Ccpg1', 1.1226460155483473), ('Stk32b', 1.6370868892622206), ('Zcchc24', 0.4196412731630292), ('Dyrk2', 1.914279366862444), ('Gprc5b', 0.7583883850268074), ('Rbm48', 0.4115174242555204), ('Arhgap27', 0.6275509863585682), ('Ctdsp2', 0.5802283822803376), ('Bid', 0.7535267961121447), ('Slc6a20a', 0.6972841580455936), ('Fgr', 0.3947564666547596), ('Tob2', 0.4306701665348477), ('Plpp3', 1.98257578224525), ('C1ql1', 0.4717993504447395), ('Gap43', 0.8030861333402126), ('Taf4', 0.4530686682004139), ('Hoxb9', 0.5727761744179702), ('Ina', 0.7741616684958279)]",4951
Klf9,transfac_pro__M07461,0.08612449563207585,3.6718962529919548,0.0,0.967213,gene is orthologous to ENSG00000119138 in H. sapiens (identity = 96%) which is directly annotated for motif,"frozenset({'weight>75.0%', 'activating', 'mm10_10kbp_up_10kbp_down_full_tx_v10_clust.genes_vs_motifs.rankings'})","[('Mbd5', 1.0980488625725564), ('Tiparp', 1.3218221343355874), ('Nr3c1', 1.5774520956262672), ('Rc3h1', 1.0549806841995994), ('Man1a', 0.4892346995158838), ('Klhl24', 0.6587489260560153), ('Atxn2', 0.777180850345201), ('Tbl1x', 1.2474446558833043), ('Dleu2', 0.7799102120319221), ('Zfand5', 0.9084393153230153), ('Tsc22d2', 0.8699657691262371), ('Dse', 0.396673817785788), ('Jak2', 0.6778185921204363), ('Bmpr1a', 1.1181002109398837), ('Tet2', 0.4954758689977967), ('Sertad2', 0.5072249434081431), ('Tle1', 0.659067102894606), ('Xiap', 0.6529301635632565), ('Tra2b', 0.4843748191874204), ('Numb', 0.492505151023926), ('Epb41l2', 0.6106655957769818), ('Elf2', 0.8798674344144617), ('Fgf12', 0.4479112793228653), ('Elavl2', 0.6359389448941571), ('Cul2', 3.078713882498713), ('Ino80d', 1.0688614989857916), ('Camk2d', 1.4614595000361996), ('Rsf1', 0.7858518868380266), ('Wac', 0.4361621001044623), ('Foxp1', 0.9697505192502036), ('Skil', 1.552654782239787), ('C030037D09Rik', 0.4145697834263628), ('Arl4a', 1.3492233382734542), ('Rab11fip2', 0.5704868284200213), ('Gli3', 0.4441097271515232), ('Nox4', 1.0529003556736545), ('Nfia', 0.581360749119397), ('Mamld1', 0.4324274986804234), ('Irs2', 0.3949822975485945), ('Kdm7a', 1.3377114315860426), ('Zbtb2', 2.22334545895243), ('Nalcn', 0.9382528941993497), ('Lpar1', 0.631803143190609), ('Nsd3', 0.4673638732495242), ('Ppp3ca', 0.5109104283548658), ('Peli1', 0.4437789942351914), ('Sgce', 0.5494139005844315), ('Pip5k1b', 0.4723768479005627), ('Clip4', 0.5262966187071039), ('Dnajb4', 2.7303642828045014), ('Neo1', 0.6866280796758583), ('Jak1', 1.7909236253809346), ('Chd4', 1.5922719120619062), ('Yy1', 0.5640035941136883), ('Enc1', 1.5099170095670584), ('Jarid2', 0.9748105358143322), ('Dek', 0.8430234246848702), ('Gm11837', 0.4065826442694131), ('Stat3', 0.4592653560270354), ('Brpf3', 1.013858036061992), ('Lysmd3', 1.727931068307541), ('Rbpj', 1.565919204055579), ('Rusc2', 1.380431188750327), ('Kdm1b', 0.4301613158111299), ('Cnot4', 1.2897929973290232), ('Wasl', 1.4603213590703223), ('Crebrf', 2.3222451661751013), ('Gls', 0.4397789165082494), ('Robo2', 0.7624981654686048), ('Mkln1', 0.4569662312791198), ('Gpc6', 0.591193996046893), ('Arid5b', 0.4128431056901878), ('Fnip1', 0.8043404697455252), ('Rbbp6', 0.8560847627113118), ('Slc35d3', 0.5264344956510276), ('Zfp516', 0.4474697675624661), ('Gal', 0.9476689017100826), ('Nufip2', 0.7132298117701118), ('Atp6v1a', 0.6723229481068509), ('Dnaja1', 0.5071982498873506), ('Megf10', 1.9566804630887489), ('Nfe2l2', 1.4070714809126508), ('Man2a1', 0.6228817199260661), ('Ehbp1', 0.4001985353508639), ('Srp54a', 0.5457040349831083), ('Sephs1', 1.0338492304420166), ('Spred1', 0.8967820281301757), ('Klf4', 1.2026947386325428), ('Arih1', 1.1861676642492862), ('Nrep', 0.4958226946579813), ('Elf1', 1.130077449083694), ('Elavl3', 0.6536578518813873), ('Igf2bp3', 0.4170728563537677), ('Tcp11l2', 0.4686740504374312), ('Usp25', 1.2470201984461242), ('Vezf1', 3.7095223500825663), ('Gabre', 2.130739239941431), ('Lrrc58', 0.5102955077000145), ('Tnrc6c', 0.8051992517035266), ('Kank3', 0.498640984514217), ('Bnc2', 0.8969277901231276), ('Nfkb1', 2.5669794689901178), ('Klf6', 0.7020283469755144), ('Nfat5', 0.6714898129966245), ('Gnaq', 0.4265838691989946), ('Fgfr1', 0.798768393910034), ('Litaf', 0.8147726294398104), ('Mylip', 0.6489173003044706), ('Maml3', 0.4922952676984793), ('Chic2', 0.415424113604781), ('Lrp1', 0.4221534819074586), ('Eif4b', 0.4807562615444989), ('Tshz3', 0.9286497038214844), ('Ifrd1', 1.9746469051021465), ('Zbtb26', 0.3977120076534477), ('H1f0', 0.457803052935995), ('Arl13b', 0.5688491499483386), ('Abca1', 0.8115418592157416), ('Ndrg1', 0.964815304433933), ('Rgmb', 0.8024996307826975), ('Smad4', 0.4977685038621959), ('Ddx3x', 2.0481656491905813), ('Lhfp', 1.0509768876984105), ('Zbtb11', 1.0018794559146833), ('Htr1f', 0.7918916991354027), ('Fmnl2', 1.1579402814587174), ('Arid1a', 0.529846482875002), ('Zfp36l1', 1.1505282641808563), ('Gnb4', 0.8107245377293616), ('Kdm6b', 1.5439735246318134), ('Qk', 0.5915434985539142), ('Myc', 0.9732412467380138), ('Btg1', 1.3283421353606388), ('Ube2h', 0.4968143352746147), ('Celf2', 0.4182383095102091), ('Nedd4', 0.5345532626649545), ('Ep300', 0.411869966091799), ('Med13', 0.8274664377886857), ('Nab1', 0.917074547533094), ('Pxn', 0.4692452326103493), ('Pkib', 0.694976933078979), ('Moxd1', 0.4879041455075765), ('Ncald', 0.8193681695662914), ('Slc11a2', 1.0306856489401075), ('Map3k8', 0.5569098481173571), ('Chd1', 1.1623504868055794), ('Map4k4', 0.4725469851873101), ('Sppl3', 0.5408950875937809), ('Jmjd1c', 2.825274134266041), ('Rab5b', 0.5654129658668047), ('Zfp9', 0.454283291070811), ('Mid1', 0.5463949485075438), ('Ppp1r2', 0.4348523111108735), ('Fbxo33', 0.6062055350026204), ('Tcf4', 1.0111428835924483), ('Nabp1', 0.4456549635296273), ('Pim1', 0.9152066987201392), ('Klf13', 1.087614390365467), ('Ets2', 1.876662286865461), ('Pmp22', 0.8697387644892924), ('Tm7sf3', 1.790570384500569), ('Mir22hg', 1.5912694645742935), ('Mthfd2l', 0.6483312690281458), ('Zfp703', 0.792840917486896), ('Kcnc4', 0.4113041954077414), ('Tgif1', 0.5734267987121994), ('Phf13', 1.174262888677038), ('Erf', 2.347328044599624), ('Ddhd2', 1.088392670012066), ('Ap1b1', 0.8209336898883627), ('Gna13', 0.9154249400396214), ('Tcf7l2', 1.8230371485046155), ('4930402H24Rik', 0.8823488414811154), ('Pnck', 0.8271527435317759), ('Tdrd7', 1.6578535481995873)]",3685
Mafa,tfdimers__MD00249,0.07392283863700366,3.1990625426320993,0.0,0.949008,motif is annotated for orthologous gene ENSG00000182759 in H. sapiens (identity = 94%),"frozenset({'weight>75.0%', 'activating', 'mm10_10kbp_up_10kbp_down_full_tx_v10_clust.genes_vs_motifs.rankings'})","[('Taf4', 1.6509879750115042), ('Plrg1', 0.5229404724652718), ('Cntfr', 0.5132659355192912), ('Trim11', 0.8953057031400542), ('Wwox', 0.5635324963475674), ('Arhgap32', 0.4220915335411592), ('Trerf1', 1.429933917978263), ('Prkag2', 1.2138656376477672), ('Cacna1c', 1.6128696710283008), ('Prr5', 0.4091050108413346), ('Ddr1', 0.3979960819649035), ('Il1rap', 0.7542061852685863), ('Cog6', 0.914403756842878), ('Limch1', 0.4872044921929409), ('Cyp26b1', 0.7935867764291246), ('Tbx3', 0.5307742595810896), ('Setd1a', 1.843381037867927)]",1267
Mafa,transfac_pro__M01139,0.08989642980068212,4.3950107224802455,0.0,1.0,gene is directly annotated,"frozenset({'weight>75.0%', 'activating', 'mm10_10kbp_up_10kbp_down_full_tx_v10_clust.genes_vs_motifs.rankings'})","[('Spidr', 0.3970244695808522), ('Rassf3', 0.4216720844402806), ('Trerf1', 1.429933917978263), ('Rell1', 0.5106063578349618), ('Plrg1', 0.5229404724652718), ('Wdr81', 0.5508797025341703), ('Rap2c', 0.4210138429081115), ('Tmem91', 0.6078514529302829), ('Slc22a5', 1.3942997372435424), ('Limch1', 0.4872044921929409), ('Simc1', 0.8162772649163603), ('Cyp26b1', 0.7935867764291246), ('Ncald', 0.4365436964923355)]",901
Mterf1a,transfac_pro__M01245,0.07185227707615767,3.363108934972924,0.0,0.746702,gene is orthologous to ENSG00000127989 in H. sapiens (identity = 74%) which is directly annotated for motif,"frozenset({'weight>75.0%', 'activating', 'mm10_10kbp_up_10kbp_down_full_tx_v10_clust.genes_vs_motifs.rankings'})","[('Cdkn2a', 1.467439931926389), ('Mterf1a', 1.0), ('Shisa3', 2.38451338170112), ('Rsl24d1', 0.5161824689118967), ('Mfsd4b4', 1.2602529188027471), ('Snupn', 1.0613940431339088), ('Zfp707', 0.5073794881929987), ('Dph2', 0.6465652084569493)]",540
Pbx1,transfac_pro__M07452,0.06254894508936798,3.2246029979354107,0.000225,1.0,gene is annotated for similar motif transfac_pro__M07451 ('V$PBX1_10: PBX1'; q-value = 0.000225),"frozenset({'weight>75.0%', 'activating', 'mm10_10kbp_up_10kbp_down_full_tx_v10_clust.genes_vs_motifs.rankings'})","[('Rc3h1', 0.4214128399347093), ('Atf2', 0.4061043470429303), ('Fbxw7', 0.4607295428325772), ('Rhobtb3', 0.4395363533237322), ('March8', 0.5597314062294049), ('Fnip1', 0.6437493725311219), ('Cul3', 0.4803539560693192), ('2610206C17Rik', 0.3920491746663634), ('Ppig', 0.55110206577432), ('Xpr1', 1.4832401406789988), ('Ablim1', 0.5123195132536704), ('Atl2', 1.1295719300436835), ('Zfp784', 0.5135584204872727), ('Man1a2', 1.5867202150329494), ('Raf1', 0.9612980383446704), ('Zmynd11', 0.4013729048901622), ('Prkcsh', 0.53431838669239), ('Pcif1', 1.1364268625357683), ('Ercc6l2', 1.1228732429745012), ('Pld5', 2.850635699275026), ('Epb41l2', 1.4221952477307205), ('Cxxc1', 1.3404379495976382), ('Lrrc58', 0.4977525975477002), ('Celf2', 1.198844638158783), ('Zkscan8', 0.4608053666195988), ('Hectd2', 0.3915885987953659), ('Slc4a4', 0.7161602437728747), ('Mppe1', 0.4296072326782055), ('Cdk14', 0.4589871041161177)]",799
Pitx1,taipale_tf_pairs__GCM1_PITX1_GGATTANNNNNNTGCGGG_CAP_repr,0.05995762895817596,3.208515234231896,0.0,0.968153,motif is annotated for orthologous gene ENSG00000069011 in H. sapiens (identity = 96%),"frozenset({'weight>75.0%', 'activating', 'mm10_10kbp_up_10kbp_down_full_tx_v10_clust.genes_vs_motifs.rankings'})","[('Trip4', 0.8440063460345404), ('Ppih', 0.514369958301717), ('Sft2d3', 0.4520155875863885), ('Nuf2', 0.4649099228013871), ('Tceanc2', 0.836578594497411), ('Twnk', 0.8670396706282304), ('Otud5', 0.5451752737734651), ('Asb1', 0.6850519621755295), ('Zfp593', 0.4599086345961863), ('Lipt1', 0.7704762812566992), ('Pex12', 0.4100893285568258), ('3830403N18Rik', 0.502634578025196), ('Slc39a2', 0.8186509834847575), ('Cd300lg', 0.5555918659608541), ('Cyb561a3', 0.9615594786561942), ('Nfatc2', 0.7270632897574277), ('AU021092', 0.7381568022404613), ('Ccl6', 0.682586573209113), ('Zfp513', 0.6048044005796237), ('Lta', 2.681689411782361), ('Grwd1', 1.6953810733001191), ('Cdk10', 0.5154760179143042), ('Syt5', 0.585471681097366), ('Prss12', 0.7305650067252738), ('Cnih2', 0.904027970234212), ('Coa4', 1.2778984017719093), ('Gnb5', 0.46356579394471), ('Gm12695', 0.5477719249654132), ('Synj2', 0.6528647586969528), ('Vps33b', 0.9816322794585188), ('Gm5532', 0.7703085193660567), ('Retsat', 0.6013882287547461), ('Nvl', 0.4387318997012797), ('Map7d3', 0.6499423110103824), ('2310068J16Rik', 0.6864444386196674), ('Samsn1', 0.6299014178638354)]",2255
Prdm16,transfac_pro__M05962,0.0749469029123389,3.3289654065571828,0.0,0.880784,gene is orthologous to ENSG00000142611 in H. sapiens (identity = 88%) which is directly annotated for motif,"frozenset({'weight>75.0%', 'activating', 'mm10_10kbp_up_10kbp_down_full_tx_v10_clust.genes_vs_motifs.rankings'})","[('Gnb4', 0.4397436563025128), ('Hipk3', 0.8360507460627836), ('A2m', 0.893962744337702), ('Rcor1', 1.5653158923858048), ('Smc5', 0.4038866793771418), ('Zbtb10', 0.759216642442654), ('Erp44', 0.4841402929725705), ('Dnaja3', 2.28575246834851), ('Trappc8', 0.6891748611049383), ('Pik3ca', 0.4696118247683454), ('Scamp1', 0.471224950695509), ('Zswim8', 0.4433342994008702), ('Saxo2', 2.221092989907985), ('Ppp3r1', 1.423419748553029), ('Prrg3', 0.7143833184156977), ('Hnrnpl', 0.9266329027162252), ('Edem3', 0.5547605429704847), ('Ncaph2', 0.4207853860935188), ('Kmt5b', 1.432331566918235)]",1397
Rest,homer__GGGGGGGG_Maz,0.08043435440930723,3.7960848084850136,0.00038,0.659889,"gene is orthologous to ENSG00000084093 in H. sapiens (identity = 65%) which is annotated for similar motif dbcorrdb__REST__ENCSR000BMN_1__m3 ('REST (ENCSR000BMN-1, motif 3)'; q-value = 0.00038)","frozenset({'weight>75.0%', 'activating', 'mm10_10kbp_up_10kbp_down_full_tx_v10_clust.genes_vs_motifs.rankings'})","[('Aff4', 0.9844806660220295), ('Ncor1', 1.8305100532241336), ('Myo9a', 0.8239874297254388), ('Hnrnpr', 0.9766310026182352), ('Wdfy3', 0.5205693902185621), ('Mfsd14a', 0.4923060901551974), ('Scmh1', 0.7244611079682606), ('Nap1l1', 0.6828362591533997), ('Slc4a7', 1.0046743568777448), ('Ccar1', 0.7809544886707066), ('Scaf11', 1.1076072918276254), ('Ipo7', 1.3355873354026784), ('Cacna2d1', 0.6954551054675584), ('Yy1', 1.2622034744167507), ('Dennd4c', 1.1524916143446098), ('Pard3b', 0.948194455015802), ('Ephb6', 0.6826585811123134), ('Ehmt1', 0.4733724252494281), ('Csnk1a1', 0.6672716321610556), ('Lpin2', 0.8055762126754903), ('Senp6', 0.5406942970035455), ('Dab2ip', 0.5206767000296583), ('Rest', 1.0), ('Zfp62', 0.8803362516978444), ('Wapl', 0.4217878025522243), ('Ddx59', 0.457530111978672), ('March7', 0.4222221561255872), ('Fyttd1', 0.6022144553923046), ('Extl3', 0.555926807751683), ('Hnrnpa3', 0.6983306957676437), ('Smurf2', 0.7842977175745), ('Trim24', 0.4158932189522814), ('Eif3j2', 0.7361562031485755), ('Myo1b', 0.8312608464564195), ('Galnt7', 1.262038364602558), ('4930599N23Rik', 0.4368836644149476), ('0610039K10Rik', 0.4452689246779873), ('Stac', 0.6198616932091955), ('Ankrd37', 0.5781337142685764), ('Abce1', 0.4014788294296215), ('Yaf2', 0.6243681222026696), ('Rabep1', 1.609802020050324), ('Srsf10', 0.5718479815518122), ('Ints6l', 0.6718734222667755), ('Acsl4', 1.0462139408933353), ('Kdm5a', 0.7010992219973476), ('Slc24a2', 0.3954132145611099), ('Ptbp3', 1.11069614104915), ('Hacd2', 0.5584958459747447), ('Frmd4b', 0.6659604667163486), ('Atxn1', 0.7294723473933631), ('Btbd9', 0.9387742454194956), ('Cspp1', 0.5188031424157395), ('Trp53bp2', 0.4584862175751868), ('Zfp280b', 1.6704071037549968), ('Tcerg1', 0.4185933880749751), ('Gabpb2', 0.4626806060553367), ('Lmbr1', 1.0669846202655786), ('Pus10', 0.4790243686848104), ('Zfp521', 0.4324362462961303), ('Znrf2', 0.6669114278645951), ('Btaf1', 0.8591221586954041), ('Kif21a', 0.5147473322572784), ('Pdcd6ip', 0.4041399040325243), ('Adamts3', 0.5970973204307105), ('Adcy9', 0.5429912002886992), ('Pxylp1', 0.6538988434236904), ('Gria2', 0.6100406096781417), ('Fam160b1', 0.7755542122586678), ('Phf3', 0.6075298996736002), ('Ssbp3', 1.279232048579682), ('Pi4ka', 1.6995036299489987), ('Lemd3', 0.5683604604386217), ('Satb2', 0.4137972955770289), ('Tal1', 1.049233333129422), ('Opa1', 0.6458003107230075), ('Ankrd17', 2.709884565464284), ('Fubp1', 1.22657598991127), ('Paqr3', 0.4715972548891482), ('4930412C18Rik', 0.5310591114208547), ('Kat6b', 0.4921166811354182), ('Zfp410', 0.619142133052585), ('Zfp799', 0.4097976950112242), ('Rnf20', 1.3951596732600302), ('4933432I09Rik', 0.6286651257409582), ('Rnf157', 1.288399633151171), ('Ifnar1', 0.5395475230532804), ('Gpr85', 0.5979298933890642), ('Thoc1', 0.7650342370724572), ('Rabggtb', 0.7426602501299766), ('B3gat2', 1.430952004877737), ('4933417O13Rik', 0.4074363980258914), ('Baz2b', 0.7314796313891475), ('Ppip5k2', 1.0061277151915486), ('Wdr37', 0.4961141763356007), ('Rtn4', 0.5213321567804791), ('Uba3', 0.7064088713392294), ('Ppp2r2a', 0.5495923370014636), ('Ube2h', 0.7870117927983015), ('1700017B05Rik', 1.175829803426014), ('Ubr1', 1.5651537533774371), ('Ppfia1', 1.4432646139599083), ('Bahd1', 0.5766104364129637)]",4838
Tbr1,homer__ATTAACACCT_Eomes,0.15942218730906868,5.456448346286784,0.000687,1.0,"gene is annotated for similar motif cisbp__M1633 ('Tbr1[gene ID: ""ENSMUSG00000035033"" species: ""Mus musculus"" TF status: ""direct"" TF family: ""T-box"" DBDs: ""T-box""]; Tbx21[gene ID: ""ENSMUSG00000001444"" species: ""Mus musculus"" TF status: ""inferred"" TF family: ""T-box"" DBDs: ""T-box""]'; q-value = 0.000687)","frozenset({'weight>75.0%', 'activating', 'mm10_10kbp_up_10kbp_down_full_tx_v10_clust.genes_vs_motifs.rankings'})","[('Zkscan8', 0.6649197735044388), ('Usp36', 0.8722986146228746)]",134
Tfe3,tfdimers__MD00556,0.08049528987365577,4.0257435271973385,0.0,0.963287,gene is orthologous to ENSG00000068323 in H. sapiens (identity = 96%) which is directly annotated for motif,"frozenset({'weight>75.0%', 'activating', 'mm10_10kbp_up_10kbp_down_full_tx_v10_clust.genes_vs_motifs.rankings'})","[('Cpsf6', 0.5025004601328968), ('Sik2', 0.7513740441688239), ('Dmxl1', 0.5140590482631305), ('Ehmt1', 0.7322844949737296), ('Tra2b', 0.7371539653856084), ('Mpp5', 0.6640687266585032), ('Rbm33', 0.592455395304248), ('Pou2f1', 1.028432884530326), ('Lnpk', 1.1968350612749907), ('Pbrm1', 0.4176931944370248), ('Hipk1', 0.5003720873316131), ('Prtg', 0.7421506556577959), ('Plxna3', 0.3929129874656065), ('Golga5', 0.3982711966989498), ('Bmt2', 0.5210953617268053), ('Ing2', 0.5123716902802596), ('Trpc4ap', 0.4348457353966326), ('Kansl1l', 0.4282902208167764), ('Appbp2', 0.4766892419828971), ('Tesk2', 0.6288796726202772), ('Msl2', 0.7310706542568505), ('Hdx', 0.568773373854191), ('Fbxo38', 0.5690463517571962), ('Pard3', 0.634191765953148), ('Slc35a1', 1.0027232509442825), ('9330182L06Rik', 0.6526662931249956), ('Tcf7l2', 0.491841844921144)]",1003
Wt1,tfdimers__MD00437,0.17255122238271012,3.330216755390484,0.0,0.924565,gene is orthologous to ENSG00000184937 in H. sapiens (identity = 92%) which is directly annotated for motif,"frozenset({'weight>75.0%', 'activating', 'mm10_10kbp_up_10kbp_down_full_tx_v10_clust.genes_vs_motifs.rankings'})","[('Fndc3a', 0.5889945033881859), ('Tbl1x', 0.4669432132272132), ('Met', 0.8201763381154021), ('Tfg', 0.9497946324971344), ('Raf1', 0.9712816190978606), ('March8', 0.4861487230064806), ('Mkln1', 0.5513267244935977), ('Zbtb1', 0.9204471855645237), ('Xpr1', 0.8108054503580169), ('Fam3c', 1.2786857837223495), ('Neo1', 0.585739247968696), ('Atf7ip', 1.2119522252309718)]",1201
Wt1,tfdimers__MD00443,0.18167228374257743,3.5674308074592087,0.0,0.924565,gene is orthologous to ENSG00000184937 in H. sapiens (identity = 92%) which is directly annotated for motif,"frozenset({'weight>75.0%', 'activating', 'mm10_10kbp_up_10kbp_down_full_tx_v10_clust.genes_vs_motifs.rankings'})","[('Fndc3a', 0.5889945033881859), ('Xpr1', 0.8108054503580169), ('Met', 0.8201763381154021), ('March8', 0.4861487230064806), ('Fam3c', 1.2786857837223495), ('Neo1', 0.585739247968696), ('Tbl1x', 0.4669432132272132), ('Tfg', 0.9497946324971344), ('Zbtb1', 0.9204471855645237), ('Atf7ip', 1.2119522252309718), ('Mkln1', 0.5513267244935977)]",1048
Zfp560,transfac_pro__M06623,0.05647089229178781,3.163342279411993,0.0,0.456233,gene is orthologous to ENSG00000170100 in H. sapiens (identity = 45%) which is directly annotated for motif,"frozenset({'weight>75.0%', 'activating', 'mm10_10kbp_up_10kbp_down_full_tx_v10_clust.genes_vs_motifs.rankings'})","[('Kcnip2', 1.347361667842016), ('Plbd2', 0.4746282617846911), ('Epop', 0.7443999954964182), ('Creb3l4', 0.6080630672824563), ('Ppfia3', 3.833137973291978), ('Zfp707', 0.6303160219577355), ('Gdf11', 0.4140188051450518), ('Inip', 0.5560274460601098), ('Itgb8', 0.4541219395995733), ('Nfe2l3', 0.7812886969125064), ('Colec11', 0.431617133855869), ('Gtf2b', 0.5379974214964685), ('Dsc3', 0.685485312264651), ('Rnf5', 1.390787117554606), ('Aar2', 0.6178154903311358), ('Nxpe5', 0.5320587475535907), ('Mis18bp1', 0.5425070675778842), ('Flywch2', 0.8584246282841194), ('Pdzrn4', 0.7350410709161259), ('Kcnmb4', 3.144542215283665), ('Ercc2', 0.8383476197744435), ('Cyp26b1', 0.4432994741421683), ('Rmnd5b', 0.5454544059570876), ('Slc43a2', 0.534725739973434), ('Vasp', 0.7290969731716468), ('Smim12', 0.6161849179091347), ('AA986860', 0.4541911824215786), ('Zfp296', 0.5744522217302692)]",2358
Zfp968,transfac_pro__M06039,0.06636358437696574,3.033136967148538,0.0,0.540206,gene is orthologous to ENSG00000257446 in H. sapiens (identity = 54%) which is directly annotated for motif,"frozenset({'weight>75.0%', 'activating', 'mm10_10kbp_up_10kbp_down_full_tx_v10_clust.genes_vs_motifs.rankings'})","[('Ube2w', 0.5998259432205096), ('Mboat7', 0.8221060703581943), ('Suz12', 2.2384841228456307), ('Rgs20', 0.5515714923438186), ('Cep126', 1.6860670550835666), ('Rrm2b', 1.161751326514583), ('Akt3', 3.646680379457865), ('Ccdc77', 0.8486047803520635), ('Rab3gap2', 0.5944714264300293)]",505
Zfp973,transfac_pro__M06078,0.13477484373006762,4.132133886173087,0.0,0.487421,gene is orthologous to ENSG00000257446 in H. sapiens (identity = 48%) which is directly annotated for motif,"frozenset({'weight>75.0%', 'activating', 'mm10_10kbp_up_10kbp_down_full_tx_v10_clust.genes_vs_motifs.rankings'})","[('Trip13', 0.7180127135648039), ('Trpm1', 1.4414448048860848), ('2210406O10Rik', 0.8260416740686034), ('Kpna2', 0.8483406687398694), ('Tha1', 0.4707689406067265)]",496
Zfx,hocomoco__ZFX_MOUSE.H11MO.1.B,0.05559448454129976,3.1898207107523087,0.0,1.0,gene is directly annotated,"frozenset({'weight>75.0%', 'activating', 'mm10_10kbp_up_10kbp_down_full_tx_v10_clust.genes_vs_motifs.rankings'})","[('Cep170', 0.8419965072726795), ('Gm10125', 1.3311571997397966), ('Tfrc', 0.7202286465689139), ('Faf1', 0.8779269620036885), ('Rwdd2b', 0.6748507707973944), ('Utp14b', 0.8564799631731503), ('Zfx', 1.0), ('Mga', 0.969620698563925), ('Cntnap2', 0.3988938268081738), ('Sema6d', 1.075190772906627), ('Cep120', 1.0155744136203664), ('Rubcn', 0.9401398259009338), ('Trnt1', 0.5389779984207931), ('4931406C07Rik', 0.5803602173863621), ('Trmt10a', 1.9490449924053368)]",643
Atf3,transfac_pro__M01861,0.07738821615194467,3.0971322363847693,0.000883,1.0,"gene is annotated for similar motif transfac_pro__M00981 ('V$CREBATF_Q6: CREB, ATF'; q-value = 0.000883)","frozenset({'weight>90.0%', 'activating', 'mm10_10kbp_up_10kbp_down_full_tx_v10_clust.genes_vs_motifs.rankings'})","[('Tsc22d2', 1.599581308860773), ('Dnajb4', 0.8892993061376704), ('Dusp1', 1.0092196950850394), ('Pnrc1', 1.6114398009879138), ('Chdh', 0.9810475932952556), ('Tra2a', 0.9741650983820348), ('Pex5l', 0.8161367093108187), ('Ifrd1', 0.9512333447241856), ('Klf10', 1.2019884211690228), ('Jund', 1.1585196138855325), ('Fosb', 2.3836150012455555), ('Clk1', 0.8758337292626801), ('Hoxa11', 1.5289182763611104), ('Sntb2', 0.8913802537509101), ('Klf6', 2.249597312748646), ('Slc2a9', 1.0817180460362028), ('Ryr2', 1.6743577290648184), ('Azin1', 0.82802925898861), ('Nxph3', 3.451423766996801), ('Hs3st3a1', 1.1192720742977806), ('Btg2', 0.8431732746147704), ('Trhr2', 1.1562272142283307), ('Tnfaip3', 1.4115386411856057), ('Dnajb9', 0.9791453033135968), ('Klf9', 0.8863079626787186), ('Ubtd2', 0.7949989311415014)]",2006
Atf3,transfac_public__M00039,0.08909070997215182,3.92904989056955,5.2e-05,1.0,"gene is annotated for similar motif transfac_pro__M00981 ('V$CREBATF_Q6: CREB, ATF'; q-value = 5.19e-05)","frozenset({'weight>90.0%', 'activating', 'mm10_10kbp_up_10kbp_down_full_tx_v10_clust.genes_vs_motifs.rankings'})","[('Csf1', 1.6783027764668343), ('Ifrd1', 0.9512333447241856), ('Tsc22d2', 1.599581308860773), ('Fbln7', 2.7020092812957044), ('Pex5l', 0.8161367093108187), ('Dusp1', 1.0092196950850394), ('Ubc', 0.8972897258949277), ('Egr1', 3.743793685637277), ('Dnajb4', 0.8892993061376704), ('Tra2a', 0.9741650983820348), ('Txnl4b', 1.5914010263052016), ('Fosb', 2.3836150012455555)]",620
Atf6b,transfac_public__M00039,0.08034188034188035,3.2282909194100102,0.000797,0.864023,gene is orthologous to ENSG00000213676 in H. sapiens (identity = 86%) which is annotated for similar motif taipale_cyt_meth__ATF6B_NRTGAYGTCAYN_eDBD ('ATF6B [bZIP]'; q-value = 0.000797),"frozenset({'weight>90.0%', 'activating', 'mm10_10kbp_up_10kbp_down_full_tx_v10_clust.genes_vs_motifs.rankings'})","[('Snx15', 0.9855684226100376), ('Rnf44', 1.3198364113331476), ('Zfp874b', 1.741970206538036), ('Rtn4rl1', 0.966446018195194), ('Adcy6', 0.7999655817555594), ('Slc25a23', 1.150759594901915)]",246
Elk1,taipale_tf_pairs__E2F1_ELK1_SGCGCNNNNNCGGAAGN_CAP_repr,0.09570790117210558,3.2510691781278145,0.0,0.85514,motif is annotated for orthologous gene ENSG00000126767 in H. sapiens (identity = 85%),"frozenset({'weight>90.0%', 'activating', 'mm10_10kbp_up_10kbp_down_full_tx_v10_clust.genes_vs_motifs.rankings'})","[('Fbxo30', 1.0919227030889662), ('Ap3m1', 1.200576339872922), ('Zswim8', 1.4380428127847522), ('Yes1', 1.5528753132473303), ('Hnrnpr', 1.007221601045801), ('Arid1b', 1.2454544301716766), ('Mtmr9', 2.0838199119842216), ('Tdrd3', 1.742180133617642), ('Smc5', 1.0209773404782605), ('Cbfb', 2.685607747414976), ('Chtf18', 0.919023120326499), ('Edem1', 0.9541161307836786), ('Dpy30', 1.4013712200110715), ('Pot1a', 0.9638814630300458)]",1440
Elk1,taipale_tf_pairs__E2F1_ELK1_SGCGCNNNNNNNNNNCGGAAGN_CAP_repr,0.09185709868735419,3.057117341996857,0.0,0.85514,motif is annotated for orthologous gene ENSG00000126767 in H. sapiens (identity = 85%),"frozenset({'weight>90.0%', 'activating', 'mm10_10kbp_up_10kbp_down_full_tx_v10_clust.genes_vs_motifs.rankings'})","[('Hnrnpr', 1.007221601045801), ('Arid1b', 1.2454544301716766), ('Zswim8', 1.4380428127847522), ('Sf3b1', 1.236041592562343), ('Elk1', 1.0), ('Tcaf1', 0.9767154838923768), ('Hspb11', 0.8070475983056667), ('Smc5', 1.0209773404782605), ('Dnm1l', 1.843087094992828), ('Fbxo30', 1.0919227030889662), ('Dld', 1.2761253373610086), ('Mtmr9', 2.0838199119842216), ('Tnpo2', 1.2476213357499235), ('Mcur1', 1.1818870203079568), ('Yes1', 1.5528753132473303), ('Cbfb', 2.685607747414976), ('Pdlim2', 0.876790492701352)]",1949
Elk1,taipale_tf_pairs__ELK1_EOMES_RSCGGAANNAGGYGYNA_CAP_repr,0.10307220957360093,3.621984368392857,0.0,0.85514,motif is annotated for orthologous gene ENSG00000126767 in H. sapiens (identity = 85%),"frozenset({'weight>90.0%', 'activating', 'mm10_10kbp_up_10kbp_down_full_tx_v10_clust.genes_vs_motifs.rankings'})","[('Yes1', 1.5528753132473303), ('Fbxo30', 1.0919227030889662), ('Hspb11', 0.8070475983056667), ('Tdrd3', 1.742180133617642), ('Pot1a', 0.9638814630300458), ('Hnrnpr', 1.007221601045801), ('Tmem87b', 1.1326749079197076), ('Vps13c', 1.3639961884875156), ('Anapc4', 1.90024314028255), ('Dnaja3', 2.474170501833376), ('Sf3b1', 1.236041592562343)]",810
Elk1,taipale_tf_pairs__ELK1_PAX1_RSCGGAACYACGCWYSANTG_CAP,0.10526463726564915,3.732409501372526,0.0,0.85514,motif is annotated for orthologous gene ENSG00000126767 in H. sapiens (identity = 85%),"frozenset({'weight>90.0%', 'activating', 'mm10_10kbp_up_10kbp_down_full_tx_v10_clust.genes_vs_motifs.rankings'})","[('Fbxo30', 1.0919227030889662), ('Cbfb', 2.685607747414976), ('Yes1', 1.5528753132473303), ('Edem1', 0.9541161307836786), ('Saxo2', 2.814390839583833), ('Tdrd3', 1.742180133617642), ('Rap2b', 0.9247246426430068), ('Ap3m1', 1.200576339872922), ('Tmem87b', 1.1326749079197076), ('Hspb11', 0.8070475983056667), ('Hnrnpr', 1.007221601045801), ('Kif2a', 2.577239747043435), ('Sf3b1', 1.236041592562343), ('Edem3', 1.5760263045685288), ('Ckap5', 1.1010195726258216), ('Mcur1', 1.1818870203079568), ('Unc13b', 0.920245922023933)]",2018
Elk1,taipale_tf_pairs__ELK1_PAX5_RSCGGAACYACGCWYSANTG_CAP_repr,0.10561598785732355,3.7501058367859343,0.0,0.85514,motif is annotated for orthologous gene ENSG00000126767 in H. sapiens (identity = 85%),"frozenset({'weight>90.0%', 'activating', 'mm10_10kbp_up_10kbp_down_full_tx_v10_clust.genes_vs_motifs.rankings'})","[('Mtmr9', 2.0838199119842216), ('Vps13c', 1.3639961884875156), ('Zswim8', 1.4380428127847522), ('Slc35e2', 0.8041907443978363), ('Tufm', 1.1600792533198343), ('Arid1b', 1.2454544301716766), ('Pik3cd', 1.0913646393914689), ('Pot1a', 0.9638814630300458)]",629
Elk1,taipale_tf_pairs__ELK1_PAX9_RSCGGAACYACGCWYSANTG_CAP,0.09350141945639036,3.139936191731609,0.0,0.85514,motif is annotated for orthologous gene ENSG00000126767 in H. sapiens (identity = 85%),"frozenset({'weight>90.0%', 'activating', 'mm10_10kbp_up_10kbp_down_full_tx_v10_clust.genes_vs_motifs.rankings'})","[('Yes1', 1.5528753132473303), ('Tdrd3', 1.742180133617642), ('Fbxo30', 1.0919227030889662), ('Mtmr9', 2.0838199119842216), ('Dpy30', 1.4013712200110715), ('Arid1b', 1.2454544301716766), ('Cbfb', 2.685607747414976), ('Sf3b1', 1.236041592562343), ('Kif2a', 2.577239747043435), ('Dnm1l', 1.843087094992828), ('Hnrnpr', 1.007221601045801), ('Hspb11', 0.8070475983056667), ('Smc5', 1.0209773404782605), ('Slc35e2', 0.8041907443978363), ('Tnpo2', 1.2476213357499235), ('Ap3m1', 1.200576339872922), ('Tcaf1', 0.9767154838923768), ('Edem1', 0.9541161307836786), ('Ckap5', 1.1010195726258216), ('Pelo', 1.079195843805551), ('Rap2b', 0.9247246426430068), ('Edem3', 1.5760263045685288), ('Tufm', 1.1600792533198343), ('Mcur1', 1.1818870203079568), ('Anapc4', 1.90024314028255), ('Fyco1', 1.7075562641782496)]",3242
Elk1,taipale_tf_pairs__FOXO1_ELK1_RSCGGATGTTRTN_CAP,0.09333277117238666,3.131441950733173,0.0,0.85514,motif is annotated for orthologous gene ENSG00000126767 in H. sapiens (identity = 85%),"frozenset({'weight>90.0%', 'activating', 'mm10_10kbp_up_10kbp_down_full_tx_v10_clust.genes_vs_motifs.rankings'})","[('Fgf18', 0.8190529069762351), ('Tdrd3', 1.742180133617642), ('Unc13b', 0.920245922023933), ('Sf3b1', 1.236041592562343), ('Ap3m1', 1.200576339872922), ('Kif2a', 2.577239747043435), ('Yes1', 1.5528753132473303), ('Dnm1l', 1.843087094992828)]",688
Elk3,taipale_tf_pairs__GCM1_ELK3_RTGCGGGCGGAAGTN_CAP_repr,0.0684627178572546,3.0883043211511896,0.0,0.923833,motif is annotated for orthologous gene ENSG00000111145 in H. sapiens (identity = 92%),"frozenset({'weight>90.0%', 'activating', 'mm10_10kbp_up_10kbp_down_full_tx_v10_clust.genes_vs_motifs.rankings'})","[('Rad21', 0.9446278275551832), ('Chac2', 1.7134286583584035), ('Utp11', 0.8448987808032562), ('Tti2', 1.3897061725644688), ('Anks1b', 1.031334573152701), ('Papolg', 1.9962900328209792), ('Cryl1', 1.0644552686039204), ('Ddx43', 0.8675552547988582), ('Pag1', 1.3851528300738642), ('Map3k5', 1.452585808374622), ('Klhl33', 0.9069366813064834)]",728
Gata6,transfac_pro__M03549,0.09436734456373105,3.4550711539383894,0.000218,1.0,gene is annotated for similar motif transfac_pro__M03216 ('V$GATA6_Q5: GATA-6'; q-value = 0.000218),"frozenset({'weight>90.0%', 'activating', 'mm10_10kbp_up_10kbp_down_full_tx_v10_clust.genes_vs_motifs.rankings'})","[('Peg10', 1.03304746744467), ('Zfpm2', 0.8378009121771887), ('Stat1', 1.999311592647558), ('Unc5c', 0.968605033384041), ('Gria4', 1.13450629469674), ('Grem2', 0.9086994778449152), ('Vta1', 0.8103835463206288)]",689
Hoxd11,taipale_cyt_meth__CDX2_NRTCGTAAAN_eDBD,0.09067756455816157,3.0685877800046812,0.000661,1.0,"gene is annotated for similar motif cisbp__M1026 ('HOXA11[gene ID: ""ENSG00000005073"" species: ""Homo sapiens"" TF status: ""inferred"" TF family: ""Homeodomain"" DBDs: ""Homeobox""]; HOXC9[gene ID: ""ENSG00000180806"" species: ""Homo sapiens"" TF status: ""inferred"" TF family: ""Homeodomain"" DBDs: ""Homeobox""]; Hoxd11[gene ID: ""ENSMUSG00000042499"" species: ""Mus musculus"" TF status: ""direct"" TF family: ""Homeodomain"" DBDs: ""Homeobox""]'; q-value = 0.000661)","frozenset({'weight>90.0%', 'activating', 'mm10_10kbp_up_10kbp_down_full_tx_v10_clust.genes_vs_motifs.rankings'})","[('Tbx4', 1.355911877789212), ('Sirt4', 2.860276596820861), ('Mpi', 0.9300341382529796), ('Tfeb', 1.0425679692002283), ('Urgcp', 1.313535688858506), ('Gcnt1', 2.432414783240903), ('Slc37a4', 0.8070515067426499)]",962
Irf7,tfdimers__MD00138,0.09360062432933372,3.6068689478777514,0.0,0.682713,gene is orthologous to ENSG00000185507 in H. sapiens (identity = 68%) which is directly annotated for motif,"frozenset({'weight>90.0%', 'activating', 'mm10_10kbp_up_10kbp_down_full_tx_v10_clust.genes_vs_motifs.rankings'})","[('Mrpl38', 1.9964442979681287), ('Gfpt1', 0.941111959672294), ('P2rx7', 0.7902153857021146), ('Oasl2', 2.0763343319622143), ('Tshz3', 1.0091271168175586), ('Foxo3', 1.3625299174886425), ('Irf7', 1.0), ('H2-K1', 1.4115527554664054)]",726
Jun,tfdimers__MD00125,0.07064141657304873,3.0956246972756447,0.0,0.963746,motif is annotated for orthologous gene ENSG00000177606 in H. sapiens (identity = 96%),"frozenset({'weight>90.0%', 'activating', 'mm10_10kbp_up_10kbp_down_full_tx_v10_clust.genes_vs_motifs.rankings'})","[('Dleu2', 2.7440779292431468), ('Klf10', 0.8540079816023523), ('Ebf3', 1.1172421137616186), ('Tcf24', 0.8075286763994297), ('Vps37b', 1.122811812792962), ('Fgfr2', 1.1429737558238782), ('Socs3', 2.484442141182135), ('Mafb', 2.569352757473769), ('Cxcl12', 0.873436905333556), ('Zfp36', 4.674135685005003), ('Sfrp2', 3.04275447657458), ('Gadd45g', 2.3261299760047813), ('Zfp385b', 0.8407301723424697), ('Fus', 1.0547924596980067), ('Dnajb14', 0.9663350449852526), ('Pacsin1', 0.8369889184069671), ('Fosb', 3.7478504027713657), ('Taok3', 2.5013065367938863), ('1700019D03Rik', 0.8207681077830771), ('Pik3r1', 0.8344986439789315), ('Btg2', 2.203111026364926), ('Tsc22d2', 1.4187357808582233), ('Irs1', 1.1298739828258106), ('Srsf7', 1.1221788073389811), ('Atf3', 5.780159500761603), ('Sptssb', 1.1131526068618818), ('Txnip', 1.3361415459726271), ('Ccnd1', 2.3441376827111), ('Irf1', 3.65570000784044), ('Mest', 1.256773739528468), ('Cacna2d2', 0.8237644808459973), ('Cited2', 0.9300436193483242), ('Hes1', 2.099213283252399), ('Slc1a3', 1.1407344953286602), ('Fgf10', 0.9345052868213658), ('Dusp1', 1.313642591847224), ('Qsox2', 1.3605425180050743), ('Egr2', 1.3183739437444173)]",2367
Klf9,transfac_pro__M07461,0.11007354154185443,3.493090315204475,0.0,0.967213,gene is orthologous to ENSG00000119138 in H. sapiens (identity = 96%) which is directly annotated for motif,"frozenset({'weight>90.0%', 'activating', 'mm10_10kbp_up_10kbp_down_full_tx_v10_clust.genes_vs_motifs.rankings'})","[('Mbd5', 1.0980488625725564), ('Nr3c1', 1.5774520956262672), ('Gal', 0.9476689017100826), ('Tbl1x', 1.2474446558833043), ('Ino80d', 1.0688614989857916), ('Rc3h1', 1.0549806841995994), ('Kdm6b', 1.5439735246318134), ('Tiparp', 1.3218221343355874), ('Chd4', 1.5922719120619062), ('Rbpj', 1.565919204055579), ('Brpf3', 1.013858036061992), ('Erf', 2.347328044599624), ('Thra', 0.9464260920103168), ('Fgfr1', 0.798768393910034), ('Elf2', 0.8798674344144617), ('Foxp1', 0.9697505192502036), ('Tcf4', 1.0111428835924483), ('Zfp36l1', 1.1505282641808563), ('Wasl', 1.4603213590703223), ('Slc41a1', 1.4455690588092236), ('Tsc22d2', 0.8699657691262371), ('Skil', 1.552654782239787), ('Spred1', 0.8967820281301757), ('Zbtb2', 2.22334545895243), ('Bnc2', 0.8969277901231276), ('Zbtb7a', 0.9400954280664064), ('Jarid2', 0.9748105358143322), ('Bcor', 0.958889054936797), ('Crebrf', 2.3222451661751013), ('Vezf1', 3.7095223500825663), ('Mir22hg', 1.5912694645742935), ('Pnck', 0.8271527435317759), ('Bmpr1a', 1.1181002109398837), ('Ryr1', 1.874902643452236), ('Klf4', 1.2026947386325428), ('Pdgfra', 1.3726755009249858), ('Camk2d', 1.4614595000361996), ('Tshz3', 0.9286497038214844), ('Megf10', 1.9566804630887489), ('Fnip1', 0.8043404697455252), ('Nfe2l2', 1.4070714809126508), ('Nfix', 2.739867654179929), ('Gabre', 2.130739239941431), ('Sephs1', 1.0338492304420166), ('Ncald', 0.8193681695662914), ('Cul2', 3.078713882498713), ('Zfand5', 0.9084393153230153), ('Nab1', 0.917074547533094), ('Hoxc11', 0.9190570610746788), ('Jmjd1c', 2.825274134266041), ('Nalcn', 0.9382528941993497), ('Cnot4', 1.2897929973290232), ('Enc1', 1.5099170095670584), ('Ctdsp2', 1.783796792616029), ('Pim1', 0.9152066987201392), ('Ddx3x', 2.0481656491905813), ('Nox4', 1.0529003556736545), ('Zbtb11', 1.0018794559146833), ('Nr4a1', 0.8161195748682274), ('Klf9', 1.0), ('Rbbp6', 0.8560847627113118), ('Myc', 0.9732412467380138), ('Abca1', 0.8115418592157416), ('Ajuba', 0.8864184026596916), ('Zfp207', 1.6629910636839464), ('Btg1', 1.3283421353606388), ('Phf13', 1.174262888677038), ('Kdm7a', 1.3377114315860426), ('Fosl2', 1.3582522596238762), ('Sntb2', 1.7251406297142724), ('Elf1', 1.130077449083694), ('Arl4a', 1.3492233382734542), ('Camk2n1', 1.032930429515798), ('Med13', 0.8274664377886857), ('Tcf7l2', 1.8230371485046155)]",2799
Meis2,taipale_tf_pairs__MEIS2_ONECUT2_NTGACAGNTAATCRATAN_CAP,0.07121565169930937,3.034565623907605,0.0,0.995807,gene is orthologous to ENSG00000134138 in H. sapiens (identity = 99%) which is directly annotated for motif,"frozenset({'weight>90.0%', 'activating', 'mm10_10kbp_up_10kbp_down_full_tx_v10_clust.genes_vs_motifs.rankings'})","[('Slc41a3', 1.123202462594591), ('Parp4', 1.4104721652621066), ('6530402F18Rik', 0.977184273255133), ('Nlgn1', 1.8611237185279437), ('Fbxo8', 1.2458566497116648), ('Jmy', 0.8329285071413224), ('Trmt61b', 0.8081582132462656), ('Vldlr', 1.5642836965074254), ('Coa7', 1.7335900610696706)]",621
Mterf1a,transfac_pro__M01245,0.09233593935086472,3.2878322424538817,0.0,0.746702,gene is orthologous to ENSG00000127989 in H. sapiens (identity = 74%) which is directly annotated for motif,"frozenset({'weight>90.0%', 'activating', 'mm10_10kbp_up_10kbp_down_full_tx_v10_clust.genes_vs_motifs.rankings'})","[('Plpp2', 1.1100926381840417), ('Nrxn1', 0.8933486402519011), ('Gphn', 1.8353826861748077), ('Cdkn2a', 1.467439931926389), ('Tasp1', 1.3505764863669951), ('Mmachc', 2.741714854096405)]",885
Mzf1,tfdimers__MD00503,0.09056569006817763,3.2851075271014856,0.0,0.826975,motif is annotated for orthologous gene ENSG00000099326 in H. sapiens (identity = 82%),"frozenset({'weight>90.0%', 'activating', 'mm10_10kbp_up_10kbp_down_full_tx_v10_clust.genes_vs_motifs.rankings'})","[('Osbpl1a', 1.0711266584018873), ('Gbe1', 1.2455560071864633), ('Dck', 2.7687976368821694), ('Galnt11', 0.8015343538332214), ('Dvl2', 1.375695712355354), ('Wdr36', 1.1406147891227376)]",623
Nfatc3,transfac_pro__M07607,0.09179742314070673,4.138132906709935,0.0,1.0,gene is directly annotated,"frozenset({'weight>90.0%', 'activating', 'mm10_10kbp_up_10kbp_down_full_tx_v10_clust.genes_vs_motifs.rankings'})","[('Ei24', 0.9645863367148126), ('Sipa1l1', 1.3501262211106275), ('Cnot4', 0.7955289069380682), ('Chd7', 1.6342853739419343), ('Trim8', 0.9246688101581771), ('Zdhhc5', 0.8354102898274192), ('Spata1', 1.021104563449822), ('Extl3', 0.9798719517935758), ('B4galnt1', 1.2472215753799285), ('Ptpn21', 1.0720452528239206)]",1124
Pax9,taipale_tf_pairs__HOXB2_PAX9_NNMATTAGTCACGCWTSRNTG_CAP,0.0925480126250468,3.0142530595560926,0.0,0.985337,motif is annotated for orthologous gene ENSG00000198807 in H. sapiens (identity = 98%),"frozenset({'weight>90.0%', 'activating', 'mm10_10kbp_up_10kbp_down_full_tx_v10_clust.genes_vs_motifs.rankings'})","[('Sall1', 1.392921160314728), ('Capn6', 0.8634786921398796), ('Pax9', 1.0)]",271
Pitx1,taipale_tf_pairs__GCM1_PITX1_GGATTANNNNNNTGCGGG_CAP_repr,0.093898324469606,4.486854289380825,0.0,0.968153,motif is annotated for orthologous gene ENSG00000069011 in H. sapiens (identity = 96%),"frozenset({'weight>90.0%', 'activating', 'mm10_10kbp_up_10kbp_down_full_tx_v10_clust.genes_vs_motifs.rankings'})","[('Wdr90', 0.8759056488728563), ('Lta', 2.681689411782361), ('Cldn10', 1.0962196385478526), ('Tmem132e', 1.1402476715936705), ('Cyp27b1', 1.5867925214384524), ('Mllt3', 0.8605615745373678), ('Slc39a2', 0.8186509834847575), ('Cbs', 0.8069335261564553), ('Zfp595', 1.3163524771427069), ('Rpusd2', 0.8610320386434229)]",1762
Pura,tfdimers__MD00332,0.07383872715629772,3.0648702321354127,0.0,0.993769,gene is orthologous to ENSG00000185129 in H. sapiens (identity = 99%) which is directly annotated for motif,"frozenset({'weight>90.0%', 'activating', 'mm10_10kbp_up_10kbp_down_full_tx_v10_clust.genes_vs_motifs.rankings'})","[('Sntg1', 0.8350519773723198), ('Pura', 1.0), ('Gpr173', 2.56123863588033), ('Sp4', 1.3784338995368166), ('Stxbp5l', 0.9184937489367032), ('Zcchc2', 1.0517742007958908), ('Syndig1', 1.3572258538681643), ('Herpud2', 0.9714608673642442), ('Ube2w', 0.8478006013684567), ('Smg7', 0.8022483694273312), ('Gabbr1', 1.598487617956454), ('Acap2', 1.5963188820437473), ('Tesk2', 2.673087449689028), ('Lmo7', 0.9758212319790012), ('Dcaf5', 0.8249632616684356)]",1243
Rarg,transfac_pro__M00963,0.07829898128405591,3.1460032825452666,0.0,1.0,gene is directly annotated,"frozenset({'weight>90.0%', 'activating', 'mm10_10kbp_up_10kbp_down_full_tx_v10_clust.genes_vs_motifs.rankings'})","[('Arhgef7', 0.8960933677355146), ('4931406C07Rik', 1.0596882887008772), ('Hoxb8', 0.8287905351694471), ('Baz2a', 1.433619600057228), ('Txlng', 1.0252282221246185), ('Rab40c', 0.9677906344390076), ('D630045J12Rik', 4.197836246777614)]",422
Rxra,tfdimers__MD00094,0.07452321724709784,3.370929555882233,0.0,0.984848,motif is annotated for orthologous gene ENSG00000186350 in H. sapiens (identity = 98%),"frozenset({'weight>90.0%', 'activating', 'mm10_10kbp_up_10kbp_down_full_tx_v10_clust.genes_vs_motifs.rankings'})","[('Nsun4', 1.152414941956906), ('Gm29683', 1.123254451940115), ('Snupn', 1.1435944041567034), ('Chst5', 4.461450457100778), ('Rxra', 1.0), ('Ccdc88c', 0.965098434635077), ('Glmn', 1.6658196730243802), ('Tmem67', 1.7462761214235396), ('Spcs3', 0.8452865089988152)]",684
Sp4,homer__GGGGGGGG_Maz,0.10154584221748401,3.076203008727483,0.000268,0.976982,"gene is orthologous to ENSG00000105866 in H. sapiens (identity = 97%) which is annotated for similar motif cisbp__M6483 ('SP4[gene ID: ""ENSG00000105866"" species: ""Homo sapiens"" TF status: ""direct"" TF family: ""C2H2 ZF"" DBDs: ""zf-C2H2""]; SP5[gene ID: ""ENSG00000204335"" species: ""Homo sapiens"" TF status: ""inferred"" TF family: ""C2H2 ZF"" DBDs: ""zf-C2H2""]; SP6[gene ID: ""ENSG00000189120"" species: ""Homo sapiens"" TF status: ""inferred"" TF family: ""C2H2 ZF"" DBDs: ""zf-C2H2""]; SP7[gene ID: ""ENSG00000170374"" species: ""Homo sapiens"" TF status: ""inferred"" TF family: ""C2H2 ZF"" DBDs: ""zf-C2H2""]; SP9[gene ID: ""ENSG00000217236"" species: ""Homo sapiens"" TF status: ""inferred"" TF family: ""C2H2 ZF"" DBDs: ""zf-C2H2""]; Sp2[gene ID: ""ENSMUSG00000018678"" species: ""Mus musculus"" TF status: ""inferred"" TF family: ""C2H2 ZF"" DBDs: ""zf-C2H2""]; Sp3[gene ID: ""ENSMUSG00000027109"" species: ""Mus musculus"" TF status: ""inferred"" TF family: ""C2H2 ZF"" DBDs: ""zf-C2H2""]; Sp5[gene ID: ""ENSMUSG00000075304"" species: ""Mus musculus"" TF status: ""inferred"" TF family: ""C2H2 ZF"" DBDs: ""zf-C2H2""]; Sp6[gene ID: ""ENSMUSG00000038560"" species: ""Mus musculus"" TF status: ""inferred"" TF family: ""C2H2 ZF"" DBDs: ""zf-C2H2""]; Sp7[gene ID: ""ENSMUSG00000060284"" species: ""Mus musculus"" TF status: ""inferred"" TF family: ""C2H2 ZF"" DBDs: ""zf-C2H2""]; Sp8[gene ID: ""ENSMUSG00000048562"" species: ""Mus musculus"" TF status: ""inferred"" TF family: ""C2H2 ZF"" DBDs: ""zf-C2H2""]; Sp9[gene ID: ""ENSMUSG00000068859"" species: ""Mus musculus"" TF status: ""inferred"" TF family: ""C2H2 ZF"" DBDs: ""zf-C2H2""]'; q-value = 0.000268)","frozenset({'weight>90.0%', 'activating', 'mm10_10kbp_up_10kbp_down_full_tx_v10_clust.genes_vs_motifs.rankings'})","[('Nup62cl', 0.8169334982282614), ('Gpr173', 1.5032387739522015), ('Xkr6', 1.0656188662361945), ('Pias1', 1.2639105961208008), ('Vps54', 0.9272173500527352)]",126
Tbp,tfdimers__MD00131,0.07243743827678088,3.453865835399883,0.0,0.971519,gene is orthologous to ENSG00000112592 in H. sapiens (identity = 97%) which is directly annotated for motif,"frozenset({'weight>90.0%', 'activating', 'mm10_10kbp_up_10kbp_down_full_tx_v10_clust.genes_vs_motifs.rankings'})","[('Lipt2', 1.1897658146735748), ('Pik3ip1', 0.8828864923020898), ('Prmt7', 0.870676682059252), ('Fscn2', 1.2007702324582994), ('Abcc5', 0.7998447732371261), ('Rcc1', 0.8444913837398149), ('Dnal1', 1.0904003559630868), ('Ddx49', 1.5505953668078944), ('D330050G23Rik', 0.8922590804266146), ('Seh1l', 0.915268246943476), ('Plb1', 0.9591439910575996)]",1003
Thrb,taipale__THRB_DBD_NTGACCTYANNTRAGGTCAN_repr,0.08143226954657606,3.4353275650845485,0.0,0.819957,motif is annotated for orthologous gene ENSG00000151090 in H. sapiens (identity = 81%),"frozenset({'weight>90.0%', 'activating', 'mm10_10kbp_up_10kbp_down_full_tx_v10_clust.genes_vs_motifs.rankings'})","[('Isg20l2', 1.8117557891057816), ('Dgkq', 0.9406277819076894), ('Ptchd1', 0.846709655630117), ('Npy2r', 1.5541785159861214), ('Arhgap15', 1.382222998882854), ('E130114P18Rik', 0.941341999763819), ('Nle1', 1.1249883769086235), ('6330403K07Rik', 0.935437737690838)]",351
Zfp426,transfac_pro__M05582,0.09381334070388797,3.4697730223843126,0.0,1.0,gene is directly annotated,"frozenset({'weight>90.0%', 'activating', 'mm10_10kbp_up_10kbp_down_full_tx_v10_clust.genes_vs_motifs.rankings'})","[('Rorb', 0.8327405607806533), ('Slamf7', 1.6022908229576922), ('Megf10', 2.6902708106795687), ('Klhl25', 1.1249027523977957), ('Trim46', 1.1025366321328502), ('Slc44a3', 1.4721764845804026), ('Prpf3', 1.3789581487865994), ('Gpr21', 1.3988528513974452), ('Pstk', 1.1987766264410955), ('Myef2', 0.8802534457180686), ('Snx19', 0.9827544957654551)]",3010
Zfp960,transfac_pro__M06477,0.09717179866433598,3.4624925843854135,0.0,0.456422,motif is annotated for orthologous gene ENSG00000181896 in H. sapiens (identity = 45%),"frozenset({'weight>90.0%', 'activating', 'mm10_10kbp_up_10kbp_down_full_tx_v10_clust.genes_vs_motifs.rankings'})","[('Gm10785', 2.219956174556345), ('Pou3f1', 1.2067514310830694)]",57
Atf6b,transfac_public__M00039,0.1111111111111111,4.029710849490537,0.000797,0.864023,gene is orthologous to ENSG00000213676 in H. sapiens (identity = 86%) which is annotated for similar motif taipale_cyt_meth__ATF6B_NRTGAYGTCAYN_eDBD ('ATF6B [bZIP]'; q-value = 0.000797),"frozenset({'activating', 'mm10_10kbp_up_10kbp_down_full_tx_v10_clust.genes_vs_motifs.rankings', 'top50'})","[('Snx15', 0.9855684226100376), ('Rnf44', 1.3198364113331476), ('Zfp874b', 1.741970206538036), ('Rtn4rl1', 0.966446018195194), ('Slc25a23', 1.150759594901915), ('Ehf', 0.91854350489702), ('Arrb2', 1.726968121503898), ('Krt222', 1.1062898827765748), ('Msrb2', 0.9108763094299775), ('Pcnx3', 0.9591232072634852), ('Cmss1', 0.963465438596853)]",1850
Cebpd,tfdimers__MD00548,0.10003175611305176,3.6363137022654226,0.0,0.835821,gene is orthologous to ENSG00000221869 in H. sapiens (identity = 83%) which is directly annotated for motif,"frozenset({'activating', 'mm10_10kbp_up_10kbp_down_full_tx_v10_clust.genes_vs_motifs.rankings', 'top50'})","[('C1ra', 2.328847494998365), ('Hgsnat', 2.7928993844517462), ('Id3', 3.186280910862201), ('Nme5', 2.470161654066389), ('Nfia', 2.7646716845819768), ('Fgl2', 2.656444715859094)]",551
Ebf1,tfdimers__MD00536,0.1010020817896334,3.2994468777597845,0.0,1.0,motif is annotated for orthologous gene ENSG00000164330 in H. sapiens (identity = 100%),"frozenset({'activating', 'mm10_10kbp_up_10kbp_down_full_tx_v10_clust.genes_vs_motifs.rankings', 'top50'})","[('Trio', 2.1854797095358647), ('Lurap1l', 1.53280746279484), ('Tcte2', 3.7234876793190623), ('Cd2ap', 1.752969599384027), ('Dlc1', 3.61976790946571), ('Col20a1', 1.6931787415915154), ('Fbn1', 1.824287679742663)]",718
Elk1,taipale_tf_pairs__E2F1_ELK1_SGCGCNNNNNCGGAAGN_CAP_repr,0.10871176034720018,3.3158414367450266,0.0,0.85514,motif is annotated for orthologous gene ENSG00000126767 in H. sapiens (identity = 85%),"frozenset({'activating', 'mm10_10kbp_up_10kbp_down_full_tx_v10_clust.genes_vs_motifs.rankings', 'top50'})","[('Eaf1', 1.186228318992208), ('Fyco1', 1.7075562641782496), ('Yes1', 1.5528753132473303), ('Tufm', 1.1600792533198343), ('Mtmr9', 2.0838199119842216), ('Ckap5', 1.1010195726258216), ('Kif2a', 2.577239747043435), ('Edem3', 1.5760263045685288), ('Cbfb', 2.685607747414976), ('Vps13c', 1.3639961884875156), ('Dnaja3', 2.474170501833376), ('Iqce', 2.2436845118664124), ('Fbxo30', 1.0919227030889662), ('Zswim8', 1.4380428127847522)]",2635
Elk1,taipale_tf_pairs__E2F1_ELK1_SGCGCNNNNNNNNNNCGGAAGN_CAP_repr,0.10350728626371687,3.088086176082559,0.0,0.85514,motif is annotated for orthologous gene ENSG00000126767 in H. sapiens (identity = 85%),"frozenset({'activating', 'mm10_10kbp_up_10kbp_down_full_tx_v10_clust.genes_vs_motifs.rankings', 'top50'})","[('Fbxo30', 1.0919227030889662), ('Ap3m1', 1.200576339872922), ('Zswim8', 1.4380428127847522), ('Yes1', 1.5528753132473303), ('Hnrnpr', 1.007221601045801), ('Arid1b', 1.2454544301716766), ('Mtmr9', 2.0838199119842216), ('Tdrd3', 1.742180133617642), ('Smc5', 1.0209773404782605), ('Cbfb', 2.685607747414976)]",773
Elk1,taipale_tf_pairs__ELK1_EOMES_RSCGGAANNAGGYGYNA_CAP_repr,0.1230372957905508,3.942747442365105,0.0,0.85514,motif is annotated for orthologous gene ENSG00000126767 in H. sapiens (identity = 85%),"frozenset({'activating', 'mm10_10kbp_up_10kbp_down_full_tx_v10_clust.genes_vs_motifs.rankings', 'top50'})","[('Hnrnpr', 1.007221601045801), ('Arid1b', 1.2454544301716766), ('Zswim8', 1.4380428127847522), ('Sf3b1', 1.236041592562343), ('Elk1', 1.0), ('Tcaf1', 0.9767154838923768), ('Smc5', 1.0209773404782605), ('Dnm1l', 1.843087094992828), ('Fbxo30', 1.0919227030889662), ('Dld', 1.2761253373610086), ('Mtmr9', 2.0838199119842216), ('Tnpo2', 1.2476213357499235), ('Mcur1', 1.1818870203079568), ('Yes1', 1.5528753132473303), ('Cbfb', 2.685607747414976)]",1843
Elk1,taipale_tf_pairs__ELK1_PAX1_RSCGGAACYACGCWYSANTG_CAP,0.12054973360149607,3.8338881482857565,0.0,0.85514,motif is annotated for orthologous gene ENSG00000126767 in H. sapiens (identity = 85%),"frozenset({'activating', 'mm10_10kbp_up_10kbp_down_full_tx_v10_clust.genes_vs_motifs.rankings', 'top50'})","[('Yes1', 1.5528753132473303), ('Fbxo30', 1.0919227030889662), ('Tdrd3', 1.742180133617642), ('Pot1a', 0.9638814630300458), ('Hnrnpr', 1.007221601045801), ('Tmem87b', 1.1326749079197076), ('Vps13c', 1.3639961884875156), ('Anapc4', 1.90024314028255), ('Dnaja3', 2.474170501833376), ('Sf3b1', 1.236041592562343)]",810
Elk1,taipale_tf_pairs__ELK1_PAX5_RSCGGAACYACGCWYSANTG_CAP_repr,0.1325817719911083,4.360427428868138,0.0,0.85514,motif is annotated for orthologous gene ENSG00000126767 in H. sapiens (identity = 85%),"frozenset({'activating', 'mm10_10kbp_up_10kbp_down_full_tx_v10_clust.genes_vs_motifs.rankings', 'top50'})","[('Fbxo30', 1.0919227030889662), ('Cbfb', 2.685607747414976), ('Yes1', 1.5528753132473303), ('Saxo2', 2.814390839583833), ('Tdrd3', 1.742180133617642), ('Ap3m1', 1.200576339872922), ('Tmem87b', 1.1326749079197076), ('Hnrnpr', 1.007221601045801), ('Kif2a', 2.577239747043435), ('Sf3b1', 1.236041592562343), ('Edem3', 1.5760263045685288), ('Ckap5', 1.1010195726258216), ('Mcur1', 1.1818870203079568)]",1831
Elk1,taipale_tf_pairs__ELK1_PAX9_RSCGGAACYACGCWYSANTG_CAP,0.10514801877139127,3.1598869870710655,0.0,0.85514,motif is annotated for orthologous gene ENSG00000126767 in H. sapiens (identity = 85%),"frozenset({'activating', 'mm10_10kbp_up_10kbp_down_full_tx_v10_clust.genes_vs_motifs.rankings', 'top50'})","[('Mtmr9', 2.0838199119842216), ('Vps13c', 1.3639961884875156), ('Zswim8', 1.4380428127847522), ('Tufm', 1.1600792533198343), ('Arid1b', 1.2454544301716766), ('Pik3cd', 1.0913646393914689), ('Pot1a', 0.9638814630300458), ('Timm29', 0.9783541366004992), ('Sf3b1', 1.236041592562343)]",1052
Elk1,taipale_tf_pairs__FOXO1_ELK1_RSCGGATGTTRTN_CAP,0.10345435940863061,3.085770020889382,0.0,0.85514,motif is annotated for orthologous gene ENSG00000126767 in H. sapiens (identity = 85%),"frozenset({'activating', 'mm10_10kbp_up_10kbp_down_full_tx_v10_clust.genes_vs_motifs.rankings', 'top50'})","[('Yes1', 1.5528753132473303), ('Tdrd3', 1.742180133617642), ('Fbxo30', 1.0919227030889662), ('Mtmr9', 2.0838199119842216), ('Dpy30', 1.4013712200110715), ('Arid1b', 1.2454544301716766), ('Cbfb', 2.685607747414976), ('Sf3b1', 1.236041592562343), ('Kif2a', 2.577239747043435), ('Dnm1l', 1.843087094992828), ('Hnrnpr', 1.007221601045801), ('Smc5', 1.0209773404782605), ('Tnpo2', 1.2476213357499235), ('Ap3m1', 1.200576339872922), ('Tcaf1', 0.9767154838923768), ('Ckap5', 1.1010195726258216), ('Pelo', 1.079195843805551), ('Edem3', 1.5760263045685288), ('Tufm', 1.1600792533198343), ('Mcur1', 1.1818870203079568), ('Anapc4', 1.90024314028255), ('Fyco1', 1.7075562641782496)]",3242
Elk3,taipale_tf_pairs__HOXD12_ELK3_NTTTAYNNCCGGAARNN_CAP_repr,0.08387410772225827,3.320683553238647,0.0,0.923833,motif is annotated for orthologous gene ENSG00000111145 in H. sapiens (identity = 92%),"frozenset({'activating', 'mm10_10kbp_up_10kbp_down_full_tx_v10_clust.genes_vs_motifs.rankings', 'top50'})","[('Orc5', 2.282380070527622), ('Ankrd13b', 1.3794414009025875), ('Nrbf2', 1.453968805395229), ('Pcgf6', 1.7812387374048833), ('Tmcc2', 1.711900024541854), ('Lsmem1', 1.5566931132418766), ('As3mt', 3.24116652416098)]",1073
Ets1,tfdimers__MD00104,0.1083785617367707,3.2789922782027774,0.0,0.927273,gene is orthologous to ENSG00000134954 in H. sapiens (identity = 92%) which is directly annotated for motif,"frozenset({'activating', 'mm10_10kbp_up_10kbp_down_full_tx_v10_clust.genes_vs_motifs.rankings', 'top50'})","[('Rab10os', 1.5994798013254756), ('Phyhipl', 1.8248031403844835), ('Tox', 1.7815419979565716), ('Bend4', 3.8596309329098175), ('E130006D01Rik', 1.6692785432748156), ('Mirg', 1.4551488089994902)]",531
Fosb,transfac_public__M00039,0.1237928007023705,4.316316414381442,0.000403,0.923077,gene is orthologous to ENSG00000125740 in H. sapiens (identity = 92%) which is annotated for similar motif transfac_pro__M08937 ('V$JUNFOSB_02: C-JUN:FOSB'; q-value = 0.000403),"frozenset({'activating', 'mm10_10kbp_up_10kbp_down_full_tx_v10_clust.genes_vs_motifs.rankings', 'top50'})","[('Dnajb4', 3.1517502349971216), ('Dusp1', 3.513593562516835), ('Pnrc1', 3.3303364713637804), ('Tra2a', 3.79387296425308), ('Gpm6b', 3.273922226303121), ('Ifrd1', 4.335174334679738), ('Bag3', 3.8425451450279136), ('Jund', 3.96366310105399), ('Fosb', 1.0)]",664
Foxc2,jaspar__MA0033.2,0.08261020479000347,3.009936859757978,2e-05,1.0,"gene is annotated for similar motif cisbp__M0732 ('CG11152[gene ID: ""FBgn0039937"" species: ""Drosophila melanogaster"" TF status: ""inferred"" TF family: ""Forkhead"" DBDs: ""Fork_head""]; CG9571[gene ID: ""FBgn0031086"" species: ""Drosophila melanogaster"" TF status: ""inferred"" TF family: ""Forkhead"" DBDs: ""Fork_head""]; FOXB2[gene ID: ""ENSG00000204612"" species: ""Homo sapiens"" TF status: ""inferred"" TF family: ""Forkhead"" DBDs: ""Fork_head""]; FOXD4L1[gene ID: ""ENSG00000184492"" species: ""Homo sapiens"" TF status: ""inferred"" TF family: ""Forkhead"" DBDs: ""Fork_head""]; FOXD4L3[gene ID: ""ENSG00000187559"" species: ""Homo sapiens"" TF status: ""inferred"" TF family: ""Forkhead"" DBDs: ""Fork_head""]; FOXD4L5[gene ID: ""ENSG00000204779"" species: ""Homo sapiens"" TF status: ""inferred"" TF family: ""Forkhead"" DBDs: ""Fork_head""]; FOXD4L6[gene ID: ""ENSG00000204793"" species: ""Homo sapiens"" TF status: ""inferred"" TF family: ""Forkhead"" DBDs: ""Fork_head""]; FOXD4[gene ID: ""ENSG00000170122"" species: ""Homo sapiens"" TF status: ""inferred"" TF family: ""Forkhead"" DBDs: ""Fork_head""]; FOXE1[gene ID: ""ENSG00000178919"" species: ""Homo sapiens"" TF status: ""inferred"" TF family: ""Forkhead"" DBDs: ""Fork_head""]; FOXE3[gene ID: ""ENSG00000186790"" species: ""Homo sapiens"" TF status: ""inferred"" TF family: ""Forkhead"" DBDs: ""Fork_head""]; FOXI2[gene ID: ""ENSG00000186766"" species: ""Homo sapiens"" TF status: ""inferred"" TF family: ""Forkhead"" DBDs: ""Fork_head""]; FOXK2[gene ID: ""ENSG00000141568"" species: ""Homo sapiens"" TF status: ""inferred"" TF family: ""Forkhead"" DBDs: ""Fork_head""]; FOXS1[gene ID: ""ENSG00000179772"" species: ""Homo sapiens"" TF status: ""inferred"" TF family: ""Forkhead"" DBDs: ""Fork_head""]; Foxa1[gene ID: ""ENSMUSG00000035451"" species: ""Mus musculus"" TF status: ""inferred"" TF family: ""Forkhead"" DBDs: ""Fork_head""]; Foxa3[gene ID: ""ENSMUSG00000040891"" species: ""Mus musculus"" TF status: ""inferred"" TF family: ""Forkhead"" DBDs: ""Fork_head""]; Foxb2[gene ID: ""ENSMUSG00000056829"" species: ""Mus musculus"" TF status: ""inferred"" TF family: ""Forkhead"" DBDs: ""Fork_head""]; Foxc2[gene ID: ""ENSMUSG00000046714"" species: ""Mus musculus"" TF status: ""direct"" TF family: ""Forkhead"" DBDs: ""Fork_head""]; Foxd2[gene ID: ""ENSMUSG00000055210"" species: ""Mus musculus"" TF status: ""inferred"" TF family: ""Forkhead"" DBDs: ""Fork_head""]; Foxd3[gene ID: ""ENSMUSG00000067261"" species: ""Mus musculus"" TF status: ""inferred"" TF family: ""Forkhead"" DBDs: ""Fork_head""]; Foxd4[gene ID: ""ENSMUSG00000051490"" species: ""Mus musculus"" TF status: ""inferred"" TF family: ""Forkhead"" DBDs: ""Fork_head""]; Foxe1[gene ID: ""ENSMUSG00000070990"" species: ""Mus musculus"" TF status: ""inferred"" TF family: ""Forkhead"" DBDs: ""Fork_head""]; Foxe3[gene ID: ""ENSMUSG00000044518"" species: ""Mus musculus"" TF status: ""inferred"" TF family: ""Forkhead"" DBDs: ""Fork_head""]; Foxf1a[gene ID: ""ENSMUSG00000042812"" species: ""Mus musculus"" TF status: ""inferred"" TF family: ""Forkhead"" DBDs: ""Fork_head""]; Foxf2[gene ID: ""ENSMUSG00000038402"" species: ""Mus musculus"" TF status: ""inferred"" TF family: ""Forkhead"" DBDs: ""Fork_head""]; Foxi1[gene ID: ""ENSMUSG00000047861"" species: ""Mus musculus"" TF status: ""inferred"" TF family: ""Forkhead"" DBDs: ""Fork_head""]; Foxi2[gene ID: ""ENSMUSG00000048377"" species: ""Mus musculus"" TF status: ""inferred"" TF family: ""Forkhead"" DBDs: ""Fork_head""]; Foxi3[gene ID: ""ENSMUSG00000055874"" species: ""Mus musculus"" TF status: ""inferred"" TF family: ""Forkhead"" DBDs: ""Fork_head""]; Foxk2[gene ID: ""ENSMUSG00000039275"" species: ""Mus musculus"" TF status: ""inferred"" TF family: ""Forkhead"" DBDs: ""Fork_head""]; Foxl2[gene ID: ""ENSMUSG00000050397"" species: ""Mus musculus"" TF status: ""inferred"" TF family: ""Forkhead"" DBDs: ""Fork_head""]; Foxq1[gene ID: ""ENSMUSG00000038415"" species: ""Mus musculus"" TF status: ""inferred"" TF family: ""Forkhead"" DBDs: ""Fork_head""]; Foxs1[gene ID: ""ENSMUSG00000074676"" species: ""Mus musculus"" TF status: ""inferred"" TF family: ""Forkhead"" DBDs: ""Fork_head""]; KIAA0415[gene ID: ""ENSG00000242802"" species: ""Homo sapiens"" TF status: ""inferred"" TF family: ""Forkhead"" DBDs: ""Fork_head""]; Mnf[gene ID: ""FBgn0036134"" species: ""Drosophila melanogaster"" TF status: ""inferred"" TF family: ""Forkhead"" DBDs: ""Fork_head""]; fd59A[gene ID: ""FBgn0004896"" species: ""Drosophila melanogaster"" TF status: ""inferred"" TF family: ""Forkhead"" DBDs: ""Fork_head""]; fd96Ca[gene ID: ""FBgn0004897"" species: ""Drosophila melanogaster"" TF status: ""inferred"" TF family: ""Forkhead"" DBDs: ""Fork_head""]; fd96Cb[gene ID: ""FBgn0004898"" species: ""Drosophila melanogaster"" TF status: ""inferred"" TF family: ""Forkhead"" DBDs: ""Fork_head""]'; q-value = 1.99e-05)","frozenset({'activating', 'mm10_10kbp_up_10kbp_down_full_tx_v10_clust.genes_vs_motifs.rankings', 'top50'})","[('Plcd1', 3.714670088222477), ('Rai1', 1.4166024227851275), ('Eepd1', 1.2625527916241743), ('Vash2', 1.5567017844918574), ('Zfp827', 1.4608474216959593), ('Myo19', 1.7174535607795596), ('Trappc9', 1.274711798755277), ('Ank1', 1.208981731717954), ('Rcc1', 2.033211391970367), ('Srf', 1.524037232992976), ('Rft1', 1.4117831892009884), ('Mgrn1', 2.0548322054042627)]",2791
Gata6,transfac_pro__M03549,0.09443915175893582,3.3426126727076033,0.000218,1.0,gene is annotated for similar motif transfac_pro__M03216 ('V$GATA6_Q5: GATA-6'; q-value = 0.000218),"frozenset({'activating', 'mm10_10kbp_up_10kbp_down_full_tx_v10_clust.genes_vs_motifs.rankings', 'top50'})","[('Peg10', 1.03304746744467), ('Osr1', 1.2559970848713256), ('Unc5c', 0.968605033384041), ('Nr2f2', 1.4388988287061493), ('Tnfsf13', 1.578435978646608), ('Paqr8', 1.5845078196573832), ('Prpf6', 0.947541625767086), ('Ring1', 1.6648025707545502), ('Zfp24', 1.0175248244454351), ('Ncoa4', 2.9157952738304367), ('Pawr', 0.9946675207267128), ('Prickle3', 1.2188422254935058), ('Gria4', 1.13450629469674), ('Agrn', 1.047080492853714)]",3205
Hoxb2,taipale_tf_pairs__HOXB2_TBX21_NAGGTGNTAATKR_CAP,0.0656242596541104,3.080989432765295,0.0,0.80791,gene is orthologous to ENSG00000173917 in H. sapiens (identity = 80%) which is directly annotated for motif,"frozenset({'activating', 'mm10_10kbp_up_10kbp_down_full_tx_v10_clust.genes_vs_motifs.rankings', 'top50'})","[('Mcm3', 1.4104608659040574), ('Chaf1a', 0.4929213012919721), ('Siah1b', 0.8492379173532438), ('Cenpk', 2.0476139144009697), ('Gins1', 0.8421640527155907)]",852
Irf7,tfdimers__MD00138,0.09742105797542898,3.903004933750736,0.0,0.682713,gene is orthologous to ENSG00000185507 in H. sapiens (identity = 68%) which is directly annotated for motif,"frozenset({'activating', 'mm10_10kbp_up_10kbp_down_full_tx_v10_clust.genes_vs_motifs.rankings', 'top50'})","[('Mrpl38', 1.9964442979681287), ('Gfpt1', 0.941111959672294), ('Oasl2', 2.0763343319622143), ('Tshz3', 1.0091271168175586), ('Foxo3', 1.3625299174886425), ('Irf7', 1.0), ('H2-K1', 1.4115527554664054)]",726
Jun,tfdimers__MD00125,0.09629389285456774,3.063298680213466,0.0,0.963746,motif is annotated for orthologous gene ENSG00000177606 in H. sapiens (identity = 96%),"frozenset({'activating', 'mm10_10kbp_up_10kbp_down_full_tx_v10_clust.genes_vs_motifs.rankings', 'top50'})","[('Dleu2', 2.7440779292431468), ('Socs3', 2.484442141182135), ('Mafb', 2.569352757473769), ('Zfp36', 4.674135685005003), ('Sfrp2', 3.04275447657458), ('Gadd45g', 2.3261299760047813), ('Fosb', 3.7478504027713657), ('Taok3', 2.5013065367938863), ('Btg2', 2.203111026364926), ('Atf3', 5.780159500761603), ('Ccnd1', 2.3441376827111), ('Irf1', 3.65570000784044)]",1869
Lhx2,taipale_cyt_meth__LBX2_CTMATTAATTAN_eDBD,0.10129584634964711,3.6770197240004716,0.000473,1.0,"gene is annotated for similar motif cisbp__M0902 ('Lhx2[gene ID: ""ENSMUSG00000000247"" species: ""Mus musculus"" TF status: ""direct"" TF family: ""Homeodomain"" DBDs: ""Homeobox""]'; q-value = 0.000473)","frozenset({'activating', 'mm10_10kbp_up_10kbp_down_full_tx_v10_clust.genes_vs_motifs.rankings', 'top50'})","[('D10Wsu102e', 0.2058187830931868), ('Rnf139', 1.028606683465108), ('Haus6', 2.011615784541244), ('Zcchc2', 0.7241908294900805), ('March9', 0.74387972124941)]",533
Mafa,transfac_pro__M01139,0.09308897688428605,3.2878258916437315,0.0,1.0,gene is directly annotated,"frozenset({'activating', 'mm10_10kbp_up_10kbp_down_full_tx_v10_clust.genes_vs_motifs.rankings', 'top50'})","[('Celf4', 1.917520228608066), ('Pou3f1', 0.9339080793901552), ('Arhgef11', 0.8339736486489816), ('Ypel2', 1.062824031233755), ('Cyp26b1', 0.7935867764291246), ('Omd', 1.075688869777659), ('Zfp746', 1.6001621280945737), ('Ptprk', 2.462661494939664), ('Taf4', 1.6509879750115042), ('Thap1', 1.3041863725503215), ('Herc4', 0.8858308219682121), ('Cog6', 0.914403756842878)]",1316
Mga,taipale_tf_pairs__MGA_DLX2_AGGTGNTAATTR_CAP,0.07827529021558872,3.013898955816179,0.0,0.828402,gene is orthologous to ENSG00000174197 in H. sapiens (identity = 82%) which is directly annotated for motif,"frozenset({'activating', 'mm10_10kbp_up_10kbp_down_full_tx_v10_clust.genes_vs_motifs.rankings', 'top50'})","[('Mga', 1.0), ('Sf1', 1.4637583901580364), ('Aunip', 1.0532492652242056), ('Zw10', 1.954401235199632), ('Gtpbp10', 1.1559650400948318), ('Nfrkb', 2.4586145918035966), ('Eya2', 1.112651163961562), ('Bmp2k', 1.0939138050392965), ('Srrm2', 1.377580461576392), ('Zmpste24', 1.190997507446374)]",1467
Mterf1a,transfac_pro__M01245,0.08430672723339823,3.111049853645421,0.0,0.746702,gene is orthologous to ENSG00000127989 in H. sapiens (identity = 74%) which is directly annotated for motif,"frozenset({'activating', 'mm10_10kbp_up_10kbp_down_full_tx_v10_clust.genes_vs_motifs.rankings', 'top50'})","[('Plpp2', 1.1100926381840417), ('Nrxn1', 0.8933486402519011), ('Gphn', 1.8353826861748077), ('Cdkn2a', 1.467439931926389), ('Tasp1', 1.3505764863669951), ('Mmachc', 2.741714854096405)]",885
Mzf1,tfdimers__MD00503,0.08859687071886942,3.2334390242211546,0.0,0.826975,motif is annotated for orthologous gene ENSG00000099326 in H. sapiens (identity = 82%),"frozenset({'activating', 'mm10_10kbp_up_10kbp_down_full_tx_v10_clust.genes_vs_motifs.rankings', 'top50'})","[('Osbpl1a', 1.0711266584018873), ('Gbe1', 1.2455560071864633), ('Dck', 2.7687976368821694), ('Galnt11', 0.8015343538332214), ('Dvl2', 1.375695712355354), ('Wdr36', 1.1406147891227376)]",623
Prdm5,transfac_pro__M06728,0.09685614480787552,3.423670787704593,0.0,0.924875,gene is orthologous to ENSG00000138738 in H. sapiens (identity = 92%) which is directly annotated for motif,"frozenset({'activating', 'mm10_10kbp_up_10kbp_down_full_tx_v10_clust.genes_vs_motifs.rankings', 'top50'})","[('Ddx20', 1.728046342299781), ('Cdc23', 1.434604895078564), ('Parp3', 1.3721564626763023), ('Dtx3', 1.9815376082691647)]",255
Tbp,tfdimers__MD00131,0.08654192804095465,3.168309461672733,0.0,0.971519,gene is orthologous to ENSG00000112592 in H. sapiens (identity = 97%) which is directly annotated for motif,"frozenset({'activating', 'mm10_10kbp_up_10kbp_down_full_tx_v10_clust.genes_vs_motifs.rankings', 'top50'})","[('Ap4s1', 1.7197381401091492), ('Uspl1', 1.6395169254006805), ('Tspyl2', 1.578643790956814), ('Tm6sf1', 2.14706749955745), ('Usp13', 2.0691802305096294)]",402
Tbr1,homer__ATTAACACCT_Eomes,0.08138128800442233,3.5396581272805743,0.000687,1.0,"gene is annotated for similar motif cisbp__M1633 ('Tbr1[gene ID: ""ENSMUSG00000035033"" species: ""Mus musculus"" TF status: ""direct"" TF family: ""T-box"" DBDs: ""T-box""]; Tbx21[gene ID: ""ENSMUSG00000001444"" species: ""Mus musculus"" TF status: ""inferred"" TF family: ""T-box"" DBDs: ""T-box""]'; q-value = 0.000687)","frozenset({'activating', 'mm10_10kbp_up_10kbp_down_full_tx_v10_clust.genes_vs_motifs.rankings', 'top50'})","[('Tctex1d4', 0.4929075073570949), ('Dbx2', 0.2913763078717259), ('Trnt1', 0.3543511757207136), ('Mid1', 0.3701444190772521), ('Cfap45', 0.2008367502682079), ('Gatb', 0.2301589761492893), ('Slc2a3', 0.3714959778342234), ('Rmdn3', 0.2136975226934904), ('Arl6ip6', 0.2884647988174528), ('Sdcbp2', 0.2868957143867743), ('Ppp6r2', 0.8917163898699737)]",1719
Tcf4,tfdimers__MD00556,0.11917081260364842,3.1115790457084658,0.0,0.98209,gene is orthologous to ENSG00000196628 in H. sapiens (identity = 98%) which is directly annotated for motif,"frozenset({'activating', 'mm10_10kbp_up_10kbp_down_full_tx_v10_clust.genes_vs_motifs.rankings', 'top50'})","[('Ccni', 1.3805394868750642), ('Elf2', 1.9545129358705928), ('Rev1', 2.459293824626201), ('Fcho2', 1.5241334754156637), ('Fnip1', 1.6290767991253323), ('Ptar1', 1.2380457553798272), ('Prkar2b', 1.3316300688813676), ('Oxr1', 2.023657409415625), ('Tcp11l2', 1.408829342997706), ('Ddx6', 1.3242359860870698)]",968
Tcf7l1,tfdimers__MD00078,0.10052995890114644,3.9068417439916585,0.0,0.955782,motif is annotated for orthologous gene ENSG00000152284 in H. sapiens (identity = 95%),"frozenset({'activating', 'mm10_10kbp_up_10kbp_down_full_tx_v10_clust.genes_vs_motifs.rankings', 'top50'})","[('Akr1e1', 1.1853040004329018), ('Ctbp2', 1.509505851589132), ('Smad6', 1.1810293875961062), ('Slc7a6', 1.019942679403476), ('March9', 0.9165369628827004)]",469
Tfap4,homer__NAHCAGCTGD_Ap4,0.09085255540479421,3.134558873015837,0.0,0.976331,gene is orthologous to ENSG00000090447 in H. sapiens (identity = 97%) which is directly annotated for motif,"frozenset({'activating', 'mm10_10kbp_up_10kbp_down_full_tx_v10_clust.genes_vs_motifs.rankings', 'top50'})","[('Raver2', 1.3106926442281277), ('Parp11', 1.611063594548236), ('Cdkl5', 2.324726516014893), ('Spout1', 1.2135150592984056), ('Tfap4', 1.0), ('Vsig8', 2.2856025181223147), ('2900026A02Rik', 1.332883636900934)]",1108
Wt1,tfdimers__MD00437,0.13691347185640426,3.03740255007953,0.0,0.924565,gene is orthologous to ENSG00000184937 in H. sapiens (identity = 92%) which is directly annotated for motif,"frozenset({'activating', 'mm10_10kbp_up_10kbp_down_full_tx_v10_clust.genes_vs_motifs.rankings', 'top50'})","[('Cacna2d1', 0.3733100967125494), ('Fndc3a', 0.5889945033881859), ('Met', 0.8201763381154021), ('Atf7ip', 1.2119522252309718), ('Atxn7l3b', 0.2017337484437998), ('Raf1', 0.9712816190978606), ('Mkln1', 0.5513267244935977), ('March8', 0.4861487230064806), ('Top2b', 0.208373038650388), ('Fam3c', 1.2786857837223495), ('Sypl', 0.2576236779990989), ('Neo1', 0.585739247968696), ('Tfg', 0.9497946324971344), ('Trpm7', 0.4532169805649022), ('Ranbp2', 0.2928977821658509), ('Ddx10', 0.8255757941560391), ('Xpr1', 0.8108054503580169), ('Ptbp3', 0.2156013636377481), ('Tbl1x', 0.4669432132272132), ('Dag1', 0.3152157916341606), ('Ppp4r2', 0.7096826048491983), ('Adss', 0.2789545841343256), ('Mapk1', 0.3330156592357228), ('Exoc5', 0.3423500942709297)]",3086
Zfp369,transfac_pro__M00915,0.10352996920161099,3.5163530838565578,0.000216,0.416568,"gene is orthologous to ENSG00000171606 in H. sapiens (identity = 41%) which is annotated for similar motif dbcorrdb__ZNF274__ENCSR000EVG_1__m3 ('ZNF274 (ENCSR000EVG-1, motif 3)'; q-value = 0.000216)","frozenset({'activating', 'mm10_10kbp_up_10kbp_down_full_tx_v10_clust.genes_vs_motifs.rankings', 'top50'})","[('Ctcf', 1.1237685898008425), ('Setd2', 2.3076188319961), ('Tbc1d5', 1.2450541752229136), ('Ino80', 1.833127357705372), ('Lpin2', 1.7635004143395494), ('Gpatch8', 1.5975040589536125), ('Hmgxb4', 1.192692738765391), ('Clasp2', 1.2484064661515946), ('Rad54l2', 1.3212912397748406), ('Jarid2', 1.281365914455679), ('Nuak1', 1.1130691585277983), ('Zfp12', 2.180466434573701), ('Tia1', 1.917269084842707), ('Amer1', 1.2956606435531082)]",2080
Zfp623,transfac_pro__M06062,0.0879503995175637,3.55877802809636,0.0,0.821643,gene is orthologous to ENSG00000183309 in H. sapiens (identity = 82%) which is directly annotated for motif,"frozenset({'activating', 'mm10_10kbp_up_10kbp_down_full_tx_v10_clust.genes_vs_motifs.rankings', 'top50'})","[('Ccdc138', 1.3242953237435957), ('Cd1d1', 2.0051045391048614), ('Lrrc1', 1.4644127163774567), ('Smug1', 3.3518881815683), ('Ccdc162', 1.701080591215947), ('Dis3l', 1.21843579726944), ('Skap2', 1.2643864825243285)]",559
Zscan2,transfac_pro__M06253,0.09142692335424328,3.615298449165064,0.0,1.0,gene is directly annotated,"frozenset({'activating', 'mm10_10kbp_up_10kbp_down_full_tx_v10_clust.genes_vs_motifs.rankings', 'top50'})","[('Spred2', 0.8297763938718484), ('Prdm8', 2.1121096142825224), ('Traf3ip2', 0.9802783870370864), ('Cdk15', 0.5867898814307806), ('Pot1a', 0.6617246205413508), ('Tsga10', 0.7087409072058245)]",625
AW146154,transfac_pro__M06477,0.10320193902283455,3.490521010811418,0.0,0.43578,motif is annotated for orthologous gene ENSG00000181896 in H. sapiens (identity = 43%),"frozenset({'activating', 'top5perTarget', 'mm10_10kbp_up_10kbp_down_full_tx_v10_clust.genes_vs_motifs.rankings'})","[('Focad', 1.006845036308047), ('Emid1', 1.915204278103455), ('Mertk', 1.319998599135094), ('Osbpl1a', 1.0459977928387094), ('Pgap3', 1.9427500721156767)]",531
Bcl6b,c2h2_zfs__M0369,0.09787086075001337,3.0106653519278344,0.0,1.0,gene is directly annotated,"frozenset({'activating', 'top5perTarget', 'mm10_10kbp_up_10kbp_down_full_tx_v10_clust.genes_vs_motifs.rankings'})","[('Hck', 2.309589881444874), ('Plp1', 0.6468444156149846), ('Bcl6b', 1.0)]",252
Creb3,transfac_public__M00039,0.07702864985417739,3.0174819111358127,0.000622,0.662269,gene is orthologous to ENSG00000107175 in H. sapiens (identity = 66%) which is annotated for similar motif taipale_cyt_meth__CREB3_NRTGACGTCAYN_FL ('CREB3 [bZIP]'; q-value = 0.000622),"frozenset({'activating', 'top5perTarget', 'mm10_10kbp_up_10kbp_down_full_tx_v10_clust.genes_vs_motifs.rankings'})","[('Tmem106c', 1.7020193876527787), ('Pik3cg', 0.732963588827579), ('Yars2', 1.096077437859767), ('Ebf4', 0.7807950420442122), ('Pih1d2', 1.3083898099410631), ('Eif4a3', 0.9345751629269956), ('Rnf32', 3.1000391859342304), ('Ctxn3', 1.8455836615012693)]",1062
E2f1,tfdimers__MD00123,0.10357932559425097,4.1403380533952046,0.0,0.853488,gene is orthologous to ENSG00000101412 in H. sapiens (identity = 85%) which is directly annotated for motif,"frozenset({'activating', 'top5perTarget', 'mm10_10kbp_up_10kbp_down_full_tx_v10_clust.genes_vs_motifs.rankings'})","[('Fam160b1', 0.9853887207341878), ('Edem3', 1.9368123976458749), ('4632428C04Rik', 0.9752896446320124), ('Arid1b', 2.267044421343876), ('Hnrnpl', 1.206641184797962), ('Iqce', 1.3098175805126695), ('Mtmr9', 2.0594968138239804), ('Sos1', 1.4919977455632778)]",988
Elf4,hdpi__ETV4,0.10696517412935323,3.15752191964339,0.000538,1.0,"gene is annotated for similar motif cisbp__M0706 ('Elf1[gene ID: ""ENSMUSG00000036461"" species: ""Mus musculus"" TF status: ""inferred"" TF family: ""Ets"" DBDs: ""Ets""]; Elf4[gene ID: ""ENSMUSG00000031103"" species: ""Mus musculus"" TF status: ""direct"" TF family: ""Ets"" DBDs: ""Ets""]'; q-value = 0.000538)","frozenset({'activating', 'top5perTarget', 'mm10_10kbp_up_10kbp_down_full_tx_v10_clust.genes_vs_motifs.rankings'})","[('Piezo2', 1.277338311031163), ('Ttr', 0.9813093382182888), ('Nwd2', 0.6156758282216565), ('Snhg14', 0.925815546706772), ('Slc24a4', 0.8614914799815477), ('Fam234a', 1.610138034851033)]",430
Elk1,taipale_tf_pairs__E2F1_ELK1_SGCGCNNNNNCGGAAGN_CAP_repr,0.11354339414040907,3.585224121589211,0.0,0.85514,motif is annotated for orthologous gene ENSG00000126767 in H. sapiens (identity = 85%),"frozenset({'activating', 'top5perTarget', 'mm10_10kbp_up_10kbp_down_full_tx_v10_clust.genes_vs_motifs.rankings'})","[('Fbxo30', 1.0919227030889662), ('Ap3m1', 1.200576339872922), ('Zswim8', 1.4380428127847522), ('Yes1', 1.5528753132473303), ('Arid1b', 1.2454544301716766), ('Mtmr9', 2.0838199119842216), ('Tdrd3', 1.742180133617642), ('Smc5', 1.0209773404782605), ('Cbfb', 2.685607747414976)]",773
Elk1,taipale_tf_pairs__E2F1_ELK1_SGCGCNNNNNNNNNNCGGAAGN_CAP_repr,0.10832872673668693,3.3543082989870237,0.0,0.85514,motif is annotated for orthologous gene ENSG00000126767 in H. sapiens (identity = 85%),"frozenset({'activating', 'top5perTarget', 'mm10_10kbp_up_10kbp_down_full_tx_v10_clust.genes_vs_motifs.rankings'})","[('Arid1b', 1.2454544301716766), ('Zswim8', 1.4380428127847522), ('Sf3b1', 1.236041592562343), ('Elk1', 1.0), ('Tcaf1', 0.9767154838923768), ('Hspb11', 0.8070475983056667), ('Smc5', 1.0209773404782605), ('Dnm1l', 1.843087094992828), ('Fbxo30', 1.0919227030889662), ('Dld', 1.2761253373610086), ('Mtmr9', 2.0838199119842216), ('Tnpo2', 1.2476213357499235), ('Yes1', 1.5528753132473303), ('Cbfb', 2.685607747414976), ('Pdlim2', 0.876790492701352)]",1949
Elk1,taipale_tf_pairs__ELK1_EOMES_RSCGGAANNAGGYGYNA_CAP_repr,0.10167680117928875,3.0597478326994283,0.0,0.85514,motif is annotated for orthologous gene ENSG00000126767 in H. sapiens (identity = 85%),"frozenset({'activating', 'top5perTarget', 'mm10_10kbp_up_10kbp_down_full_tx_v10_clust.genes_vs_motifs.rankings'})","[('Yes1', 1.5528753132473303), ('Fbxo30', 1.0919227030889662), ('Hspb11', 0.8070475983056667), ('Tdrd3', 1.742180133617642), ('Tmem87b', 1.1326749079197076), ('Vps13c', 1.3639961884875156), ('Anapc4', 1.90024314028255), ('Dnaja3', 2.474170501833376), ('Sf3b1', 1.236041592562343)]",810
Elk1,taipale_tf_pairs__ELK1_PAX5_RSCGGAACYACGCWYSANTG_CAP_repr,0.10064492353049567,3.014054242361186,0.0,0.85514,motif is annotated for orthologous gene ENSG00000126767 in H. sapiens (identity = 85%),"frozenset({'activating', 'top5perTarget', 'mm10_10kbp_up_10kbp_down_full_tx_v10_clust.genes_vs_motifs.rankings'})","[('Fbxo30', 1.0919227030889662), ('Cbfb', 2.685607747414976), ('Yes1', 1.5528753132473303), ('Saxo2', 2.814390839583833), ('Tdrd3', 1.742180133617642), ('Ap3m1', 1.200576339872922), ('Tmem87b', 1.1326749079197076), ('Hspb11', 0.8070475983056667), ('Kif2a', 2.577239747043435), ('Sf3b1', 1.236041592562343), ('Edem3', 1.5760263045685288), ('Gclm', 0.6963376445585806), ('Unc13b', 0.920245922023933), ('Vps13c', 1.3639961884875156), ('Pan3', 1.3635485717063398), ('Hoxd8', 0.6472261917465679), ('Dnm1l', 1.843087094992828)]",2861
Erg,tfdimers__MD00408,0.09109215825633736,3.3854420149080355,0.0,0.971193,gene is orthologous to ENSG00000157554 in H. sapiens (identity = 97%) which is directly annotated for motif,"frozenset({'activating', 'top5perTarget', 'mm10_10kbp_up_10kbp_down_full_tx_v10_clust.genes_vs_motifs.rankings'})","[('Epop', 1.1322932049422367), ('Kcnb1', 1.3795145952308323), ('Msra', 0.8024103394937535), ('Sgpl1', 1.5006505955204077), ('Pcdhga6', 2.0057869041465906)]",577
Fosl1,tfdimers__MD00353,0.0954628566568865,3.864342590410819,0.0,0.885609,motif is annotated for orthologous gene ENSG00000175592 in H. sapiens (identity = 88%),"frozenset({'activating', 'top5perTarget', 'mm10_10kbp_up_10kbp_down_full_tx_v10_clust.genes_vs_motifs.rankings'})","[('Zscan2', 0.6537435983202765), ('Mmrn2', 1.1522200967145315), ('Etf1', 0.787813516302644), ('Hsbp1l1', 1.2689079955390534), ('Sfxn5', 1.173666888572264), ('Tll2', 0.7010868257106863), ('Ovol2', 0.7979392122091332), ('Ccl2', 2.0351382037062207), ('Pik3r5', 1.0404899783341823)]",501
Foxc1,transfac_public__M00266,0.11563974996810818,3.711003450714725,0.0,0.309055,motif is annotated for orthologous gene FBgn0014143 in D. melanogaster (identity = 30%),"frozenset({'activating', 'top5perTarget', 'mm10_10kbp_up_10kbp_down_full_tx_v10_clust.genes_vs_motifs.rankings'})","[('1700003M07Rik', 0.7800472281943274), ('Phyhipl', 0.7484975021104403), ('Ppm1n', 0.3671163004789713), ('Rgs18', 0.705562467142332), ('Foxc1', 1.0), ('Adap1', 0.700469378615246)]",766
Foxo1,tfdimers__MD00090,0.13241086235489222,3.964234037841643,0.0,0.930982,gene is orthologous to ENSG00000150907 in H. sapiens (identity = 93%) which is directly annotated for motif,"frozenset({'activating', 'top5perTarget', 'mm10_10kbp_up_10kbp_down_full_tx_v10_clust.genes_vs_motifs.rankings'})","[('Nr2f1', 1.583797977801239), ('Aff3', 1.660351621565826), ('2010300C02Rik', 0.7697739574918192), ('Nr3c2', 0.7895817656949204)]",185
Gsc,homer__TAATCHGATTAC_Pax7,0.10270867882808181,3.1075042778402575,0.000206,0.192389,motif similar to transfac_pro__M07798 ('I$GSC_02: Gsc'; q-value = 0.000206) which is annotated for orthologous gene FBgn0010323 in D. melanogaster (identity = 19%),"frozenset({'activating', 'top5perTarget', 'mm10_10kbp_up_10kbp_down_full_tx_v10_clust.genes_vs_motifs.rankings'})","[('Zfp607b', 1.25831048607891), ('Mettl26', 1.1566931692540543), ('Pramef8', 1.283383456966506), ('Znrf3', 2.061335728611404), ('Phf11b', 2.508948215472562), ('Mllt3', 3.2233200027140843), ('Rab29', 1.5749761185058495)]",685
Hoxa13,transfac_pro__M01297,0.1084916327453641,3.792319467263359,0.0,1.0,gene is directly annotated,"frozenset({'activating', 'top5perTarget', 'mm10_10kbp_up_10kbp_down_full_tx_v10_clust.genes_vs_motifs.rankings'})","[('Hibch', 2.4621780521191927), ('Hand2', 3.4665212206482785), ('Polrmt', 1.5913160592610331), ('2700046G09Rik', 1.6388860149720168), ('Cadm4', 0.8293139846453437), ('Zbtb2', 0.892113697041785)]",633
Irf7,tfdimers__MD00138,0.08756218905472637,3.366238532926211,0.0,0.682713,gene is orthologous to ENSG00000185507 in H. sapiens (identity = 68%) which is directly annotated for motif,"frozenset({'activating', 'top5perTarget', 'mm10_10kbp_up_10kbp_down_full_tx_v10_clust.genes_vs_motifs.rankings'})","[('Cox17', 1.308866380657848), ('Ntrk1', 1.8816332092876864), ('Snx22', 1.5691909044490144), ('Mrpl38', 1.9964442979681287), ('Tmem41a', 3.11233314506969), ('Sart3', 2.8086380783405795), ('Atf7ip', 1.3358253145394714), ('Mlh3', 1.8833334705052), ('Foxo3', 1.3625299174886425), ('Tnks', 1.3812799526281845), ('Cdc14b', 1.0552260826474522), ('Pdzrn3', 3.0102572963166665), ('Cck', 2.292389463601252), ('B2m', 2.076160604031238), ('Rexo1', 1.5540060125319106)]",4390
Klf9,transfac_pro__M07461,0.09869377392871036,3.0660925266392596,0.0,0.967213,gene is orthologous to ENSG00000119138 in H. sapiens (identity = 96%) which is directly annotated for motif,"frozenset({'activating', 'top5perTarget', 'mm10_10kbp_up_10kbp_down_full_tx_v10_clust.genes_vs_motifs.rankings'})","[('Nr3c1', 1.5774520956262672), ('Gal', 0.9476689017100826), ('Tbl1x', 1.2474446558833043), ('Ino80d', 1.0688614989857916), ('Dleu2', 0.7799102120319221), ('Rc3h1', 1.0549806841995994), ('Kdm6b', 1.5439735246318134), ('Chd4', 1.5922719120619062), ('Rbpj', 1.565919204055579), ('Erf', 2.347328044599624), ('Thra', 0.9464260920103168), ('Fgfr1', 0.798768393910034), ('Elf2', 0.8798674344144617), ('Robo2', 0.7624981654686048), ('Wasl', 1.4603213590703223), ('Slc41a1', 1.4455690588092236), ('Tsc22d2', 0.8699657691262371), ('Skil', 1.552654782239787), ('Spred1', 0.8967820281301757), ('Zbtb2', 2.22334545895243), ('Bnc2', 0.8969277901231276), ('Zbtb7a', 0.9400954280664064), ('Jarid2', 0.9748105358143322), ('Bcor', 0.958889054936797), ('Crebrf', 2.3222451661751013), ('Vezf1', 3.7095223500825663), ('Mir22hg', 1.5912694645742935), ('Pnck', 0.8271527435317759), ('Rhof', 0.6174323845316446), ('Bmpr1a', 1.1181002109398837), ('Ryr1', 1.874902643452236), ('Pdgfra', 1.3726755009249858), ('Camk2d', 1.4614595000361996), ('Megf10', 1.9566804630887489), ('Nfe2l2', 1.4070714809126508), ('Nfix', 2.739867654179929), ('Gabre', 2.130739239941431), ('Ncald', 0.8193681695662914), ('Cul2', 3.078713882498713), ('Nab1', 0.917074547533094), ('Hoxc11', 0.9190570610746788), ('Jmjd1c', 2.825274134266041), ('Nalcn', 0.9382528941993497), ('Cnot4', 1.2897929973290232), ('Enc1', 1.5099170095670584), ('Ctdsp2', 1.783796792616029), ('Ddx3x', 2.0481656491905813), ('Zbtb11', 1.0018794559146833), ('Klf9', 1.0), ('Rbbp6', 0.8560847627113118), ('Myc', 0.9732412467380138), ('Zfp207', 1.6629910636839464), ('Phf13', 1.174262888677038), ('Kdm7a', 1.3377114315860426), ('Fosl2', 1.3582522596238762), ('Sntb2', 1.7251406297142724), ('Elf1', 1.130077449083694), ('Arl4a', 1.3492233382734542)]",2708
Mafa,transfac_pro__M01139,0.09468859406670352,3.2055589139009246,0.0,1.0,gene is directly annotated,"frozenset({'activating', 'top5perTarget', 'mm10_10kbp_up_10kbp_down_full_tx_v10_clust.genes_vs_motifs.rankings'})","[('Nt5dc3', 0.9592155629623398), ('Bivm', 1.161407522472356), ('Bambi', 1.4840924390388726), ('Trerf1', 1.429933917978263), ('Lrp5', 2.196828830327824), ('Taf4', 1.6509879750115042), ('Zfp746', 1.6001621280945737), ('Cacna1c', 1.6128696710283008), ('Setd1a', 1.843381037867927), ('Cstf2', 1.2424060391101872)]",1836
Mzf1,tfdimers__MD00503,0.09923596304193319,3.009984947259713,0.0,0.826975,motif is annotated for orthologous gene ENSG00000099326 in H. sapiens (identity = 82%),"frozenset({'activating', 'top5perTarget', 'mm10_10kbp_up_10kbp_down_full_tx_v10_clust.genes_vs_motifs.rankings'})","[('Osbpl1a', 1.0711266584018873), ('Gbe1', 1.2455560071864633), ('Dck', 2.7687976368821694), ('Dvl2', 1.375695712355354), ('Wdr36', 1.1406147891227376)]",623
Nfatc3,transfac_pro__M07607,0.07895164699378922,3.3145669932489557,0.0,1.0,gene is directly annotated,"frozenset({'activating', 'top5perTarget', 'mm10_10kbp_up_10kbp_down_full_tx_v10_clust.genes_vs_motifs.rankings'})","[('Nfatc3', 1.0), ('Tcp10b', 0.6901701974730768), ('Bod1', 0.6968086825102392), ('Cenpo', 1.8333658077985877), ('Pipox', 0.8356685628400566), ('Dtx4', 1.3617775507447016), ('4930520O04Rik', 0.7092445271982296)]",1084
Pax9,taipale_tf_pairs__HOXB2_PAX9_NNMATTAGTCACGCWTSRNTG_CAP,0.11475953565505805,3.72360526470278,0.0,0.985337,motif is annotated for orthologous gene ENSG00000198807 in H. sapiens (identity = 98%),"frozenset({'activating', 'top5perTarget', 'mm10_10kbp_up_10kbp_down_full_tx_v10_clust.genes_vs_motifs.rankings'})","[('Bfsp1', 3.5523636411700608), ('Clec2l', 0.7975215414107095), ('Bcam', 0.9730335053913516), ('Atp6v0a4', 0.7181584676154726), ('Pax9', 1.0), ('Pan2', 1.1621821358027236), ('Pcsk1n', 1.2324009852580446)]",1487
Prdm16,transfac_pro__M05962,0.12392582541836274,3.3823791171053434,0.0,0.880784,gene is orthologous to ENSG00000142611 in H. sapiens (identity = 88%) which is directly annotated for motif,"frozenset({'activating', 'top5perTarget', 'mm10_10kbp_up_10kbp_down_full_tx_v10_clust.genes_vs_motifs.rankings'})","[('Prdm16', 1.0), ('Ezh2', 1.100226035671254), ('Dnajc24', 1.191889240425307), ('Cryaa', 1.2719724975068598), ('Pitx1', 0.8395596997277269)]",379
Pura,tfdimers__MD00332,0.08171688374606369,3.3547367569179847,0.0,0.993769,gene is orthologous to ENSG00000185129 in H. sapiens (identity = 99%) which is directly annotated for motif,"frozenset({'activating', 'top5perTarget', 'mm10_10kbp_up_10kbp_down_full_tx_v10_clust.genes_vs_motifs.rankings'})","[('Stxbp5l', 0.9184937489367032), ('Gpr173', 2.56123863588033), ('Sp4', 1.3784338995368166), ('Sntg1', 0.8350519773723198), ('Pura', 1.0)]",193
Pura,tfdimers__MD00537,0.0808038459388451,3.2953561324790677,0.0,0.993769,gene is orthologous to ENSG00000185129 in H. sapiens (identity = 99%) which is directly annotated for motif,"frozenset({'activating', 'top5perTarget', 'mm10_10kbp_up_10kbp_down_full_tx_v10_clust.genes_vs_motifs.rankings'})","[('Smg7', 0.8022483694273312), ('Stxbp5l', 0.9184937489367032), ('Sp4', 1.3784338995368166), ('Gabbr1', 1.598487617956454), ('Scimp', 0.6551417307766759), ('Gpr173', 2.56123863588033), ('Pura', 1.0), ('Phox2a', 0.7993623786457359), ('Dcaf5', 0.8249632616684356), ('Tesk2', 2.673087449689028), ('Sntg1', 0.8350519773723198), ('Syndig1', 1.3572258538681643), ('Adgra2', 2.064830566420772), ('Lmo7', 0.9758212319790012)]",1239
Rfx5,transfac_pro__M04841,0.11180210060807076,3.9919443259104286,0.0,0.784091,motif is annotated for orthologous gene ENSG00000143390 in H. sapiens (identity = 78%),"frozenset({'activating', 'top5perTarget', 'mm10_10kbp_up_10kbp_down_full_tx_v10_clust.genes_vs_motifs.rankings'})","[('Stx1b', 1.5521534790491909), ('Abcc4', 1.38823700737084), ('Nudt11', 0.9578285843482076)]",268
Sp2,hocomoco__KLF13_HUMAN.H11MO.0.D,0.06535839321908973,3.1654677074543525,0.000449,0.149068,motif similar to transfac_pro__M07911 ('I$BTD_02: Btd'; q-value = 0.000449) which is annotated for orthologous gene FBgn0000233 in D. melanogaster (identity = 14%),"frozenset({'activating', 'top5perTarget', 'mm10_10kbp_up_10kbp_down_full_tx_v10_clust.genes_vs_motifs.rankings'})","[('Amd2', 0.6112564648587728), ('Brf1', 1.4336823943580166), ('Nelfcd', 1.919824946262308), ('Washc1', 2.3838965225177557), ('Dubr', 2.6862321910459626), ('Fbxw17', 1.1523756594681134), ('Klhl8', 2.779366840944989), ('Lrrc8d', 3.114640939377232), ('Scaf8', 1.0712175921791804), ('Nos3', 0.7355306213664584), ('Atp6v0a1', 1.148560983767156), ('Pnck', 0.7416669698261033), ('Fbf1', 1.421795600629994), ('Plcg1', 2.183979188565094), ('Parp12', 1.2561345914476207), ('Pcdhgc3', 0.9007662859483032)]",1803
Tbp,tfdimers__MD00131,0.07043285985531281,3.0217229099638923,0.0,0.971519,gene is orthologous to ENSG00000112592 in H. sapiens (identity = 97%) which is directly annotated for motif,"frozenset({'activating', 'top5perTarget', 'mm10_10kbp_up_10kbp_down_full_tx_v10_clust.genes_vs_motifs.rankings'})","[('Zfp738', 1.4382358327113636), ('Rai2', 1.8962087832395345), ('Fscn2', 1.2007702324582994), ('Capn1', 0.7261525297199917), ('Cnnm3', 0.9500527078767927), ('Ciz1', 1.3274787151145837), ('Tm6sf1', 2.14706749955745)]",660
Tcf7l1,tfdimers__MD00078,0.08938263229308005,3.4125682648534745,0.0,0.955782,motif is annotated for orthologous gene ENSG00000152284 in H. sapiens (identity = 95%),"frozenset({'activating', 'top5perTarget', 'mm10_10kbp_up_10kbp_down_full_tx_v10_clust.genes_vs_motifs.rankings'})","[('March9', 0.9165369628827004), ('Myrip', 1.1899060961444796), ('Trmt112', 0.6199488502246163), ('1700064M15Rik', 0.7630639199732863), ('Tescl', 1.3988711453889622), ('Wbp1l', 2.0740334994935594), ('Gm19522', 1.096317421642249), ('Slc7a6', 1.019942679403476)]",1014
Thrb,taipale__THRB_DBD_NTGACCTYANNTRAGGTCAN_repr,0.08245389215538469,3.183684463262326,0.0,0.819957,motif is annotated for orthologous gene ENSG00000151090 in H. sapiens (identity = 81%),"frozenset({'activating', 'top5perTarget', 'mm10_10kbp_up_10kbp_down_full_tx_v10_clust.genes_vs_motifs.rankings'})","[('Isg20l2', 1.8117557891057816), ('Dgkq', 0.9406277819076894), ('Ptchd1', 0.846709655630117), ('Npy2r', 1.5541785159861214), ('Arhgap15', 1.382222998882854), ('E130114P18Rik', 0.941341999763819), ('Nle1', 1.1249883769086235), ('6330403K07Rik', 0.935437737690838)]",351
Zfp2,transfac_pro__M05625,0.08598673300165838,3.1091081633332234,0.0,1.0,gene is directly annotated,"frozenset({'activating', 'top5perTarget', 'mm10_10kbp_up_10kbp_down_full_tx_v10_clust.genes_vs_motifs.rankings'})","[('Plekha6', 1.5752570453047778), ('Zfp68', 0.9136118760737676), ('C2cd2l', 1.3196513781632664), ('Frem1', 1.182626952633573), ('Grik4', 0.988673316940312)]",571
Zfp426,transfac_pro__M05582,0.09933177250999903,3.4636729151299224,0.0,1.0,gene is directly annotated,"frozenset({'activating', 'top5perTarget', 'mm10_10kbp_up_10kbp_down_full_tx_v10_clust.genes_vs_motifs.rankings'})","[('Coq3', 1.877445073869116), ('Ccar2', 1.4785356240845329), ('Cog3', 1.6603116414713452), ('Pum3', 0.9465678629805576), ('Grid2', 0.7791326671321984)]",587
Zfp960,transfac_pro__M06477,0.12053067993366501,3.673890026940774,0.0,0.456422,motif is annotated for orthologous gene ENSG00000181896 in H. sapiens (identity = 45%),"frozenset({'activating', 'top5perTarget', 'mm10_10kbp_up_10kbp_down_full_tx_v10_clust.genes_vs_motifs.rankings'})","[('Cacng7', 1.5877975905822606), ('Pou3f1', 1.2067514310830694), ('Vash2', 1.210336128367448), ('Mapt', 2.089449282625627), ('Pex16', 1.1653693688207605), ('Zfhx2', 1.1828457356851612)]",1320
Zscan2,transfac_pro__M06253,0.1082587064676617,3.372126143279235,0.0,1.0,gene is directly annotated,"frozenset({'activating', 'top5perTarget', 'mm10_10kbp_up_10kbp_down_full_tx_v10_clust.genes_vs_motifs.rankings'})","[('Prdm8', 2.1121096142825224), ('Rhof', 0.9158250851009254), ('Dio3', 0.5832743785990353)]",408
Atf6b,transfac_public__M00039,0.06504117344312918,3.0128706634869635,0.000797,0.864023,gene is orthologous to ENSG00000213676 in H. sapiens (identity = 86%) which is annotated for similar motif taipale_cyt_meth__ATF6B_NRTGAYGTCAYN_eDBD ('ATF6B [bZIP]'; q-value = 0.000797),"frozenset({'top10perTarget', 'activating', 'mm10_10kbp_up_10kbp_down_full_tx_v10_clust.genes_vs_motifs.rankings'})","[('1810062O18Rik', 0.696832859659667), ('Arfip1', 0.9541284531818028), ('Pcnx3', 0.9591232072634852), ('Zcchc9', 0.6559135570016436), ('Usp11', 1.4694559281955133), ('Ago3', 1.632239251564406), ('Dis3l2', 0.9178010413297868), ('2310009A05Rik', 0.5188751913754371), ('Med15', 0.6665592258151534), ('Map3k11', 1.289248911719907), ('Ube4a', 1.5100492462702977), ('Prps1l3', 0.6943739737893541), ('Wdr36', 1.3727307295110414), ('Srgap1', 0.7627943283114835), ('Abt1', 0.9567165529359574)]",1130
Crem,transfac_pro__M04746,0.07746654853585952,3.0862135280514567,0.000725,1.0,gene is annotated for similar motif transfac_pro__M00917 ('V$CREB_Q4_01: CREB'; q-value = 0.000725),"frozenset({'top10perTarget', 'activating', 'mm10_10kbp_up_10kbp_down_full_tx_v10_clust.genes_vs_motifs.rankings'})","[('St3gal6', 1.0453123325790787), ('Eya1', 0.660436498906643), ('Cdkn2c', 0.7596119915518851), ('Crem', 1.0), ('Nap1l5', 0.947700389089534), ('Hadhb', 0.7497213760711583), ('Fmn2', 0.6219333427394873), ('Meox2', 1.3648101309519127), ('Rgs7bp', 0.9472217322445228), ('Ero1l', 0.7229389628319796)]",1021
Elk1,taipale_tf_pairs__ELK1_EOMES_RSCGGAANNAGGYGYNA_CAP_repr,0.08552067249957111,3.8106169285469536,0.0,0.85514,motif is annotated for orthologous gene ENSG00000126767 in H. sapiens (identity = 85%),"frozenset({'top10perTarget', 'activating', 'mm10_10kbp_up_10kbp_down_full_tx_v10_clust.genes_vs_motifs.rankings'})","[('Yes1', 1.5528753132473303), ('Fbxo30', 1.0919227030889662), ('Hspb11', 0.8070475983056667), ('Tdrd3', 1.742180133617642), ('Pot1a', 0.9638814630300458), ('Hnrnpr', 1.007221601045801), ('Tmem87b', 1.1326749079197076), ('Vps13c', 1.3639961884875156), ('Anapc4', 1.90024314028255), ('Dnaja3', 2.474170501833376), ('Sf3b1', 1.236041592562343)]",810
Elk1,taipale_tf_pairs__ELK1_PAX1_RSCGGAACYACGCWYSANTG_CAP,0.08547301805150492,3.8073885113622983,0.0,0.85514,motif is annotated for orthologous gene ENSG00000126767 in H. sapiens (identity = 85%),"frozenset({'top10perTarget', 'activating', 'mm10_10kbp_up_10kbp_down_full_tx_v10_clust.genes_vs_motifs.rankings'})","[('Fbxo30', 1.0919227030889662), ('Cbfb', 2.685607747414976), ('Yes1', 1.5528753132473303), ('Edem1', 0.9541161307836786), ('Saxo2', 2.814390839583833), ('Tdrd3', 1.742180133617642), ('Rap2b', 0.9247246426430068), ('Ap3m1', 1.200576339872922), ('Tmem87b', 1.1326749079197076), ('Hspb11', 0.8070475983056667), ('Hnrnpr', 1.007221601045801), ('Pum3', 0.7295265281688115), ('Kif2a', 2.577239747043435), ('Sf3b1', 1.236041592562343), ('Ctsl', 0.3467951807769658), ('Edem3', 1.5760263045685288), ('Gclm', 0.6963376445585806), ('Ckap5', 1.1010195726258216), ('Mcur1', 1.1818870203079568), ('Phf21b', 0.6906924687454795), ('Unc13b', 0.920245922023933), ('Dnajc24', 0.7771658379199772), ('Ggcx', 0.634510493815645), ('Vps13c', 1.3639961884875156), ('Pan3', 1.3635485717063398), ('Hoxd8', 0.6472261917465679), ('Usp2', 0.673502840662993), ('Dnm1l', 1.843087094992828)]",2861
Elk1,taipale_tf_pairs__FOXO1_ELK1_RSCGGATGTTRTN_CAP,0.07516059548998304,3.1087590326029995,0.0,0.85514,motif is annotated for orthologous gene ENSG00000126767 in H. sapiens (identity = 85%),"frozenset({'top10perTarget', 'activating', 'mm10_10kbp_up_10kbp_down_full_tx_v10_clust.genes_vs_motifs.rankings'})","[('Fyco1', 1.7075562641782496), ('Erp44', 0.6325452836074097), ('Slc35e2', 0.8041907443978363), ('Mtmr9', 2.0838199119842216), ('Zswim8', 1.4380428127847522), ('Arid1b', 1.2454544301716766), ('Dnajc24', 0.7771658379199772)]",405
Etv4,taipale_tf_pairs__POU2F1_ETV4_NCCGGATATGCAN_CAP_1,0.1040926320777067,3.273115783811679,0.0,0.92562,motif is annotated for orthologous gene ENSG00000175832 in H. sapiens (identity = 92%),"frozenset({'top10perTarget', 'activating', 'mm10_10kbp_up_10kbp_down_full_tx_v10_clust.genes_vs_motifs.rankings'})","[('Plxna2', 1.644569982801543), ('Arhgef9', 0.9629025156148692), ('Lfng', 0.5574578039181315), ('Ckap2l', 0.746251099741166), ('Prdm4', 0.9555567587663584)]",808
Etv5,taipale_tf_pairs__ETV5_HOXB13_NNCGGANGNNNTWAA_CAP,0.07075977046918798,3.2733722688711793,0.0,0.954902,gene is orthologous to ENSG00000244405 in H. sapiens (identity = 95%) which is directly annotated for motif,"frozenset({'top10perTarget', 'activating', 'mm10_10kbp_up_10kbp_down_full_tx_v10_clust.genes_vs_motifs.rankings'})","[('Preb', 0.662516198422399), ('Cerk', 0.9014338125241688), ('Ptbp2', 0.6559602418231891), ('Negr1', 2.130515922558629), ('Trim71', 2.2754526237310677), ('Cd59b', 2.0942642766120456), ('Tnfrsf10b', 1.007243334893714)]",230
Fosl1,tfdimers__MD00353,0.06978096530335336,3.115209424130276,0.0,0.885609,motif is annotated for orthologous gene ENSG00000175592 in H. sapiens (identity = 88%),"frozenset({'top10perTarget', 'activating', 'mm10_10kbp_up_10kbp_down_full_tx_v10_clust.genes_vs_motifs.rankings'})","[('Hoxc11', 0.5156585835518536), ('Kcnj15', 0.6815980766862659), ('Kdm6b', 0.9626366880641088), ('Tgif1', 1.0325908238282833), ('Has2', 2.422753771595921), ('Lhx6', 1.65918667103669), ('Pcsk2', 0.5834285617471661), ('Pkdcc', 0.8482619375631254), ('Zfp516', 0.6155258164529052), ('Mirg', 0.6806864385092822), ('Skap1', 0.3948366779967968), ('Aqp5', 1.2470079186940823), ('St5', 0.7502947794292909), ('Art3', 1.4702068642289408), ('Pcdhac2', 0.6496810633473091), ('Pik3r5', 1.0404899783341823), ('Ppp1r18', 0.6086130788033183), ('Tbc1d1', 1.044877915871333), ('Cma1', 0.6061792609824039), ('Lhx8', 1.4373166007468698), ('Asb11', 0.534155965869155), ('Nfatc1', 1.00730334254549), ('Gm3636', 0.5817627904631866), ('Glis3', 0.6283045006774403), ('Slc44a3', 0.6480846217648695), ('Cemip', 3.7716535973811576)]",1512
Fosl1,transfac_pro__M02095,0.0692425319290991,3.0691118466931377,0.0,1.0,gene is directly annotated,"frozenset({'top10perTarget', 'activating', 'mm10_10kbp_up_10kbp_down_full_tx_v10_clust.genes_vs_motifs.rankings'})","[('Ppp1r18', 0.6086130788033183), ('Kdm6b', 0.9626366880641088), ('Kcnj15', 0.6815980766862659), ('Hoxc11', 0.5156585835518536), ('Pkdcc', 0.8482619375631254), ('Pik3r5', 1.0404899783341823), ('Zfp516', 0.6155258164529052), ('Ets1', 1.3800904445662374), ('Tnfaip8', 0.5691318021212389), ('Efnb3', 0.6477072519396648), ('Skap1', 0.3948366779967968), ('Tsx', 0.8576314169839317), ('Nfatc1', 1.00730334254549), ('9430091E24Rik', 1.3736095888541864), ('St5', 0.7502947794292909), ('Cma1', 0.6061792609824039), ('Cemip', 3.7716535973811576), ('Lhx6', 1.65918667103669), ('Cpa2', 0.7484222722680131), ('Aqp5', 1.2470079186940823), ('Tgif1', 1.0325908238282833)]",1141
Foxc1,transfac_pro__M08883,0.08231392059311286,3.422125066257653,0.000491,1.0,"motif similar to cisbp__M6009 ('CG11152[gene ID: ""FBgn0039937"" species: ""Drosophila melanogaster"" TF status: ""inferred"" TF family: ""Forkhead"" DBDs: ""Fork_head""]; CG9571[gene ID: ""FBgn0031086"" species: ""Drosophila melanogaster"" TF status: ""inferred"" TF family: ""Forkhead"" DBDs: ""Fork_head""]; FOXB2[gene ID: ""ENSG00000204612"" species: ""Homo sapiens"" TF status: ""inferred"" TF family: ""Forkhead"" DBDs: ""Fork_head""]; FOXD4L1[gene ID: ""ENSG00000184492"" species: ""Homo sapiens"" TF status: ""inferred"" TF family: ""Forkhead"" DBDs: ""Fork_head""]; FOXD4L3[gene ID: ""ENSG00000187559"" species: ""Homo sapiens"" TF status: ""inferred"" TF family: ""Forkhead"" DBDs: ""Fork_head""]; FOXD4L5[gene ID: ""ENSG00000204779"" species: ""Homo sapiens"" TF status: ""inferred"" TF family: ""Forkhead"" DBDs: ""Fork_head""]; FOXD4L6[gene ID: ""ENSG00000204793"" species: ""Homo sapiens"" TF status: ""inferred"" TF family: ""Forkhead"" DBDs: ""Fork_head""]; FOXD4[gene ID: ""ENSG00000170122"" species: ""Homo sapiens"" TF status: ""inferred"" TF family: ""Forkhead"" DBDs: ""Fork_head""]; FOXE1[gene ID: ""ENSG00000178919"" species: ""Homo sapiens"" TF status: ""inferred"" TF family: ""Forkhead"" DBDs: ""Fork_head""]; FOXE3[gene ID: ""ENSG00000186790"" species: ""Homo sapiens"" TF status: ""inferred"" TF family: ""Forkhead"" DBDs: ""Fork_head""]; FOXI2[gene ID: ""ENSG00000186766"" species: ""Homo sapiens"" TF status: ""inferred"" TF family: ""Forkhead"" DBDs: ""Fork_head""]; FOXK2[gene ID: ""ENSG00000141568"" species: ""Homo sapiens"" TF status: ""inferred"" TF family: ""Forkhead"" DBDs: ""Fork_head""]; FOXS1[gene ID: ""ENSG00000179772"" species: ""Homo sapiens"" TF status: ""inferred"" TF family: ""Forkhead"" DBDs: ""Fork_head""]; Foxa1[gene ID: ""ENSMUSG00000035451"" species: ""Mus musculus"" TF status: ""inferred"" TF family: ""Forkhead"" DBDs: ""Fork_head""]; Foxa3[gene ID: ""ENSMUSG00000040891"" species: ""Mus musculus"" TF status: ""inferred"" TF family: ""Forkhead"" DBDs: ""Fork_head""]; Foxb2[gene ID: ""ENSMUSG00000056829"" species: ""Mus musculus"" TF status: ""inferred"" TF family: ""Forkhead"" DBDs: ""Fork_head""]; Foxc1[gene ID: ""ENSMUSG00000050295"" species: ""Mus musculus"" TF status: ""direct"" TF family: ""Forkhead"" DBDs: ""Fork_head""]; Foxd2[gene ID: ""ENSMUSG00000055210"" species: ""Mus musculus"" TF status: ""inferred"" TF family: ""Forkhead"" DBDs: ""Fork_head""]; Foxd3[gene ID: ""ENSMUSG00000067261"" species: ""Mus musculus"" TF status: ""inferred"" TF family: ""Forkhead"" DBDs: ""Fork_head""]; Foxd4[gene ID: ""ENSMUSG00000051490"" species: ""Mus musculus"" TF status: ""inferred"" TF family: ""Forkhead"" DBDs: ""Fork_head""]; Foxe1[gene ID: ""ENSMUSG00000070990"" species: ""Mus musculus"" TF status: ""inferred"" TF family: ""Forkhead"" DBDs: ""Fork_head""]; Foxe3[gene ID: ""ENSMUSG00000044518"" species: ""Mus musculus"" TF status: ""inferred"" TF family: ""Forkhead"" DBDs: ""Fork_head""]; Foxf1a[gene ID: ""ENSMUSG00000042812"" species: ""Mus musculus"" TF status: ""inferred"" TF family: ""Forkhead"" DBDs: ""Fork_head""]; Foxf2[gene ID: ""ENSMUSG00000038402"" species: ""Mus musculus"" TF status: ""inferred"" TF family: ""Forkhead"" DBDs: ""Fork_head""]; Foxi1[gene ID: ""ENSMUSG00000047861"" species: ""Mus musculus"" TF status: ""inferred"" TF family: ""Forkhead"" DBDs: ""Fork_head""]; Foxi2[gene ID: ""ENSMUSG00000048377"" species: ""Mus musculus"" TF status: ""inferred"" TF family: ""Forkhead"" DBDs: ""Fork_head""]; Foxi3[gene ID: ""ENSMUSG00000055874"" species: ""Mus musculus"" TF status: ""inferred"" TF family: ""Forkhead"" DBDs: ""Fork_head""]; Foxk2[gene ID: ""ENSMUSG00000039275"" species: ""Mus musculus"" TF status: ""inferred"" TF family: ""Forkhead"" DBDs: ""Fork_head""]; Foxl2[gene ID: ""ENSMUSG00000050397"" species: ""Mus musculus"" TF status: ""inferred"" TF family: ""Forkhead"" DBDs: ""Fork_head""]; Foxq1[gene ID: ""ENSMUSG00000038415"" species: ""Mus musculus"" TF status: ""inferred"" TF family: ""Forkhead"" DBDs: ""Fork_head""]; Foxs1[gene ID: ""ENSMUSG00000074676"" species: ""Mus musculus"" TF status: ""inferred"" TF family: ""Forkhead"" DBDs: ""Fork_head""]; KIAA0415[gene ID: ""ENSG00000242802"" species: ""Homo sapiens"" TF status: ""inferred"" TF family: ""Forkhead"" DBDs: ""Fork_head""]; Mnf[gene ID: ""FBgn0036134"" species: ""Drosophila melanogaster"" TF status: ""inferred"" TF family: ""Forkhead"" DBDs: ""Fork_head""]; fd59A[gene ID: ""FBgn0004896"" species: ""Drosophila melanogaster"" TF status: ""inferred"" TF family: ""Forkhead"" DBDs: ""Fork_head""]; fd96Ca[gene ID: ""FBgn0004897"" species: ""Drosophila melanogaster"" TF status: ""inferred"" TF family: ""Forkhead"" DBDs: ""Fork_head""]; fd96Cb[gene ID: ""FBgn0004898"" species: ""Drosophila melanogaster"" TF status: ""inferred"" TF family: ""Forkhead"" DBDs: ""Fork_head""]'; q-value = 0.000491) which is directly annotated","frozenset({'top10perTarget', 'activating', 'mm10_10kbp_up_10kbp_down_full_tx_v10_clust.genes_vs_motifs.rankings'})","[('Hoxd10', 0.8593932184896659), ('Gm29683', 0.570171716172905), ('Msra', 0.712829341728925), ('Slc25a25', 0.7361829956162661), ('Rgs18', 0.705562467142332), ('Phyhipl', 0.7484975021104403), ('B630019K06Rik', 0.7505162082985037), ('Plek', 0.7338666763782463), ('Gm7008', 1.6058427875364227), ('Pik3r4', 1.5271731356677487), ('Sgcb', 0.7318629109522621), ('Frmd5', 0.5327960084255934), ('Shroom4', 0.5978211300651294), ('Defb25', 0.570402352505128), ('C030034L19Rik', 0.8153445950990241), ('She', 0.5203983698595569), ('Tgm1', 1.6751889901653316), ('Dab2ip', 0.7521629323289305), ('Gm21188', 0.7323416613496933), ('Elovl4', 0.6816445437318517)]",2082
Foxc1,transfac_public__M00266,0.07690956979806848,3.0713674567952585,0.0,0.309055,motif is annotated for orthologous gene FBgn0014143 in D. melanogaster (identity = 30%),"frozenset({'top10perTarget', 'activating', 'mm10_10kbp_up_10kbp_down_full_tx_v10_clust.genes_vs_motifs.rankings'})","[('Hoxd10', 0.8593932184896659), ('Gm29683', 0.570171716172905), ('Dab2ip', 0.7521629323289305), ('Phyhipl', 0.7484975021104403), ('1700003M07Rik', 0.7800472281943274), ('Adap1', 0.700469378615246), ('She', 0.5203983698595569)]",356
Foxo1,tfdimers__MD00090,0.07815551870278238,3.68289660576267,0.0,0.930982,gene is orthologous to ENSG00000150907 in H. sapiens (identity = 93%) which is directly annotated for motif,"frozenset({'top10perTarget', 'activating', 'mm10_10kbp_up_10kbp_down_full_tx_v10_clust.genes_vs_motifs.rankings'})","[('Aff3', 1.660351621565826), ('Ndnf', 1.188022660964564), ('Polr3e', 1.0501153124567917), ('Uckl1', 0.7593766991586933), ('Cebpg', 1.727093464053287), ('Nuak2', 1.3608277898428207), ('Trim14', 0.6272533985299203), ('Fdxr', 0.55535754842554), ('Klhdc1', 0.941584490234067), ('Polr2m', 0.5027944080180953), ('Nek4', 1.2358122281070991), ('Cecr2', 0.5791676235059688)]",916
Gbx2,taipale_cyt_meth__LHX5_NTCGTTAN_FL_meth,0.11886082408470468,3.1621951129613595,0.00068,0.982759,"gene is orthologous to ENSG00000168505 in H. sapiens (identity = 98%) which is annotated for similar motif taipale_cyt_meth__GBX2_NTCGTTAN_eDBD_meth ('GBX2 [Homeodomain, CpG-meth]'; q-value = 0.00068)","frozenset({'top10perTarget', 'activating', 'mm10_10kbp_up_10kbp_down_full_tx_v10_clust.genes_vs_motifs.rankings'})","[('Noc4l', 1.5138883070822589), ('Mrrf', 0.7305164751695202), ('Bdnf', 0.9065143276808062), ('Usp36', 0.9462442347388048)]",329
Hoxa13,transfac_pro__M01297,0.07708333333333334,3.461056493471052,0.0,1.0,gene is directly annotated,"frozenset({'top10perTarget', 'activating', 'mm10_10kbp_up_10kbp_down_full_tx_v10_clust.genes_vs_motifs.rankings'})","[('Hibch', 2.4621780521191927), ('Ankmy1', 1.0819681381058184), ('2700046G09Rik', 1.6388860149720168), ('Sf3a3', 0.593052170527656), ('Prim1', 2.2011866705001317), ('Mdfic', 0.4626663940240962), ('Cadm4', 0.8293139846453437), ('Zbtb2', 0.892113697041785), ('Hand2', 3.4665212206482785), ('Polrmt', 1.5913160592610331)]",1117
Hoxb2,taipale_tf_pairs__HOXB2_TBX21_NAGGTGNTAATKR_CAP,0.07229006482737826,3.0521506293750353,0.0,0.80791,gene is orthologous to ENSG00000173917 in H. sapiens (identity = 80%) which is directly annotated for motif,"frozenset({'top10perTarget', 'activating', 'mm10_10kbp_up_10kbp_down_full_tx_v10_clust.genes_vs_motifs.rankings'})","[('C920021L13Rik', 1.499919881171343), ('Siah1b', 0.8492379173532438), ('Hells', 1.427793995635946), ('Dhfr', 2.505557301175686)]",747
Hoxd11,taipale_cyt_meth__CDX2_NRTCGTAAAN_eDBD,0.08248984960256191,3.0906338767222388,0.000661,1.0,"gene is annotated for similar motif cisbp__M1026 ('HOXA11[gene ID: ""ENSG00000005073"" species: ""Homo sapiens"" TF status: ""inferred"" TF family: ""Homeodomain"" DBDs: ""Homeobox""]; HOXC9[gene ID: ""ENSG00000180806"" species: ""Homo sapiens"" TF status: ""inferred"" TF family: ""Homeodomain"" DBDs: ""Homeobox""]; Hoxd11[gene ID: ""ENSMUSG00000042499"" species: ""Mus musculus"" TF status: ""direct"" TF family: ""Homeodomain"" DBDs: ""Homeobox""]'; q-value = 0.000661)","frozenset({'top10perTarget', 'activating', 'mm10_10kbp_up_10kbp_down_full_tx_v10_clust.genes_vs_motifs.rankings'})","[('Tbx4', 1.355911877789212), ('Adgrv1', 4.1708586499760125), ('Tk1', 1.334312599214835), ('Tgds', 0.6335449479442963), ('Bcl6', 0.7848565715867049), ('Zfp740', 1.1930510751515178), ('Dbf4', 0.7213269792352597), ('Mab21l2', 0.4913748206123423), ('Arih2', 0.7392663944277265), ('Zcchc4', 0.8581554178047929), ('Ankrd26', 1.6738641867034827), ('Fmnl1', 1.1813251625829493), ('Ankrd6', 3.991522296862529), ('Bhlhb9', 1.6071841993808973)]",2157
Irf1,tfdimers__MD00414,0.06035357194609477,3.057465433291452,0.0,0.855385,motif is annotated for orthologous gene ENSG00000125347 in H. sapiens (identity = 85%),"frozenset({'top10perTarget', 'activating', 'mm10_10kbp_up_10kbp_down_full_tx_v10_clust.genes_vs_motifs.rankings'})","[('Klhdc4', 0.7951110889712028), ('Plpp3', 0.8164353095440282), ('Zfp36l1', 0.6943161079678577), ('Ier3', 2.27270526366976), ('Saysd1', 0.4944520234136262), ('Bclaf1', 0.5943098546404253), ('Kpna6', 0.8202813417594095), ('Gnb5', 1.241753756560229), ('Cbx4', 0.7642224437901083), ('Zfp36', 2.0792364586064087), ('Dleu2', 0.6147624746115582), ('Plekhh2', 1.0506025854996246), ('Olfml2b', 0.7767400837446979), ('Megf11', 0.6517673979430095), ('Dgka', 0.7917210620906435), ('Tmem216', 0.7054420378270281), ('Hnrnph3', 1.3301766873612335), ('Gtf3c3', 0.9512157223415978), ('Plekhf2', 1.4230849411012396), ('Car2', 0.6536632739545988), ('Slc36a4', 1.6955879351111072), ('Ttbk2', 1.5336474462839211), ('Arhgef7', 1.0346442032908554), ('Jun', 0.504123387229089), ('Sbno2', 0.2762289311628491), ('Ccnl1', 2.2542341775527284)]",1242
Klf4,transfac_pro__M07461,0.0681575620248592,3.1216774074599196,0.0,1.0,gene is directly annotated,"frozenset({'top10perTarget', 'activating', 'mm10_10kbp_up_10kbp_down_full_tx_v10_clust.genes_vs_motifs.rankings'})","[('Bhlhe40', 0.697793312065182), ('Cdkn1a', 0.6739873470975812), ('Pgbd5', 0.5554929140815933), ('Pmp22', 0.8196633892711434), ('Gm15915', 0.8899977096962981), ('Dtna', 0.5662309510549572), ('Cxxc4', 0.6146852043224753), ('Gpr45', 1.614733652955768), ('Spty2d1', 0.5052223809469139), ('Ddi1', 0.4919089944278422), ('Ctdsp2', 0.5802283822803376), ('Myt1l', 0.7133402698564805), ('Adgrd1', 2.3353825845294214), ('Cidea', 0.594623992382622), ('Tsc22d3', 0.6715778525539954), ('Slc26a3', 0.4060470666967705), ('Arhgap27', 0.6275509863585682), ('Pkp2', 0.4832902122932022), ('Kdm7a', 1.0642723253539763), ('Has2', 1.9090438244218677), ('Hoxb9', 0.5727761744179702), ('Gfra4', 0.5524497816075445), ('Cntn1', 0.7993686821731467), ('Sdc4', 0.7650129178650665)]",1063
Klf9,transfac_pro__M07461,0.09752596533946581,3.679399467780374,0.0,0.967213,gene is orthologous to ENSG00000119138 in H. sapiens (identity = 96%) which is directly annotated for motif,"frozenset({'top10perTarget', 'activating', 'mm10_10kbp_up_10kbp_down_full_tx_v10_clust.genes_vs_motifs.rankings'})","[('Mbd5', 1.0980488625725564), ('Tiparp', 1.3218221343355874), ('Nr3c1', 1.5774520956262672), ('Rc3h1', 1.0549806841995994), ('Man1a', 0.4892346995158838), ('Klhl24', 0.6587489260560153), ('Atxn2', 0.777180850345201), ('Tbl1x', 1.2474446558833043), ('Dleu2', 0.7799102120319221), ('Zfand5', 0.9084393153230153), ('Tsc22d2', 0.8699657691262371), ('Jak2', 0.6778185921204363), ('Bmpr1a', 1.1181002109398837), ('Tle1', 0.659067102894606), ('Xiap', 0.6529301635632565), ('Epb41l2', 0.6106655957769818), ('Elf2', 0.8798674344144617), ('Elavl2', 0.6359389448941571), ('Cul2', 3.078713882498713), ('Ino80d', 1.0688614989857916), ('Camk2d', 1.4614595000361996), ('Rsf1', 0.7858518868380266), ('Foxp1', 0.9697505192502036), ('Skil', 1.552654782239787), ('C030037D09Rik', 0.4145697834263628), ('Arl4a', 1.3492233382734542), ('Nox4', 1.0529003556736545), ('Nfia', 0.581360749119397), ('Kdm7a', 1.3377114315860426), ('Zbtb2', 2.22334545895243), ('Nalcn', 0.9382528941993497), ('Lpar1', 0.631803143190609), ('Pip5k1b', 0.4723768479005627), ('Dnajb4', 2.7303642828045014), ('Neo1', 0.6866280796758583), ('Jak1', 1.7909236253809346), ('Chd4', 1.5922719120619062), ('Yy1', 0.5640035941136883), ('Enc1', 1.5099170095670584), ('Jarid2', 0.9748105358143322), ('Dek', 0.8430234246848702), ('Brpf3', 1.013858036061992), ('Lysmd3', 1.727931068307541), ('Rbpj', 1.565919204055579), ('Rusc2', 1.380431188750327), ('Cnot4', 1.2897929973290232), ('Wasl', 1.4603213590703223), ('Crebrf', 2.3222451661751013), ('Robo2', 0.7624981654686048), ('Gpc6', 0.591193996046893), ('Fnip1', 0.8043404697455252), ('Rbbp6', 0.8560847627113118), ('Zfp516', 0.4474697675624661), ('Gal', 0.9476689017100826), ('Nufip2', 0.7132298117701118), ('Atp6v1a', 0.6723229481068509), ('Megf10', 1.9566804630887489), ('Nfe2l2', 1.4070714809126508), ('Sephs1', 1.0338492304420166), ('Spred1', 0.8967820281301757), ('Klf4', 1.2026947386325428), ('Arih1', 1.1861676642492862), ('Nrep', 0.4958226946579813), ('Elf1', 1.130077449083694), ('Usp25', 1.2470201984461242), ('Vezf1', 3.7095223500825663), ('Gabre', 2.130739239941431), ('Tnrc6c', 0.8051992517035266), ('Bnc2', 0.8969277901231276), ('Nfkb1', 2.5669794689901178), ('Nfat5', 0.6714898129966245), ('Fgfr1', 0.798768393910034), ('Litaf', 0.8147726294398104), ('Lrp1', 0.4221534819074586), ('Ifrd1', 1.9746469051021465), ('H1f0', 0.457803052935995), ('Arl13b', 0.5688491499483386), ('Abca1', 0.8115418592157416), ('Ndrg1', 0.964815304433933), ('Rgmb', 0.8024996307826975), ('Ddx3x', 2.0481656491905813), ('Lhfp', 1.0509768876984105), ('Zbtb11', 1.0018794559146833), ('Htr1f', 0.7918916991354027), ('Fmnl2', 1.1579402814587174), ('Zfp36l1', 1.1505282641808563), ('Gnb4', 0.8107245377293616), ('Kdm6b', 1.5439735246318134), ('Qk', 0.5915434985539142), ('Myc', 0.9732412467380138), ('Btg1', 1.3283421353606388), ('Nedd4', 0.5345532626649545), ('Med13', 0.8274664377886857), ('Nab1', 0.917074547533094), ('Pkib', 0.694976933078979), ('Ncald', 0.8193681695662914), ('Slc11a2', 1.0306856489401075), ('Chd1', 1.1623504868055794), ('Jmjd1c', 2.825274134266041), ('Mid1', 0.5463949485075438), ('Fbxo33', 0.6062055350026204), ('Tcf4', 1.0111428835924483), ('Pim1', 0.9152066987201392), ('Klf13', 1.087614390365467), ('Ets2', 1.876662286865461), ('Pmp22', 0.8697387644892924), ('Tm7sf3', 1.790570384500569), ('Mir22hg', 1.5912694645742935), ('Zfp703', 0.792840917486896), ('Kcnc4', 0.4113041954077414), ('Phf13', 1.174262888677038), ('Erf', 2.347328044599624), ('Ddhd2', 1.088392670012066), ('Ap1b1', 0.8209336898883627), ('Gna13', 0.9154249400396214), ('Tcf7l2', 1.8230371485046155), ('Pnck', 0.8271527435317759), ('Tdrd7', 1.6578535481995873), ('Setd7', 0.8893558239260362), ('Tpt1', 0.4550579468130779), ('Maff', 1.869405885141792), ('1810013L24Rik', 1.6079053050748724), ('Tomm70a', 1.167096779132026), ('Appl2', 0.8252203383270931), ('Nfil3', 1.1898639399884228), ('Thra', 0.9464260920103168), ('Rab9', 0.6040664372040218), ('Csrnp1', 0.735525363144977), ('Bcor', 0.958889054936797), ('Pbx1', 0.3655539644605182), ('Jdp2', 0.644624811336361), ('Zcchc24', 1.8815312705249985), ('Nell2', 0.4204554495321671), ('Nfix', 2.739867654179929), ('Gabarapl1', 0.9488378682286848), ('1810041H14Rik', 0.4529587696607631), ('Ctdsp2', 1.783796792616029), ('Arid1b', 0.7343195785415351), ('Tob2', 3.1136953415547794), ('Rsbn1l', 1.0632689008505771), ('Zfp207', 1.6629910636839464), ('Sntb2', 1.7251406297142724), ('Slc41a1', 1.4455690588092236), ('Bptf', 0.6965148232932755), ('Mapkapk2', 0.8450078745863543), ('Klf5', 0.8095921052660956)]",4990
Lhx2,transfac_pro__M07047,0.1268220301998778,3.087059757214444,0.0,1.0,gene is directly annotated,"frozenset({'top10perTarget', 'activating', 'mm10_10kbp_up_10kbp_down_full_tx_v10_clust.genes_vs_motifs.rankings'})","[('Ntrk3', 2.179617875288425), ('Lhx2', 1.0), ('March9', 0.74387972124941)]",270
Mafa,transfac_pro__M01139,0.08361199467145149,3.1834781348927623,0.0,1.0,gene is directly annotated,"frozenset({'top10perTarget', 'activating', 'mm10_10kbp_up_10kbp_down_full_tx_v10_clust.genes_vs_motifs.rankings'})","[('Celf4', 1.917520228608066), ('Pou3f1', 0.9339080793901552), ('Ypel2', 1.062824031233755), ('Cyp26b1', 0.7935867764291246), ('Omd', 1.075688869777659), ('Zfp746', 1.6001621280945737), ('Ptprk', 2.462661494939664), ('Taf4', 1.6509879750115042), ('Ncald', 0.4365436964923355), ('Thap1', 1.3041863725503215), ('Herc4', 0.8858308219682121), ('Cog6', 0.914403756842878)]",1316
Pitx1,taipale_tf_pairs__GCM1_PITX1_GGATTANNNNNNTGCGGG_CAP_repr,0.09322854752784748,4.393382000452152,0.0,0.968153,motif is annotated for orthologous gene ENSG00000069011 in H. sapiens (identity = 96%),"frozenset({'top10perTarget', 'activating', 'mm10_10kbp_up_10kbp_down_full_tx_v10_clust.genes_vs_motifs.rankings'})","[('Ttc7', 0.764930385505878), ('Cnksr2', 0.3487087077090331), ('Vrk1', 0.7028549622278701), ('Cep83', 0.7462141735550725), ('Tc2n', 0.6974458199268844), ('Cldn10', 1.0962196385478526), ('Bcas3os1', 1.4907165769230624), ('Btbd11', 0.7859528394118163), ('Col18a1', 0.3601947024461925), ('Chodl', 0.6483498430371903), ('Nxt1', 0.5294324787657079), ('Stk32a', 0.6613911187316207)]",705
Tbp,tfdimers__MD00131,0.06208453530665998,3.0870535778371933,0.0,0.971519,gene is orthologous to ENSG00000112592 in H. sapiens (identity = 97%) which is directly annotated for motif,"frozenset({'top10perTarget', 'activating', 'mm10_10kbp_up_10kbp_down_full_tx_v10_clust.genes_vs_motifs.rankings'})","[('Pik3ip1', 0.8828864923020898), ('Ankrd27', 1.0530867373019128), ('Bcl2l13', 1.0753568898745238), ('Mcm9', 1.6719722286453984), ('Serp2', 0.9772841847291504), ('Nr2c1', 2.507773457765403), ('Lsg1', 1.403255641282479), ('Amn', 0.9901031901641476), ('Ppil1', 0.7398651076730899), ('Ang2', 0.4882494641932986), ('Dnmbp', 2.8790630974655893), ('Fbxo21', 1.7918581829107043), ('Nelfcd', 1.3924701297484876), ('Dusp5', 1.6483919910513547), ('Mxd1', 1.0117159605000603), ('Ocstamp', 0.5061393672413557), ('Tatdn1', 0.6168890544544989), ('Fxn', 2.106994063174328), ('D16Ertd472e', 1.499426452752762), ('Lrch1', 0.9452313209819956), ('Uspl1', 1.6395169254006805), ('Ciz1', 1.3274787151145837), ('Nkapl', 2.253197949856185), ('Seh1l', 0.915268246943476), ('Gpr27', 1.948827116581781), ('Map3k14', 0.8895549025003242), ('Slco2b1', 0.7783293386237558), ('Rbm33', 0.9991962286034956), ('Mpi', 2.813077649529108), ('Ikbkb', 0.596406873083937), ('Trmt44', 0.4595934642115315), ('Chchd5', 1.435435219119741)]",3568
Xbp1,hocomoco__XBP1_HUMAN.H11MO.0.D,0.07481449201680164,3.0335828921838295,0.0,0.804598,motif is annotated for orthologous gene ENSG00000100219 in H. sapiens (identity = 80%),"frozenset({'top10perTarget', 'activating', 'mm10_10kbp_up_10kbp_down_full_tx_v10_clust.genes_vs_motifs.rankings'})","[('Rc3h1', 2.064380381796751), ('Met', 2.56117037981284), ('Canx', 1.2614579680174558), ('Cept1', 0.7122746417467442), ('Atf7ip', 1.3092853616473143), ('Creb1', 0.7768612058621209), ('Mpp6', 0.6434846655607676), ('Raf1', 1.001107209440209), ('March8', 0.5715352194962863), ('Ppp1r12a', 0.8837916882531536), ('Fign', 0.7555824243523639), ('Rasa1', 0.434760502224675), ('Ubn1', 1.7152786001060534), ('Gmds', 0.7300348032339066), ('Ube2k', 0.9532296260820974), ('H2-Ab1', 1.197397502014206), ('Heca', 1.366291751559469), ('Il12rb2', 0.5111239542678534), ('4833427G06Rik', 0.557868078358606), ('Cnot6', 0.635086569763289)]",1143
Zbtb7a,transfac_pro__M04845,0.07730395640843402,3.0685795888140635,0.0,0.891037,gene is orthologous to ENSG00000178951 in H. sapiens (identity = 89%) which is directly annotated for motif,"frozenset({'top10perTarget', 'activating', 'mm10_10kbp_up_10kbp_down_full_tx_v10_clust.genes_vs_motifs.rankings'})","[('Creb1', 0.6951906057569432), ('Kdm7a', 1.7461307604805778), ('Cnot6', 2.2852714606484112), ('Smad2', 1.4943366793796014), ('Map4k5', 1.7142132462321595), ('Kif1b', 0.6741325281672965), ('Taok1', 0.4744827896769479), ('Gpbp1', 0.9034160516118164), ('Arid4a', 0.7662178200216387), ('Nr2c2', 0.8519278676020305), ('Kdm5b', 0.6113093613041092), ('Twsg1', 0.8584129902028061), ('Sp3', 1.6187700537462113), ('Nin', 0.5016266791770407), ('Sbno1', 1.55916280577543), ('Rbms1', 0.8140701220909251), ('Fgf18', 0.8114640223357107), ('Rab10', 1.1056790236962966), ('Mtus1', 0.9362470402555796), ('Baz2b', 0.6623538908133928), ('Zbtb46', 0.5228268946881572), ('Dennd1b', 0.8029379677840996), ('Tmem117', 0.435564203905488), ('Etnk1', 0.7321476084496734), ('Ccdc186', 0.9107705118951174), ('Dpy19l1', 0.6665543660664416), ('Kdm2a', 1.4008285332681465), ('Kat6a', 0.7305968330733346), ('Dip2c', 1.325975999449881), ('Ppp3r1', 1.093440804400008), ('Vstm2a', 0.5679003032245061), ('Ube2e1', 1.0278225337552729), ('Erc2', 0.5209313984075525), ('Zfp148', 0.576068821412775), ('Rell1', 0.7390066863776378), ('Cds2', 1.643927987397636), ('Metap1', 0.599067270846049), ('Cnot1', 0.9248209215220276), ('Piezo2', 1.4065541760926172), ('Tjp2', 1.059889178592681), ('Ccdc3', 0.8798859428580934), ('Otud7b', 0.7591630028170555), ('Ttc28', 1.511343623536037), ('Taf9', 0.5361623084070075), ('Echdc1', 0.7911315000396278), ('Setd7', 0.6584753362726372), ('Eda', 0.8388349788792998), ('Plekhg3', 0.6552678320411939), ('Tet3', 1.2013741998698837), ('4933434E20Rik', 1.8914305341949404), ('Hspa9', 0.4624646475985655), ('Ikzf3', 2.23485751301588e-10), ('Ptp4a2', 1.437870549190697), ('Zbtb11', 0.6427985303145682), ('Ppp2r2a', 0.4730600409340748), ('Klc2', 0.691884025851903), ('Dlg1', 0.6382106651212809), ('Ppp2r2d', 1.163593452724164), ('Nacc1', 2.091658028880235), ('Ltn1', 0.8144006689734715), ('Rnf216', 0.7272920174660569), ('Ddi2', 0.6652521410246788), ('Glg1', 1.291203179793828), ('9530059O14Rik', 0.7849284046309312), ('G2e3', 0.7389649408569445), ('Bcorl1', 1.279901551641002), ('Mtrf1', 0.4775517435890545), ('Gjb6', 1.0807973383569076), ('Pcgf3', 1.2841796609053466), ('Atp6v1a', 2.7329342494560143), ('B4galnt4', 0.8733807943398499), ('Mbd2', 0.5228822541368686), ('Sox2', 0.6903436488626844), ('Crk', 0.7027496059574716), ('Dapk2', 0.8531496414990143), ('Fam8a1', 1.0881057634543194), ('Mapk1', 2.9832006860783897), ('Ccdc18', 0.7472930590946217), ('Prkab2', 1.7384189122218432), ('Polr3c', 1.733773824737738), ('Cmas', 1.094925452312246), ('Zmiz1', 1.893200994124877), ('Samd4b', 0.98123112049771), ('Csnk1d', 0.71991796044282), ('Nudt3', 1.3892301047787443), ('Mef2d', 1.3515750162428053), ('Arhgef5', 1.3351113588945132), ('Tmem108', 0.8214316344256205)]",4979
Zfp672,transfac_pro__M06291,0.0650139134834303,3.556884573833811,0.0,0.776549,motif is annotated for orthologous gene ENSG00000171161 in H. sapiens (identity = 77%),"frozenset({'top10perTarget', 'activating', 'mm10_10kbp_up_10kbp_down_full_tx_v10_clust.genes_vs_motifs.rankings'})","[('Pgm5', 0.8580782704944869), ('Bckdhb', 0.5854841828094998), ('Tpbgl', 0.9135098537658948), ('Tenm4', 0.5632136777160679), ('Dusp23', 1.5341518645042058), ('Reep2', 0.953133090782202), ('Twist2', 0.9536200511485968), ('Phactr1', 1.153932273967205), ('Gnao1', 0.7558704220884968), ('Cacna2d2', 1.4615997715319726)]",544
Zfp973,transfac_pro__M06078,0.1388691463318329,4.180930601846035,0.0,0.487421,gene is orthologous to ENSG00000257446 in H. sapiens (identity = 48%) which is directly annotated for motif,"frozenset({'top10perTarget', 'activating', 'mm10_10kbp_up_10kbp_down_full_tx_v10_clust.genes_vs_motifs.rankings'})","[('Trip13', 0.7180127135648039), ('Trpm1', 1.4414448048860848), ('2210406O10Rik', 0.8260416740686034), ('Kpna2', 0.8483406687398694)]",462
Egr2,transfac_pro__M02023,0.0613439977147754,3.3372157963528797,1.3e-05,1.0,gene is annotated for similar motif hocomoco__EGR2_MOUSE.H11MO.1.A ('EGR2_MOUSE'; q-value = 1.27e-05),"frozenset({'top50perTarget', 'activating', 'mm10_10kbp_up_10kbp_down_full_tx_v10_clust.genes_vs_motifs.rankings'})","[('Rimkla', 0.6695629111447292), ('Nr3c1', 0.2877833736594187), ('Mtus1', 0.3774367475972782), ('Phf21a', 0.2095526571413231), ('Rps6ka3', 0.1902879797962506), ('Bdnf', 1.679822009251123), ('Nkrf', 0.4476428841824233), ('Nf1', 0.3752492998793558), ('Cdh11', 0.1973274853305752), ('Has2', 0.1403457024244644), ('Foxp1', 0.1518304813287812), ('S100pbp', 0.3565016199405776), ('Bex3', 0.1836844886927399), ('Ndnf', 0.22704860836394), ('Adgrl3', 0.0826955972511126), ('Dzip3', 0.1736551622476227), ('Ssbp2', 0.1679707249315171), ('A730020E08Rik', 0.1677078659178041), ('Socs5', 0.4666167759279659), ('Acvr1b', 0.2207149078520542), ('Fign', 0.0728072839786873), ('Igf2', 0.8052191002390321), ('Adgrb3', 0.5201958309036513), ('Dnajc13', 0.3152563560571819), ('Olfm2', 0.1952526508424368), ('Brinp1', 1.0464090692306844), ('Kdm3b', 0.262910348375924), ('Lrfn1', 0.2313406059451937), ('Pik3r3', 0.1757934666536557), ('Parp11', 0.1953576935783165), ('Gabra4', 0.49129292850575), ('Ptpn1', 0.3121785107644501), ('Bcl2l1', 0.2025706008090403), ('Usp53', 0.1197928265869619), ('Stk17b', 0.1503218307058929), ('Mapk8', 0.1901962572573627), ('Egr3', 0.1777781197990182), ('Dennd5b', 0.5508031887662912), ('Etv1', 0.7901381296376662), ('9330158H04Rik', 0.2744051503641667), ('Habp4', 0.4699641372889392), ('Sema3d', 0.289365477566325), ('Igsf10', 0.1049027773466178), ('Sgk3', 0.5558640290693844), ('Slc25a31', 0.4351871278647884), ('Dcaf6', 0.5785717975384227), ('S1pr1', 0.6014585494290936), ('Sash1', 0.1405053165246329), ('Col4a3bp', 0.5018311801259209), ('Spry2', 0.2128496859103856), ('L3mbtl3', 0.0386196758331774), ('Nefm', 0.4148945177371532), ('Plagl1', 0.1952699628630095), ('Apol7d', 0.1916422013942508), ('Sestd1', 0.1510916809118974), ('Mettl9', 0.11865723328319), ('Irs2', 0.1944978769082736), ('Gm29683', 0.2591105143359648), ('Mns1', 0.3135704351397687), ('Gpm6b', 0.3256362552053521), ('Ugcg', 0.4143547397857199), ('Anln', 0.5200985552043811), ('Adam12', 0.6216925962767684), ('Gsc', 0.2515626353372512), ('Dcun1d3', 0.2383504571651711), ('Tbl1xr1', 0.2434960744660789), ('Gli3', 0.4117490664271637), ('Ptn', 0.3122595857905191), ('Lin9', 0.3234551438081889), ('Fgd1', 0.1719524059683986), ('Suz12', 0.3903914415591965), ('Phlda1', 0.1381190640036378), ('Rbbp7', 0.3592426405453931), ('Hgf', 1.1861036649050716), ('Map3k20', 0.1964332206844494), ('Slc7a8', 0.1776128496832733), ('Il1r1', 0.3618602389558188), ('Paqr8', 0.0297199936454067), ('Prkaca', 0.2741421735421417), ('Rps6ka1', 0.1188740708667739), ('Egr2', 1.0), ('Srpx', 0.1084235460437797), ('Gabpb2', 0.4739574652677853), ('Zfp36l2', 0.1950874072432238), ('Ramp2', 0.1030029676100251), ('Usp25', 0.1947222962356422), ('Cnn3', 0.2119485049261018), ('Slc38a1', 0.4728079522054431), ('Slc25a25', 0.1282048237759142), ('Zfp395', 0.5149885360098901), ('Rnd1', 0.6503523190580035), ('Wasf3', 0.1218318618556127), ('Slc7a14', 0.1413786723160917), ('Aff1', 0.1833988632625147), ('Lrrc51', 1.1649202451750127), ('Scamp1', 0.2963194786288967), ('Bicdl1', 0.1566447078709557), ('Fosl2', 0.0964764801234886), ('Cox20', 0.4422860489427276), ('Spast', 0.4495783602195671), ('Gpsm3', 0.405569986554236), ('Dyrk1b', 0.1206525643812609), ('Fzd8', 0.1385308834297349), ('Ttll13', 0.433805447596929), ('Lhx6', 0.3484805005397854), ('Arhgap27', 0.1967157346846405), ('Tmem94', 0.3387301321087053), ('Ifrd1', 0.0415124285758674), ('B3gnt2', 0.1587279018900531), ('4921524J17Rik', 0.2262101030589853), ('Phf19', 0.1529529427073964), ('Cd200', 0.27580564592213), ('Kcna6', 0.003190038768374), ('Aldh9a1', 0.1253577870250039), ('2300009A05Rik', 0.2832118844577683), ('Clptm1', 0.1580707960191287), ('Egfl6', 0.0680881405708824), ('Hic1', 0.4218562141280506), ('Ereg', 0.0898496012892015), ('Nanp', 0.2820252540081202), ('Cdc42ep1', 0.0830779835326021), ('Sumo3', 0.2118862828617994), ('Nr2f1', 0.9159253653687786), ('Hk2', 0.0633353397009957), ('Slc44a2', 0.5318238188653168), ('Ell2', 0.146479671707325), ('Pramef12', 0.9088020704345896), ('Tnrc18', 0.192956416762906), ('Tnnc1', 0.2615447618056531), ('Slc5a3', 0.4600356590576483), ('Suv39h2', 0.516297300020947), ('Rnd3', 0.5383118192605678), ('Fxyd7', 0.4305515109053085), ('Otud4', 0.3886204637328174), ('Rbm47', 0.8872539245498119), ('Hdac1', 0.6098057997672328), ('Scly', 0.1550316805434627)]",4911
Egr2,transfac_pro__M00807,0.059036952399089085,3.0782146726566535,0.0,1.0,gene is directly annotated,"frozenset({'top50perTarget', 'activating', 'mm10_10kbp_up_10kbp_down_full_tx_v10_clust.genes_vs_motifs.rankings'})","[('Nr3c1', 0.2877833736594187), ('Phf21a', 0.2095526571413231), ('Socs5', 0.4666167759279659), ('Nf1', 0.3752492998793558), ('S100pbp', 0.3565016199405776), ('Rps6ka3', 0.1902879797962506), ('Mtus1', 0.3774367475972782), ('Bdnf', 1.679822009251123), ('Rimkla', 0.6695629111447292), ('Has2', 0.1403457024244644), ('Cdh11', 0.1973274853305752), ('Bex3', 0.1836844886927399), ('Nkrf', 0.4476428841824233), ('Lrfn1', 0.2313406059451937), ('Acvr1b', 0.2207149078520542), ('Adgrb3', 0.5201958309036513), ('Igf2', 0.8052191002390321), ('Pik3r3', 0.1757934666536557), ('Olfm2', 0.1952526508424368), ('Tbcc', 0.2096517052381692), ('Ssbp2', 0.1679707249315171), ('Foxp1', 0.1518304813287812), ('L3mbtl3', 0.0386196758331774), ('Ndnf', 0.22704860836394), ('Dzip3', 0.1736551622476227), ('Gm29683', 0.2591105143359648), ('Habp4', 0.4699641372889392), ('Gsc', 0.2515626353372512), ('Gabra4', 0.49129292850575), ('Sash1', 0.1405053165246329), ('Sgk3', 0.5558640290693844), ('Mns1', 0.3135704351397687), ('Spry2', 0.2128496859103856), ('Bcl2l1', 0.2025706008090403), ('Rnd1', 0.6503523190580035), ('Brinp1', 1.0464090692306844), ('Kdm3b', 0.262910348375924), ('Dcun1d3', 0.2383504571651711), ('Fign', 0.0728072839786873), ('Egr3', 0.1777781197990182), ('Etv1', 0.7901381296376662), ('Cdc42ep1', 0.0830779835326021), ('Gli3', 0.4117490664271637), ('Jakmip2', 0.4083253565776671), ('Ptn', 0.3122595857905191), ('Adgrl3', 0.0826955972511126), ('Paqr8', 0.0297199936454067), ('Stk17b', 0.1503218307058929), ('Mapk8', 0.1901962572573627), ('Srpx', 0.1084235460437797), ('Ugcg', 0.4143547397857199), ('Egr2', 1.0), ('Cnn3', 0.2119485049261018), ('Adam12', 0.6216925962767684), ('Usp53', 0.1197928265869619), ('Gpsm3', 0.405569986554236), ('Ptpn1', 0.3121785107644501), ('Plagl1', 0.1952699628630095), ('Apol7d', 0.1916422013942508), ('Tnrc18', 0.192956416762906), ('Esrrg', 0.3628898568202698), ('Zfp395', 0.5149885360098901), ('Tbl1xr1', 0.2434960744660789), ('Vsig10', 0.564033524893218)]",1642
Egr2,transfac_pro__M02092,0.06500789513358249,3.7485443221198023,0.0,1.0,gene is directly annotated,"frozenset({'top50perTarget', 'activating', 'mm10_10kbp_up_10kbp_down_full_tx_v10_clust.genes_vs_motifs.rankings'})","[('Socs5', 0.4666167759279659), ('Nr3c1', 0.2877833736594187), ('Phf21a', 0.2095526571413231), ('S100pbp', 0.3565016199405776), ('Rps6ka3', 0.1902879797962506), ('Nf1', 0.3752492998793558), ('Mtus1', 0.3774367475972782), ('Ssbp2', 0.1679707249315171), ('L3mbtl3', 0.0386196758331774), ('Foxp1', 0.1518304813287812), ('Bex3', 0.1836844886927399), ('Nkrf', 0.4476428841824233), ('Egr3', 0.1777781197990182), ('Bdnf', 1.679822009251123), ('Tbl1xr1', 0.2434960744660789), ('Gabra4', 0.49129292850575), ('Lrfn1', 0.2313406059451937), ('Tbcc', 0.2096517052381692), ('Pik3r3', 0.1757934666536557), ('Egr2', 1.0), ('Kdm3b', 0.262910348375924), ('Gli3', 0.4117490664271637), ('Mns1', 0.3135704351397687), ('Fign', 0.0728072839786873), ('Rimkla', 0.6695629111447292), ('Has2', 0.1403457024244644), ('Dzip3', 0.1736551622476227), ('A730020E08Rik', 0.1677078659178041), ('Ndnf', 0.22704860836394), ('Etv1', 0.7901381296376662), ('Spry2', 0.2128496859103856), ('Igf2', 0.8052191002390321), ('Sgk3', 0.5558640290693844), ('Habp4', 0.4699641372889392), ('Stk17b', 0.1503218307058929), ('Parp11', 0.1953576935783165), ('Gsc', 0.2515626353372512), ('Ugcg', 0.4143547397857199), ('Adam12', 0.6216925962767684), ('Adgrb3', 0.5201958309036513), ('Acvr1b', 0.2207149078520542), ('Cnn3', 0.2119485049261018), ('Suz12', 0.3903914415591965), ('Mrs2', 0.6853263205475676), ('Brinp1', 1.0464090692306844), ('Cdh11', 0.1973274853305752), ('Dido1', 0.7177433616738005), ('Plagl1', 0.1952699628630095), ('Dennd5b', 0.5508031887662912), ('Hgf', 1.1861036649050716), ('Sash1', 0.1405053165246329), ('Fosl2', 0.0964764801234886), ('Irs2', 0.1944978769082736)]",1370
Foxc2,jaspar__MA0033.2,0.05384733889749794,3.4367757204418337,2e-05,1.0,"gene is annotated for similar motif cisbp__M0732 ('CG11152[gene ID: ""FBgn0039937"" species: ""Drosophila melanogaster"" TF status: ""inferred"" TF family: ""Forkhead"" DBDs: ""Fork_head""]; CG9571[gene ID: ""FBgn0031086"" species: ""Drosophila melanogaster"" TF status: ""inferred"" TF family: ""Forkhead"" DBDs: ""Fork_head""]; FOXB2[gene ID: ""ENSG00000204612"" species: ""Homo sapiens"" TF status: ""inferred"" TF family: ""Forkhead"" DBDs: ""Fork_head""]; FOXD4L1[gene ID: ""ENSG00000184492"" species: ""Homo sapiens"" TF status: ""inferred"" TF family: ""Forkhead"" DBDs: ""Fork_head""]; FOXD4L3[gene ID: ""ENSG00000187559"" species: ""Homo sapiens"" TF status: ""inferred"" TF family: ""Forkhead"" DBDs: ""Fork_head""]; FOXD4L5[gene ID: ""ENSG00000204779"" species: ""Homo sapiens"" TF status: ""inferred"" TF family: ""Forkhead"" DBDs: ""Fork_head""]; FOXD4L6[gene ID: ""ENSG00000204793"" species: ""Homo sapiens"" TF status: ""inferred"" TF family: ""Forkhead"" DBDs: ""Fork_head""]; FOXD4[gene ID: ""ENSG00000170122"" species: ""Homo sapiens"" TF status: ""inferred"" TF family: ""Forkhead"" DBDs: ""Fork_head""]; FOXE1[gene ID: ""ENSG00000178919"" species: ""Homo sapiens"" TF status: ""inferred"" TF family: ""Forkhead"" DBDs: ""Fork_head""]; FOXE3[gene ID: ""ENSG00000186790"" species: ""Homo sapiens"" TF status: ""inferred"" TF family: ""Forkhead"" DBDs: ""Fork_head""]; FOXI2[gene ID: ""ENSG00000186766"" species: ""Homo sapiens"" TF status: ""inferred"" TF family: ""Forkhead"" DBDs: ""Fork_head""]; FOXK2[gene ID: ""ENSG00000141568"" species: ""Homo sapiens"" TF status: ""inferred"" TF family: ""Forkhead"" DBDs: ""Fork_head""]; FOXS1[gene ID: ""ENSG00000179772"" species: ""Homo sapiens"" TF status: ""inferred"" TF family: ""Forkhead"" DBDs: ""Fork_head""]; Foxa1[gene ID: ""ENSMUSG00000035451"" species: ""Mus musculus"" TF status: ""inferred"" TF family: ""Forkhead"" DBDs: ""Fork_head""]; Foxa3[gene ID: ""ENSMUSG00000040891"" species: ""Mus musculus"" TF status: ""inferred"" TF family: ""Forkhead"" DBDs: ""Fork_head""]; Foxb2[gene ID: ""ENSMUSG00000056829"" species: ""Mus musculus"" TF status: ""inferred"" TF family: ""Forkhead"" DBDs: ""Fork_head""]; Foxc2[gene ID: ""ENSMUSG00000046714"" species: ""Mus musculus"" TF status: ""direct"" TF family: ""Forkhead"" DBDs: ""Fork_head""]; Foxd2[gene ID: ""ENSMUSG00000055210"" species: ""Mus musculus"" TF status: ""inferred"" TF family: ""Forkhead"" DBDs: ""Fork_head""]; Foxd3[gene ID: ""ENSMUSG00000067261"" species: ""Mus musculus"" TF status: ""inferred"" TF family: ""Forkhead"" DBDs: ""Fork_head""]; Foxd4[gene ID: ""ENSMUSG00000051490"" species: ""Mus musculus"" TF status: ""inferred"" TF family: ""Forkhead"" DBDs: ""Fork_head""]; Foxe1[gene ID: ""ENSMUSG00000070990"" species: ""Mus musculus"" TF status: ""inferred"" TF family: ""Forkhead"" DBDs: ""Fork_head""]; Foxe3[gene ID: ""ENSMUSG00000044518"" species: ""Mus musculus"" TF status: ""inferred"" TF family: ""Forkhead"" DBDs: ""Fork_head""]; Foxf1a[gene ID: ""ENSMUSG00000042812"" species: ""Mus musculus"" TF status: ""inferred"" TF family: ""Forkhead"" DBDs: ""Fork_head""]; Foxf2[gene ID: ""ENSMUSG00000038402"" species: ""Mus musculus"" TF status: ""inferred"" TF family: ""Forkhead"" DBDs: ""Fork_head""]; Foxi1[gene ID: ""ENSMUSG00000047861"" species: ""Mus musculus"" TF status: ""inferred"" TF family: ""Forkhead"" DBDs: ""Fork_head""]; Foxi2[gene ID: ""ENSMUSG00000048377"" species: ""Mus musculus"" TF status: ""inferred"" TF family: ""Forkhead"" DBDs: ""Fork_head""]; Foxi3[gene ID: ""ENSMUSG00000055874"" species: ""Mus musculus"" TF status: ""inferred"" TF family: ""Forkhead"" DBDs: ""Fork_head""]; Foxk2[gene ID: ""ENSMUSG00000039275"" species: ""Mus musculus"" TF status: ""inferred"" TF family: ""Forkhead"" DBDs: ""Fork_head""]; Foxl2[gene ID: ""ENSMUSG00000050397"" species: ""Mus musculus"" TF status: ""inferred"" TF family: ""Forkhead"" DBDs: ""Fork_head""]; Foxq1[gene ID: ""ENSMUSG00000038415"" species: ""Mus musculus"" TF status: ""inferred"" TF family: ""Forkhead"" DBDs: ""Fork_head""]; Foxs1[gene ID: ""ENSMUSG00000074676"" species: ""Mus musculus"" TF status: ""inferred"" TF family: ""Forkhead"" DBDs: ""Fork_head""]; KIAA0415[gene ID: ""ENSG00000242802"" species: ""Homo sapiens"" TF status: ""inferred"" TF family: ""Forkhead"" DBDs: ""Fork_head""]; Mnf[gene ID: ""FBgn0036134"" species: ""Drosophila melanogaster"" TF status: ""inferred"" TF family: ""Forkhead"" DBDs: ""Fork_head""]; fd59A[gene ID: ""FBgn0004896"" species: ""Drosophila melanogaster"" TF status: ""inferred"" TF family: ""Forkhead"" DBDs: ""Fork_head""]; fd96Ca[gene ID: ""FBgn0004897"" species: ""Drosophila melanogaster"" TF status: ""inferred"" TF family: ""Forkhead"" DBDs: ""Fork_head""]; fd96Cb[gene ID: ""FBgn0004898"" species: ""Drosophila melanogaster"" TF status: ""inferred"" TF family: ""Forkhead"" DBDs: ""Fork_head""]'; q-value = 1.99e-05)","frozenset({'top50perTarget', 'activating', 'mm10_10kbp_up_10kbp_down_full_tx_v10_clust.genes_vs_motifs.rankings'})","[('Hdac8', 0.2472510122244849), ('Rbm38', 0.5870944992449926), ('Rspry1', 0.2027834543289702), ('Usp6nl', 0.7402627479670624), ('Scml2', 0.1633684679940275), ('Cemip', 0.6377339578667746), ('Hcn2', 0.3457769411977562), ('Csf2', 0.0358031676430265), ('Trem2', 0.7119342347414455), ('4933432I09Rik', 0.7631603131661068), ('Kif26a', 0.0685902811250226), ('2810410L24Rik', 0.40056435925139)]",171
Foxp2,jaspar__MA0033.2,0.05822974396772075,3.11824411289245,0.000213,0.121849,"gene is orthologous to YIL131C in S. cerevisiae (identity = 12%) which is annotated for similar motif cisbp__M0750 ('FKH1[gene ID: ""YIL131C"" species: ""Saccharomyces cerevisiae"" TF status: ""direct"" TF family: ""Forkhead"" DBDs: ""Fork_head""]'; q-value = 0.000213)","frozenset({'top50perTarget', 'activating', 'mm10_10kbp_up_10kbp_down_full_tx_v10_clust.genes_vs_motifs.rankings'})","[('Tdrp', 0.0283946862101308), ('Abhd13', 0.221543160629511), ('Synpo', 0.1947673443235641), ('Epha7', 0.6085844183151069), ('Npr3', 0.105845476873867), ('Slc16a12', 0.0521269012064801), ('2010310C07Rik', 0.1814835132397224), ('Zbtb20', 0.0108281564260576), ('Zfp503', 0.4227985036760975), ('Tarsl2', 1.092653953298341), ('Tle3', 0.2002211393741711), ('Stim1', 0.1782447313240537), ('Sema3d', 1.1885989542518811), ('Brinp3', 0.1469799624641173), ('Dnmt3a', 0.1879725537760137), ('Nrk', 0.7224614315434011), ('Nubpl', 0.2170591155511528), ('Adamts1', 0.1758608169408763), ('Tulp1', 0.1495389957528899), ('Slc10a3', 0.1562004589047735), ('Phex', 0.1366035924100879), ('Patj', 0.0685809562565859), ('Tfpi2', 0.1820591002484487), ('Map2k6', 0.0602882359181558), ('Fam20a', 0.1362827182671531), ('Lmtk2', 0.4876751020065978), ('Fbxl19', 1.457456977651693), ('Crim1', 0.1961385760757311), ('Rorb', 0.1943300577567534), ('Ldb2', 0.3584811402160471), ('Lbr', 0.2072179007065845)]",855
Gabpa,hdpi__ELF2,0.05358384097116179,4.133959284728492,3.3e-05,0.960352,gene is orthologous to ENSG00000154727 in H. sapiens (identity = 96%) which is annotated for similar motif taipale_cyt_meth__GABPA_NACCGGAAGTN_eDBD ('GABPA [ETS]'; q-value = 3.27e-05),"frozenset({'top50perTarget', 'activating', 'mm10_10kbp_up_10kbp_down_full_tx_v10_clust.genes_vs_motifs.rankings'})","[('Slc16a1', 0.1473094424633225), ('Mpdz', 0.4459113981035314), ('1810026B05Rik', 0.1668068732891802), ('Fign', 0.7739488295185885), ('Socs5', 0.2313365568379994), ('Fbxl3', 0.2517518087608848), ('Bend7', 0.5588302758583891), ('Nhej1', 1.4065240949208155), ('Farp1', 0.3935300708684641), ('Cand1', 0.2141860301836485), ('Rcor3', 1.3807630664432224), ('Arhgap12', 0.1837767906505282), ('Trhde', 0.3255146457385601), ('Ppp3cb', 0.1750657086576905), ('Oxr1', 0.2157386762373009), ('Apc', 0.1862263662374762), ('Dnaja1', 0.1887892017338372), ('Cuedc1', 0.2443452818266401), ('Rnf146', 0.1955992101988198), ('Nrf1', 0.1605973711930343), ('Gpd2', 0.1487139450387798), ('Matr3', 0.2409005651983204), ('Exoc4', 0.1954064219357037), ('Trim27', 2.104820140121083e-06), ('Fam184a', 0.5976772745396698), ('Nectin3', 0.2405098702628137), ('Dyrk1a', 0.2130696570342725), ('Mdm4', 0.3260557474972386), ('Zfp202', 0.1057091053511897), ('Trim8', 0.2606935356257018), ('Ccser2', 0.3819455992150485), ('Oser1', 0.2516595825201128), ('1700028E10Rik', 1.3122690506852055), ('Lrrc42', 0.1490068125796035), ('Mboat1', 0.2458868450172225), ('Glt28d2', 0.2075073535345366), ('Kat6b', 0.1963377119638309), ('Clock', 0.4722472045170341), ('Adam22', 0.2149908020651657), ('Tspan5', 0.1956958295704566), ('Morc2a', 0.197995215456485), ('Gatad2a', 0.198199390697111), ('Efcab2', 0.42514659213758), ('Rundc3a', 0.3176633579724428), ('Vldlr', 0.1569698358886586), ('Nhs', 0.3283405228317512), ('Pard3b', 0.1971540080269119), ('Glis3', 0.3498066637968989), ('Hexim2', 3.5593814802999204e-05), ('St3gal6', 0.0980257204955789), ('Plekhm3', 0.1431488766453243), ('March6', 0.2665503285120768), ('Zbtb14', 0.1541328899101711), ('Map3k5', 0.4030675601206421), ('Arih2', 0.2026866377028254), ('Gspt1', 0.8336533801016637), ('Neo1', 0.1433677046457538), ('Bpnt1', 0.8070706322380543)]",1237
Gabpa,hdpi__ETV4,0.04995101500199771,3.552941876143897,3.3e-05,0.960352,gene is orthologous to ENSG00000154727 in H. sapiens (identity = 96%) which is annotated for similar motif taipale_cyt_meth__GABPA_NACCGGAAGTN_eDBD ('GABPA [ETS]'; q-value = 3.27e-05),"frozenset({'top50perTarget', 'activating', 'mm10_10kbp_up_10kbp_down_full_tx_v10_clust.genes_vs_motifs.rankings'})","[('1700028E10Rik', 1.3122690506852055), ('1810026B05Rik', 0.1668068732891802), ('Nrf1', 0.1605973711930343), ('Ppp3cb', 0.1750657086576905), ('C330018D20Rik', 0.1723425898330113), ('Oser1', 0.2516595825201128), ('Dnaja1', 0.1887892017338372), ('Apc', 0.1862263662374762), ('Clock', 0.4722472045170341), ('Gm14634', 0.6495943524755167), ('Cog3', 0.2233570423708947), ('Cfap20', 0.1459002441114827), ('Dock11', 0.4631369828886931), ('Zfp709', 0.6502846542326066), ('Stn1', 0.1466166787066741), ('Rcor3', 1.3807630664432224), ('Gmeb2', 0.1701657503694373), ('Nup107', 0.4029256395325619), ('Inip', 0.3424754253466159), ('Zfp617', 0.3838201453119749), ('Oxr1', 0.2157386762373009), ('Utp3', 0.4173217495165117), ('Trim27', 2.104820140121083e-06), ('Gnai3', 0.3184016308359488), ('Zfp760', 0.1126772858083248), ('Haus6', 0.7070841228601443), ('Gspt1', 0.8336533801016637), ('Smap2', 0.1881075095719746), ('Trib1', 0.1310552049670356), ('Spopl', 0.188223328630377), ('Sp1', 0.1939278199070808), ('Tspan31', 0.1714151796106446), ('Ppm1e', 0.5155380142308361), ('Tex30', 0.3124663712031698), ('Nynrin', 0.5538578445121501), ('Cep112', 0.2058508991138654), ('Pcdh9', 0.1956434400942939), ('Zfp202', 0.1057091053511897), ('Fra10ac1', 0.3262148560663087), ('Kat6b', 0.1963377119638309), ('Arih2', 0.2026866377028254), ('Matr3', 0.2409005651983204), ('B3gat3', 0.4529761943924916), ('Fbxo5', 0.163799503985241), ('Gm16701', 0.4502120973270579), ('4930506C21Rik', 4.22753154198783), ('Ippk', 0.16430854066303), ('Slc16a1', 0.1473094424633225), ('Mboat1', 0.2458868450172225), ('Ipo11', 0.5516529772726256), ('Nectin3', 0.2405098702628137), ('Mpdz', 0.4459113981035314), ('Oscp1', 0.8720514935939943), ('St3gal6', 0.0980257204955789), ('Epn2', 0.1756682825774065), ('Fam192a', 0.2611930747725799), ('Shisa3', 0.3291982175294267), ('Arfgap1', 0.2276318946084613), ('Kat2b', 0.1707997080469978), ('Usp27x', 0.3855144876384127), ('Rnf219', 0.0625944583011717), ('Mllt3', 0.3198695661551664), ('Reps1', 0.9821903983136304), ('Sema5b', 0.1792812717018297), ('Rexo1', 0.1581024651127888), ('Gpc4', 0.2581746889430431), ('Agps', 0.1236854979088785), ('Fbxl3', 0.2517518087608848), ('Slc7a6', 0.7962835581330758), ('Btbd11', 0.2830216581833679), ('Zfp386', 0.1656315912994177), ('Ccdc171', 0.3631989415322099), ('Kif22', 0.1981967998490932), ('Pcsk2', 0.2391728798566932), ('Dbr1', 0.1652294316015854), ('Acot11', 0.0320528235590728), ('Cep70', 0.234294570190644), ('Srd5a3', 0.2205541899674416), ('Arhgap12', 0.1837767906505282), ('Fdx1', 0.1377739362241828), ('Atg4c', 0.406378938299679), ('Nudcd1', 0.4136284598936681), ('Cd80', 0.1264227176868116), ('Atp8b2', 0.4376037046682463), ('Sft2d3', 0.6585469120789813), ('Cand1', 0.2141860301836485), ('Neo1', 0.1433677046457538), ('Ap3s2', 0.1412961461952799), ('Rbm34', 0.4475568505575109), ('Slx4ip', 0.6499674283404058), ('Rela', 0.1555882716235768), ('Trim23', 0.6037408976772718), ('Necap2', 0.2455628175133626), ('Atad5', 0.0106093516954578), ('Ccdc136', 0.4042294928902667), ('Eml6', 0.1653345733417081), ('Tssc4', 0.2491846155534847), ('Rnf146', 0.1955992101988198), ('Gabpa', 1.0), ('Naa40', 0.167545693243927), ('Ddx18', 0.213947094101038), ('Utp23', 0.279348779779735), ('Egr3', 0.1292299384684796), ('Rnf216', 0.8610043129413099), ('Psip1', 0.1369980425523836), ('Mdm4', 0.3260557474972386), ('Sppl3', 0.269697330740589), ('Lrrc42', 0.1490068125796035), ('Exoc4', 0.1954064219357037), ('Tcam1', 0.097998236369791), ('Trhde', 0.3255146457385601), ('Fam184a', 0.5976772745396698), ('Wee1', 0.2684254494524177), ('A730017L22Rik', 0.3025852783628454), ('Kti12', 1.807153838161971), ('Ric8b', 0.1810951201154883), ('Kit', 0.0615486780192965), ('Rgma', 0.8591539692251075), ('Mcm5', 0.0412553945822781), ('Mfsd4b4', 0.2538259168647828), ('Tti2', 0.1755371283680585), ('Tspan5', 0.1956958295704566), ('Tyw1', 0.3687315905148786), ('Nup155', 0.2571578291577417), ('Mipol1', 0.1345700934420929), ('Ppil4', 0.1688919286193787), ('Slc30a5', 0.2127606128182228), ('Dcaf12', 0.2839285470400411), ('Gm11696', 0.0281253016285847), ('Socs5', 0.2313365568379994), ('Nfkb2', 0.2388651890241469), ('Cd47', 0.1861037910040175), ('Crtc2', 0.3223728282197527), ('Mbip', 0.0880430849786879), ('Pard3b', 0.1971540080269119), ('Hecw1', 5.760605169923875e-14), ('Stx16', 0.217622656388659), ('Papolg', 0.3155494491928044), ('Pik3c2b', 0.2730259609684632), ('Pogz', 0.116691478555572), ('Osbp', 0.1878524848730262), ('Cdc45', 0.2312710340444102), ('Golga3', 0.614259176312069), ('Nvl', 0.7149077249272321), ('Wwc2', 0.3935790875961698), ('Vps53', 0.2376388171575565), ('Nptx1', 0.1472133046654279), ('Lpin3', 0.1624613844836563), ('Mast2', 0.1829037432070482), ('Mknk1', 0.7539971965860639), ('Csf1r', 1.383609896120071), ('Slx1b', 0.3528442545947917), ('1600012H06Rik', 0.2310528421355385), ('Mrpl1', 1.6765569089817196), ('Gpd2', 0.1487139450387798), ('Cep85', 0.4874084003788474), ('Grm1', 0.503976624384194), ('Dcp1a', 0.6600286251832619), ('Klhl33', 0.4951475515322425), ('Sertad1', 0.3040205315279355), ('Lrrc4c', 0.6610976925529406), ('Ppfibp2', 0.1067956318127766), ('BC052040', 0.2189972197207849), ('Hexim2', 3.5593814802999204e-05), ('Sox30', 0.6105629896599095), ('Amer1', 0.2847041277248818), ('Anapc4', 0.1991013994787793), ('Lrp1b', 0.1227462189602054), ('Ccdc71', 0.2683290732231817), ('Grhl1', 4.9368666059034565e-05), ('Dhx8', 0.3903875851517344), ('Sohlh2', 1.2879578427800034e-10), ('Trappc12', 0.2474601558789018), ('Zfp579', 0.0034175401120599), ('Zfp213', 0.0638592726208014), ('Lrp3', 0.1770186604148487), ('March6', 0.2665503285120768), ('Fam167a', 0.0939920452639336), ('Phactr2', 0.1978380264410393), ('Ccdc82', 0.1824472186152961), ('Alg8', 2.130935278172062), ('Rwdd3', 0.1110429124958304), ('Nol3', 0.1379945702403935), ('2310057M21Rik', 0.1982027223808713), ('Gas6', 0.0306636379513037), ('Npr2', 0.4689120165924792), ('Fam172a', 0.2671181266065489), ('Mcur1', 0.2466372227124424), ('Taf1c', 0.0725084585891888), ('Cuedc1', 0.2443452818266401), ('Stim1', 0.266302475470517), ('Sdhaf3', 0.1312833490716443), ('Tars', 0.1638711612824391)]",4959
Gm14326,transfac_pro__M06033,0.04974176735370765,3.5684710691571055,0.0,0.483992,motif is annotated for orthologous gene ENSG00000257446 in H. sapiens (identity = 48%),"frozenset({'top50perTarget', 'activating', 'mm10_10kbp_up_10kbp_down_full_tx_v10_clust.genes_vs_motifs.rankings'})","[('Bloc1s5', 0.2505807232784441), ('Cactin', 0.6182142368750881), ('Atg4a', 0.6031443550936678), ('Katnal1', 0.6162287215620929), ('Zfp472', 0.1415082102004159), ('Nup160', 0.1791122937603595), ('Lin7c', 0.227603425564657), ('Cdc42se2', 0.1759983184960504), ('Phf12', 0.4678839844030062), ('Map7d3', 3.016961956888494), ('Ndc80', 0.6454303954642633), ('Zc2hc1c', 0.3903504617753304), ('Nrtn', 0.2895677566716939), ('Tgds', 0.1815323364201623), ('Gdpd2', 0.421759290900499), ('Ptprc', 0.5378604648887338), ('Sall2', 0.5145610560896182), ('Mmd', 0.4895317685708067), ('Nup107', 0.1713931439752631), ('Uvssa', 0.4042871022638838), ('Fbxo21', 0.6035523328636283), ('Bcl7a', 0.4089396695110899), ('Rbm43', 0.3546857534755627), ('Dus1l', 0.5036659704255025), ('Ranbp6', 0.4870389002082259), ('Eda', 0.0725912629881367), ('Myrip', 1.6528410512330105), ('Spata1', 0.2198893596510066), ('Cadps2', 0.3546367508900229), ('Afg3l2', 0.4004705450578177), ('Mfsd9', 1.5416365117903263), ('Ccnb1ip1', 1.2080591393784057), ('Zfp397', 0.1744846547823273), ('Nr6a1', 1.0350378396256543), ('4930430F08Rik', 0.6327747041873375), ('Dbr1', 0.1652346663419344), ('Tek', 1.0001843543016145), ('Akap7', 0.5347142358975853), ('Spa17', 0.2121243201573327), ('Cep112', 0.3489153425743651), ('Lsm14a', 0.1803922327095711), ('Pank2', 0.5882486972989946), ('Cisd3', 0.189592622213123), ('Zfp566', 0.8926824741820099), ('Gm13212', 1.2780031856625274), ('Gle1', 0.1848533099201461), ('9330151L19Rik', 0.1567099346401116), ('Fam53b', 0.1630925345415854), ('Il2rb', 0.9575259344037582), ('Adsl', 0.1640073932077239), ('Fam13c', 0.2339956568223346), ('Apol9a', 0.1397165341781428), ('Cit', 1.5028128931538547), ('Med1', 0.3717513678695131), ('Pex26', 2.118615823938596), ('Gm10037', 0.4375478532504716), ('Unk', 0.130182160908796), ('1500015A07Rik', 1.450372783154875), ('Zfp251', 0.7185902443127854), ('Abhd15', 0.0481543503978183), ('Helq', 0.152039556964156), ('Sox11', 0.207846915606196), ('Dpp4', 0.1306982481038534), ('Src', 0.2024852848181745)]",2830
Hinfp,jaspar__MA0131.2,0.05830487393540771,3.0807411667327687,0.0,0.872763,gene is orthologous to ENSG00000172273 in H. sapiens (identity = 87%) which is directly annotated for motif,"frozenset({'top50perTarget', 'activating', 'mm10_10kbp_up_10kbp_down_full_tx_v10_clust.genes_vs_motifs.rankings'})","[('Slc39a10', 0.2509019088881168), ('Yes1', 0.4396642329438794), ('1810026B05Rik', 0.1800309527290375), ('Myo9a', 0.3133928165926808), ('Jak2', 0.3851079447037575), ('Fcho2', 0.1971988952761361), ('Nrip1', 0.1882864891480756), ('March7', 0.2196860784835814), ('Gm10125', 0.9913905331399432), ('Kpna1', 0.1958273292599687), ('Slc4a7', 0.3622589777068101), ('Ube2g1', 0.156084366195444), ('Bmp2', 1.1365385506120331), ('Trim59', 0.2516704214565887), ('Katnbl1', 0.1462081579076618), ('Plag1', 0.8464879721614743), ('Ankrd28', 0.862867267432864), ('Btbd7', 0.6820185668234214), ('Pja2', 0.1593443241643912), ('Atp13a3', 0.1839955303112164), ('Ascc3', 0.2612402568304811), ('Atxn7', 0.4127436803347937), ('Sh3rf1', 0.2397535570865252), ('Xpr1', 0.1193680161618616), ('G3bp2', 0.6111739866560629), ('Rbbp8', 0.3528485642223391), ('Kmt5b', 1.426267930597085), ('Mib1', 0.2330360501752265), ('Dmxl1', 0.2618214969599868), ('Atl2', 1.5257087044646207), ('Dennd5b', 0.3139818934489094), ('Irf2', 0.9429935150127096), ('Ap3s1', 0.4001792993642025), ('Galnt7', 0.2148889715979769), ('Elf1', 0.2756496856214724), ('B3gnt2', 0.2277578869575806), ('Ccnl1', 0.0636379828263019), ('Ktn1', 0.2316519509640646), ('Prdm2', 0.1590923250153448), ('Rasa2', 0.2514564771010082), ('Zc2hc1a', 0.6848950385345739), ('Rbm27', 0.1913415496517494), ('Yeats2', 0.3149253398950791), ('Rbm6', 0.251238961598242), ('Nipa2', 0.3746092621889345), ('Lemd3', 1.220717658965939), ('Ptpn21', 0.3826125736691977), ('March11', 0.0185504324251279), ('Iws1', 0.1266564351137709), ('Hells', 0.5260993317502355), ('Gabbr1', 1.0339493873358403), ('March3', 0.3008651146558418), ('Runx2', 0.4836714224097596), ('Spin1', 0.3067360605965437), ('Pikfyve', 0.3426167105692161), ('Tbc1d12', 0.1485654729052631), ('Mboat2', 0.1332472889030262), ('Kat6a', 0.6955886995283606), ('Ptpn12', 0.2258691790713445), ('Vkorc1l1', 0.151304983361276), ('Atp2c1', 0.2790022491382652), ('Elavl1', 1.0514424116719994), ('Sec24a', 0.2643190168205455), ('Slc35e2', 0.3836670678740133), ('Frmpd1', 0.1256114704246886), ('Plcl2', 0.0001154400161796), ('Frmd4b', 0.2960736087876777), ('Fgf9', 4.74674997498213e-10), ('Pde3b', 3.715240197281572), ('Slc23a2', 0.2896227505901246), ('Zfp367', 0.4429970190743622), ('Ccdc6', 0.2607292246965242), ('Cldn12', 0.3659767139328762), ('Cdc14a', 0.5443952711423974), ('Cndp2', 0.1812987080887909), ('Arhgef40', 0.261830410349717), ('Zfp507', 1.7555116795076562), ('Tmtc4', 0.3777137878418861), ('St8sia2', 0.4569566086217826), ('Dgkh', 1.9034471394779768), ('Phf3', 0.469908688269781), ('Zc3h12c', 0.926507515353093), ('2610507B11Rik', 0.179835559690511), ('Slc35e3', 0.3532240374021442), ('Raf1', 1.2758299084705165), ('Rai14', 2.236623005941388), ('Phlpp1', 0.4059707286185702), ('Sidt2', 0.2958887669535495), ('Npas2', 0.3792003637946203), ('Zfp219', 1.1937373932367263), ('Cdk5rap2', 0.2076947142440468), ('Tnrc6b', 0.7221099530185973), ('Slc25a30', 0.4142940624867895), ('Secisbp2l', 0.3034229816286166), ('Sec22a', 0.9151671133435044), ('Cyb5r4', 0.5925209104578619), ('Kpna3', 0.2071973453771745), ('Stambpl1', 0.7562902838195933), ('Map3k1', 0.4716500499860565), ('Mdm2', 0.1911786618526049), ('Atp6v1h', 0.3018381443336954), ('Guf1', 0.1870842031593314), ('Aak1', 0.5066420576186689), ('Arfgef3', 0.0823871773271917), ('Adam22', 0.3824415237427956), ('Frat2', 0.4927851270114157), ('Ets2', 0.1067800697266937), ('Nelfa', 0.3081103589320343), ('Pwwp2a', 0.609642279733682), ('Myo10', 0.3861824521070566), ('Pid1', 0.2750370497064406), ('Snph', 0.3768127581396765), ('Stam2', 0.2004654267392687), ('Suco', 0.955069945244044), ('Srsf7', 0.2497549045278818), ('Cobl', 0.0528472723583305), ('Zfp275', 0.2438802731896475), ('Exoc5', 0.2262178396775906), ('Gpr85', 0.10646819755436), ('Nudt9', 0.3991010169228821), ('Phka2', 1.6938834808227234), ('Hoxc13', 0.0748334294609573), ('Plekha5', 0.1591407420442831), ('Slc18a1', 0.2815864912772844), ('Atp9b', 0.2668742953816905), ('Dock11', 0.1678224928386282), ('Kif13b', 0.3451010984410304), ('Rgs22', 0.0863449981364716), ('Trim8', 0.741950375890559), ('Cdc5l', 0.2438659200262173), ('Rnf44', 0.3196786764859239), ('Ttc39b', 0.222926090710506), ('Rbsn', 0.2081655635187347), ('Foxp4', 0.2710372328455978), ('Mef2c', 1.3857226808487282), ('Zfp422', 1.2816273701316003), ('Spidr', 0.1972515700684146), ('Mpzl1', 0.825481243713375), ('Ccm2', 0.1499754878123792), ('Sec24b', 0.2018211036549106), ('Zcchc14', 0.9427722583057718), ('Stk11', 0.219479589675697), ('Narf', 0.2474618060447915), ('Kdm5a', 1.2077543939410782), ('Parp6', 0.3491117141596805), ('Ckap4', 0.0520652758101611), ('Adgrv1', 0.1727961729989212), ('Zfyve1', 0.5585187708291814), ('Cstf3', 0.180229343907743), ('Timm9', 0.3122841401729497), ('Cep250', 0.73905124870921), ('Gtf2a2', 0.6462233095031574), ('Cntnap2', 0.09054372773607), ('Stk32a', 0.1954088053736817), ('Hcfc2', 1.003017860786357), ('Bahd1', 0.4328357488148968), ('Exoc6b', 0.1679547795293904), ('Ctr9', 0.6886447423902308), ('Syk', 1.0493658794314324), ('Ppp6r1', 0.6600420282522599), ('Ckap2', 2.3541292683486867), ('Ngef', 0.1902485236477885), ('Ralgps1', 0.352964665399911), ('Prkab2', 0.2236683857806653), ('Mafg', 0.7515862364073618), ('1700052K11Rik', 0.3629251579952712), ('Nploc4', 0.2132143199538569), ('Phax', 0.1278413492010313), ('Igfbp7', 0.1142918126757376), ('N4bp2l2', 2.306414391187194), ('Zfp871', 0.4777470714608456), ('Cops4', 0.1552289616747565), ('Smarca1', 0.2350447558263712), ('Chka', 1.0130998810709595)]",4791
Klf4,transfac_pro__M01835,0.05427180242286326,3.6986798960735032,0.0,1.0,gene is directly annotated,"frozenset({'top50perTarget', 'activating', 'mm10_10kbp_up_10kbp_down_full_tx_v10_clust.genes_vs_motifs.rankings'})","[('Gm15417', 0.1892065552951387), ('Tab2', 0.2766143141535127), ('Zfp974', 0.3872772845806939), ('Kmt2a', 0.2498925851225606), ('Bhlhe40', 0.697793312065182), ('Trip12', 0.1784280781790068), ('Tob1', 1.8090281955473595), ('Ip6k3', 0.1801513898389155), ('Plxdc2', 0.1019545816447487), ('Elfn1', 0.166399639552952), ('Lamc1', 0.239515233940341), ('Ywhaz', 0.0953685022445554), ('Ppm1a', 0.1792582131608184), ('Cnot6', 0.6882417480147318), ('Rora', 1.3755924582608652), ('Sp4', 0.3191638667489333), ('Tmeff2', 0.3970135040188019), ('Cadm3', 1.1494315581639432), ('C430049B03Rik', 0.3125503711809314), ('Add3', 0.15990734970287), ('Gpr162', 0.2538241245327314), ('Dtna', 0.5662309510549572), ('Errfi1', 0.7720902921778905), ('Zc3h11a', 0.1460572879458413), ('Bcl11a', 0.3367702379806031), ('Fbxo11', 0.2110662411544361), ('Nfe2l2', 0.2491481647434916), ('Csrnp1', 0.1054108051208644), ('Stag1', 0.4055962440180448), ('Rab6a', 0.1824900465534242), ('Tmem151b', 1.360103584217679e-10), ('Mageb3', 5.756358056537183e-15), ('1700025G04Rik', 0.1135444795580491), ('Cxxc4', 0.6146852043224753), ('Mir22hg', 0.2417773350408675), ('4833427G06Rik', 4.746344522812502e-07), ('Ep300', 0.212477584538287), ('Sv2c', 0.4798518383908354), ('Snca', 0.8869541374795151), ('Klf3', 0.4073803409752916), ('Atp1a3', 0.4223606873293129), ('Chd4', 0.2709928614421537), ('Fyn', 0.1368516608728447), ('Zbtb7a', 0.267795555169766), ('Arl13b', 0.1677112302240109), ('Zmym2', 0.2105784625954658), ('C1galt1', 0.4551786941353577), ('Nmt2', 0.1787981135721665), ('9930021J03Rik', 0.2208176240975356), ('Gprasp2', 0.5202586395704083), ('Thra', 0.1206178512879496), ('Sema3d', 0.2513700542082991), ('Erf', 0.2225755716164265), ('Dlx6os1', 0.6147343049330534), ('Ahnak', 0.4354531135891354), ('Insig2', 0.1057851596206894), ('Adamts19', 0.4550234788044832), ('Tet3', 0.205112718653255), ('Has2', 1.9090438244218677), ('Elk4', 0.4222177984217672), ('Slc6a15', 0.4601601880099491), ('Dnaja1', 0.6550219134885701), ('Megf9', 0.2071636339923908), ('Prkag2', 0.1779665751299796), ('Fbn1', 0.0481308663482998), ('Hoxb9', 0.5727761744179702), ('Arhgef28', 0.1579766788777855), ('Rabgap1l', 0.1039894412502631), ('Cntn1', 0.7993686821731467), ('Pkn2', 0.2548479905852406), ('Efna5', 0.0656688257442575), ('Slc4a4', 0.2055403906327707), ('Rasgrp4', 1.0092496449306234), ('Efhc2', 0.3006141006931325), ('Ptp4a2', 0.1860380696529632), ('Lpar1', 0.0986380371942769), ('Aco1', 0.5075217220890778), ('Ugdh', 3.585964336859503), ('Wnk1', 0.0776583035928292), ('Lmntd1', 0.2699684454180968), ('Mbnl1', 0.3450672356707621), ('Mtmr4', 0.3004242698048112), ('Capn5', 1.0566835533027388), ('Zfp385a', 0.2719736035591847), ('Zfp131', 0.18647121753245), ('F420014N23Rik', 0.0456760900161118), ('Rap1b', 0.1155944170073636), ('Hk2', 0.2090582397896347), ('Map7d1', 0.9224557814759602), ('Tsc22d3', 0.6715778525539954), ('Nfix', 0.1008550086231509), ('Map3k3', 0.5642567190446001), ('Abi1', 0.8651667984934249), ('Slc15a3', 0.0805202266253145), ('Ctdsp2', 0.5802283822803376), ('Rnf24', 0.1566517569270491), ('Myh10', 0.157338617985718), ('Pim1', 0.0515245528635065), ('Ndrg1', 0.2838177910528323), ('Kdm7a', 1.0642723253539763), ('Glul', 0.5738786323415788), ('Rock2', 0.7392222276140756), ('Slc7a14', 0.4141018813485445), ('Dnm1', 0.2924320847136369), ('Kcna6', 0.0783812167673677), ('Car3', 0.5007763055985933), ('Nabp1', 0.5053787627846994), ('Nmnat2', 0.007797150017348), ('Rbfox2', 0.0575877115307698), ('Efhd1', 0.0414727656997988), ('Wdyhv1', 0.3326070544285464), ('Utrn', 0.15756668177036), ('Col11a2', 8.537837421893262e-08), ('Igfbp5', 0.2811604322452055), ('Eif4e', 0.149994075181107), ('Arih1', 0.3485276428279275), ('St3gal2', 0.4503394947904663), ('Galnt15', 0.236509535737621), ('Rnf19a', 0.8216792178354491), ('Brd2', 0.1814410768669241), ('Foxp2', 0.2145408525778587), ('Dmrt2', 0.1523602194656283), ('Hr', 0.2506110071518748), ('Fam169b', 1.1070554736587894), ('Sdk2', 0.2574677557365136), ('Repin1', 0.4691445066958019), ('Gprc5a', 0.740099843037189), ('Nr1h2', 0.2761805486773082), ('Rcor1', 0.129370152895688), ('Rtn3', 0.7933188523505337), ('Dlgap4', 0.06999920980592), ('Sec14l1', 0.7979767889811806), ('Cfap54', 0.4959226339179385), ('Klf4', 1.0), ('Rbms1', 0.7071397565735197), ('Sdk1', 0.1491441877882335), ('Rgs9', 6.6449311471709e-10), ('Camk2n1', 0.2333991094146267), ('Lasp1', 0.3683461788521827), ('Slc1a7', 0.270365730437642), ('Mef2d', 0.3676532516642313), ('Ddx3x', 0.2094975688056412), ('Ooep', 0.1041718715480495), ('Ago1', 0.1158248277822199), ('Zbtb18', 0.1674259775995418), ('Gys1', 0.1493350430250202), ('Gap43', 0.8030861333402126), ('Tcf7l1', 0.7539902457408724), ('Plekha6', 0.4120998620618902), ('Pard3', 0.6007738274638073), ('Prtg', 0.0083696148596603), ('Procr', 1.8603668533726836), ('Gls', 0.1494723877229498), ('Cab39', 0.7840662551342867), ('Chst5', 0.2065721804499925), ('Pappa2', 0.0625684666647904), ('Trim71', 0.068160890038981), ('Bmp4', 0.1874699464350468), ('Cdkn1a', 0.6739873470975812), ('Btg2', 0.053006063875014), ('Ces1a', 0.7200314954820957), ('Bcl9l', 0.1887331727427166), ('Irx5', 0.7904451327784621), ('Skil', 0.2596472891259782), ('Prr36', 0.3974643868692087), ('Eps15', 0.9064128633860368), ('Fgr', 0.3947564666547596), ('Cnot6l', 0.2394449540508645), ('Atp11a', 0.2695246944231254), ('Myh11', 0.2334040629831648), ('Enpp6', 0.1429031805930508), ('Osbpl3', 0.1464727394016987), ('Spsb1', 0.5440902687603483), ('1700019D03Rik', 0.3944052053699992), ('Srcin1', 0.3606872540365003), ('Vcan', 0.0334460823533913), ('Plp1', 0.5613915361234594), ('Fosb', 0.5477113121636388), ('Cd248', 0.0597633263954953), ('Sbsn', 0.0310826607045593), ('Vat1', 0.4681510956486623), ('Nfkbiz', 0.0805878957650091), ('Loxl1', 0.1428942381745639), ('Elf1', 0.1985854141867041), ('Arhgef15', 0.5146733767219529), ('Ttpa', 0.0658340225194948), ('Smurf2', 0.9189073133744606), ('Pik3r6', 0.0126833595587287), ('Gdap1l1', 0.2961730967571542), ('Sptbn2', 2.2285514231016698e-07), ('Vldlr', 0.2182923149667195), ('Slx4ip', 0.1490507883748738), ('Fam171a1', 0.214345658246997), ('Tbpl1', 0.2237053827571052), ('Mpp7', 0.3274243094843346), ('Rab39', 4.434135298403072e-10), ('T', 2.360103298449882e-10), ('Foxo6', 0.2847648164470451), ('Ranbp17', 0.2051641971226731), ('Eif4g2', 0.1317668991322524), ('Prnp', 1.0815437501341212), ('Nfia', 0.1433681183537928), ('Usp2', 3.654670829800711), ('Islr', 0.1129469974699343), ('Il15', 0.2120380122389317), ('Gdf7', 0.4441893275809229), ('Rabep1', 0.2011097587834295), ('Sulf1', 0.0593741826998967), ('Zhx2', 0.4303530320131339), ('Rprd1b', 0.1691082979985057), ('Pcsk2', 0.0665021210044086), ('Llgl2', 0.0089036789911309), ('Msl1', 0.2495988056655755), ('Dgkd', 0.2278706403947819), ('Efcab8', 0.77738685075847), ('Man1a', 0.1431524489097939), ('Pdgfb', 0.1424239617482774), ('Cerk', 0.4936739323265054), ('Nupr1', 0.198582356110103), ('Prss23', 0.0947438533489561), ('4930513N10Rik', 0.3085485154101478), ('Gfod2', 0.6958562812214492), ('B3gnt3', 0.3517147693657054), ('Ubash3a', 7.77636331193993e-08), ('Pbld2', 0.2573752562678132), ('Kbtbd2', 0.1977775668683292), ('Slc38a1', 0.1506288655414372), ('Ebf2', 0.4109476620078828), ('Hspb8', 2.751266183888851), ('Slfn5', 0.0518701155219266), ('Nudt18', 0.1817941557684854), ('Abhd17b', 0.1766258219926829), ('Smarcd2', 0.2285320165897524), ('Nnt', 0.2919822329176578), ('C1ql1', 0.4717993504447395), ('Arhgap27', 0.6275509863585682), ('Faim2', 0.224035901776117), ('Reps2', 0.3348995189957507), ('Get4', 0.8825057833333396), ('Pphln1', 0.3926194183021244), ('Fgf13', 0.6514876825560891), ('Asah2', 0.1196834558442334), ('Ints12', 0.2408268841361729), ('Zfp36l1', 0.0924953561865461), ('Cgn', 0.4809144124798216), ('Klf6', 0.9584004754245627), ('Cryl1', 0.5775661857938557), ('Dyrk2', 1.914279366862444), ('Ccnd3', 0.1990482734873815), ('Fam102b', 0.9247801029171738), ('Kcnb1', 0.3882463914745055), ('Ndel1', 1.1888982864322095), ('Gpsm3', 0.1485551829569348), ('Ptprg', 0.2149978507863861), ('Slc26a3', 0.4060470666967705)]",4035
Klf4,transfac_pro__M07040,0.05225553845124155,3.3563064525801876,0.0,1.0,gene is directly annotated,"frozenset({'top50perTarget', 'activating', 'mm10_10kbp_up_10kbp_down_full_tx_v10_clust.genes_vs_motifs.rankings'})","[('Gm15417', 0.1892065552951387), ('Tob1', 1.8090281955473595), ('Mageb3', 5.756358056537183e-15), ('Sp4', 0.3191638667489333), ('Cntn1', 0.7993686821731467), ('Fbxo11', 0.2110662411544361), ('Tab2', 0.2766143141535127), ('Add3', 0.15990734970287), ('Cxxc4', 0.6146852043224753), ('Ppm1a', 0.1792582131608184), ('Bhlhe40', 0.697793312065182), ('1700025G04Rik', 0.1135444795580491), ('Trip12', 0.1784280781790068), ('Rora', 1.3755924582608652), ('Galnt15', 0.236509535737621), ('Tmeff2', 0.3970135040188019), ('Fyn', 0.1368516608728447), ('Stag1', 0.4055962440180448), ('Klf3', 0.4073803409752916), ('Dtna', 0.5662309510549572), ('Elk4', 0.4222177984217672), ('Plxdc2', 0.1019545816447487), ('Kmt2a', 0.2498925851225606), ('Nmt2', 0.1787981135721665), ('Chd4', 0.2709928614421537), ('Has2', 1.9090438244218677), ('C430049B03Rik', 0.3125503711809314), ('Snca', 0.8869541374795151), ('Pkn2', 0.2548479905852406), ('B3gnt3', 0.3517147693657054), ('Ugdh', 3.585964336859503), ('Aco1', 0.5075217220890778), ('Zbtb7a', 0.267795555169766), ('F420014N23Rik', 0.0456760900161118), ('Lamc1', 0.239515233940341), ('Nfe2l1', 0.2157256085137099), ('Eif4e', 0.149994075181107), ('Mir22hg', 0.2417773350408675), ('Cadm3', 1.1494315581639432), ('Wnk1', 0.0776583035928292), ('Bcl11a', 0.3367702379806031), ('St3gal2', 0.4503394947904663), ('Il15', 0.2120380122389317), ('Sv2c', 0.4798518383908354), ('Slc4a4', 0.2055403906327707), ('Dnaja1', 0.6550219134885701), ('Mtmr4', 0.3004242698048112), ('Ywhaz', 0.0953685022445554), ('Arhgef28', 0.1579766788777855), ('Rbms1', 0.7071397565735197), ('Prkag2', 0.1779665751299796), ('Errfi1', 0.7720902921778905), ('Efna5', 0.0656688257442575), ('Myadm', 0.1398291285561669), ('Ep300', 0.212477584538287), ('Cnot6', 0.6882417480147318), ('Epb41l4a', 0.6332915693739111), ('Rab6a', 0.1824900465534242), ('Eif4g2', 0.1317668991322524), ('Man1a', 0.1431524489097939), ('C1galt1', 0.4551786941353577), ('Rcor1', 0.129370152895688), ('Gpr162', 0.2538241245327314), ('Rock2', 0.7392222276140756), ('Mpp7', 0.3274243094843346), ('Kcnb1', 0.3882463914745055), ('Efhc2', 0.3006141006931325), ('Arl13b', 0.1677112302240109), ('Hoxb9', 0.5727761744179702), ('Csrnp1', 0.1054108051208644), ('Csgalnact2', 0.51632533669606), ('Zfp385a', 0.2719736035591847), ('Atp1a3', 0.4223606873293129), ('Zmym2', 0.2105784625954658), ('Gprasp2', 0.5202586395704083), ('Slc38a1', 0.1506288655414372), ('Adamts19', 0.4550234788044832), ('Sema3d', 0.2513700542082991), ('Erf', 0.2225755716164265), ('Gprc5a', 0.740099843037189), ('Rabgap1l', 0.1039894412502631), ('Tmem151b', 1.360103584217679e-10), ('Uap1', 0.2638364890355447), ('Pappa2', 0.0625684666647904), ('Irx5', 0.7904451327784621), ('Ints12', 0.2408268841361729), ('Elfn1', 0.166399639552952), ('Slc6a15', 0.4601601880099491), ('Myh10', 0.157338617985718), ('Zc3h11a', 0.1460572879458413), ('Zfp36l1', 0.0924953561865461), ('Has3', 5.5116800130105424e-08), ('Ndel1', 1.1888982864322095), ('Klf4', 1.0), ('Fam102b', 0.9247801029171738), ('Rnf19a', 0.8216792178354491), ('Lasp1', 0.3683461788521827), ('Nr1h2', 0.2761805486773082), ('Ptprg', 0.2149978507863861), ('Prtg', 0.0083696148596603), ('Map3k3', 0.5642567190446001), ('Slc7a14', 0.4141018813485445), ('Pard3', 0.6007738274638073), ('C1ql1', 0.4717993504447395), ('Tet3', 0.205112718653255), ('Zfp974', 0.3872772845806939), ('Gls', 0.1494723877229498), ('Dyrk2', 1.914279366862444), ('Dlx6os1', 0.6147343049330534), ('Insig2', 0.1057851596206894), ('Btg2', 0.053006063875014), ('Cdkn1a', 0.6739873470975812), ('Col11a2', 8.537837421893262e-08), ('Gm15915', 0.8899977096962981), ('Thra', 0.1206178512879496), ('Tcf7l1', 0.7539902457408724), ('Gfod2', 0.6958562812214492), ('Eps15', 0.9064128633860368), ('Zhx2', 0.4303530320131339), ('Pim1', 0.0515245528635065), ('Srcin1', 0.3606872540365003), ('Rap1b', 0.1155944170073636), ('Rabep1', 0.2011097587834295), ('Megf9', 0.2071636339923908), ('Rbfox2', 0.0575877115307698), ('Dnm1', 0.2924320847136369), ('Klf6', 0.9584004754245627), ('Pex13', 0.2579117875458996), ('Smad7', 0.2144341619410161), ('Sec14l1', 0.7979767889811806), ('4930513N10Rik', 0.3085485154101478), ('Fam169b', 1.1070554736587894), ('9930021J03Rik', 0.2208176240975356), ('Carhsp1', 0.3941445312006522), ('Dennd2d', 7.073841405308767e-05), ('Car3', 0.5007763055985933), ('Fgf18', 1.3238209433452863), ('Rgs9', 6.6449311471709e-10), ('Utrn', 0.15756668177036), ('Msl1', 0.2495988056655755), ('Ttpa', 0.0658340225194948), ('Ptgfrn', 0.116417845415264), ('Glul', 0.5738786323415788), ('Epn3', 0.0390964967068948), ('Cgn', 0.4809144124798216), ('Gpr183', 5.570648777806815), ('Trim71', 0.068160890038981), ('Nabp1', 0.5053787627846994), ('Fam171a1', 0.214345658246997), ('Gdap1l1', 0.2961730967571542), ('Ly6a', 0.0199717874339995), ('Nfe2l2', 0.2491481647434916), ('Dlk2', 0.6675831998882934), ('Mbnl1', 0.3450672356707621), ('Ppip5k2', 0.2096256529950723), ('Cab39', 0.7840662551342867), ('Tbpl1', 0.2237053827571052), ('4833427G06Rik', 4.746344522812502e-07), ('Tsc22d3', 0.6715778525539954), ('Gab3', 0.335901691653602), ('Ccnd3', 0.1990482734873815), ('Nupr1', 0.198582356110103), ('Rab39', 4.434135298403072e-10), ('Zmiz1', 1.4880251607069062), ('Map3k8', 0.6171826180663217), ('Hcfc2', 0.1811772233331513), ('Foxp2', 0.2145408525778587), ('Birc5', 0.0167991789933732), ('Plekha6', 0.4120998620618902), ('Atp11a', 0.2695246944231254), ('Plekhf2', 0.215783704211786), ('Ly6h', 0.1707846617246213), ('Pcsk2', 0.0665021210044086), ('Vat1', 0.4681510956486623), ('Ctdsp2', 0.5802283822803376), ('Rbm44', 0.1001449004794814), ('Cd248', 0.0597633263954953), ('Sppl3', 0.3658957348829013), ('Dctd', 0.2174178939297183), ('Myh11', 0.2334040629831648), ('Fbn1', 0.0481308663482998), ('Slc1a7', 0.270365730437642), ('Faim2', 0.224035901776117), ('Adra1b', 2.7805699739049965), ('Map7d1', 0.9224557814759602), ('Ahnak', 0.4354531135891354), ('Olfml2b', 0.1557477551310135), ('Nr4a1', 0.1362581769165613), ('Ripply1', 3.124250856624132e-07), ('Slfn5', 0.0518701155219266), ('Unc13b', 0.4173786045192771), ('Gdf7', 0.4441893275809229), ('Fgf13', 0.6514876825560891), ('Get4', 0.8825057833333396), ('Kif7', 0.189935443248825), ('Ebf2', 0.4109476620078828), ('Orai1', 0.1429939227162668), ('Chaf1b', 0.3959570133748568), ('Vldlr', 0.2182923149667195), ('B4galt1', 0.2135650051628277), ('Fgr', 0.3947564666547596), ('Lrp1b', 1.845640302542719e-08), ('Golph3', 0.2267697157154355), ('Bcl9l', 0.1887331727427166), ('Kbtbd2', 0.1977775668683292), ('Pnp', 0.1920588608423328), ('Amotl2', 0.22104850143826), ('Hr', 0.2506110071518748), ('Pdgfb', 0.1424239617482774), ('Cnot6l', 0.2394449540508645), ('Rasgrp4', 1.0092496449306234), ('Capn5', 1.0566835533027388), ('Brd2', 0.1814410768669241), ('Ace', 0.1152823708031013), ('Slc18a1', 0.6621189284370325), ('Sbsn', 0.0310826607045593), ('Fam129a', 0.2246407968318498), ('Slc17a3', 0.1508108176527566), ('Zcchc24', 0.4196412731630292), ('Nfix', 0.1008550086231509), ('Efcab8', 0.77738685075847), ('Foxo6', 0.2847648164470451), ('Reep3', 0.4250200124712445), ('Mef2d', 0.3676532516642313), ('Atxn1l', 0.2021632545254282), ('Sulf1', 0.0593741826998967), ('Prr36', 0.3974643868692087), ('Atl2', 0.1967032196575644), ('Abhd17b', 0.1766258219926829), ('Ptbp3', 0.7895070683549016), ('Sptbn4', 6.999297841809709e-05), ('Tor1aip1', 0.3732902510178503), ('Atp6ap1', 0.1240743162774493), ('Ago1', 0.1158248277822199), ('Rragc', 0.7924554447654507), ('Lpar1', 0.0986380371942769), ('9330117O12Rik', 0.0283697343877405), ('Pbld2', 0.2573752562678132), ('Ndrg1', 0.2838177910528323), ('Arih1', 0.3485276428279275), ('Btbd2', 0.356002627341611), ('Mfhas1', 0.096720827807935), ('Areg', 0.3931489394187011), ('Crim1', 0.3864375822971136), ('Sat1', 0.324550400990688), ('Optn', 0.4649050730841943), ('Clic4', 0.1246871724490718), ('Ptp4a2', 0.1860380696529632), ('Capn12', 0.5025625091508511), ('Rhobtb2', 0.4056763603411857), ('Itgb5', 0.1850858555323641), ('Eri1', 0.8573515210510166), ('Katnbl1', 0.4123891290189435), ('Hk2', 0.2090582397896347), ('Rprd1b', 0.1691082979985057), ('Wnt10b', 0.5093465699469121), ('Zbtb18', 0.1674259775995418), ('Procr', 1.8603668533726836), ('Dusp8', 0.7084287857193934), ('Ackr2', 0.1755320777732708), ('Nfia', 0.1433681183537928), ('Tgfbrap1', 0.0955422891568282), ('Dlgap4', 0.06999920980592), ('Gsdmd', 0.1882709507439032), ('Has1', 1.192938673334241), ('Kdm7a', 1.0642723253539763), ('Trp53cor1', 0.1418147503964384), ('Arhgef15', 0.5146733767219529), ('Zfp131', 0.18647121753245), ('Mknk2', 0.8249644302634611), ('Arhgap20', 0.2295078877392201), ('Elf1', 0.1985854141867041), ('Ripk1', 0.1571885918810905), ('Ppp1r1a', 1.404955988579995e-11), ('Kdm5c', 0.1875991344297576), ('Hdac4', 1.073052585929689), ('Nnt', 0.2919822329176578), ('Nid1', 0.0591011178835), ('Ranbp17', 0.2051641971226731), ('Zfp647', 0.4162517721827233), ('Gna13', 0.2403760397454433), ('Plp1', 0.5613915361234594), ('Stk38l', 0.1568729843053381), ('Car11', 0.3665633869831433), ('Arl4a', 0.6676087351853766), ('Nr1h4', 0.1429942338468168), ('Skil', 0.2596472891259782), ('Cd55', 0.1077607109740862), ('Aph1c', 0.1521501393161671), ('Ypel2', 2.8693276003536665), ('Pcsk9', 0.0946743441139073), ('Pfn2', 0.2428361413964477), ('4930463O16Rik', 3.765594811330723e-05)]",4660
Klf4,transfac_pro__M07289,0.0551474689333601,3.8473732034827717,0.0,1.0,gene is directly annotated,"frozenset({'top50perTarget', 'activating', 'mm10_10kbp_up_10kbp_down_full_tx_v10_clust.genes_vs_motifs.rankings'})","[('Gm15417', 0.1892065552951387), ('Zbtb7a', 0.267795555169766), ('Tab2', 0.2766143141535127), ('Foxp2', 0.2145408525778587), ('Sv2c', 0.4798518383908354), ('Elfn1', 0.166399639552952), ('Thra', 0.1206178512879496), ('Add3', 0.15990734970287), ('Mef2d', 0.3676532516642313), ('1700025G04Rik', 0.1135444795580491), ('Bhlhe40', 0.697793312065182), ('Sema3d', 0.2513700542082991), ('Cntn1', 0.7993686821731467), ('Zmym2', 0.2105784625954658), ('Dtna', 0.5662309510549572), ('Snca', 0.8869541374795151), ('Trip12', 0.1784280781790068), ('Bcl11a', 0.3367702379806031), ('Neat1', 0.1431520775080449), ('Vcan', 0.0334460823533913), ('Stag1', 0.4055962440180448), ('Efna5', 0.0656688257442575), ('Tob1', 1.8090281955473595), ('Srcin1', 0.3606872540365003), ('Ywhaz', 0.0953685022445554), ('Plxdc2', 0.1019545816447487), ('Myh10', 0.157338617985718), ('D6Ertd527e', 0.1310870245846862), ('Tmeff2', 0.3970135040188019), ('Gprasp2', 0.5202586395704083), ('Dlx6os1', 0.6147343049330534), ('Sp4', 0.3191638667489333), ('Lamc1', 0.239515233940341), ('Arhgef28', 0.1579766788777855), ('Tet3', 0.205112718653255), ('Slc4a4', 0.2055403906327707), ('Ppm1a', 0.1792582131608184), ('Rora', 1.3755924582608652), ('Mageb3', 5.756358056537183e-15), ('Rabgap1l', 0.1039894412502631), ('Myadm', 0.1398291285561669), ('Hr', 0.2506110071518748), ('Ypel2', 2.8693276003536665), ('Slc7a14', 0.4141018813485445), ('Cxxc4', 0.6146852043224753), ('Mir22hg', 0.2417773350408675), ('Has2', 1.9090438244218677), ('Efhc2', 0.3006141006931325), ('Man1a', 0.1431524489097939), ('Klf3', 0.4073803409752916), ('Stk38l', 0.1568729843053381), ('B3gnt3', 0.3517147693657054), ('Fbxo11', 0.2110662411544361), ('Pkn2', 0.2548479905852406), ('Lpar1', 0.0986380371942769), ('Olfml2a', 0.0653403450266477), ('Has3', 5.5116800130105424e-08), ('Dusp8', 0.7084287857193934), ('Fgf13', 0.6514876825560891), ('Arhgef15', 0.5146733767219529), ('Bmp4', 0.1874699464350468), ('Abhd17b', 0.1766258219926829), ('Kmt2a', 0.2498925851225606), ('Ahnak', 0.4354531135891354), ('Cnot6', 0.6882417480147318), ('4930513N10Rik', 0.3085485154101478), ('Sema3b', 0.3874091120588227), ('Fyn', 0.1368516608728447), ('Irx5', 0.7904451327784621), ('St3gal2', 0.4503394947904663), ('Mbnl1', 0.3450672356707621), ('Pcsk2', 0.0665021210044086), ('Adamts19', 0.4550234788044832), ('Eif4e', 0.149994075181107), ('Epb41l4a', 0.6332915693739111), ('Tob2', 0.4306701665348477), ('Arhgap27', 0.6275509863585682), ('Errfi1', 0.7720902921778905), ('Ugdh', 3.585964336859503), ('Prkag2', 0.1779665751299796), ('Vldlr', 0.2182923149667195), ('Gap43', 0.8030861333402126), ('Eif4g2', 0.1317668991322524), ('Slc6a15', 0.4601601880099491), ('Eps15', 0.9064128633860368), ('Cd248', 0.0597633263954953), ('Skil', 0.2596472891259782), ('Cadm3', 1.1494315581639432), ('Gm11532', 0.0077187139494645), ('Zcchc24', 0.4196412731630292), ('Il15', 0.2120380122389317), ('Plekha6', 0.4120998620618902), ('C1galt1', 0.4551786941353577), ('Utrn', 0.15756668177036), ('Erf', 0.2225755716164265), ('Kcnb1', 0.3882463914745055), ('Arl4a', 0.6676087351853766), ('Zbtb46', 0.2910611573451024), ('Csrnp1', 0.1054108051208644), ('Nr4a1', 0.1362581769165613), ('Rbms1', 0.7071397565735197), ('Kdm7a', 1.0642723253539763), ('Abi1', 0.8651667984934249), ('Myh11', 0.2334040629831648), ('Zfp131', 0.18647121753245), ('Tbpl1', 0.2237053827571052), ('Sdk1', 0.1491441877882335), ('Cab39', 0.7840662551342867), ('Foxo6', 0.2847648164470451), ('C430049B03Rik', 0.3125503711809314), ('Csgalnact2', 0.51632533669606), ('Dctd', 0.2174178939297183), ('Pmp22', 0.8196633892711434), ('Fgf18', 1.3238209433452863), ('Loxl1', 0.1428942381745639), ('Bid', 0.7535267961121447), ('Pfkp', 0.3411642898337477), ('Atf3', 0.3053676488690761), ('Pappa2', 0.0625684666647904), ('Map3k3', 0.5642567190446001), ('Rab6a', 0.1824900465534242), ('Lmod1', 0.0938927676757437), ('Gprc5b', 0.7583883850268074), ('Zbtb18', 0.1674259775995418), ('Ip6k3', 0.1801513898389155), ('Plekhf2', 0.215783704211786), ('Fbn1', 0.0481308663482998), ('Mlph', 0.5238678564267942), ('1700012D14Rik', 0.2647879726703531), ('Nr2f1', 0.3837765241398909), ('Ndel1', 1.1888982864322095), ('Ctdsp2', 0.5802283822803376), ('Nmt2', 0.1787981135721665), ('Klf6', 0.9584004754245627), ('Rap1b', 0.1155944170073636), ('1700019D03Rik', 0.3944052053699992), ('Dlgap4', 0.06999920980592), ('Hoxb9', 0.5727761744179702), ('Abcc9', 0.0757461898049542), ('Wnt10b', 0.5093465699469121), ('Rnf24', 0.1566517569270491), ('Rock2', 0.7392222276140756), ('Chd4', 0.2709928614421537), ('Katnbl1', 0.4123891290189435), ('Chst15', 0.1073627755325975), ('Ep300', 0.212477584538287), ('Wnk1', 0.0776583035928292), ('Klf4', 1.0), ('Zhx2', 0.4303530320131339), ('Npr3', 0.5440905129372681), ('Zbed3', 0.3762855447752825), ('Fgr', 0.3947564666547596), ('F420014N23Rik', 0.0456760900161118), ('Uap1', 0.2638364890355447), ('Epn3', 0.0390964967068948), ('Abcb9', 0.188567453714679), ('Capn5', 1.0566835533027388), ('Kcnj4', 0.0190843214988832), ('4833427G06Rik', 4.746344522812502e-07), ('Glul', 0.5738786323415788), ('Osbpl3', 0.1464727394016987), ('Usp2', 3.654670829800711), ('Zfp36l1', 0.0924953561865461), ('Rcor1', 0.129370152895688), ('Rnf13', 2.3492976290219665), ('Slc38a1', 0.1506288655414372), ('Ptprg', 0.2149978507863861), ('Zfp385a', 0.2719736035591847), ('Atp1a3', 0.4223606873293129), ('Serpinf1', 0.0399780263817557), ('Elk4', 0.4222177984217672), ('Car3', 0.5007763055985933), ('Cnot6l', 0.2394449540508645), ('Ndrg1', 0.2838177910528323), ('Ltbp1', 1.6218358558020547), ('Gls', 0.1494723877229498), ('Ptp4a2', 0.1860380696529632), ('Tcf7l1', 0.7539902457408724), ('Nmnat2', 0.007797150017348), ('Nfia', 0.1433681183537928), ('Klf13', 1.3226150182270635), ('Nfe2l1', 0.2157256085137099), ('Nnt', 0.2919822329176578), ('Prss23', 0.0947438533489561), ('C1ql1', 0.4717993504447395), ('Rhob', 0.8479677379614791), ('Gnpnat1', 0.0673691102377648), ('Smurf2', 0.9189073133744606), ('Tgfbrap1', 0.0955422891568282), ('Insig2', 0.1057851596206894), ('Prtg', 0.0083696148596603), ('Timp3', 1.1841026603754563), ('Ldb3', 0.8107863115180516), ('Rtn3', 0.7933188523505337), ('Dyrk2', 1.914279366862444), ('Bcl9l', 0.1887331727427166), ('Brd2', 0.1814410768669241), ('Zc3h11a', 0.1460572879458413), ('Rbfox2', 0.0575877115307698), ('Ace', 0.1152823708031013), ('Ppp1r1a', 1.404955988579995e-11), ('Igfbp5', 0.2811604322452055), ('Dnaja1', 0.6550219134885701), ('Chst5', 0.2065721804499925), ('Islr', 0.1129469974699343), ('Ripply1', 3.124250856624132e-07), ('Dpysl2', 0.0844975423361132), ('Zscan18', 0.6795846421106039), ('Fosb', 0.5477113121636388), ('Baiap2', 0.2952664023954197), ('Kbtbd2', 0.1977775668683292), ('Map7d1', 0.9224557814759602), ('Nfix', 0.1008550086231509), ('Arl13b', 0.1677112302240109), ('Sema3c', 0.3015098355979986), ('Pard3', 0.6007738274638073), ('Prrt4', 0.0626829878843767), ('Sh3rf2', 3.36563314598358e-08), ('Kcna6', 0.0783812167673677), ('Dmrt2', 0.1523602194656283), ('Dpt', 0.1189996607102771), ('Gm5129', 0.3236246777418014), ('Ddx3x', 0.2094975688056412), ('Ccdc152', 0.114775748480478), ('Tsc22d3', 0.6715778525539954), ('Sec14l1', 0.7979767889811806), ('Ston2', 0.1289972222376093), ('Myt1l', 0.7133402698564805), ('Gpr45', 1.614733652955768), ('Aco1', 0.5075217220890778), ('Ano1', 0.1048157003861515), ('Llgl2', 0.0089036789911309), ('Amotl2', 0.22104850143826), ('Ackr3', 0.059900946122825), ('Mppe1', 0.2636942613502187), ('Nfe2l2', 0.2491481647434916), ('Creb5', 0.5032099421362268), ('Pla1a', 0.3482492265346705), ('Dstn', 0.0548377752342297), ('Iqsec2', 0.2127541793271921), ('Fam129a', 0.2246407968318498), ('Cgn', 0.4809144124798216), ('Lama2', 0.0825829526398604), ('Gm16894', 0.2806931092079026), ('Tmbim1', 0.087120519700963), ('Ccnd3', 0.1990482734873815), ('Pbld2', 0.2573752562678132), ('Nell2', 0.3450812549980612), ('Tagln3', 0.0132073016022117), ('Rnf19a', 0.8216792178354491), ('Tns1', 0.2749871525397286), ('1810013L24Rik', 0.1182732646454812), ('Kank2', 0.2258350607589745), ('Nabp1', 0.5053787627846994), ('Pim1', 0.0515245528635065), ('Bend6', 0.2395877011883649), ('Cxadr', 0.2254790897036727), ('Dcdc2a', 6.495931131910929e-05), ('Timp2', 0.6522660074415392), ('Dnajb4', 0.1055475311132843), ('2500004C02Rik', 0.9646896896467088), ('Vasn', 0.2206563880012072), ('Cd40', 0.2329632787381174), ('Aldh1a3', 0.1917500031755588), ('Slc31a2', 0.2796723839566439), ('Plpp3', 1.98257578224525), ('Smad7', 0.2144341619410161), ('Serpine2', 0.1039502599276523), ('Pfn2', 0.2428361413964477), ('Ly6a', 0.0199717874339995), ('Gpr162', 0.2538241245327314), ('Maff', 0.8579810622242318), ('Mtmr4', 0.3004242698048112), ('Reps2', 0.3348995189957507), ('Fam171a1', 0.214345658246997), ('Celf2', 0.4270905322829099), ('Atl2', 0.1967032196575644), ('9930021J03Rik', 0.2208176240975356), ('Camk2n1', 0.2333991094146267), ('Gdf7', 0.4441893275809229), ('Sulf1', 0.0593741826998967), ('Sppl3', 0.3658957348829013), ('Heca', 0.8887548882088792), ('Pgbd5', 0.5554929140815933), ('Optn', 0.4649050730841943)]",4491
Klf4,transfac_pro__M07461,0.05749838252682774,4.246572114775808,0.0,1.0,gene is directly annotated,"frozenset({'top50perTarget', 'activating', 'mm10_10kbp_up_10kbp_down_full_tx_v10_clust.genes_vs_motifs.rankings'})","[('Gm15417', 0.1892065552951387), ('Add3', 0.15990734970287), ('Tab2', 0.2766143141535127), ('Foxp2', 0.2145408525778587), ('Vcan', 0.0334460823533913), ('Dtna', 0.5662309510549572), ('Tob1', 1.8090281955473595), ('Bcl11a', 0.3367702379806031), ('Tmeff2', 0.3970135040188019), ('Trip12', 0.1784280781790068), ('Stag1', 0.4055962440180448), ('Efna5', 0.0656688257442575), ('Man1a', 0.1431524489097939), ('Has2', 1.9090438244218677), ('Ppm1a', 0.1792582131608184), ('Sp4', 0.3191638667489333), ('Zmym2', 0.2105784625954658), ('Sv2c', 0.4798518383908354), ('Rora', 1.3755924582608652), ('Elfn1', 0.166399639552952), ('Irx5', 0.7904451327784621), ('Rnf19a', 0.8216792178354491), ('Zbtb7a', 0.267795555169766), ('Fbxo11', 0.2110662411544361), ('Cadm3', 1.1494315581639432), ('Klf3', 0.4073803409752916), ('Chd4', 0.2709928614421537), ('Tsc22d3', 0.6715778525539954), ('Cnot6', 0.6882417480147318), ('Mageb3', 5.756358056537183e-15), ('Plxdc2', 0.1019545816447487), ('C430049B03Rik', 0.3125503711809314), ('Fyn', 0.1368516608728447), ('Utrn', 0.15756668177036), ('Tbpl1', 0.2237053827571052), ('Sema3d', 0.2513700542082991), ('1700025G04Rik', 0.1135444795580491), ('Rabgap1l', 0.1039894412502631), ('Snca', 0.8869541374795151), ('Epb41l4a', 0.6332915693739111), ('Errfi1', 0.7720902921778905), ('Ywhaz', 0.0953685022445554), ('Mir22hg', 0.2417773350408675), ('Eif4g2', 0.1317668991322524), ('Kmt2a', 0.2498925851225606), ('Bhlhe40', 0.697793312065182), ('Ep300', 0.212477584538287), ('Adamts19', 0.4550234788044832), ('Slc4a4', 0.2055403906327707), ('Eif4e', 0.149994075181107), ('Tet3', 0.205112718653255), ('Cntn1', 0.7993686821731467), ('Glul', 0.5738786323415788), ('Kdm7a', 1.0642723253539763), ('Zfp131', 0.18647121753245), ('Lpar1', 0.0986380371942769), ('Ugdh', 3.585964336859503), ('Pkn2', 0.2548479905852406), ('Zmiz1', 1.4880251607069062), ('Abi1', 0.8651667984934249), ('Rcor1', 0.129370152895688), ('4833427G06Rik', 4.746344522812502e-07), ('Dlx6os1', 0.6147343049330534), ('Elk4', 0.4222177984217672), ('Rab6a', 0.1824900465534242), ('Cab39', 0.7840662551342867), ('Rock2', 0.7392222276140756), ('Efna3', 0.1643305706731148), ('Cxxc4', 0.6146852043224753), ('Aco1', 0.5075217220890778), ('Ahnak', 0.4354531135891354), ('Tob2', 0.4306701665348477), ('Brd2', 0.1814410768669241), ('Thra', 0.1206178512879496), ('Cnot6l', 0.2394449540508645), ('T', 2.360103298449882e-10), ('Wnk1', 0.0776583035928292), ('Zfp36l1', 0.0924953561865461), ('Myh10', 0.157338617985718), ('Zbtb18', 0.1674259775995418), ('Slc6a15', 0.4601601880099491), ('Csrnp1', 0.1054108051208644), ('Eps15', 0.9064128633860368), ('Hr', 0.2506110071518748), ('Rbms1', 0.7071397565735197), ('Skil', 0.2596472891259782), ('Fgr', 0.3947564666547596), ('Gprasp2', 0.5202586395704083), ('Plekhf2', 0.215783704211786), ('Zhx2', 0.4303530320131339), ('Map3k3', 0.5642567190446001), ('Lamc1', 0.239515233940341), ('Ypel2', 2.8693276003536665), ('Tle3', 0.1955449395131545), ('Kbtbd2', 0.1977775668683292), ('Rap1b', 0.1155944170073636), ('Ctdsp2', 0.5802283822803376), ('Il15', 0.2120380122389317), ('Arhgef28', 0.1579766788777855), ('Ndel1', 1.1888982864322095), ('Nmt2', 0.1787981135721665), ('Klf4', 1.0), ('Mbnl1', 0.3450672356707621), ('Ptp4a2', 0.1860380696529632), ('Zfp974', 0.3872772845806939), ('Plekha6', 0.4120998620618902), ('Chst15', 0.1073627755325975), ('Ppip5k2', 0.2096256529950723), ('Arih1', 0.3485276428279275), ('Dusp8', 0.7084287857193934), ('Tgfbrap1', 0.0955422891568282), ('Dnajb4', 0.1055475311132843), ('Arl4a', 0.6676087351853766), ('Cry1', 0.2067955699745045), ('F420014N23Rik', 0.0456760900161118), ('Mpp7', 0.3274243094843346), ('4930513N10Rik', 0.3085485154101478), ('Dyrk2', 1.914279366862444), ('Fgf18', 1.3238209433452863), ('Erf', 0.2225755716164265), ('Slc7a14', 0.4141018813485445), ('9930021J03Rik', 0.2208176240975356), ('Npr3', 0.5440905129372681), ('Nabp1', 0.5053787627846994), ('Gls', 0.1494723877229498), ('Mtmr4', 0.3004242698048112), ('Rnf24', 0.1566517569270491), ('Rnf13', 2.3492976290219665), ('Tmem151b', 1.360103584217679e-10), ('Rbfox2', 0.0575877115307698), ('Sptbn4', 6.999297841809709e-05), ('Stk38l', 0.1568729843053381), ('Has3', 5.5116800130105424e-08), ('Pcsk2', 0.0665021210044086), ('Lasp1', 0.3683461788521827), ('Carhsp1', 0.3941445312006522), ('Foxf1', 1.2867613583335793), ('Dnaja1', 0.6550219134885701), ('C1galt1', 0.4551786941353577), ('Pfkp', 0.3411642898337477), ('Elf1', 0.1985854141867041), ('Ints12', 0.2408268841361729), ('Igfbp5', 0.2811604322452055), ('Slfn5', 0.0518701155219266), ('Pgbd5', 0.5554929140815933), ('Hoxb9', 0.5727761744179702), ('Osbpl3', 0.1464727394016987), ('Sec14l1', 0.7979767889811806), ('Sdk1', 0.1491441877882335), ('Ndrg1', 0.2838177910528323), ('Kcnb1', 0.3882463914745055), ('Nmnat2', 0.007797150017348), ('Ptprg', 0.2149978507863861), ('Insig2', 0.1057851596206894), ('Zbtb46', 0.2910611573451024), ('Fam171a1', 0.214345658246997), ('Rasgrp4', 1.0092496449306234), ('Camk2n1', 0.2333991094146267), ('Katnbl1', 0.4123891290189435), ('Foxo6', 0.2847648164470451), ('4430402I18Rik', 0.1330288749589165), ('Abhd17b', 0.1766258219926829), ('Gm11532', 0.0077187139494645), ('Eri1', 0.8573515210510166), ('Uap1', 0.2638364890355447), ('Tctex1d4', 0.6003320720327615), ('Tubb4a', 0.3825743630994458), ('Nfia', 0.1433681183537928), ('Zc3h11a', 0.1460572879458413), ('Arl13b', 0.1677112302240109), ('Rgs9', 6.6449311471709e-10), ('Myh11', 0.2334040629831648), ('Kcnj4', 0.0190843214988832), ('Nfix', 0.1008550086231509), ('Gpr45', 1.614733652955768), ('Apcdd1', 0.1643009552111635), ('Sdk2', 0.2574677557365136), ('Dctd', 0.2174178939297183), ('Ptbp3', 0.7895070683549016), ('Pakap', 0.371223503288681), ('Zbed3', 0.3762855447752825), ('Hk2', 0.2090582397896347), ('Nfe2l1', 0.2157256085137099), ('Vldlr', 0.2182923149667195), ('1700012D14Rik', 0.2647879726703531), ('Pappa2', 0.0625684666647904), ('Slc38a1', 0.1506288655414372), ('Dlk2', 0.6675831998882934), ('Trim71', 0.068160890038981), ('Hes1', 0.9468162604294306), ('Prtg', 0.0083696148596603), ('Rbm44', 0.1001449004794814), ('Klf6', 0.9584004754245627), ('Csgalnact2', 0.51632533669606), ('Cgn', 0.4809144124798216), ('Pfn2', 0.2428361413964477), ('Gap43', 0.8030861333402126), ('Kif7', 0.189935443248825), ('Gpr162', 0.2538241245327314), ('Lrp1b', 1.845640302542719e-08), ('Chaf1b', 0.3959570133748568), ('Clic4', 0.1246871724490718), ('Pard3', 0.6007738274638073), ('Dstn', 0.0548377752342297), ('Pim1', 0.0515245528635065), ('Chst5', 0.2065721804499925), ('Pik3c2b', 0.5279441721723387), ('Gprc5a', 0.740099843037189), ('Kcna6', 0.0783812167673677), ('Pmp22', 0.8196633892711434), ('Slc15a3', 0.0805202266253145), ('Cxadr', 0.2254790897036727), ('Nsg2', 0.194597794470391), ('Ebf2', 0.4109476620078828), ('Fam102b', 0.9247801029171738), ('Serpine2', 0.1039502599276523), ('1700019D03Rik', 0.3944052053699992), ('Celf2', 0.4270905322829099), ('St3gal2', 0.4503394947904663), ('Atf3', 0.3053676488690761), ('Galnt15', 0.236509535737621), ('Ston2', 0.1289972222376093), ('Mef2d', 0.3676532516642313), ('Bmp4', 0.1874699464350468), ('Sulf1', 0.0593741826998967), ('Rab39', 4.434135298403072e-10), ('Neat1', 0.1431520775080449), ('Slco3a1', 0.2536857368371807), ('Rhob', 0.8479677379614791), ('Ranbp17', 0.2051641971226731), ('Serpinb6a', 0.0292392001583069), ('Prss23', 0.0947438533489561), ('Nnt', 0.2919822329176578), ('Ago1', 0.1158248277822199), ('Abcc9', 0.0757461898049542), ('Arhgef15', 0.5146733767219529), ('Fbn1', 0.0481308663482998), ('Plpp3', 1.98257578224525), ('Nfe2l2', 0.2491481647434916), ('Megf9', 0.2071636339923908), ('Atl2', 0.1967032196575644), ('Sptbn2', 2.2285514231016698e-07), ('Mroh5', 1.0570539259573466e-06), ('Dlgap4', 0.06999920980592), ('Reep3', 0.4250200124712445), ('Ddx3x', 0.2094975688056412), ('Serpinf1', 0.0399780263817557), ('Atp1a3', 0.4223606873293129), ('Capn5', 1.0566835533027388), ('Ttpa', 0.0658340225194948), ('1810013L24Rik', 0.1182732646454812), ('Baiap2', 0.2952664023954197), ('Peli3', 0.3792361472936985), ('Btg2', 0.053006063875014), ('Srcin1', 0.3606872540365003), ('Klf7', 0.1168761247152017), ('Fam169b', 1.1070554736587894), ('Fam129a', 0.2246407968318498), ('Rhobtb2', 0.4056763603411857), ('Pcsk9', 0.0946743441139073), ('Ppp1r1a', 1.404955988579995e-11), ('Atxn1l', 0.2021632545254282), ('Itgb5', 0.1850858555323641), ('Fgf13', 0.6514876825560891), ('Rmnd5a', 0.1978451951448313), ('Heca', 0.8887548882088792), ('Rprd1b', 0.1691082979985057), ('Cdc7', 0.4431295859530794), ('Mfhas1', 0.096720827807935), ('Sema3c', 0.3015098355979986), ('Optn', 0.4649050730841943), ('Rtn3', 0.7933188523505337), ('Klf13', 1.3226150182270635), ('Zfp385a', 0.2719736035591847), ('Orai1', 0.1429939227162668), ('Atp11a', 0.2695246944231254), ('Ccpg1', 1.1226460155483473), ('Fosb', 0.5477113121636388), ('B4galt1', 0.2135650051628277), ('Smurf2', 0.9189073133744606), ('Top3b', 0.1891532372538114), ('Nr1h2', 0.2761805486773082), ('Aph1c', 0.1521501393161671), ('Amotl2', 0.22104850143826), ('Arhgap27', 0.6275509863585682), ('Rb1', 0.1039318057862842), ('Ina', 0.7741616684958279), ('D6Ertd527e', 0.1310870245846862), ('Bard1', 0.2611094362107215), ('Smad7', 0.2144341619410161), ('Disp1', 0.178397847863857), ('Prr36', 0.3974643868692087), ('B3gnt3', 0.3517147693657054), ('Prnp', 1.0815437501341212), ('Stim1', 0.5601667273624485), ('Gab3', 0.335901691653602), ('Acsf2', 0.1633681660905508), ('Susd1', 0.3819266038124104), ('Dmrt2', 0.1523602194656283), ('Ltbp1', 1.6218358558020547), ('Efhc2', 0.3006141006931325), ('Qsox2', 0.009370007373084), ('Zfp558', 0.1468992535528343), ('Zcchc24', 0.4196412731630292), ('Timp3', 1.1841026603754563), ('Pex13', 0.2579117875458996), ('Myadm', 0.1398291285561669), ('Entpd5', 0.3730343792734802), ('Scara5', 0.9372336677386004), ('Adra1b', 2.7805699739049965), ('Kif18b', 2.917987144815097e-06), ('Depdc5', 0.1434857168718174), ('Icam1', 0.0434332610694571), ('Mlxip', 0.1584132348098641), ('Zfp647', 0.4162517721827233)]",4988
Klf6,transfac_pro__M01822,0.06857219967258639,3.227548736106009,0.0,1.0,gene is directly annotated,"frozenset({'top50perTarget', 'activating', 'mm10_10kbp_up_10kbp_down_full_tx_v10_clust.genes_vs_motifs.rankings'})","[('Tab2', 0.3710158314996675), ('Azin1', 0.903785794532958), ('Tiparp', 0.1125710715591695), ('Nr3c2', 0.5000340691030132), ('Nr3c1', 0.377520028757676), ('N4bp2', 0.2835307026483499), ('Zfyve9', 0.1838547643896898), ('Man1a', 0.0858264315577866), ('Bdnf', 0.2034688074216731), ('Ing2', 0.8567187212101837), ('March7', 0.2541768589400125), ('Mme', 0.6292797581088547), ('Adgrl3', 0.1077529220094834), ('Enox1', 0.0076991240032929), ('Atxn2', 0.5853588952021903), ('Tbl1x', 0.2281632131619538), ('Dleu2', 0.2881616955571281), ('Atxn1', 0.4906343502389216), ('Stxbp5l', 1.1590192250363978e-08), ('Bclaf1', 0.8464340704208103), ('Bbx', 2.2057916601747), ('Pum2', 0.5001578416925317), ('Tsc22d2', 0.4385281334691344), ('Dennd4a', 0.1123248591568688), ('Pias1', 0.4723628906558323), ('Fndc3b', 0.2686467363303373), ('Slc16a1', 0.1013899744475912), ('Btbd10', 0.2090305091799983), ('Pura', 0.1685834668680136), ('Utp14b', 0.2574973442814944), ('Mbnl3', 0.1167846881043051), ('Tra2b', 1.735197377667548), ('Epb41l2', 0.1713299962507788), ('Irx5', 0.2502707184346345), ('Fgf12', 0.7198951986702615), ('Fbxo11', 0.2239867056859262), ('Rc3h2', 0.0734115415125205), ('B130024G19Rik', 0.1329577779483511), ('Rev3l', 0.2204466676398452), ('Gpbp1', 0.1804663569814713), ('Rlim', 0.7824991587766807), ('Efna5', 0.0020659212220623), ('Wac', 0.2102990316942), ('Has2', 0.4483199202223258), ('Errfi1', 0.0806243677722307), ('Map4', 0.3824681741451726), ('Usp53', 0.1277565479394296), ('Wdfy3', 0.3530808206050842), ('Kdm5b', 0.7849804705551389), ('Larp4', 0.2211937568221561), ('Tmem263', 0.1901910138394561), ('Arl4a', 0.2167502868301901), ('B3gnt2', 0.1673987623518207), ('Arf6', 0.1735340228312285), ('Ssbp2', 1.039220047515558), ('Rictor', 1.540851143312884), ('Atp13a3', 0.2208655796970408), ('Dok6', 0.0565554322414953), ('Zeb2', 1.9654562982970127), ('Runx2', 0.718535934093279), ('Dusp16', 0.3383476377015236), ('Irs2', 0.0965588140021545), ('Baz2b', 0.2150659709499652), ('Arl15', 0.1975386825619907), ('Naa50', 0.4066708604314201), ('Tbc1d5', 0.185687253520216), ('Hmgcs1', 0.1317047337375284), ('Phactr4', 0.2654066532427871), ('Bhlhe40', 1.3164329048908896), ('Rnf152', 0.1238492845845867), ('Rbms1', 1.9671667824746344), ('Nsd3', 0.1448756536359329), ('Rab5a', 0.2945662944724083), ('Tnfaip3', 0.1532830445807281), ('Adgrb3', 2.839943255686592), ('Peli1', 0.169023496613792), ('Morf4l2', 0.1169000539099502), ('Dnajb4', 2.0651925819137653), ('Rcor3', 0.4573899779226003), ('Hspa8', 0.1344607873215219), ('Napepld', 0.1484619114131584), ('Tmem150c', 0.5279070397874744), ('Ubn2', 0.227333822124974), ('Jak1', 0.2649384970180422), ('Sfr1', 0.0905000758903495), ('Hecw1', 0.7407500275417955), ('Frmd5', 0.0736432335638043), ('Kcnc2', 0.3332381856116638), ('Prkacb', 1.166949589400168), ('Kbtbd2', 0.8001747265492257), ('Btbd7', 0.580178424893255), ('Jarid2', 0.3115738355979132), ('Armcx2', 0.1764688923293305), ('Irs1', 0.1792012036820951), ('Ahr', 0.1763105055566529), ('Strn3', 0.7011113794501558), ('B3gat1', 0.9926231092520116), ('Brpf3', 0.3543354923157368), ('Map2k4', 0.2029753286049634), ('Rnf111', 0.2939430740571038), ('Rbpj', 0.7403433289327876), ('Agfg1', 0.1889974138216955), ('Uspl1', 0.1649896471034399), ('Wtap', 0.1934241061732652), ('Phf20l1', 0.2067914503402922), ('Map3k2', 0.1063165135532302), ('Ypel2', 0.1532966405455254), ('Cntnap2', 0.1424556450924955), ('Otud4', 0.3236660299207276), ('Kdm1b', 0.2246133020418141), ('Map1b', 0.1143322701910409), ('Dock7', 0.1991785161490226), ('Swap70', 0.1962622878210206), ('Cd47', 0.8366458232860488), ('Top2b', 0.183491075749268), ('Mkln1', 0.1647738139098921), ('Dmtf1', 0.1830554605269855), ('Zfp62', 0.3233358988702682), ('Mtfr1', 0.3811345717646304), ('Atl1', 0.414225764864822), ('Hsf2', 0.2116431815519185), ('Echdc1', 0.2226805983440095), ('Eea1', 0.704230529403837), ('Auts2', 0.2189075649741094), ('Letm2', 0.1306214407360369), ('Aff2', 0.1782288128647215), ('Rnf145', 0.2133944623668786), ('Plxna4', 0.0997493868054956), ('Ugdh', 0.1956140855690527), ('Dnaja1', 0.7922260775125658), ('Samd5', 0.6587143363853722), ('Scaper', 0.1345706266461543), ('Smg7', 0.2219066823484344), ('C430049B03Rik', 0.1866448222392888), ('Rnf138', 2.864646264473097), ('Tra2a', 0.4323650590542561), ('Irf2', 0.6255315370079906), ('Ubap2', 0.1306406050191313), ('Rnf141', 0.1989993132284012), ('Carf', 0.2734564343717219), ('Rab22a', 0.9030567718229132), ('Klf4', 1.6565983025104691), ('Inpp5a', 0.2018607186996139), ('Enah', 0.2700419527967668), ('Dclk1', 0.2826178528776618), ('Slc22a23', 0.0074421489040586), ('Plagl1', 0.4608869458889985), ('Caprin1', 0.1819295796498671), ('Grb10', 0.1296551487708726), ('Lgr4', 0.2196531639175223), ('Igf2bp3', 0.3958350193387999), ('Ahctf1', 0.3191901397470449), ('Prpf39', 0.1824174049725735), ('2210408F21Rik', 0.7251168865256368), ('Adamtsl4', 0.2025043262473528), ('Ywhaz', 0.2958892674447821), ('Usp25', 0.183172754675461), ('Sycp2', 0.0002024736673384), ('Meg3', 0.2644485883145291), ('Tsc22d1', 0.7757490843407118), ('Pard3', 0.1957391209808268), ('Zfp131', 0.445409392187379), ('Pi4k2b', 0.1677856857179185), ('Klf6', 1.0), ('Etv6', 0.2021328912318151), ('Cnot6l', 0.4487455693249476), ('Nfrkb', 0.4195945026435498), ('Ist1', 0.2629941346051958), ('Litaf', 0.1478872532377464), ('Uhrf2', 0.5162673912345803), ('Hnrnpa0', 0.1525563283652609), ('Stx16', 0.2454685376959051), ('Fgd6', 0.7648939580313219), ('Zfp608', 0.3812421448925772), ('Chek1', 0.27107778947487), ('Magi3', 0.3003890517077611), ('Rap2b', 0.2163924003564833), ('Senp6', 0.1729000228984319), ('Sox4', 0.2123382045833789), ('Col1a2', 0.1450729093656709), ('Ifrd1', 0.5750879595771683), ('Kif2a', 0.1839549280248327), ('Fam53c', 1.1308767894754006), ('Plagl2', 0.2222668748577599), ('Armcx1', 0.3253543630112814), ('Cast', 0.1350017295363926), ('Ndrg1', 0.0732775562910992), ('9930021J03Rik', 0.3395893938781959), ('Aebp2', 0.2268287187167622), ('Setd3', 0.2199932342166752), ('Gbe1', 0.1576434090703706), ('Smndc1', 0.1728171541149153), ('Heca', 0.214552274819298), ('Ttc28', 0.233766525544916), ('Phlda1', 2.315628120466584), ('C030034I22Rik', 0.2661827731121034), ('Atg10', 0.2980396381686319), ('Fam110b', 0.4238089242567172), ('Zfp36l1', 0.1265075302040355), ('Sec22a', 0.5351291552464066), ('Hes1', 0.8079861045816585), ('Pik3r3', 0.2217156102298503), ('Rtn1', 0.4271610483793365), ('Chst2', 0.1807306719179144), ('Mapk9', 0.2461570256265425), ('Myc', 0.0743172537194324), ('Asxl1', 0.1423676801009742), ('Fnip2', 0.2876221234073262), ('Serpini1', 0.5525934023386251), ('Wwc2', 0.2306205768747648), ('Zfp248', 0.0547829257113477), ('Tmod3', 0.8342814748523533), ('Btg1', 1.0733729507969991), ('Tbx18', 0.2705691900128792), ('Mat2a', 0.4372791393637729), ('Nedd4', 0.1274273735361076), ('Dedd', 0.429711008256142), ('4930413F20Rik', 0.157281189873457), ('Ptbp3', 0.4120273239547921), ('2010300C02Rik', 0.5955025483855095), ('Slc16a9', 0.4709366628054314), ('Gjb6', 0.0325322133223586), ('Slc12a2', 0.2489060935620542), ('Maf', 0.1446918727800883), ('Rtn4', 0.224766039753386), ('Elavl1', 0.2960143826011621), ('Rab39', 1.5197143080429206e-11), ('Egfr', 0.2946803819388982), ('Ywhag', 0.2283801847464141), ('Smim15', 0.1281128385773433), ('Galnt6', 0.0383935893009319), ('Ccnl1', 1.2295782257520254), ('Ppp1r14c', 0.0813987997252945), ('Fam53b', 0.1800115188357652), ('Flt1', 0.1985396484930095), ('Exo1', 0.5386191672694172), ('Ckap4', 0.0787648476956319), ('Mib1', 0.1744738637331085), ('Tox3', 0.0759730069373975), ('Map3k8', 0.9098122378189814), ('Slc6a9', 0.1793722965657249), ('Zfp322a', 0.1855886934850107), ('Mppe1', 0.6089380702823153), ('Csnk1g3', 0.387832325112536), ('Mettl21a', 0.2827078280068301), ('Igsf3', 0.3271112496103228), ('Dmd', 0.703305709947663), ('Zfp9', 0.2148764175643905), ('Ppp1r2', 0.2533966536939084), ('Phip', 0.3790190078471301), ('Srrm1', 0.4248483754332757), ('Dusp5', 0.9545062669816836), ('Ppp2r2b', 0.3193004125337542), ('Spry2', 0.9459247998445706), ('Camk2n2', 0.1482835483378178), ('Nabp1', 0.4569678693263909), ('Hcfc2', 0.1856033911651331), ('Rhob', 2.017618251493734), ('Klf13', 0.1543910937952985), ('Lbr', 0.2473985781987879), ('Fbrs', 0.2929422102980405), ('Rbms3', 0.6210283727659937), ('Eif1a', 0.6909905982778244), ('Cpeb4', 0.2190960615273874), ('Dlc1', 1.0764403329680818), ('Exoc5', 0.6934472872973078), ('Xrcc4', 0.0609178764687825), ('Mest', 0.1829722547942794), ('Tdrd3', 0.1131750579855327), ('Usp1', 0.1996456277764952)]",3437
Klf6,transfac_pro__M07461,0.06996512796474444,3.361270816692231,0.0,1.0,gene is directly annotated,"frozenset({'top50perTarget', 'activating', 'mm10_10kbp_up_10kbp_down_full_tx_v10_clust.genes_vs_motifs.rankings'})","[('Tab2', 0.3710158314996675), ('Nr3c1', 0.377520028757676), ('Nr3c2', 0.5000340691030132), ('Tbl1x', 0.2281632131619538), ('Zfyve9', 0.1838547643896898), ('Azin1', 0.903785794532958), ('Rc3h2', 0.0734115415125205), ('Ing2', 0.8567187212101837), ('Bdnf', 0.2034688074216731), ('Man1a', 0.0858264315577866), ('N4bp2', 0.2835307026483499), ('Tiparp', 0.1125710715591695), ('Adgrl3', 0.1077529220094834), ('Atxn1', 0.4906343502389216), ('Stxbp5l', 1.1590192250363978e-08), ('Dennd4a', 0.1123248591568688), ('Bbx', 2.2057916601747), ('Map4', 0.3824681741451726), ('Mme', 0.6292797581088547), ('Dleu2', 0.2881616955571281), ('Mbnl3', 0.1167846881043051), ('Pura', 0.1685834668680136), ('Slc16a1', 0.1013899744475912), ('Epb41l2', 0.1713299962507788), ('Runx2', 0.718535934093279), ('Pum2', 0.5001578416925317), ('Errfi1', 0.0806243677722307), ('Rlim', 0.7824991587766807), ('Tsc22d2', 0.4385281334691344), ('Fbxo11', 0.2239867056859262), ('Pias1', 0.4723628906558323), ('Atxn2', 0.5853588952021903), ('March7', 0.2541768589400125), ('Enox1', 0.0076991240032929), ('Fndc3b', 0.2686467363303373), ('Tra2b', 1.735197377667548), ('Wdfy3', 0.3530808206050842), ('Btbd10', 0.2090305091799983), ('Tmem263', 0.1901910138394561), ('Bclaf1', 0.8464340704208103), ('Rev3l', 0.2204466676398452), ('Arf6', 0.1735340228312285), ('Fgf12', 0.7198951986702615), ('Kdm5b', 0.7849804705551389), ('B130024G19Rik', 0.1329577779483511), ('Dusp16', 0.3383476377015236), ('Meg3', 0.2644485883145291), ('Rab5a', 0.2945662944724083), ('Larp4', 0.2211937568221561), ('Nsd3', 0.1448756536359329), ('Rbpj', 0.7403433289327876), ('Brpf3', 0.3543354923157368), ('Utp14b', 0.2574973442814944), ('Top2b', 0.183491075749268), ('Irs1', 0.1792012036820951), ('Tbc1d5', 0.185687253520216), ('Wac', 0.2102990316942), ('Ywhaz', 0.2958892674447821), ('B3gat1', 0.9926231092520116), ('Wtap', 0.1934241061732652), ('Armcx2', 0.1764688923293305), ('Gpbp1', 0.1804663569814713), ('Btbd7', 0.580178424893255), ('Adgrb3', 2.839943255686592), ('Atp13a3', 0.2208655796970408), ('Naa50', 0.4066708604314201), ('Rap2b', 0.2163924003564833), ('Zeb2', 1.9654562982970127), ('Irx5', 0.2502707184346345), ('Hecw1', 0.7407500275417955), ('Sfr1', 0.0905000758903495), ('B3gnt2', 0.1673987623518207), ('Usp53', 0.1277565479394296), ('Ppp2r2b', 0.3193004125337542), ('Rnf152', 0.1238492845845867), ('Efna5', 0.0020659212220623), ('Hmgcs1', 0.1317047337375284), ('Rictor', 1.540851143312884), ('Ugdh', 0.1956140855690527), ('Jak1', 0.2649384970180422), ('Bhlhe40', 1.3164329048908896), ('Peli1', 0.169023496613792), ('Map2k4', 0.2029753286049634), ('Kcnc2', 0.3332381856116638), ('Swap70', 0.1962622878210206), ('Rnf145', 0.2133944623668786), ('Strn3', 0.7011113794501558), ('Has2', 0.4483199202223258), ('Dok6', 0.0565554322414953), ('Irf2', 0.6255315370079906), ('Rbms1', 1.9671667824746344), ('Caprin1', 0.1819295796498671), ('Cntnap2', 0.1424556450924955), ('C430049B03Rik', 0.1866448222392888), ('Carf', 0.2734564343717219), ('Ubn2', 0.227333822124974), ('Ssbp2', 1.039220047515558), ('Napepld', 0.1484619114131584), ('Zfp62', 0.3233358988702682), ('Irs2', 0.0965588140021545), ('Mkln1', 0.1647738139098921), ('Scaper', 0.1345706266461543), ('Otud4', 0.3236660299207276), ('Dmtf1', 0.1830554605269855), ('Tra2a', 0.4323650590542561), ('Phf20l1', 0.2067914503402922), ('Map3k2', 0.1063165135532302), ('Kbtbd2', 0.8001747265492257), ('Tmem150c', 0.5279070397874744), ('Sycp2', 0.0002024736673384), ('Lgr4', 0.2196531639175223), ('Dnajb4', 2.0651925819137653), ('Fam110b', 0.4238089242567172), ('Col1a2', 0.1450729093656709), ('Kdm1b', 0.2246133020418141), ('Baz2b', 0.2150659709499652), ('Etv5', 0.0158079577707014), ('Dclk1', 0.2826178528776618), ('Prkacb', 1.166949589400168), ('Auts2', 0.2189075649741094), ('Arl4a', 0.2167502868301901), ('Mtfr1', 0.3811345717646304), ('Aebp2', 0.2268287187167622), ('Plagl1', 0.4608869458889985), ('Arl15', 0.1975386825619907), ('Jarid2', 0.3115738355979132), ('Eea1', 0.704230529403837), ('Spry2', 0.9459247998445706), ('Aff2', 0.1782288128647215), ('Hspa8', 0.1344607873215219), ('Frmd5', 0.0736432335638043), ('Rnf111', 0.2939430740571038), ('Smg7', 0.2219066823484344), ('Igf2bp3', 0.3958350193387999), ('Phactr4', 0.2654066532427871), ('Smndc1', 0.1728171541149153), ('Grb10', 0.1296551487708726), ('Ypel2', 0.1532966405455254), ('Prpf39', 0.1824174049725735), ('Rnf141', 0.1989993132284012), ('Klf6', 1.0), ('Cd47', 0.8366458232860488), ('Slc16a12', 0.148917780824338), ('Slc22a23', 0.0074421489040586), ('Morf4l2', 0.1169000539099502), ('Hsf2', 0.2116431815519185), ('Setd3', 0.2199932342166752), ('Map1b', 0.1143322701910409), ('Uspl1', 0.1649896471034399), ('Atg101', 0.1687287307835596), ('Agfg1', 0.1889974138216955), ('Chst2', 0.1807306719179144), ('Rnf138', 2.864646264473097), ('Echdc1', 0.2226805983440095), ('Maged2', 0.1466683151695994), ('Rab22a', 0.9030567718229132), ('Cpeb4', 0.2190960615273874), ('Arvcf', 0.3607004238462868), ('Ago4', 0.3154001718758132), ('Uhrf2', 0.5162673912345803), ('Wwc2', 0.2306205768747648), ('Ahr', 0.1763105055566529), ('Phip', 0.3790190078471301), ('Kif2a', 0.1839549280248327), ('Sox4', 0.2123382045833789), ('Rcor3', 0.4573899779226003), ('Flnc', 0.435339456199476), ('Nfrkb', 0.4195945026435498), ('Plagl2', 0.2222668748577599), ('Cnot6l', 0.4487455693249476), ('Tnfaip3', 0.1532830445807281), ('Foxp4', 0.1883391178096852), ('Adamtsl4', 0.2025043262473528), ('Usp25', 0.183172754675461), ('Dusp5', 0.9545062669816836), ('Arhgap8', 0.273200000396303), ('Fnip2', 0.2876221234073262), ('Letm2', 0.1306214407360369), ('Ywhag', 0.2283801847464141), ('Ddx6', 1.002770778532001), ('Serpini1', 0.5525934023386251), ('Tcf7l2', 0.2830194593024772), ('Inpp5a', 0.2018607186996139), ('Ttc28', 0.233766525544916), ('Mex3a', 0.1755470350288862), ('Gfpt1', 0.5549528095415518), ('Adamts1', 0.4709298549139507), ('Pik3r3', 0.2217156102298503), ('Dock7', 0.1991785161490226), ('Rab39', 1.5197143080429206e-11), ('Fam53c', 1.1308767894754006), ('Nuak1', 0.1814510432922568), ('Socs3', 0.6756174226091501), ('Trio', 0.2228673425629626), ('Plxna4', 0.0997493868054956), ('Mroh1', 0.247934033310232), ('Zfp131', 0.445409392187379), ('Atxn7l3b', 0.935979519316491), ('Aph1b', 0.1266763818256368), ('Atl1', 0.414225764864822), ('Srrm1', 0.4248483754332757), ('Maf', 0.1446918727800883), ('Ifrd1', 0.5750879595771683), ('Klf4', 1.6565983025104691), ('Mapk9', 0.2461570256265425), ('Cast', 0.1350017295363926), ('Tsc22d1', 0.7757490843407118), ('Ist1', 0.2629941346051958), ('Btg1', 1.0733729507969991), ('Sec22a', 0.5351291552464066), ('Hhip', 0.1596310837003497), ('Senp6', 0.1729000228984319), ('Rbms3', 0.6210283727659937), ('Phf24', 0.2483629615616965), ('Nsun7', 0.5038830385684073), ('Slc6a9', 0.1793722965657249), ('Armcx1', 0.3253543630112814), ('2210408F21Rik', 0.7251168865256368), ('Stx16', 0.2454685376959051), ('Egfr', 0.2946803819388982), ('Samd5', 0.6587143363853722), ('Ubap2', 0.1306406050191313), ('Enah', 0.2700419527967668), ('Usp1', 0.1996456277764952), ('Wdr81', 0.3846903940170496), ('Nedd4', 0.1274273735361076), ('Tead3', 0.536053089784782), ('Elavl1', 0.2960143826011621), ('Prrx1', 1.1057884842847518), ('Mib1', 0.1744738637331085), ('Flt1', 0.1985396484930095), ('Tox3', 0.0759730069373975), ('Psd4', 0.4470756995427697), ('Tmem151b', 0.6321110651646112), ('Tdrd3', 0.1131750579855327), ('Pak4', 0.2091015936097205), ('Magi3', 0.3003890517077611), ('Pard3', 0.1957391209808268), ('Zfp322a', 0.1855886934850107), ('Ahrr', 0.730013668666837), ('Klf13', 0.1543910937952985), ('Ppp1r14c', 0.0813987997252945), ('Dlc1', 1.0764403329680818), ('Smad7', 0.8358270060291398), ('Kdm5a', 0.1850297064535025), ('Prkcd', 0.1936108777485972), ('9930021J03Rik', 0.3395893938781959), ('Tbx18', 0.2705691900128792), ('Rtn1', 0.4271610483793365), ('Dnaja1', 0.7922260775125658), ('Ahctf1', 0.3191901397470449), ('Etv6', 0.2021328912318151), ('Dedd', 0.429711008256142), ('Gnai3', 0.2877866975884665), ('Fos', 0.4517325178649781), ('Gpr3', 1.855281362849644e-08), ('Brwd3', 0.6299386713611198), ('Ect2', 0.4996779525208014), ('Mpp2', 0.2198281548249635), ('Pdia3', 0.208964778897176), ('Hdac7', 0.235969517933049), ('Ubb', 0.0704731158312968), ('Mtmr2', 0.0192381344062868), ('Zic5', 7.740052711159843e-09), ('D6Ertd527e', 0.365517701198645), ('Heca', 0.214552274819298), ('Mppe1', 0.6089380702823153), ('Pabpc5', 0.2462963956341776), ('Atp2a1', 0.3891088128599987), ('Fbrs', 0.2929422102980405), ('Chn1', 0.0143177605873925), ('Pou2f2', 0.3740634333850345), ('Kbtbd8', 3.7454445583000674e-11), ('Litaf', 0.1478872532377464), ('Tle3', 0.1905708969506712), ('Midn', 0.1945533120604723), ('Dusp8', 0.7948611587641513), ('Atxn2l', 0.2271998020369174), ('Gjb6', 0.0325322133223586), ('Rab1a', 0.145899275776065), ('Nt5c2', 0.237260975091686), ('Sh3pxd2a', 0.6379589878002522), ('Fam120a', 0.370399916716339), ('Lbr', 0.2473985781987879), ('Chek1', 0.27107778947487), ('Mex3d', 0.1805981506814422), ('Asxl1', 0.1423676801009742), ('Nemf', 0.0395819911535812), ('Hnrnpa0', 0.1525563283652609), ('She', 0.3722752942185671), ('Reep6', 0.412052159283282), ('Galnt6', 0.0383935893009319), ('Csnk1g3', 0.387832325112536), ('Mat2a', 0.4372791393637729), ('Nfix', 0.0942131613084432), ('Tnip1', 0.1844136988877474), ('Ppp1r2', 0.2533966536939084), ('Sirt5', 0.1404821738466634), ('Scara3', 0.1926918804401887), ('Ankrd49', 0.020090310730562), ('Camk2n2', 0.1482835483378178), ('Nabp1', 0.4569678693263909), ('Pds5a', 0.308277162700304), ('Stmn3', 0.2494886762535434), ('Gpr157', 0.7291600794601384), ('Efnb1', 0.4847962687523509), ('Tob2', 0.1416194729763653), ('Penk', 0.1171987339225864), ('Atg10', 0.2980396381686319), ('Hif3a', 0.4739494692826722), ('Zfp110', 0.1505101032493574), ('Zfp9', 0.2148764175643905), ('Smim15', 0.1281128385773433), ('Hs3st1', 0.2070955161232222), ('Gdf15', 0.2006428600214911), ('Ubc', 0.1894427044843509), ('1700066M21Rik', 0.2385903445380855), ('Rab8b', 0.9123723558442012), ('2010300C02Rik', 0.5955025483855095), ('Igsf3', 0.3271112496103228), ('Hes1', 0.8079861045816585), ('Evl', 0.231591463124733), ('Gclm', 0.3553065743633033)]",4421
Klf9,transfac_pro__M07461,0.06016320589096452,3.3691772207100086,0.0,0.967213,gene is orthologous to ENSG00000119138 in H. sapiens (identity = 96%) which is directly annotated for motif,"frozenset({'top50perTarget', 'activating', 'mm10_10kbp_up_10kbp_down_full_tx_v10_clust.genes_vs_motifs.rankings'})","[('Mbd5', 1.0980488625725564), ('Tsnax', 0.206164346368787), ('Nr3c1', 1.5774520956262672), ('Atxn2', 0.777180850345201), ('Zfp384', 0.2059407413879039), ('Fam168a', 0.3400673131147404), ('Tbl1x', 1.2474446558833043), ('Rsf1', 0.7858518868380266), ('Mbnl3', 0.2912912102228372), ('Xiap', 0.6529301635632565), ('Plrg1', 0.224431054592165), ('Mpp5', 0.208174969523346), ('Rora', 0.2088835321378205), ('Ino80d', 1.0688614989857916), ('Hspa8', 0.1308887037811147), ('Aff4', 0.1651042981485941), ('Setmar', 3.614504890511584e-10), ('Mbtd1', 0.1628780757427315), ('Dleu2', 0.7799102120319221), ('Numb', 0.492505151023926), ('Ssbp2', 0.2700273698939249), ('Elf2', 0.8798674344144617), ('Fst', 0.069330066483267), ('Klhl24', 0.6587489260560153), ('Azin1', 0.2475821659667159), ('Pcbp2', 0.1298995191577092), ('Ppp3ca', 0.5109104283548658), ('Auts2', 0.0965875297691331), ('C030037D09Rik', 0.4145697834263628), ('Gal', 0.9476689017100826), ('Foxp1', 0.9697505192502036), ('Tiparp', 1.3218221343355874), ('Chd4', 1.5922719120619062), ('Plxdc2', 0.2949379476004746), ('Tet2', 0.4954758689977967), ('Ldb1', 0.1492430109795927), ('Ankrd17', 0.3371173084020654), ('Ehbp1', 0.4001985353508639), ('Sgce', 0.5494139005844315), ('Rc3h1', 1.0549806841995994), ('Larp4', 0.2259881934858094), ('Trps1', 0.1459815446123002), ('Rbm44', 0.1030099453003344), ('Xpr1', 0.1161757994821894), ('Ccni', 0.2339125993682108), ('Hipk3', 0.3579794642762582), ('Zfhx4', 0.1342411458713933), ('Ube2h', 0.4968143352746147), ('Mecom', 0.2048577183260994), ('Brpf3', 1.013858036061992), ('Zfp652os', 0.2168178245568879), ('Bcorl1', 0.2134687030895042), ('Zhx1', 0.2838330648767524), ('Xkr6', 0.3656157867845224), ('2810442N19Rik', 0.372864399467224), ('Spred1', 0.8967820281301757), ('Mef2c', 0.312973850905603), ('Epb41l2', 0.6106655957769818), ('Nfat5', 0.6714898129966245), ('Elavl2', 0.6359389448941571), ('Stat3', 0.4592653560270354), ('Nmt2', 0.2192098243115139), ('Rgs17', 0.1138425349874075), ('Nrep', 0.4958226946579813), ('Klf6', 0.7020283469755144), ('L1cam', 0.0843205916009025), ('Chd3', 0.2838973311805413), ('Ubtd2', 0.1878222464572194), ('Gli3', 0.4441097271515232), ('Csf2ra', 0.1757145430211311), ('Zfand5', 0.9084393153230153), ('Wac', 0.4361621001044623), ('Smg7', 0.3149299612073036), ('Setbp1', 0.2738197539637524), ('Bmpr1a', 1.1181002109398837), ('Pura', 0.2443029452597971), ('Rhof', 0.6174323845316446), ('Socs6', 0.2284949834598895), ('Med13', 0.8274664377886857), ('Baz2a', 0.3454674639256263), ('Hnrnpl', 0.1842337209676516), ('Prnp', 0.1022665765355641), ('Zbtb2', 2.22334545895243), ('Slitrk1', 0.2755559326558421), ('Ppp3r1', 0.0870500007713359), ('Zfp36l1', 1.1505282641808563), ('Bmp4', 0.22887591489607), ('Sertad2', 0.5072249434081431), ('Tcf4', 1.0111428835924483), ('A730020E08Rik', 0.2158024849938571), ('Foxj3', 0.198199773521116), ('Ppm1l', 0.001430243324599), ('Erf', 2.347328044599624), ('Zhx3', 0.1991280878235096), ('Bptf', 0.6965148232932755), ('Arid5b', 0.4128431056901878), ('Bnc2', 0.8969277901231276), ('Sesn3', 0.1963541968602496), ('Eef1a1', 0.0605658259664485), ('Maml3', 0.4922952676984793), ('Tbc1d5', 0.2082128523861881), ('Eml4', 0.1751208001432903), ('Map3k1', 0.2278136539083052), ('Sobp', 0.2120263532879633), ('Nfib', 0.060370758022239), ('Cnot4', 1.2897929973290232), ('Dyrk2', 0.1480390375311198), ('Megf10', 1.9566804630887489), ('Slc17a8', 0.128965220043456), ('Vezf1', 3.7095223500825663), ('Igf2bp3', 0.4170728563537677), ('Kdm6b', 1.5439735246318134), ('Nfe2l2', 1.4070714809126508), ('Gli2', 0.2802484997899784), ('Man1a', 0.4892346995158838), ('Wdr26', 0.1806331235620039), ('Msl1', 0.4562900359162491), ('Phf13', 1.174262888677038), ('Stk17b', 0.2098758703295266), ('Dek', 0.8430234246848702), ('Nufip2', 0.7132298117701118), ('Col1a2', 0.0589216867398982), ('Epha4', 0.1646710816202372), ('Bcor', 0.958889054936797), ('Slc44a1', 0.3879360986415981), ('Wasl', 1.4603213590703223), ('Tra2b', 0.4843748191874204), ('Arid1b', 0.7343195785415351), ('Lrrk2', 0.0771023904897133), ('Fgfr1', 0.798768393910034), ('Ergic2', 0.1336910309370277), ('Zfp207', 1.6629910636839464), ('Nox4', 1.0529003556736545), ('Jarid2', 0.9748105358143322), ('Tmem168', 0.235784202060275), ('Tnfsf12', 0.4177051498314007), ('Runx1t1', 0.1843044172481323), ('Jmjd1c', 2.825274134266041), ('Lnpep', 0.1959463128560544), ('Nab1', 0.917074547533094), ('Snx24', 0.0651555476266986), ('Tomm20', 0.0780295452260665), ('Rbpj', 1.565919204055579), ('Mmp17', 0.2688902580858319), ('Elavl3', 0.6536578518813873), ('Adamts1', 0.0923892468343055), ('Slain1', 2.3801984517899722e-12), ('Appl2', 0.8252203383270931), ('Fnip1', 0.8043404697455252), ('Suz12', 0.1741262895566996), ('Sgk1', 0.2729771931922501), ('Ankrd28', 0.1990551143233862), ('Skil', 1.552654782239787), ('Ddx3x', 2.0481656491905813), ('Arid5a', 0.1503781716386321), ('Chrna1', 0.2213542658311622), ('Neo1', 0.6866280796758583), ('Npepps', 0.3688966517606825), ('Msr1', 0.229424015604485), ('Dse', 0.396673817785788), ('Ovol2', 2.0229266215649917e-07), ('Klf4', 1.2026947386325428), ('Zfp516', 0.4474697675624661), ('Med13l', 0.1639808431724655), ('Pip5k1b', 0.4723768479005627), ('Ggt6', 5.0899412322240256e-05), ('Bcl2l13', 0.2580728187891745), ('Mkln1', 0.4569662312791198), ('Elf1', 1.130077449083694), ('Ctdsp2', 1.783796792616029), ('Kat6a', 0.2509065074024731), ('Lrp1', 0.4221534819074586), ('Hgf', 0.2520754430682911), ('Tgfb2', 2.328842708519427), ('Smad7', 0.7422279026210925), ('Ric1', 0.1785834424525033), ('Btbd7', 0.2128516766889687), ('Fosl2', 1.3582522596238762), ('Sntb2', 1.7251406297142724), ('Irs2', 0.3949822975485945), ('Pcdh19', 0.314658204690572), ('Tshz3', 0.9286497038214844), ('Mier3', 0.233719404335477), ('Nfkbiz', 0.1410333564173561), ('4931414P19Rik', 0.0372364383039383), ('Tmem170b', 0.248983448152187), ('Fabp7', 0.8626391775583111), ('Gnao1', 0.1278319612733663), ('Camk2d', 1.4614595000361996), ('Eno4', 0.4531376202259616), ('Prrc2c', 0.2222274513255529), ('Tor1aip1', 0.1645156844618358), ('Sephs1', 1.0338492304420166), ('Srsf10', 0.5826195337469657), ('Plekha2', 0.1957466256507895), ('Plscr2', 0.1311933371337945), ('Akap11', 0.2173959956269867), ('Zfp1', 0.1627668193664314), ('Epha7', 0.310410614190439), ('Kank3', 0.498640984514217), ('Enc1', 1.5099170095670584), ('Pcdh9', 0.3189643223511513), ('Syp', 0.1553219635483127), ('Pik3r6', 0.7584972027704492), ('Itm2a', 0.0517355919030579), ('Cox10', 0.2835382771336177), ('Col2a1', 0.3546321439841182), ('Rhbdd1', 0.1836916474249543), ('Col4a3bp', 0.3586333248747007), ('Rpl38', 0.1532282765151251), ('Tgif1', 0.5734267987121994), ('Cacnb2', 0.1567208485499115), ('Pter', 0.2891743089689483), ('Tcf7l2', 1.8230371485046155), ('Hectd2', 0.2602225109352257), ('Pbx1', 0.3655539644605182), ('Chic2', 0.415424113604781), ('Dlg2', 0.3092673024661268), ('Nedd4', 0.5345532626649545), ('Zbtb11', 1.0018794559146833), ('Arl4a', 1.3492233382734542), ('Ddit3', 2.1067809565776945), ('Akap13', 0.1594901616770629), ('Ppt2', 0.4006946934078873), ('Fhl3', 0.001776357078306), ('Cd302', 0.1317000759095281), ('Slc41a1', 1.4455690588092236), ('Tgfbr3', 0.3238343030586134), ('Cdkn1a', 0.0719986590002922), ('Eif3h', 0.1522768074720817), ('Snx14', 0.2755872698068309), ('Zbtb7a', 0.9400954280664064), ('Lrrc58', 0.5102955077000145), ('Cux1', 0.3592724466021583), ('Spaca6', 0.1647658264365104), ('Arhgef19', 0.3598643168189759), ('Rest', 0.2336959657966268), ('Dnajb9', 0.3317220217674601), ('Arid1a', 0.529846482875002), ('Skor1', 0.030447344417321), ('Cenpe', 0.3050935013627681), ('Ptpn21', 0.2700401058729769), ('Aco1', 0.168626204209568), ('Hoxc11', 0.9190570610746788), ('Mrpl39', 0.4244823226307397), ('Eif4b', 0.4807562615444989), ('R3hdm2', 0.950104565799788), ('Sdc4', 0.1603809159768748), ('Csrnp1', 0.735525363144977), ('Gda', 0.2889487183636678), ('Ncald', 0.8193681695662914), ('Rusc2', 1.380431188750327), ('Heca', 0.1804855275770871), ('Senp2', 0.1875754582686717), ('Eif4ebp3', 0.2383906780255926), ('Hdx', 0.2235767903873153), ('Ptpn1', 0.2161640624844312), ('H1f0', 0.457803052935995), ('Arid4a', 0.1794509533613201), ('Tcp11l2', 0.4686740504374312), ('Tnrc6c', 0.8051992517035266), ('Pde6d', 0.1556501941426238), ('Qk', 0.5915434985539142), ('Esyt1', 0.2492865940260459), ('Pdgfra', 1.3726755009249858), ('Ptx3', 0.5737234729899064), ('Nfia', 0.581360749119397), ('Arhgap15os', 0.8082042298849571), ('Zfp979', 0.2869572393194512), ('Zfp503', 0.2316399192070478), ('Pxn', 0.4692452326103493), ('Dnajb4', 2.7303642828045014), ('Dnajc3', 0.1583945044976221), ('Atp8b1', 0.2124252404867851), ('Ppp1r9b', 0.4863383725070979), ('Myrf', 0.4850878796476628), ('Fbxo30', 0.3762398754897365), ('Ets2', 1.876662286865461), ('Dnmt3a', 0.2004816234762589), ('Ifit2', 0.1923213865960332), ('Lmnb2', 0.0585815792113695), ('Dcun1d3', 0.5289964637238601), ('Arfgef3', 6.582960854238981e-10), ('Atp6v1a', 0.6723229481068509), ('Nr4a2', 0.312649299607061), ('Tmem200a', 0.0759309797349774), ('Lysmd3', 1.727931068307541), ('Twist1', 0.0997845367982828), ('Pde4b', 0.2812933772394886), ('Trim13', 0.323027621526696), ('Lrig3', 0.1943214410561972), ('Yy1', 0.5640035941136883), ('Mylip', 0.6489173003044706), ('Ep300', 0.411869966091799), ('Meis1', 0.3444863535100552), ('Sppl3', 0.5408950875937809), ('Tbc1d9', 0.2723295360772914), ('Fam171b', 0.739212792718367), ('Myc', 0.9732412467380138), ('B3gnt2', 0.1953990772758249), ('Gabre', 2.130739239941431), ('Bbx', 0.258314413112485), ('Ryr1', 1.874902643452236), ('Mlxip', 0.1526774194183724), ('Lmtk2', 0.2765654231194166), ('Gm15446', 0.301907694312409), ('Ipo9', 0.2673292229706597), ('Nrp2', 0.160091474533336), ('Tjp1', 0.1743364438868117), ('Plppr2', 0.2398165251088683), ('Cep85l', 0.3822832088441574), ('Wsb1', 1.7448570816398985), ('Nrcam', 0.2532071716768858), ('Mamld1', 0.4324274986804234), ('Sptbn1', 0.1427710604576817), ('Taf2', 0.1667182657994909), ('Coq10b', 0.2074106047938005), ('Rbms2', 0.3351690520949398), ('Fam110b', 0.2300394178859956), ('Ablim1', 0.1456434294710197), ('1810041H14Rik', 0.4529587696607631), ('Mettl7a1', 0.4730553447228522), ('Greb1l', 0.1096421171694715), ('Tpt1', 0.4550579468130779), ('Pi15', 0.5579503293377984), ('Apol7d', 0.1584762873501996), ('Peli1', 0.4437789942351914), ('Sox6', 0.2405674630540686), ('Nr4a1', 0.8161195748682274), ('Ubac2', 0.1443476008676744), ('Tmem126b', 0.3297554537859494), ('Cxcl2', 0.0773443203794224), ('Rnf146', 0.2554433007492782), ('Tgfbr1', 0.2771574304749241), ('Ubald2', 0.6466471582514901), ('Cdh4', 0.4031176558886901), ('Pdha1', 0.1812269547831768), ('Mir22hg', 1.5912694645742935), ('Nsd3', 0.4673638732495242), ('Prmt3', 0.2658129043437455), ('Lrp3', 0.1507642684494005), ('Lpar1', 0.631803143190609), ('Chd1', 1.1623504868055794), ('Acvrl1', 0.140890679496066), ('Mex3a', 0.2053335448791364), ('Tnks', 0.1479113778193587), ('Bach1', 0.8774096368081412), ('Vasn', 1.1022117790227624), ('Gadd45b', 0.1415975235554608), ('Cry2', 0.5587545703156078), ('Cxcl1', 0.474602716078646), ('Gdf10', 0.060104192516498), ('Cul2', 3.078713882498713), ('B4galt5', 0.3401840032015984), ('Atf3', 0.3118449719208596), ('Ap4s1', 0.2712096959353396), ('Map3k8', 0.5569098481173571), ('Nid1', 0.0504686470258602), ('Mycbp2', 0.15315661409523), ('Adamts2', 0.7438030737632653), ('Zranb1', 0.7257049848947771), ('Man2a1', 0.6228817199260661), ('Tex30', 0.1350513697856071), ('Slc5a3', 0.2140470846084603), ('Plau', 0.9240098422188848), ('Gls', 0.4397789165082494), ('Scarletltr', 0.7232852652512778), ('Dnaja1', 0.5071982498873506), ('Kbtbd7', 0.1708581066782451), ('Spats2', 0.344821500836192), ('Btg1', 1.3283421353606388), ('Icam1', 0.1816570846032366), ('Gclc', 0.4349959656905253), ('Rfx1', 0.002380996358498), ('Mfap3l', 0.2961709354434695), ('Gm11627', 0.041956674591254), ('Srp54a', 0.5457040349831083), ('Atrnl1', 0.1574349706484884), ('Suclg2', 0.1920770176777685), ('Htr1f', 0.7918916991354027), ('Depdc5', 1.6947436049464968), ('Slc52a3', 0.1584545345940171), ('Prkar1b', 0.366470763170489), ('Zmiz1', 0.5678713790667064), ('Rsrc1', 0.2902399634217954), ('Birc3', 0.2046641372397935), ('Zcchc24', 1.8815312705249985), ('Herpud1', 0.366022433666924), ('Zfp459', 0.9309286265428686), ('Lbp', 0.0709165028410741), ('Nalcn', 0.9382528941993497), ('Larp6', 0.3442861226323863), ('Szt2', 0.1630565099294773), ('Fas', 0.2152938202750804), ('Gramd3', 0.2185062047882344), ('Hipk4', 0.2575751150085402), ('Zfp131', 0.1847587024962195), ('Kctd12', 0.2124901059031398), ('Ski', 0.5108040943139772), ('Efna1', 0.0015568667951107), ('1810020O05Rik', 6.752929940435184e-05), ('Tra2a', 0.2825102813628246), ('Ndel1', 0.1847975282772796), ('Kctd15', 0.246451784822531), ('Cdkn1b', 0.3618711289232024), ('Ubl3', 0.8957738794527017), ('Midn', 0.6473398738030469), ('Nol4l', 0.2494243481834216), ('Ranbp17', 0.0896001136516568), ('Bpifb1', 0.1726359104413692), ('1190007I07Rik', 0.3351583308352863), ('Pigt', 0.3247129263828716), ('Fgf12', 0.4479112793228653), ('Zbtb26', 0.3977120076534477), ('Bmpr2', 0.3486616211928744), ('Fbxo47', 3.744735210126262e-06), ('Ier5', 0.8219345031434573), ('Ndrg2', 0.2216692874809193), ('Dnajc18', 0.1639974935304846), ('Nisch', 0.9648125086287072), ('Noct', 0.3286864731909326), ('Pbrm1', 0.1735204350702131), ('Islr', 0.1696680899588107), ('Reep3', 0.1336594105848553), ('Tsc22d2', 0.8699657691262371), ('Id3', 0.1474786993158057), ('Folr1', 0.1891592557307745), ('Mcl1', 2.554821469750259), ('Utp6', 0.1676065376871116), ('Bbs12', 0.0732742184443851), ('Ankrd12', 0.1769569547333078), ('Robo2', 0.7624981654686048), ('Khnyn', 0.2689845093344948), ('Tmem19', 0.0053536611676444), ('Fap', 0.1848256500344936), ('Pim3', 0.4605054896966359), ('Abcc1', 0.1654893050574013), ('Tsc22d4', 0.2199342249280295), ('Rgmb', 0.8024996307826975), ('Fkbp4', 0.1582830418654997), ('Stx3', 0.15786131718143), ('Fmnl2', 1.1579402814587174), ('Asah2', 0.5267920925610178), ('Ptger4', 0.1944485011234143), ('Eif3j2', 0.3376143668372388), ('Zfp329', 0.2000203965939568), ('Zfp932', 1.433476992042091), ('Zbtb4', 0.2173974158206219), ('Gm16157', 0.1128339981701506), ('Lipe', 0.0487544819902215), ('Nudt9', 0.1798246789230893)]",4495
Lhx6,taipale_cyt_meth__LHX6_MTCGTTAN_FL_meth,0.06636869851285578,3.237621229399269,0.0,0.979592,gene is orthologous to ENSG00000106852 in H. sapiens (identity = 97%) which is directly annotated for motif,"frozenset({'top50perTarget', 'activating', 'mm10_10kbp_up_10kbp_down_full_tx_v10_clust.genes_vs_motifs.rankings'})","[('Mob2', 0.1804320687619998), ('Ccdc115', 0.191053034541714), ('Scarb1', 0.1046881781844404), ('Mmab', 0.5771094296406697), ('Gak', 0.1597890441406256), ('Rabggta', 1.1274210933600677), ('Tyw1', 0.3796026602699901), ('Nckipsd', 0.1768647796138359), ('Dhrs13', 0.2136519583907916), ('Adamts9', 0.4340905516007602), ('Cyyr1', 2.037618998748098), ('Zfp53', 0.2062551064449146), ('Glcci1', 2.5268386416254067), ('Fam53b', 0.1676988165783494), ('Vwf', 1.5884850237290151), ('Sh3bgrl2', 0.0707274799567199), ('Spns2', 0.6607084001504065)]",1294
Max,taipale_tf_pairs__ERF_MAX_RSCGGAANCACGTGN_CAP_repr,0.046078737226956525,3.454921859510781,0.0,0.99375,gene is orthologous to ENSG00000125952 in H. sapiens (identity = 99%) which is directly annotated for motif,"frozenset({'top50perTarget', 'activating', 'mm10_10kbp_up_10kbp_down_full_tx_v10_clust.genes_vs_motifs.rankings'})","[('Lekr1', 0.77428598038035), ('Usp37', 0.1800355268003565), ('Bcat1', 0.2387285320435038), ('Ank2', 1.6471341789435334), ('Firre', 0.1326602546162184), ('Cds1', 0.7329643415168996), ('Stac2', 0.2544704014858742), ('Ttc9', 0.1522322332848761), ('Grm7', 0.519607202797629), ('Tmem56', 0.2906864574797035), ('Galnt11', 0.6959578470587411), ('Tiam2', 0.249888757453825), ('Abca9', 0.235225581802378), ('Prdm10', 0.1726667795613247), ('Golga5', 0.3787281207303914), ('Ugt1a6a', 0.1989702700958844), ('Nadk', 0.2807799800307467), ('Map9', 0.1533567651604691), ('Atp23', 0.1696507298894592), ('Lfng', 0.2860448565141779), ('Nbeal2', 0.5866317906074381), ('Taf12', 0.2175500110591814), ('Fyb', 0.0055093799230662), ('Sec11a', 0.1457264161042654), ('Slc2a12', 0.5022922454963291), ('Tes', 0.3294175440789776), ('Max', 1.0), ('Piezo1', 0.1862944987336278), ('Tinf2', 0.3055453131673413), ('Ttc19', 0.1917349801637781), ('Pitpnb', 0.1898428916708112), ('St5', 0.2008649895090681), ('Chrnb2', 1.9532558592862777), ('Col18a1', 0.2000034265134824), ('Lsm14b', 0.3810039567835833), ('Ccdc39', 0.1399061442903937), ('Ttf2', 0.1883507486775971), ('Cytip', 0.4100619731731109), ('Kantr', 0.1895322899402988), ('Enpp2', 0.1657357891499991), ('Osbpl6', 0.200603943739907), ('Slc35g1', 1.3378288660129256), ('Snx14', 0.3227931731784982), ('Fbxl7', 0.8781037361639423), ('Armc8', 0.2256772103962786), ('Cndp1', 0.1562896465132925), ('Coro7', 0.2088098908704411), ('Radil', 1.4760244623637468), ('Chmp2b', 0.164750983436369), ('Uhrf1bp1', 0.647661394765901), ('Prox1', 1.1999219019202765), ('Gpr176', 0.1368716889223719), ('Snap47', 0.1644306943632854), ('Ctdsp1', 0.0573696498269433), ('Rfx3', 0.2003812854051901), ('Tmem255b', 0.2943901375365003), ('Id2', 0.3042126488245878), ('Srpk2', 0.4427378287378506), ('Zbtb12', 0.3634893301696962), ('E130309D02Rik', 0.3954989735078222), ('Rps6kb2', 0.6123170478460918), ('P2ry13', 0.0582117684200186), ('Nampt', 0.1831739639385715)]",1423
Max,taipale_tf_pairs__FLI1_MAX_RSCGGAANCACGTGN_CAP,0.04521534242976537,3.293383326682823,0.0,0.99375,gene is orthologous to ENSG00000125952 in H. sapiens (identity = 99%) which is directly annotated for motif,"frozenset({'top50perTarget', 'activating', 'mm10_10kbp_up_10kbp_down_full_tx_v10_clust.genes_vs_motifs.rankings'})","[('Traf5', 5.8494068447799165e-05), ('Ropn1l', 0.3469575776784303), ('9330158H04Rik', 0.3386493617963612), ('Haus4', 0.3099122196802013), ('Cacna1c', 0.070403964872911), ('Lsm14b', 0.3810039567835833), ('Pgm1', 0.2377774648841499), ('Lrrc8b', 0.2264160250703447), ('C030034L19Rik', 0.3394129467775117), ('Serpinc1', 0.8195971651865467), ('Zfp346', 0.2398603210743701), ('Snx14', 0.3227931731784982), ('Adamts12', 0.9283076102570612), ('Col16a1', 0.0997888117563619), ('Kank2', 0.1173005356096935), ('Cfap97', 1.5187084977761611), ('Tmem38b', 0.7386277848814687), ('Sec11a', 0.1457264161042654), ('Gm1141', 0.1577789402494874), ('Vsir', 0.4974095079411613), ('Xaf1', 0.2811557784093974), ('Col6a6', 0.3014736522810056), ('Rab35', 0.1761603654919159), ('Wipi2', 0.2654400877782095), ('Fryl', 0.1858233144686956), ('Srrd', 0.4159556388135817), ('Gm17745', 0.348638603287653), ('Firre', 0.1326602546162184), ('Ptges', 0.185264963858211), ('Mocos', 0.2032576177324888), ('Trub2', 0.5363149501303988), ('Coq4', 0.7898149689088575), ('Stim2', 0.2530474621299927), ('Iglon5', 0.1869805858958468), ('Grpel2', 0.1965190427529106), ('Prdm2', 0.1469046170696364), ('Lekr1', 0.77428598038035), ('Slc25a14', 0.7224375861703322), ('Arhgap6', 0.9247322167544014), ('Wipf2', 0.2594782344732424), ('Cndp1', 0.1562896465132925), ('Ccnl2', 0.1511389256463723), ('Camsap1', 0.4698963261764597), ('P2ry2', 0.0409892903154714), ('Ube4a', 0.3411833590422596), ('Pold2', 0.1513253342338028), ('Pcdhb12', 0.4056859542526242), ('Ydjc', 1.1146531375373068), ('Hint3', 0.24486884022794)]",1066
Max,taipale_tf_pairs__TFAP2C_MAX_TNSCCNNNGGSNNNNCACGTGN_CAP_repr,0.047742585203794013,3.76622274052314,0.0,0.99375,gene is orthologous to ENSG00000125952 in H. sapiens (identity = 99%) which is directly annotated for motif,"frozenset({'top50perTarget', 'activating', 'mm10_10kbp_up_10kbp_down_full_tx_v10_clust.genes_vs_motifs.rankings'})","[('Rnase10', 0.4636297184259766), ('Zfp446', 0.5288963810723286), ('Etfa', 0.3719070485448998), ('Tmpo', 0.5530813609719327), ('B430306N03Rik', 0.6939088528610341), ('Pla2g7', 0.3087642683715287), ('Rab4b', 0.0986130323980391), ('Pcnp', 0.1762466070705503), ('Wdr45b', 0.6176249555565014), ('Ppp2r1b', 0.191664227284645), ('Cd2ap', 1.1732813028990026), ('4932438A13Rik', 0.1815610715368377), ('Dcun1d4', 0.3325687824187342), ('Dek', 0.2955925725289491), ('Prdm2', 0.1469046170696364), ('Fmnl2', 0.2041030700032868), ('Cystm1', 0.3711621275792733), ('Pign', 0.3732872834908947), ('Igip', 0.1431284549164364), ('Pxdn', 0.1576638826945269), ('Tns3', 0.92291016013012), ('Alx3', 0.486631655572547), ('Cacna1c', 0.070403964872911), ('Lactb', 0.2118234460307175), ('Haus2', 0.7154193864400752), ('Lrch4', 0.1588543161714291), ('Rfc4', 0.1745098479154048), ('Srpk2', 0.4427378287378506), ('Chrnb2', 1.9532558592862777), ('Alg12', 1.4873944681278106), ('Thap1', 0.6467759512990358), ('Zc3h6', 2.495389143843519), ('Lpcat3', 0.1949349643989945), ('Duoxa1', 0.1660765852855093), ('Sema5a', 0.1775212043115157), ('Poln', 0.2477333413606754), ('Chmp2b', 0.164750983436369), ('Tab1', 0.1168449533061058), ('Ssc4d', 0.3047144504584433), ('Tmem255b', 0.2943901375365003), ('Atxn2l', 0.2086350456628989), ('Zc3h13', 0.1889784745079284), ('Ank2', 1.6471341789435334), ('Dnajc16', 0.0718960929174919), ('Tfap4', 0.3218979813953748), ('P2ry13', 0.0582117684200186), ('Synpo2', 0.1013554247892923)]",1063
Mxd4,tfdimers__MD00556,0.046210371303654886,3.0583850223139364,0.0,0.913876,gene is orthologous to ENSG00000123933 in H. sapiens (identity = 91%) which is directly annotated for motif,"frozenset({'top50perTarget', 'activating', 'mm10_10kbp_up_10kbp_down_full_tx_v10_clust.genes_vs_motifs.rankings'})","[('Cul1', 0.2364969081856141), ('Tab2', 0.5094720298019537), ('Cpsf6', 0.5132728067550771), ('Cnbp', 0.1001423481002571), ('Pafah1b1', 0.1189006568573895), ('Ppm1a', 0.6609843285937003), ('Dsel', 0.2112195828551464), ('Rab5a', 0.1516136130190219), ('Ppp3cb', 0.2829719395731352), ('Rnf146', 0.2747951362788083), ('Nckap1', 0.0810497781762841), ('Map3k2', 0.0291307714846452), ('Fxr1', 0.2810009738683283), ('Ppp2r5e', 1.0420248896915247), ('Phf20l1', 0.2525605344868281), ('Thrap3', 0.5028800569777321), ('Cab39', 0.1186174901241402), ('Nup98', 0.2187505205635616), ('Ube2d2a', 0.4354493148981501), ('Galnt1', 0.0425673421793267), ('Zfr', 0.592447157260772), ('Tbca', 0.0677137356346807), ('Ebag9', 0.6614675306516616), ('Cdkn2c', 0.169351256585326), ('Ube2l3', 0.0976594863852124), ('Ppp2ca', 0.1335914550907258), ('Stau1', 0.4526899105262076), ('Ggnbp2', 0.1714986905007386), ('Ube2g1', 0.231557368557294), ('Ptk2', 0.196903321651462), ('Ralgapb', 0.2974933599307959), ('Cdkn2a', 0.1159236410256121), ('Acsl3', 0.5491533631377625), ('E130308A19Rik', 0.6564660399458259), ('Cox20', 0.2248200676363961), ('Tmem263', 1.4592656783976758), ('Qrich1', 0.3937144257379993), ('Dmxl1', 2.353271987583441), ('Hdlbp', 0.0530879960505937), ('Tfdp2', 0.8352975884778261), ('Pura', 0.7533795154817087), ('Lnpep', 0.1472990019782174), ('Smc6', 0.153058662303799), ('Dzip3', 0.2033773033871677), ('Mettl9', 0.1811811331325654), ('Zfp280d', 0.2178091857897426), ('Bnip2', 0.1283513312230249), ('Rhobtb3', 0.2920237163509267), ('Spata1', 0.9619264756789726), ('Hecw2', 0.8256074977413173), ('Lrrc41', 0.7072264023889923), ('Tpp2', 2.32480882905284), ('Dgcr8', 0.4088699843729097), ('Ei24', 0.9717967398629206), ('Wasf1', 0.1595682178323667), ('Me2', 0.1549153515274875), ('Mib1', 0.9898881593509812), ('Psen1', 0.231091123785016), ('Dync1i2', 0.1399635457497353), ('Ubtd2', 0.1940199487831886), ('Sptan1', 0.197415285974419), ('Golim4', 0.068853679786167), ('4931406C07Rik', 0.3272041096327258), ('Kdm5b', 0.3524991268818219), ('Ankib1', 0.4093071935006641), ('Rab1a', 0.4239360158821616), ('Pdcd10', 0.2525358730262103), ('Ascc3', 0.1756282752468639), ('Sypl', 0.1173571812760062), ('Napepld', 0.3644853861085707), ('Ccni', 0.1853591259671362), ('Birc2', 0.8676522542824845), ('Dis3l2', 0.0327053377236024), ('Serpinb6a', 0.4409201369034662), ('Herc1', 0.216898251815471), ('Dnajb6', 0.1915864880958686), ('Oser1', 0.1592044235857983), ('Ikzf1', 0.1202529344206272), ('Inpp1', 0.5530611098544187), ('Tspan3', 1.480699121404919), ('Gm10125', 0.1508960100214837), ('Reps1', 0.9526818980310254), ('Tmem167', 0.275548367393766), ('Zdhhc1', 0.1298436717675201), ('Fyn', 0.2172616153811344), ('Atad1', 0.2943799948249107), ('Zfp664', 0.0206018431650938), ('Plcg1', 0.2971614765256826), ('Dram2', 0.1956587255905864), ('Strn', 0.1360023636647318), ('Rsrc1', 0.1682144980331237), ('Dag1', 0.9574004584219435), ('Plk4', 0.5766024447608283), ('Chd7', 2.0331591571890137), ('Wasl', 0.186852356113903), ('Smurf2', 0.7949051178105625), ('Mfsd8', 0.6167799635101116), ('Sp3', 0.3255602932706202), ('Nup153', 0.4848016898684616), ('Smo', 0.170875443572309), ('Ep300', 0.1732677218390038), ('Rab10os', 0.219180601636438), ('Ndfip2', 0.2391282575161794), ('Clasp2', 0.1916534729346133), ('Fbxw2', 0.1621213065205431), ('Klhl13', 0.8370410870932524), ('Gabrb3', 0.2844604573275246), ('Ptpn21', 1.214180732159296), ('Yipf5', 0.1990851677722363), ('Adam22', 0.1791859235224118), ('Cds1', 0.6046128252772603), ('Sh3glb1', 0.1526746431063366), ('Atl3', 0.1919715766706223), ('Actr2', 0.1824871971322559), ('Ccdc50', 0.3495218540427837), ('Tulp4', 0.5076043221701884), ('Sar1a', 0.1805031527621974), ('Dcaf8', 1.3721724611050696), ('Ralbp1', 0.4263534378836983), ('Lsm6', 0.1342873306106494), ('Cnot6l', 0.5202140093639077), ('Cdip1', 0.2797522992903284), ('Exoc4', 0.2804060110659852), ('Rfk', 1.7866519388672282), ('B230219D22Rik', 0.607466897732937), ('Sbf2', 0.1860598143379883), ('Cnih1', 0.2036437174326024), ('Efr3a', 0.4279527874264988), ('Naa60', 0.4965623102380809), ('Myh10', 0.2117610673563584), ('Rnf34', 0.2585548779715603), ('Tmem64', 0.1507723148741678), ('Dstn', 0.162424778558951), ('Zc3h15', 0.4406988571702295), ('Pgrmc2', 0.5006950050614443), ('Synpo', 0.9535477698844992), ('Glcci1', 0.1604500690743062), ('Klhl9', 0.9482187507808923), ('Trpc4ap', 0.18888540976029), ('Ahcyl1', 0.36558188996142), ('Pigp', 0.1671957892454686), ('Gorasp2', 0.3643587726394593), ('Mroh1', 0.1689026683253297), ('Tmod3', 0.2543647014703591), ('Ambra1', 0.3104233070533629), ('Atp5g3', 0.2884311594009725), ('Smarce1', 0.1166473034952837), ('Larp1', 0.3705147205968628), ('Maoa', 0.3058103868424501), ('Stk24', 0.3662831173577313), ('Ttc3', 1.9590018802527025), ('Calu', 0.1875883527898781), ('Psmd1', 0.8833720634391153), ('Smap1', 0.492496058369144), ('March2', 0.6588736454929486), ('Gpcpd1', 0.4719739929926235), ('Rnf220', 0.2211787255218266), ('Arf4', 0.0646095305737996), ('Fam3c', 0.5545264482786523), ('Gnb1', 0.1603246904400189), ('Runx2', 0.2180709728993106), ('Mprip', 0.266264183332552), ('Skap2', 0.4036975826542062), ('Peak1', 0.2240503426257527), ('Usp8', 0.2288259960839545), ('Adgrg6', 0.4123515779354099), ('Ube2v2', 0.4238351561661524), ('Rcn2', 0.159628370831799), ('Cask', 0.6422847369539751), ('Snw1', 0.7363769690458819), ('Ripk2', 0.2040698786698961), ('Gatad1', 0.453747037310872), ('Stx7', 0.1722976259170022), ('U2surp', 0.5382727514131466), ('Mdm4', 0.1946309357292664), ('Tsga10', 0.1077597228985345), ('Smarcc1', 0.1974287166271966), ('Rheb', 0.107710842478292), ('Mapkap1', 0.971598152141196), ('Smim10l1', 0.20530885688316), ('Dnajc10', 0.1341313223356086), ('Acbd5', 0.8402481966813208), ('Ccdc186', 0.2438080377336141), ('Casp3', 0.0588250945352717), ('Gpsm2', 0.4087329397181284), ('Arrdc4', 0.3815192131723086), ('Zfp568', 0.1511698330358473), ('Rab18', 0.2811795177440492), ('Exoc2', 0.2214041778516233), ('Paip2b', 0.2820742735418078), ('Hyou1', 0.2606367161948567), ('Frmd4b', 0.1427620061661223), ('Dlg5', 0.6569481232132008), ('Rab34', 0.2899472619140203), ('Map3k7', 0.341780181715195), ('Baiap2l1', 0.0428248970710287), ('Ankef1', 1.2571406102712528), ('Rpn2', 0.1549749059626208), ('Uso1', 0.2396837047724827), ('Lyn', 1.8391245688100384), ('Hook3', 0.5859884024110087), ('Trip11', 0.3078314037034195), ('Paip1', 0.2018869774772116), ('Cryba1', 9.310851307708074e-07), ('Tdrkh', 0.2917931477075794), ('Gclc', 0.1883759417079672), ('Kif13a', 0.180916338509997), ('Aggf1', 0.1851021113066628), ('A230072C01Rik', 0.7136866328287259), ('Mrpl17', 0.1291566993486277), ('Nfatc3', 0.434992314817361), ('Slc8a3', 0.4444440186577837), ('Zfp423', 0.2881389222067372), ('Fbxo41', 0.4939587828437578), ('Serinc1', 0.1832911182739328), ('Spin1', 0.1717549466642779), ('Ccny', 0.1772262124432128), ('Ercc6', 1.0320661552868922), ('Lrrc17', 0.1052284933805842), ('Bcl10', 0.1405463040098411), ('Soat1', 0.531779593817163), ('Arl8b', 1.0781760660415876), ('Mis18bp1', 0.7124633849684133), ('Pros1', 0.2475805601294164), ('Gabra2', 0.0298983597211858), ('Fam20b', 0.1797393763294387), ('Pds5b', 0.5461333911060846), ('Ankrd6', 0.0350000513949466), ('Ammecr1', 0.238816936353707), ('Idh2', 0.549478202280581), ('Lrp11', 0.3884920390570259), ('Zfp422', 0.4088485607105909), ('Rab39', 0.9052017493392268), ('Supt5', 0.3916759171557263), ('Usp15', 0.2406791743447915), ('Atp5g2', 0.0544535096144898), ('Rab23', 0.14150825813102), ('Rap2a', 0.2419990081002594), ('H3f3a', 3.7058966419881833e-06), ('Thap12', 1.0059847711048788), ('Smad1', 1.4542254431524444), ('Grin3a', 0.1914537406790606), ('Lrrc3b', 0.5445422454894451), ('4632428C04Rik', 0.7118027405896866), ('Fkbp8', 0.824305428285787), ('R3hdm2', 0.6883282815275121), ('Osbpl9', 0.2905743076932667), ('Dlc1', 0.1166984235220391), ('4931414P19Rik', 2.3899430863893087), ('Nelfa', 0.5160054991082857), ('Ssr1', 0.7607752380646139), ('Ctnnbip1', 0.285061313656603), ('Brk1', 0.1099821912161871), ('Evi5l', 0.2420771781941902), ('Uri1', 0.4521896142751775), ('Sec14l1', 0.2154987485801626), ('Arnt2', 0.0800232432201592), ('Phtf1', 0.220972384164127), ('Lepr', 0.1694429473050459), ('Zfhx4', 0.1011967727978355), ('Nudt9', 0.2281369433228901), ('Tgfbr2', 0.016024785152176), ('Fyco1', 0.549550526593911), ('Mettl21a', 0.2421322616948985), ('Cdc37l1', 0.3453959949532457), ('Kif3a', 0.8866983673526162), ('Tmem165', 0.2206998703283057), ('Dok2', 0.1665820753471047), ('Myrip', 0.2885115588065547), ('Derl2', 0.1770946060963371), ('Adgb', 0.2246781498528893), ('Psd4', 0.4326642699314295), ('Asxl2', 0.7240966990312923), ('Psmd4', 0.1895557714946357), ('Cs', 0.2548549242610899), ('Sptssa', 0.285291553726464), ('Sertad1', 0.5652686623501143), ('Rbm41', 3.063165453444275e-05), ('Cadps2', 0.665678721902089), ('Aldh7a1', 0.5432987046699945), ('Pde6d', 0.2580015191081688), ('Gne', 0.0001729262361137), ('Tbc1d20', 0.2964932955130788), ('Trafd1', 0.2480366568439758), ('Loxl1', 6.405629632016586e-05), ('Ttl', 0.2203867485934446), ('Itgb5', 0.4318912335171153), ('Tprkb', 0.4357940541638023), ('Gdi2', 0.4991006204938838), ('Pabpn1', 0.1499101815231246), ('Wrnip1', 0.4340020875609475), ('Atg5', 0.7321277268603043), ('Nadk', 0.1760379436075862), ('Srp54a', 0.3403590882669929), ('Gtf2i', 0.2055664473094263), ('Mbtps1', 0.6395400110870876), ('Anxa2', 0.0554460382692252), ('Pkn1', 0.4165039918770959), ('Arpc5', 0.7098901494139218), ('Parp6', 0.3096512611626698), ('Tmcc3', 0.3901443826162909), ('Crbn', 0.1433793140335282), ('Rnf130', 0.1976482083213369), ('Rsph3a', 0.0710077706856553), ('Polg', 1.3891648472212856), ('Tmem116', 0.493584228074966), ('Laptm4b', 0.3111376429299455), ('Ints14', 0.1973785546901603), ('Shroom1', 0.0716828423584518), ('Mapkapk2', 1.5293450150595425), ('Ank2', 0.1919168654166647), ('Stat5b', 0.37588371311576), ('Trim8', 1.2701982409136785), ('Parp2', 0.9405501851427702), ('Bcl7a', 0.8508223036670977), ('B4galt1', 0.1814169251345037), ('Pcmt1', 0.1393659722872333), ('Cep170b', 0.2730997832351534), ('Fam178b', 0.0281902874517302), ('Tcfl5', 0.1466074421403166), ('Arhgap18', 0.1722622714212204), ('Zfp748', 2.335830834969808), ('Dynlt3', 0.1574837277433423), ('Zdhhc13', 0.1884630887912429), ('Otud7b', 0.6823492680356006), ('Fam184a', 0.3574835212690188), ('Eloa', 0.328353501751005), ('Smarca4', 0.5142354330185738), ('Secisbp2l', 0.2232963872971216), ('Kifap3', 0.2487643251271723), ('Hspg2', 0.1276131874451134), ('Mapre2', 0.2356019120464911), ('Pgm2l1', 0.1890437488497724), ('1700048O20Rik', 0.2826610958014687), ('Dock1', 0.2711990800050643), ('Egln1', 0.1091676660938196), ('Cenpf', 0.4024768674625553), ('Kctd9', 0.1298366529288518), ('Lypla1', 0.3116740412553815), ('Fam129a', 0.2603878317658917), ('Papolg', 0.5200757445801889), ('1700034H15Rik', 0.811860984028753), ('Sel1l', 0.2620308978825633), ('Npy5r', 0.7771165936969132), ('Micu2', 0.3644235713326766), ('Actr10', 0.3180282691849015), ('Arhgap24', 0.1829564918767892), ('Anapc5', 0.2579085265331473), ('Psd2', 1.4678105272869055), ('Tmem266', 1.239927549977462e-06), ('Map2k2', 0.0554583185727887), ('Stx16', 0.2120930389258047), ('Iqgap3', 0.3765214552500244), ('2810410L24Rik', 0.5189249951952072), ('Cd164', 0.3044431605368764), ('Rab8a', 1.4334886286928858), ('Rela', 1.9504046421636416), ('Sys1', 0.09821911845213), ('Plin2', 0.5083163685448424), ('Chtop', 0.1380931074536451), ('Ier3ip1', 0.4206361073474402), ('Cct7', 0.0578016475002528), ('Gm20753', 0.6756913587989076), ('Chsy1', 0.282439944901656), ('Slc35e3', 2.645332884429097), ('Msn', 0.0482487944021626), ('Wwtr1', 0.1127316410359256), ('Rabggtb', 0.216180159184856), ('1700019D03Rik', 0.347484599923063), ('Tsn', 0.3278812580262574), ('Ccdc32', 0.1810688317802452), ('Qsox1', 0.1795327625647413), ('Slc39a1', 0.1507009093276658), ('Paxbp1', 0.292725428146899), ('1810041H14Rik', 0.6872664365931249), ('Espl1', 0.7911161874182665), ('Pitpna', 0.1032249161944175), ('Tmf1', 0.5038261435672801), ('Zfp445', 0.1796298184240284), ('Wipi1', 0.4892026742968118), ('Hmgn3', 0.3124535398445193), ('Ywhah', 0.0902350241424671), ('Ephb4', 0.5971030400282517), ('Mdc1', 0.4310689821879152), ('Txndc15', 0.1645220708885762), ('Spidr', 0.0322944208927605), ('Ypel1', 0.3966207769701594), ('Kpna3', 0.2282974884748929), ('Zfp106', 0.9038035460889956), ('Dedd', 0.2792424410386693), ('Scara3', 0.1519323840118485), ('Ybx3', 0.0793312857797114), ('Npas3', 0.3162432152176016), ('Vbp1', 0.2860027480588034), ('Reck', 0.1864918926633397), ('St13', 0.3809011292019395), ('Ift46', 0.3305639490386219), ('Tmem158', 0.2137931381050536), ('Dcaf12l1', 0.4882859980470632), ('Taf3', 0.4790628487037204), ('Arl5a', 0.1705587886016719), ('Angel2', 1.2457102982652315), ('Wls', 0.1083076603958894), ('Ptchd1', 3.9872339055477475e-08), ('Idua', 0.2329872179431397), ('Il7', 0.7692353323119856), ('Mxra8', 0.4468345225006755), ('Ylpm1', 0.2673952750005828), ('Pnrc2', 0.9097425635045796), ('Clip3', 0.4186240644648094), ('Ghitm', 0.1170903876872433), ('Stard5', 0.4806509819797509), ('BC025920', 0.1938785977152374), ('Myl12b', 0.1317163147285149), ('Nucb1', 1.183695824882122), ('Ap3b2', 0.2614470063187863), ('Ykt6', 0.2182886813895667), ('Dsc3', 0.5806968677229065), ('Trim35', 0.3127464970082607), ('Eci2', 0.3324876418569268), ('Akr1a1', 0.0657583977475566), ('Map4k3', 0.1989234372346964), ('Wnt1', 0.2953243339635131), ('Oaz1', 0.0516658395292287), ('Aga', 0.1929057145615212), ('Dstyk', 0.5660891276073853), ('Iars2', 0.2148047003424028)]",4988
Mybl1,taipale__MYBL2_DBD_ACCGTTARRACCGTTA_repr,0.050881417349787246,3.237135176808377,1.1e-05,0.925433,"gene is orthologous to ENSG00000185697 in H. sapiens (identity = 92%) which is annotated for similar motif cisbp__M5646 ('MYBL1[gene ID: ""ENSG00000185697"" species: ""Homo sapiens"" TF status: ""direct"" TF family: ""Myb/SANT"" DBDs: ""Myb_DNA-binding""]'; q-value = 1.12e-05)","frozenset({'top50perTarget', 'activating', 'mm10_10kbp_up_10kbp_down_full_tx_v10_clust.genes_vs_motifs.rankings'})","[('Optn', 0.1633087465208183), ('Rrp36', 1.5461921547765074), ('Rad17', 1.6977624187192455), ('Sap18b', 0.3350531056854901), ('Tbc1d1', 0.3406991125024188), ('Wdr36', 0.2093953984403993), ('Zbtb45', 0.9614850277679268), ('Gcfc2', 0.3425939603655806), ('Hhipl2', 0.5818310845912364), ('Pacsin2', 0.1645914071872412), ('Sox6', 0.0621086432992007), ('Xrcc5', 0.3339805998201584), ('Pcbp3', 0.5689849041213937), ('Prdm10', 0.5434384196382279), ('Slc4a8', 0.1151205510734278), ('Kat6a', 0.3120976888740746), ('Wdsub1', 0.1877178235326338), ('Map2k4', 0.2044324085330454), ('Fyb', 0.2321752701224549), ('Pcdhgb6', 0.6262691685099313), ('Plpp3', 0.133632569274444), ('Tmem144', 3.0458551987760907), ('Slc22a4', 0.1241966471090237), ('Atad5', 0.2257337194516099), ('Lhx2', 0.1465397772019238), ('Pigo', 0.4613517569575299), ('Xkr4', 0.1883661292661379), ('Hs3st3a1', 0.0166391908605078), ('Sim1', 1.2295231179293986), ('Mtfr1', 0.918867817205676), ('Brip1', 0.5350812566395962), ('Igfbp2', 0.101629709243232), ('Ptcd2', 0.2341078915672219), ('Prps1l3', 0.2987722003730226), ('Hykk', 0.1271434323224658), ('Nhej1', 0.4325186361096605), ('Mrm2', 0.3611107015069941), ('Zbtb18', 0.3456986151359943), ('Adamts6', 0.1315649650914041), ('Fbxl14', 0.3081561840566292), ('Dsg2', 0.03517561276446), ('Lrr1', 0.1071740369153508), ('Rpf1', 0.7827959227080182), ('Lsm2', 0.1443920666372102), ('Polr2b', 0.4110243986338548), ('Wdr19', 1.6008929438777584), ('Ankrd9', 0.7863861469562783), ('Ncapd3', 0.4103590832272624), ('Lyrm2', 0.2221470169448715), ('Cutc', 0.0950056821943773), ('Mrpl50', 0.3331787023164779), ('Gm1976', 0.1142720548704135), ('Ide', 0.2439419571328985), ('Fbxo45', 0.9753784710750044), ('Actr6', 0.4331893070721694), ('Chgb', 0.0807845148801127), ('1700028E10Rik', 0.4356743900329339), ('Aldh3a1', 1.1852146477139986), ('Epha3', 0.1478617295628523), ('Ptprb', 0.1551078890362808), ('Eif2b5', 0.1128707091213042), ('Ralgapb', 0.1298663809024747), ('Tfap4', 0.8610178001337433), ('Cdk5rap1', 0.0069418000843974), ('Cog6', 0.1885345614391712)]",3376
Nfyb,transfac_pro__M02281,0.05616661177272753,3.117011096224152,0.000312,0.990338,"gene is orthologous to ENSG00000120837 in H. sapiens (identity = 99%) which is annotated for similar motif dbcorrdb__NFYB__ENCSR000DNM_1__m2 ('NFYB (ENCSR000DNM-1, motif 2)'; q-value = 0.000312)","frozenset({'top50perTarget', 'activating', 'mm10_10kbp_up_10kbp_down_full_tx_v10_clust.genes_vs_motifs.rankings'})","[('Nr3c2', 0.0966240054057485), ('Cdk17', 0.1919264793346655), ('Zfx', 0.2238549178938237), ('Foxp2', 0.7340688465948607), ('Dtna', 0.2679333456800191), ('Gm10037', 0.3929536774513838), ('Gpr173', 0.2956568608297372), ('Cnksr2', 0.1477538795689212), ('Cnr1', 0.5576432415077092), ('Armcx2', 0.1738421142881181), ('Rreb1', 0.2702471699783398), ('Rara', 0.2970326385065662), ('Asxl3', 0.204056289826867), ('Xpo7', 0.2732820565556546), ('Numb', 0.1926263618081528), ('Lrrc4c', 0.1770889661089642), ('Sfmbt2', 0.2169509144396517), ('Ebag9', 0.1903891315259824), ('Enox1', 0.0001525691220318), ('Thra', 0.1424746156863432), ('Glis3', 0.1413263332459567), ('Ahdc1', 0.2013156588678608), ('Sp4', 0.3579221089395412), ('Inpp4b', 0.322239940188924), ('Pip5k1b', 0.2457887436272726), ('Mospd1', 0.3992189688466259), ('Klhl5', 0.423780223391547), ('Ap1g1', 0.5115585976043795), ('Mctp1', 2.093123496391293), ('Ubxn7', 0.6613099586489152), ('Atp11c', 0.5378083940522085), ('Itgb8', 0.8585350861741228), ('Wnt6', 0.4569980217135066), ('Prkg1', 0.8134618915280815), ('Ubap1', 0.2368206011608274), ('Grin2d', 0.9177980319257611), ('Larp4b', 0.1690222325363613), ('Cept1', 0.1340475425470172), ('Klhl13', 0.1746869535950328), ('Zcchc12', 0.1007156569553964), ('Cdc42ep3', 0.1465678524487005), ('Kdm7a', 0.1643597692292137), ('Cntnap2', 0.5075046282232503), ('Cpeb1', 1.9354720711429716), ('C030037D09Rik', 0.0989314201515007), ('Dlx6os1', 0.0985003745450319), ('Spdya', 0.7652310610943023), ('Gabbr1', 0.3422140709118381), ('Cpne3', 0.153125094993565), ('Pnpla8', 0.2933865185881853), ('Ppfia2', 0.6943325624215616), ('Syncrip', 0.3085635771627291), ('Adgrl1', 0.2180206844161343)]",917
Nr1h2,transfac_pro__M01724,0.05003835853052374,3.3501010453473157,0.000993,1.0,"gene is annotated for similar motif transfac_pro__M07280 ('V$NR1NR2_Q3: RXR, LXR, PXR, CAR, RAR, COUP'; q-value = 0.000993)","frozenset({'top50perTarget', 'activating', 'mm10_10kbp_up_10kbp_down_full_tx_v10_clust.genes_vs_motifs.rankings'})","[('Nmt2', 0.7214143736135487), ('Dok6', 1.10306527875305), ('D5Ertd605e', 0.0683436133635335), ('Pde7a', 1.8172503023734417), ('Rab10os', 0.5263997463983614), ('Socs6', 0.2755330251958898), ('Plag1', 0.3803273216902832), ('Gmds', 0.1531373066652522), ('Supt3', 0.1048290493103516), ('Dnajc13', 0.378705111763588), ('Zfp638', 0.2343499198334226), ('Slc16a1', 0.1188233436087059), ('Ccdc88a', 0.4545829263258657), ('Map1b', 0.1028551646604393), ('Specc1l', 0.2854589476985736), ('Napepld', 0.230023240830629), ('Oxr1', 0.2821023127190105), ('Smc6', 0.2055779501378908), ('A330041J22Rik', 5.057699036869665e-06), ('Dleu2', 0.2135054664968857), ('Fbxo28', 0.1233749088834121), ('Ugcg', 0.0545632188618907), ('Primpol', 0.3738669423062316), ('March6', 0.5582801214643721), ('Ino80d', 0.1990222039836616), ('Ift81', 0.408740023215596), ('2610206C17Rik', 0.0170525672071156), ('Susd6', 0.3743204691363611), ('Slf1', 0.7173974140233962), ('Spdya', 0.0455985020186385), ('Sar1a', 0.208717561662888), ('Phyhipl', 0.3063983256379193), ('Ypel5', 0.4890638095259072), ('Runx1t1', 0.1809134318845154), ('Arhgdia', 0.050400703415137), ('Mme', 0.1860253344907375), ('2300009A05Rik', 0.2726089999483602), ('Adam23', 0.7485849268664561), ('Mios', 0.190163103785453), ('Syndig1', 0.5403423733811084), ('Ppp3r1', 1.06281392644905), ('Kctd8', 0.564754095226992), ('Ndufaf2', 0.1318490390754206), ('Nup153', 0.6648359610046426), ('Ppp2r3d', 0.6207298387014735), ('Plekha5', 0.1755460889930978), ('Atp1b3', 0.2072849874738927), ('Agtpbp1', 0.2659218682686633), ('Xkr4', 0.4677280858316257), ('Osbpl1a', 0.1751717828182273), ('Nptx2', 1.5319976124706096e-09), ('Frmd6', 0.4017516301869693), ('Bend7', 0.2130814157773693), ('Myo10', 0.2763239473664844), ('Rims1', 0.3684388798135826), ('Gm11837', 0.41281744906184), ('Abi1', 0.2102014842311955), ('Chaf1b', 0.3729629834155805), ('Sema4c', 1.1493820562037254), ('Nacc1', 0.3806616929542992), ('Ddx6', 0.1845017613832272), ('Papss2', 0.1198933995481422), ('Gopc', 0.9315516569818864), ('Col2a1', 0.1408921540044316), ('Ralgps1', 0.1946087087606751), ('Abhd17a', 0.0892627165696188), ('Mfap3l', 0.2236624388145924), ('Pnpla2', 0.2595088306008654), ('Bdh2', 0.2409600270816862), ('Eda', 1.364381813113548), ('Slc35d3', 0.0202312492301294), ('Ccdc186', 0.2912314205756175), ('Fgf18', 0.6765216868441967), ('Ndufa4l2', 0.2824875689871459), ('Ccnk', 0.1448364756030667), ('Mapk6', 0.1704059074580851), ('Mpzl1', 0.2040614912246882), ('Rcbtb2', 0.199509592972241), ('Zfp869', 0.1923148051841902), ('Kctd20', 0.3009741555045656), ('Carnmt1', 0.1645820307949084), ('Hnrnpd', 0.1254558199474272), ('Cnot1', 0.3994638125943357), ('Ngef', 0.1854755323406174), ('Ninl', 0.0148493450395638), ('Psma1', 0.1163395650870505), ('Pld5', 0.2106840176250566), ('Iah1', 0.1215704944303237), ('Cdc42ep1', 1.433008878659734), ('Ankrd29', 0.3832981152849578), ('Sppl2a', 0.2159318239518365), ('Cntnap2', 0.5819589751015073), ('Atp11b', 0.2207173035896595), ('Aldh7a1', 0.5203500665021014), ('Trim32', 0.1961416207830874), ('Stk39', 0.3149699979827779), ('Crabp2', 0.0730127508095258), ('1700025G04Rik', 0.1703679637599226), ('Xrcc2', 0.3562126246295788), ('Sec23ip', 0.2676428012639599), ('2810454H06Rik', 0.309025448534103), ('Il7', 0.2040356537721751), ('Pdk1', 0.2157241102287836), ('Pdpk1', 0.2099163232922012), ('Mcmbp', 0.6133559293985956), ('Abcd3', 0.2571462618991046), ('Nr1d1', 0.261952603861652), ('Btbd7', 0.458614908664004), ('Syne1', 0.146083320148558), ('Scn8a', 0.689766669339867), ('Igfbp6', 0.0309355704762534), ('Pkib', 6.189387296755767e-08), ('Lipo3', 0.1455964965332786), ('Cdc14b', 0.0642617072637156), ('Fam169b', 0.4583311896027126), ('Ptgs1', 0.0400709806505235), ('Npffr1', 0.0765250673534834), ('Smurf1', 0.2581072646342645), ('Itch', 0.2743954253557653), ('Havcr2', 0.1750160543446059), ('Pank1', 0.2604277766905885), ('Hdac9', 0.2915626576445275), ('Abhd18', 0.231941658853267), ('Supt5', 0.6008867472199874), ('Litaf', 0.1432035996428706), ('Ythdc1', 0.2221149926287805), ('Galnt18', 0.1573923500858096), ('Cdca4', 0.1780534354948853), ('Sat1', 0.0916427862579555), ('Trp53inp1', 0.1942718089689687), ('Nbl1', 0.2117028133185426), ('Sec24b', 0.268958025949782), ('2810006K23Rik', 0.479369706074768), ('Sp1', 0.4388316491402935), ('Opn3', 0.1606890372162358), ('Kansl3', 0.4724847966873318), ('Ropn1l', 0.1165217772824995), ('Dcun1d2', 0.0967175975919524), ('Ahi1', 0.1860998392195656), ('Mad2l2', 1.0577213470497118), ('Xpr1', 0.3550006819831859), ('Manea', 0.1523287596356475), ('Bbs7', 0.1931183736702635), ('Tbk1', 0.1921489661161244), ('Ccne2', 0.1899105833968972), ('Smim19', 1.6293651302647827), ('Inhba', 0.1114328748266731), ('Enpp4', 1.6144957187602873), ('Rab11fip2', 0.5807557468533784), ('Spaca1', 0.2258647791656805), ('N4bp2l2', 0.1993422801602567), ('Phldb2', 0.301508642733086), ('Smim4', 0.3237535997548922), ('Cyp11a1', 0.3613526739806667), ('Id4', 1.0064093956236233), ('Cuedc2', 0.2705187802894744), ('Fnip2', 0.1764123548793844), ('Arfgap3', 0.1838103546313333), ('Tppp', 0.2185158770459862), ('Sox12', 0.7618833498970018), ('Gm5084', 0.1472655156711145), ('Gpr153', 0.2283383718197982), ('Rab7', 0.2082429817898274), ('Golga5', 0.1831253105944942), ('Dnajc14', 0.1986143744077127), ('Tvp23a', 0.7210621890368543), ('Dll4', 0.3324270969036962), ('Prkab2', 0.2057969771180177), ('Tmem17', 0.2139346229535494), ('Bmper', 0.0863230585383402), ('Vav3', 0.3078940588540704), ('Col4a6', 0.5730603830690336), ('Tspyl2', 0.2673369951542127), ('Rab32', 0.2374614342074847), ('Cog3', 0.3232888896989248), ('Zkscan8', 0.2505191691930973), ('Ccdc57', 0.1556578749590452), ('Ppp2r5a', 0.2932357293775244)]",3957
Smad1,tfdimers__MD00285,0.047173224785165085,3.385055951732814,0.0,0.991398,gene is orthologous to ENSG00000170365 in H. sapiens (identity = 99%) which is directly annotated for motif,"frozenset({'top50perTarget', 'activating', 'mm10_10kbp_up_10kbp_down_full_tx_v10_clust.genes_vs_motifs.rankings'})","[('Rbm38', 0.1142669242640199), ('Arhgap19', 0.1063053547200273), ('Agbl5', 0.0700752870331447), ('Ak3', 0.1770371427183171), ('Gatc', 0.5498426128040846), ('Fignl1', 0.3113574096079606), ('Creb5', 0.0275023636995127), ('Abhd17b', 0.337410834645019), ('Kmt2d', 0.2753982764838771), ('Fam160b1', 0.3040810647841774), ('1810030O07Rik', 0.2031959404423669), ('Acad12', 0.2667236877111082), ('Ndufa5', 0.1306757004752383), ('Cdc42ep4', 0.2031539785044346), ('Aard', 0.1781637081064793), ('Gspt1', 0.1434564378347541), ('Cyb5a', 0.1373706713503145), ('Zfyve27', 0.1420524444340412), ('Aknad1', 0.1954544097823424), ('Ablim3', 0.1977569499428127), ('Zkscan6', 0.3100373820348857), ('Fam20b', 0.3694536714658545), ('Bmp7', 0.4166869177098828), ('Igf1r', 0.5635112305401807), ('Cacybp', 0.3549739478375407), ('Rimkla', 6.741936659035487e-05), ('Slc26a10', 0.2634340135531253), ('Nck1', 0.4103994148158508), ('Cic', 0.043073470413474), ('Hspbp1', 0.6339006489368512), ('Tmppe', 0.2537472751979624), ('Rpp38', 0.1948115449757916), ('Foxc1', 0.2917102667813668), ('Zscan18', 0.7579289615371102), ('Akr1c18', 0.9045872734062762), ('Ice2', 0.590690872801169), ('Atf3', 0.0287327301120294), ('Cacna2d2', 0.4957152001842329), ('Carhsp1', 0.1287776809959531), ('Cdyl2', 0.1815885617493325), ('Vps35', 0.2670707633240459), ('Senp5', 0.1984915090430076), ('Cdca8', 0.3856934379335457), ('Pkib', 0.7684577946435736), ('Grm1', 0.0183466232445824), ('Prkaa2', 0.3012584438670301), ('Rgs22', 0.1360452635336002), ('Cuedc1', 0.2055265154530466), ('Gatm', 0.6407348472685566), ('Rab4a', 0.3570071962122569), ('Fam167a', 0.1402329535829901)]",996
Spi1,tfdimers__MD00015,0.05085485974634538,3.004448326309008,0.0,0.870849,motif is annotated for orthologous gene ENSG00000066336 in H. sapiens (identity = 87%),"frozenset({'top50perTarget', 'activating', 'mm10_10kbp_up_10kbp_down_full_tx_v10_clust.genes_vs_motifs.rankings'})","[('Ptdss1', 0.1541769685385034), ('Kidins220', 0.3334641228566237), ('Golph3l', 0.1271338299524622), ('Gm15441', 0.1130692754234653), ('Zfp579', 0.2331294147757955), ('S100a9', 0.9618314351715724), ('Gnao1', 0.2166813386993336), ('Lnx1', 0.5281435242801068), ('Ptprk', 1.2618405075647114), ('Tbc1d1', 1.8231952220394207), ('Hist2h4', 0.1736049652561435), ('Terf2', 0.443137308639412), ('Aph1b', 0.388946778760678), ('Rgs12', 0.2718721281697629), ('Eci3', 0.4028638403374458), ('Rfx2', 0.2212986856268251)]",487
Tcf7,tfdimers__MD00495,0.06011318697885862,3.113523755132159,0.0,0.858086,gene is orthologous to ENSG00000081059 in H. sapiens (identity = 85%) which is directly annotated for motif,"frozenset({'top50perTarget', 'activating', 'mm10_10kbp_up_10kbp_down_full_tx_v10_clust.genes_vs_motifs.rankings'})","[('Thada', 0.2173490971390982), ('Ulk4', 0.4147989909271889), ('Garem1', 0.8869919639908489), ('Cpeb3', 0.3125298175967583), ('Adcy1', 0.4321007811261315), ('C77080', 0.2796574021841548), ('Kcnn4', 0.0538418822587965), ('Plpp7', 0.2372012601790051), ('Lipg', 0.0533745948767156), ('F11r', 0.0456598432182187), ('Tmem246', 0.0939044897067472)]",656
Xbp1,transfac_pro__M00514,0.04966137275449609,3.5806140119588195,0.000308,0.786517,gene is orthologous to ENSG00000100219 in H. sapiens (identity = 78%) which is annotated for similar motif taipale_cyt_meth__XBP1_NRTGACGTCAYN_FL ('XBP1 [bZIP]'; q-value = 0.000308),"frozenset({'top50perTarget', 'activating', 'mm10_10kbp_up_10kbp_down_full_tx_v10_clust.genes_vs_motifs.rankings'})","[('Ptbp3', 0.2228597840284268), ('Pigp', 0.1135967796323743), ('Stk17b', 0.1517784504294291), ('Esco1', 0.2581762153779999), ('Pcmtd1', 0.2347405298118942), ('Nrcam', 0.4358657797617189), ('Arhgap20', 0.1550053101321716), ('Fndc3a', 0.3082865564469872), ('Ccnh', 0.1349078712365426), ('Alms1', 0.4637541633678588), ('Trip11', 0.6666443009382197), ('Gm6225', 0.381081662617033), ('Rc3h1', 2.064380381796751), ('Gtf2e2', 0.4777501883613614), ('Ubn1', 1.7152786001060534), ('Tspan12', 0.0109600768163897), ('Slc16a1', 0.1189036753678011), ('Ddx10', 0.598395447061536), ('Fnip1', 0.2618688665719421), ('March8', 0.5715352194962863), ('Fam3c', 0.3652001466604899), ('Ago3', 0.2537770007800909), ('Ptp4a1', 0.3432095381962999), ('Lmbrd1', 0.3213689359483903), ('Rnf128', 0.3249756027594725), ('Saysd1', 0.2998032952068599), ('Cdc14b', 0.6736404970625386), ('Zfp329', 0.280526087987016), ('Matr3', 0.2337955609811347), ('Scoc', 0.1747632606430561), ('Kif11', 0.2523165544715309), ('Tm6sf1', 0.2143095226773659), ('Zfp407', 1.4910895641292503), ('Cnot6', 0.635086569763289), ('Smim15', 0.0973150588242226), ('Pcnx4', 0.3889963857903075), ('Slc36a4', 0.1737555768929432), ('Hint1', 0.0994707486227292), ('Clip1', 0.2184756844076755), ('Hnrnpf', 0.1092301323606539), ('Nabp1', 0.2643321990815879), ('3010003L21Rik', 0.2043533125902475), ('Dtna', 0.1489639108590406), ('Gpbp1l1', 0.3629673860359231), ('Cand1', 0.2689785326050453), ('Tuft1', 0.3095160318177484), ('Ptpra', 0.1697679258756454), ('Zfp91', 0.1482612820584303), ('Entpd6', 0.3145680248524397), ('Ccdc138', 0.2088017178095655), ('Dnm1l', 0.3942653944481509), ('Gtf2a1', 0.3150746299002881), ('Rabgef1', 0.9006054835784613), ('Clcn4', 0.8819292766680168), ('Adk', 0.1096223286382715), ('Kmt5b', 0.1290677634499663), ('Gmds', 0.7300348032339066), ('E2f5', 0.3422851255899956), ('Usp53', 0.2791494160408221), ('Nin', 0.2402548127388643), ('Nmnat2', 0.4388104954300384), ('Mpp5', 0.1834903024965155), ('4833427G06Rik', 0.557868078358606), ('Pld5', 0.2078964470888233), ('Brca2', 0.2247853319363909), ('Ccdc34', 0.1826374398602009), ('Zfat', 0.1907670742875358), ('Krit1', 0.1599302292360048), ('Hltf', 0.179434277530126), ('Nsrp1', 0.1952661859828023), ('Exoc6b', 0.2053100123040978), ('Prrc2a', 1.0541149360165525), ('G3bp1', 0.1600526600195194), ('Ptchd4', 0.5255828732629109), ('Zfp809', 0.3632203573958632), ('Dlg1', 0.323299307420726), ('Kdm3b', 0.1990195958777348), ('Rdx', 0.3467073778879509), ('Nr4a2', 0.0451518057125361), ('Riok3', 0.2102981666496649), ('Ddx50', 0.4630637753920385), ('Cdkn2b', 0.1311454114274758), ('Gpd1l', 0.0287918336483256), ('Dusp5', 0.1580470308307262), ('Mrps28', 0.5725208104257671), ('Mboat2', 0.3599193717581762), ('Cflar', 0.2014532765671967), ('Arf1', 0.0722153232282497), ('Ppp1r12a', 0.8837916882531536), ('Rev1', 0.303965245956678), ('Fndc3b', 0.152923615393189), ('Cep135', 0.7036444538625561), ('Dll4', 0.328224690670776), ('Mrpl48', 0.2632623527531899), ('Dhcr24', 0.1241409294105001), ('Creb1', 0.7768612058621209), ('Rpl36al', 0.0637191642413239), ('Bicdl1', 0.297386999705078), ('Tbl1x', 1.3328806023511643), ('Nadk', 0.1716521767773341), ('Pdha1', 0.1595716233214372), ('Sox2', 0.4854862272111958), ('Dpy19l3', 0.216883562094539), ('Hist1h2be', 0.0324787827294608), ('Derl1', 1.3366751018310865), ('Kif13a', 0.1109630212656307), ('Twistnb', 0.1796244418329651), ('Ano6', 0.7582485234334059), ('Pelp1', 0.50138327609631), ('Cdkn2c', 0.1357282252008645), ('Bola1', 0.1290470054209978), ('Smarca2', 0.1929058147574122), ('Ttn', 0.4081613286364684), ('Abca6', 0.3552385544381091), ('Lrrc3b', 0.0226569900091156), ('Tmem106b', 0.3080435328050933), ('Slc39a14', 0.1191080579282102), ('Rasa1', 0.434760502224675), ('Zzz3', 0.2625518284764727), ('Sem1', 0.1924277814761998), ('Naa20', 0.1814418870500921), ('Prdm1', 0.0324874979072522), ('Thbs1', 0.1625159671743639), ('Cept1', 0.7122746417467442), ('Mien1', 0.1610125716610944), ('Med12l', 0.0337806702409403), ('Agtpbp1', 0.3114108558959407), ('Ip6k1', 0.4936504829648851), ('Cntrl', 0.1688774551925244), ('Usp1', 0.3828765895325877), ('Naa50', 0.2550801585785719), ('Tsc22d3', 0.4174530801298345), ('Gls', 0.1633495754534337), ('Cxxc1', 0.7380351054543779), ('Sort1', 0.2406068425501968), ('Map1lc3a', 0.0721286956599273), ('Hnrnpa3', 0.1411116120278299), ('Atf7ip', 1.3092853616473143), ('Ino80c', 0.0927265832780619), ('Sec22a', 0.1917892881158031), ('Utp3', 0.8058899214967882), ('Grtp1', 0.2112894332797787), ('Tbc1d22a', 0.1447200731692845), ('P2rx7', 0.6855426769904515), ('H2-D1', 0.2326095101942158), ('Dynll1', 0.2664385943859569), ('Nup98', 0.2184278453880011), ('Top2b', 0.321237987361234), ('Brms1l', 0.3978179378673355), ('Mir155hg', 0.5720912945635437), ('Ablim2', 0.3328967964093222), ('Cep68', 0.3547855533850996), ('Cnot10', 0.549012921834765), ('Smim14', 0.0609597438152124), ('Sart3', 2.920111254581073), ('Gorab', 0.1291286392045175), ('Aen', 0.2131361316327182), ('Ddx6', 0.4923649417311126), ('N4bp1', 0.3494564665004201), ('2900009J06Rik', 0.6764962656032899), ('Tsc1', 0.3373135499057841), ('Ptpn11', 0.1774765534725816), ('Kif27', 0.198410837512447), ('Mpp6', 0.6434846655607676), ('Met', 2.56117037981284), ('Dhcr7', 0.2189989907460367), ('Xbp1', 1.0), ('Pfdn1', 0.0987678720468987), ('Reln', 9.311959140665007e-15), ('Hagh', 0.2968596359339741), ('Sorcs1', 0.2584987533235382), ('Mrpl47', 0.2404350881991835), ('Espl1', 0.1329811362432292), ('Pnisr', 0.2563869905750821), ('Lias', 0.5185734756621987), ('Slc2a8', 0.313338831634761), ('Tbc1d19', 0.1232822126880206), ('Zfp207', 0.2851005667572756), ('4933431E20Rik', 0.4411426846286645), ('Chrna5', 0.4300594959622167), ('Kcnk4', 0.0640537586270087), ('Wrb', 0.2852506017895273), ('Lyz1', 0.1407795940827777), ('1810037I17Rik', 0.1283917303785547), ('Sdf4', 0.2051269662138762), ('Esco2', 0.3205203475730065), ('Itga3', 0.0902983795375225), ('Mlh3', 0.4326188957420874), ('Cdca7', 0.3764829746040313), ('Basp1', 0.3541463219787069), ('Arf6', 0.1449766519681636), ('Polr3b', 0.1774297782011073), ('Lyz2', 0.244973430411839), ('Ints8', 0.1197174085425029), ('Wdr33', 0.2050850106315574), ('Frmd7', 0.238281103865967), ('Hnrnpa2b1', 0.1691794622721364), ('Htatsf1', 0.3735230396386171), ('Spats2', 0.1913245902738134), ('Cep170', 0.5332215806538773), ('1010001N08Rik', 0.1685059019806658), ('Samm50', 0.1118470958553316), ('Zmynd10', 5.5876408690633655e-09), ('Ggact', 0.3107801702097765), ('Nudt15', 0.3371453955225729), ('Igsf10', 0.0762798388599439), ('Zfp219', 0.2955469538919638), ('Mapk7', 0.1990944098622429), ('Rars', 0.4193076169402597), ('Il12rb2', 0.5111239542678534), ('Eif3d', 0.1700002132470089), ('Got1', 0.0873342089223346), ('H2-Eb1', 0.1645128981346368), ('Ddx54', 0.27335402056568), ('Calcoco1', 0.2616466614338346), ('Nr3c2', 0.2165788213077696), ('Top1', 0.1098489956063432), ('Mapk1', 1.793919944950674), ('Ube2k', 0.9532296260820974), ('Phtf2', 0.1567520550072221), ('C3', 0.0718000885814138), ('Snrpe', 0.1026495301912087), ('Insr', 0.2342734403034415), ('2700081O15Rik', 0.1470465554096886), ('Scaf1', 0.2201616819124189), ('Tm9sf2', 1.4067978310668017), ('Pcdhb4', 0.359341379995225), ('Ankrd44', 0.0652229099638239), ('Rbm10', 0.2995766384483943), ('B230219D22Rik', 0.7923811626856381), ('Abtb2', 0.2193187578107545), ('Arg1', 0.0912033541377247), ('Setmar', 0.5448405548158206), ('Abat', 0.4896564510639151), ('Ap2m1', 0.1742528923554317), ('Nomo1', 0.577831119448091), ('Rabac1', 0.1193954853824618), ('Syvn1', 0.1815774763920667), ('Mcoln3', 1.5126196598399352e-14), ('Taf6', 0.7646814340781416), ('Hmbox1', 0.4142809947029134), ('Tubgcp6', 0.2145929953855556), ('Sp2', 0.1399345950748205), ('Sar1a', 0.1007210660963629), ('Vamp5', 0.3831354861529676), ('Tmem67', 0.4551034028628969), ('Smarcc1', 1.3743994996094375), ('Rhbdd3', 0.2483999195118045)]",4172
Zbtb7a,transfac_pro__M04617,0.06414350846902232,3.2441814236696604,0.0,1.0,gene is directly annotated,"frozenset({'top50perTarget', 'activating', 'mm10_10kbp_up_10kbp_down_full_tx_v10_clust.genes_vs_motifs.rankings'})","[('Atp2b1', 0.1169247191101521), ('Tiparp', 0.0518865901970274), ('Mtus1', 0.9362470402555796), ('Nr3c1', 0.319537376799382), ('Taok1', 0.4744827896769479), ('Man1a', 0.0281676241598165), ('Fbxo30', 0.4548200465684493), ('March7', 0.5181825835412063), ('Bcorl1', 1.279901551641002), ('Creb1', 0.6951906057569432), ('Ezh2', 0.2320050393891095), ('Atxn2', 0.2680185182432368), ('Aftph', 0.1935478035526529), ('Add3', 0.1406424092294136), ('Zfp638', 0.5181997845321339), ('Dleu2', 0.3404262471323971), ('Atxn1', 0.1998601201368651), ('Stxbp5l', 2.527253651660465e-06), ('Maml2', 0.3178499784981222), ('Rad21', 0.2042020287848428), ('Cnot6', 2.2852714606484112), ('Hnrnpf', 0.2824622677504823), ('Mapk1ip1l', 0.2669210654394793), ('Mbnl1', 0.1804649085449121), ('Sbno1', 1.55916280577543), ('Rab14', 0.2453184140204115), ('Aff4', 0.2493215282826787), ('Fndc3b', 0.1688595168397996), ('Fst', 0.1022479795346164), ('Sertad2', 0.19250097780353), ('Pura', 0.177280961255158), ('Ccnd2', 0.1391262717809376), ('Nap1l1', 0.2192628407898004), ('Tob1', 0.5056420205311002), ('Katnbl1', 0.6910275400498447), ('Crnde', 0.1779453114976691), ('Cdk13', 0.3736314399825253), ('Sgms1', 0.3686224012829442), ('Kif1b', 0.6741325281672965), ('Eif4g2', 0.0813136061031847), ('Camk1d', 0.1389147101364641), ('Zmym2', 0.3596752632582743), ('Gpbp1', 0.9034160516118164), ('Rps6kb1', 0.2355214179153689), ('Camk2d', 0.2269475218843427), ('Efna5', 0.3864383510943888), ('Has2', 0.3645262012176806), ('Akap13', 0.6943594175492884), ('Ccdc88a', 0.1587079187631645), ('Ctbp2', 0.261527842357923), ('1700025G04Rik', 0.1304573362636597), ('Kdm2a', 1.4008285332681465), ('Brd4', 0.1491658301761475), ('Kdm5b', 0.6113093613041092), ('Garem1', 0.2317421644841783), ('Arf6', 0.1879508556541159), ('Gria2', 0.303393384641532), ('Tulp4', 0.297685721821971), ('Zswim6', 0.1828501620928342), ('Kdm7a', 1.7461307604805778), ('Baz2b', 0.6623538908133928), ('Fam126a', 0.1631282917557719), ('Ubap2l', 0.1685548758222907), ('Rock1', 0.3645250451937767), ('Ldlrad4', 0.3854722609908624), ('4933434E20Rik', 1.8914305341949404), ('BC005537', 0.5658298570070205), ('Rbms1', 0.8140701220909251), ('Jade1', 0.5155186837968493), ('Hectd1', 0.2337028359515844), ('Npas2', 0.2038800690464422), ('Cadm3', 0.1421442063192064), ('Ube2k', 0.2739413746101105), ('Pcbp1', 0.4499541912220383), ('Abi1', 0.2283006925628851), ('Ubn2', 0.1600202563444167), ('Pde7a', 0.687521672277192), ('Xpr1', 0.4743016397347548), ('Erc2', 0.5209313984075525), ('Rab6a', 0.37032019689537), ('Fryl', 0.4075439248510611), ('Hecw1', 0.2800833840619766), ('Slf1', 0.5092859350497981), ('Cdc42', 0.0007275813323494), ('Smad2', 1.4943366793796014), ('Btbd7', 0.7290966218676507), ('Rassf3', 0.1537862116464192), ('Stard6', 0.4142026178315696), ('Lysmd3', 0.449193250611178), ('Prdm4', 0.1351214212400248), ('Agfg1', 0.1753172503084318), ('Map2k5', 0.3361470896335803), ('Zbtb46', 0.5228268946881572), ('Dhx9', 0.2424321857719243), ('Nacc1', 2.091658028880235), ('E2f7', 0.1208199023415688), ('Slc6a15', 0.1564755234787058), ('Nr2c2', 0.8519278676020305), ('Spen', 0.7574289329607349), ('Prkd3', 0.2045637271724714), ('Sypl', 0.1195551305932185), ('Crebrf', 0.1670362604371508), ('Casd1', 0.4691917842154631), ('Cnot1', 0.9248209215220276), ('Kcmf1', 0.1595958255407651), ('Pum1', 0.1765300375674899), ('Plekhg1', 0.1817735621337971), ('Arid4a', 0.7662178200216387), ('Adgrg6', 0.4816577171001115), ('9530059O14Rik', 0.7849284046309312), ('G2e3', 0.7389649408569445), ('Baz1a', 0.2078991250941052), ('Dstn', 0.0309044434997983), ('Map4k5', 1.7142132462321595), ('Rab10', 1.1056790236962966), ('Fyttd1', 0.233672458032269), ('Echdc1', 0.7911315000396278), ('Nin', 0.5016266791770407), ('Odf2l', 0.3753326185665116), ('Tnpo1', 0.1546618820752038), ('Kif5c', 0.4962039142490783), ('Pi4kb', 0.2389458143505546), ('Rap1a', 0.0297811808377213), ('Pxdc1', 0.2495129125595442), ('Apc', 0.2488909998591326), ('Bhlhb9', 0.267435801552383), ('Ugdh', 0.1892571534401341), ('Atp6v1a', 2.7329342494560143), ('Hnrnpc', 0.1467138291927446), ('Megf10', 0.5283114686711656), ('Larp4b', 0.1848808931561447), ('H2afv', 0.1556316978538721), ('Agpat5', 0.1799225776929653), ('Rel', 0.4331576583201443), ('Bcl2l13', 0.2529371696953066), ('G3bp2', 0.2130435381826518), ('Mex3c', 0.4401535445254951), ('Pde10a', 0.1896794602797298), ('Irf2', 0.2539896076676867), ('Sec63', 0.1913428338264366), ('Sobp', 0.3797222918332633), ('Dnajb9', 0.2808157498553302), ('Arhgef40', 0.1951807407464053), ('Rab22a', 0.1359316998465062), ('Rtn3', 0.4576816694050543), ('Gatad2a', 0.3039986328272683), ('Kmt2a', 0.2451285975947442), ('Sema3c', 0.0219752042197672), ('Ppp3r1', 1.093440804400008), ('Ptp4a2', 1.437870549190697), ('Pcdh17', 0.0703435737899267), ('Atp8a1', 0.3243730907692993), ('Pcmtd1', 0.325009773272681), ('Eda', 0.8388349788792998), ('Slmap', 0.1875558827184679), ('Clasp1', 0.2622224220572318), ('Sp3', 1.6187700537462113), ('Slc7a1', 0.2216371432542357), ('Arhgef5', 1.3351113588945132), ('Ntn4', 0.0861716986972165), ('Sqle', 0.3210453931271683), ('Wapl', 0.2411282286104312), ('Mettl15', 0.2250644238074347), ('Vezf1', 0.243370623383081), ('Phldb1', 0.1863599860345303), ('Sept11', 0.2023413312438171), ('Gm3636', 0.5166291683980253), ('Zdhhc2', 0.2089735564888747), ('Fam107b', 0.1255992138371787), ('Phlpp1', 0.473527907446892), ('Tnrc6c', 0.1392249446649643), ('Mef2d', 1.3515750162428053), ('Socs2', 0.3342373929514003), ('Foxo4', 0.2556849344603368), ('Sos2', 0.2369951486484226), ('Smurf2', 0.5094108727910218), ('Rhog', 0.1966982674000522), ('Csde1', 0.1205147867160937), ('Twsg1', 0.8584129902028061), ('Smg1', 0.1900445601215498), ('U2surp', 0.5775188410272182), ('Ammecr1', 0.3024833702957005), ('Onecut2', 0.3568530357805701), ('Stx11', 0.1727332966668363), ('Dpy19l1', 0.6665543660664416), ('Lrp1', 0.1995924036537732), ('Mier1', 0.4149635966453042), ('Eif4b', 0.2147333925498598), ('Kirrel3', 1.1308888714333196e-14), ('Esyt2', 0.1487580265705427), ('Dhx15', 0.2490446508988612), ('Tet3', 1.2013741998698837), ('Kat6a', 0.7305968330733346), ('Zfp827', 0.1177187848238523), ('Arl13b', 0.5154625398640176), ('Uap1', 0.0688739450932884), ('Rad51ap2', 0.1770225193466705), ('Cds2', 1.643927987397636), ('Dennd1b', 0.8029379677840996), ('Ndrg1', 0.2142942586753266), ('Smad4', 0.2209175826745874), ('Smurf1', 0.3976092964343115), ('Metap1', 0.599067270846049), ('Pfkp', 0.2728415245634951), ('Aebp2', 0.1932661099280876), ('Srgap1', 0.2748274643974331), ('Stk39', 0.4729454152719458), ('Rcn2', 0.1504010409431343), ('Zbtb11', 0.6427985303145682), ('Ttc28', 1.511343623536037), ('Grin2a', 0.2252561523466886), ('E2f3', 0.2275626189258286), ('Ltn1', 0.8144006689734715), ('Arid1a', 0.1811829587736127), ('Med1', 0.1532383347854965), ('Ikzf5', 0.2545959213584267), ('Fkbp5', 0.65903648552875), ('Wdr45b', 0.1488671788705206), ('Itgav', 0.1689609490759997), ('Mdfic', 0.1970443051978554), ('Kdm6b', 0.1473936601660951), ('Smchd1', 0.1707634518878763), ('Vstm2a', 0.5679003032245061), ('Asnsd1', 0.2934387182809697), ('Golga7', 0.3590752031660988), ('Emp2', 0.1560751082400739), ('Tnrc6b', 0.1627708179392831), ('Evi5', 0.2274486820578912), ('Lta4h', 0.2786115441860756), ('Gtf3c2', 0.2239681207322984), ('Agl', 0.0337283889593357), ('Ube2e1', 1.0278225337552729), ('Shf', 0.1886199927662451), ('Ston2', 0.1253328296605305), ('Btg1', 0.0625033190793002), ('Fbxo34', 0.1912182468549375), ('Pfkm', 0.3525347664638861), ('D5Ertd579e', 0.1878654361674919), ('Rcor1', 0.3766206721935858), ('Nudt15', 0.3385589666854812), ('Med13', 0.1442317634743523), ('Gjb6', 1.0807973383569076), ('Prss23', 0.1349594986488489), ('Mtrf1', 0.4775517435890545), ('Zfp148', 0.576068821412775), ('Wdr26', 0.351566550230516), ('Piezo2', 1.4065541760926172), ('Rprd1a', 0.235637262875187), ('Pdia4', 0.2479042929845981), ('Pkib', 9.7346930162706e-15), ('Pcgf3', 1.2841796609053466), ('Rara', 0.2374820234237031), ('Ahdc1', 0.8815409152183786), ('Atp6v1b2', 0.2122769353843296), ('Kcnab1', 0.0329380646544812), ('Mnt', 0.2029518986751821), ('Appl1', 0.5177239409572535), ('Cacnb4', 0.1654398607375431), ('Mib1', 0.2490998806674763), ('Rnf38', 0.4731600390333918), ('Kras', 0.2605341667313205), ('Samd4b', 0.98123112049771), ('Rell1', 0.7390066863776378), ('Ppp1r2', 0.1929317770758543), ('Mapk1', 2.9832006860783897), ('Cdc42se1', 0.3383666190363488), ('Samd8', 0.2233650108261235), ('Camkk2', 0.5281260224900813), ('Zfhx3', 0.1901352932313047), ('Pdlim7', 0.1276351060778087), ('Oser1', 0.4131665154905724), ('Lpcat4', 0.1215447912648092), ('Map1a', 0.2030137279099097), ('Rhob', 0.2640920682869403), ('Kcnb1', 0.3058332460759035), ('Eloc', 0.1363420361741034), ('Clic4', 0.1759819103038234), ('Morc3', 0.0448482389036901), ('Gm14634', 0.3930344526610145), ('Set', 0.1861654134285387), ('Shtn1', 0.2571630758051465), ('Rbms3', 0.3059118469607794), ('Hdac4', 0.2756179927222253), ('1810020O05Rik', 0.4116281909412562), ('Npy1r', 0.1783999474889183), ('Col8a1', 0.1064729623287576), ('Plk2', 0.5311549956525281), ('Cbfa2t3', 0.2802639455555057), ('Cpeb4', 0.3859649709491845), ('Zbtb16', 0.3309703407049292), ('Ago2', 0.1986268383989566), ('Ttc9', 0.1654101502936925), ('Lpp', 0.496201591992682), ('Tmem108', 0.8214316344256205), ('Macf1', 0.1501366934868398), ('Erf', 0.0918259139097862), ('Tmem17', 0.2003018067967921), ('Ildr2', 0.2097069380920507), ('Gm11696', 0.0160481906262298), ('Rab8b', 0.480521862000149), ('Ppp2r2a', 0.4730600409340748), ('Jmy', 0.382956618328661), ('Camsap2', 0.3853080163678439), ('Ccdc186', 0.9107705118951174), ('Cdkl2', 0.2615937454135455), ('Sec23a', 0.329759408547679), ('Ankrd40', 0.3250389844453086), ('Hvcn1', 0.0821937165503158), ('Snrpn', 0.2712980709040494), ('Ptms', 0.0100032717055441), ('Papss2', 0.2317406407860502), ('Rarg', 0.1687889240196367), ('Grk5', 0.7287633088290612), ('Prep', 0.3404904133100622), ('Psmd1', 0.0676053631984105), ('Asxl2', 0.4348878118768475), ('Rbm18', 0.1786599524193364), ('Setd7', 0.6584753362726372), ('Galnt9', 0.1629592015749422), ('Bend6', 0.2725641661823905), ('Acvr2a', 0.2157555588710201), ('Dab2ip', 0.2438194700586381), ('Ltbp1', 0.19394008992706), ('Fyco1', 0.3761641391851156), ('Il11', 0.2986287837029949), ('Dip2c', 1.325975999449881), ('Etnk1', 0.7321476084496734), ('Rnf216', 0.7272920174660569), ('Eloa', 0.1795669980568698), ('Gng13', 0.085918858341887), ('Fgf18', 0.8114640223357107), ('Ryr2', 0.2540252679869507), ('Enpp4', 0.7591390281848447), ('Hdgf', 0.4839271946951822), ('Ezr', 0.0999124540735595), ('Sp1', 0.3943696160142781), ('Cdc42bpa', 0.18895055798692), ('Orc1', 3.719210267106536e-06), ('Rab2a', 0.0973977501735513), ('Prkab2', 1.7384189122218432), ('Rab26', 0.3033151339676398), ('Tmem132c', 0.2616516587739873), ('Sox2', 0.6903436488626844), ('Mxd1', 0.1844088078276499), ('Tjp2', 1.059889178592681), ('Mfhas1', 0.2492579587290811), ('Jph2', 0.3131548470058498), ('Amotl1', 0.2370676396849622), ('Npr1', 0.216701717135702), ('4833439L19Rik', 0.3334959167428522), ('Dlg2', 0.267845397752846), ('Prpf38b', 0.3954291410349866), ('Tmem63b', 1.3384237567481276), ('Itch', 0.3041549751847505), ('Otud7b', 0.7591630028170555), ('Ccpg1', 0.2440846267195128), ('Ghitm', 0.2372837525151057), ('Mgat4a', 0.1344322866299715), ('Zcchc24', 0.384871739643854), ('Pced1b', 0.4046035857756219), ('Serinc3', 0.2046802958726648), ('Mbd2', 0.5228822541368686), ('Mcub', 0.0231292738484213), ('Cutc', 0.3621726337855733), ('Fam49a', 0.5674952963516992), ('4632404H12Rik', 0.0623856070436316), ('Mettl4', 0.1837234429028641), ('Impad1', 0.4388194705296199), ('Gskip', 0.2113932349160141), ('Eya2', 0.3267500495179545), ('Tor1aip2', 0.9502261297641892), ('Hp1bp3', 0.2281527573997431), ('Gm29683', 0.4045447574811289), ('Ddx6', 0.4570259867499643), ('Cks2', 0.4261549621868981), ('Cntfr', 0.1493129691971462), ('Cacna1g', 1.2524865443137811), ('Lrrc8a', 0.1324272641708924), ('Akap8l', 0.1979537789483972), ('Foxp4', 0.1873267289263015), ('Ccdc3', 0.8798859428580934), ('Slc9a6', 0.2589886476973055), ('Numbl', 0.5145182979584182), ('Tob2', 0.2503542533437171), ('Gfpt1', 0.2343453077256538), ('Plcd1', 0.0254474037250826), ('Zfp207', 0.3726936960863659), ('Gsap', 0.1042069052722019), ('Ptpn23', 0.167315783371037), ('Syt7', 0.1634848717893198), ('Slc16a2', 0.1935240871132626), ('Arrb2', 0.1402090747206503), ('Foxd2os', 0.0913109679471319), ('Lancl2', 0.2281018090134801)]",4877
Zbtb7a,transfac_pro__M07387,0.06609546716434544,3.462032828577717,0.0,1.0,gene is directly annotated,"frozenset({'top50perTarget', 'activating', 'mm10_10kbp_up_10kbp_down_full_tx_v10_clust.genes_vs_motifs.rankings'})","[('Nr3c1', 0.319537376799382), ('Taok1', 0.4744827896769479), ('Bcorl1', 1.279901551641002), ('Atxn2', 0.2680185182432368), ('Ccnd2', 0.1391262717809376), ('Rarg', 0.1687889240196367), ('Rara', 0.2374820234237031), ('Mtus1', 0.9362470402555796), ('Kmt2a', 0.2451285975947442), ('March7', 0.5181825835412063), ('Atxn1', 0.1998601201368651), ('Dleu2', 0.3404262471323971), ('4933434E20Rik', 1.8914305341949404), ('Kdm6b', 0.1473936601660951), ('Kdm5b', 0.6113093613041092), ('Sbno1', 1.55916280577543), ('Stxbp5l', 2.527253651660465e-06), ('Tiparp', 0.0518865901970274), ('Ubap2l', 0.1685548758222907), ('Add3', 0.1406424092294136), ('Smurf1', 0.3976092964343115), ('Sgms1', 0.3686224012829442), ('Cnot6', 2.2852714606484112), ('Jade1', 0.5155186837968493), ('Has2', 0.3645262012176806), ('Cadm3', 0.1421442063192064), ('Aff4', 0.2493215282826787), ('Tob1', 0.5056420205311002), ('Rad21', 0.2042020287848428), ('Atp2b1', 0.1169247191101521), ('Rab14', 0.2453184140204115), ('Zfp827', 0.1177187848238523), ('Man1a', 0.0281676241598165), ('Mapk1ip1l', 0.2669210654394793), ('Erf', 0.0918259139097862), ('Map1a', 0.2030137279099097), ('Pura', 0.177280961255158), ('Ube2k', 0.2739413746101105), ('Hecw1', 0.2800833840619766), ('Fndc3b', 0.1688595168397996), ('Ezh2', 0.2320050393891095), ('Sertad2', 0.19250097780353), ('1700025G04Rik', 0.1304573362636597), ('Ahdc1', 0.8815409152183786), ('Rab6a', 0.37032019689537), ('Zfhx3', 0.1901352932313047), ('Ccdc88a', 0.1587079187631645), ('Csde1', 0.1205147867160937), ('Nacc1', 2.091658028880235), ('Bhlhb9', 0.267435801552383), ('Zmym2', 0.3596752632582743), ('Il11', 0.2986287837029949), ('Zswim6', 0.1828501620928342), ('Stmn4', 0.1601678240899718), ('Eda', 0.8388349788792998), ('Rad51ap2', 0.1770225193466705), ('Nudt15', 0.3385589666854812), ('Garem1', 0.2317421644841783), ('Pcdh17', 0.0703435737899267), ('Tulp4', 0.297685721821971), ('Mettl15', 0.2250644238074347), ('Gm29683', 0.4045447574811289), ('Sox12', 1.5620690397807897), ('Erc2', 0.5209313984075525), ('Xpr1', 0.4743016397347548), ('Ildr2', 0.2097069380920507), ('Onecut2', 0.3568530357805701), ('Set', 0.1861654134285387), ('Rps6kb1', 0.2355214179153689), ('Lrp1', 0.1995924036537732), ('Fst', 0.1022479795346164), ('G3bp2', 0.2130435381826518), ('Npas2', 0.2038800690464422), ('Uap1', 0.0688739450932884), ('Med1', 0.1532383347854965), ('Tmem151b', 0.6556501119678478), ('Nap1l1', 0.2192628407898004), ('Creb1', 0.6951906057569432), ('Gria2', 0.303393384641532), ('Celf5', 0.5633513884940892), ('Baz2b', 0.6623538908133928), ('Lta4h', 0.2786115441860756), ('Grin2a', 0.2252561523466886), ('Foxo4', 0.2556849344603368), ('Acvr2a', 0.2157555588710201), ('Kdm2a', 1.4008285332681465), ('Plekhg1', 0.1817735621337971), ('Zbtb7a', 1.0), ('Dlg4', 0.2809752645901869), ('Ppp2r2a', 0.4730600409340748), ('Rassf3', 0.1537862116464192), ('Fyttd1', 0.233672458032269), ('Pum1', 0.1765300375674899), ('Efna5', 0.3864383510943888), ('Rbms1', 0.8140701220909251), ('Fam126a', 0.1631282917557719), ('Ubn2', 0.1600202563444167), ('Hoxb8', 1.2343172645009232e-10), ('Crebrf', 0.1670362604371508), ('Vezf1', 0.243370623383081), ('Map7d1', 1.9112674396221008), ('Eloc', 0.1363420361741034), ('Dlg2', 0.267845397752846), ('Bcl2l13', 0.2529371696953066), ('Tet3', 1.2013741998698837), ('Cpeb4', 0.3859649709491845), ('Cntfr', 0.1493129691971462), ('Arid1a', 0.1811829587736127), ('Katnbl1', 0.6910275400498447), ('Camk1d', 0.1389147101364641), ('Camsap2', 0.3853080163678439), ('Ccdc3', 0.8798859428580934), ('Hnrnpf', 0.2824622677504823), ('Camk2d', 0.2269475218843427), ('Pi4kb', 0.2389458143505546), ('Zfp638', 0.5181997845321339), ('Chst1', 0.2144720932245186), ('Megf10', 0.5283114686711656), ('Rbms3', 0.3059118469607794), ('Pou5f1', 0.0863035043524779), ('Aftph', 0.1935478035526529), ('Btbd7', 0.7290966218676507), ('E2f7', 0.1208199023415688), ('Crnde', 0.1779453114976691), ('Phlpp1', 0.473527907446892), ('Ptms', 0.0100032717055441), ('Armcx3', 0.4095734429224346), ('Agfg1', 0.1753172503084318), ('Akap13', 0.6943594175492884), ('Hdgf', 0.4839271946951822), ('Ctbp2', 0.261527842357923), ('Shf', 0.1886199927662451), ('BC005537', 0.5658298570070205), ('Fbxo30', 0.4548200465684493), ('Ldlrad4', 0.3854722609908624), ('Eif4b', 0.2147333925498598), ('Mdfic', 0.1970443051978554), ('Brd4', 0.1491658301761475), ('G2e3', 0.7389649408569445), ('Cacna1g', 1.2524865443137811), ('Lpp', 0.496201591992682), ('Rel', 0.4331576583201443), ('Ntn4', 0.0861716986972165), ('Amotl1', 0.2370676396849622), ('Neat1', 0.1911778651956874), ('Slc6a15', 0.1564755234787058), ('Sobp', 0.3797222918332633), ('Arid4a', 0.7662178200216387), ('Rap1a', 0.0297811808377213), ('Rtn3', 0.4576816694050543), ('Tnpo1', 0.1546618820752038), ('Ppp3r1', 1.093440804400008), ('Tnrc18', 0.1938731060164736), ('Sept11', 0.2023413312438171), ('Sox2', 0.6903436488626844), ('Tjp2', 1.059889178592681), ('Aebp2', 0.1932661099280876), ('Cacnb4', 0.1654398607375431), ('Dnmt3a', 0.2318880119664948), ('Fam171b', 0.3398524992399873), ('Hoxc11', 0.2973017527827257), ('Slc9a6', 0.2589886476973055), ('Lpar6', 0.6389087946436169), ('Prrt1', 0.1669878646080248), ('E2f3', 0.2275626189258286), ('Ikzf3', 2.23485751301588e-10), ('Kcnb1', 0.3058332460759035), ('Mbd2', 0.5228822541368686), ('Pgap3', 0.2664486844446911), ('Camkk2', 0.5281260224900813), ('Dgkb', 6.3936835867123545e-06), ('St6gal1', 0.1908104710590535), ('Rock1', 0.3645250451937767), ('Cnot1', 0.9248209215220276), ('Baz1a', 0.2078991250941052), ('Apoc1', 0.6031669712550322), ('Csnk1e', 0.3462610940389359), ('Arl13b', 0.5154625398640176), ('Rhog', 0.1966982674000522), ('Socs2', 0.3342373929514003), ('Abi1', 0.2283006925628851), ('Gjb6', 1.0807973383569076), ('Dhx9', 0.2424321857719243), ('Zbtb11', 0.6427985303145682), ('Prkaca', 0.1528919250473989), ('Foxp4', 0.1873267289263015), ('Spen', 0.7574289329607349), ('Snrpn', 0.2712980709040494), ('Zfp667', 0.1465111980012839), ('Esyt2', 0.1487580265705427), ('Syt7', 0.1634848717893198), ('Otud7b', 0.7591630028170555), ('H2afv', 0.1556316978538721), ('Pcbp1', 0.4499541912220383), ('Cflar', 0.6121862346340884), ('Zfp207', 0.3726936960863659), ('Tmco4', 0.20708639464997), ('Odf2l', 0.3753326185665116), ('Mfng', 1.4825343322725038e-05), ('Ammecr1', 0.3024833702957005), ('Stxbp1', 0.8363374623128009), ('Wdr26', 0.351566550230516), ('Fam184b', 0.0341806128938482), ('Btg1', 0.0625033190793002), ('Mro', 7.7231541132531e-14), ('Rcn2', 0.1504010409431343), ('Eya2', 0.3267500495179545), ('4930520O04Rik', 5.646996930586263e-05), ('Rcor1', 0.3766206721935858), ('Fkbp5', 0.65903648552875), ('Plcd1', 0.0254474037250826), ('Kdm7a', 1.7461307604805778), ('Kif1b', 0.6741325281672965), ('Cnn1', 0.0377504260853922), ('Tmem132c', 0.2616516587739873), ('Wnt2b', 0.1142228930180492), ('Ddx6', 0.4570259867499643), ('Hoxc8', 0.2706488851349917), ('Llgl2', 0.176760153850225), ('Stk39', 0.4729454152719458), ('Gfpt1', 0.2343453077256538), ('Rab26', 0.3033151339676398), ('Fosl2', 0.134801986153939), ('Arf6', 0.1879508556541159), ('Nr2c2', 0.8519278676020305), ('Agpat5', 0.1799225776929653), ('Gpbp1', 0.9034160516118164), ('Nhlrc2', 0.110818110227896), ('Tnrc6b', 0.1627708179392831), ('Ttc28', 1.511343623536037), ('Prpf38b', 0.3954291410349866), ('Kat6a', 0.7305968330733346), ('Casd1', 0.4691917842154631), ('Klhl41', 0.5799723775429355), ('Smg1', 0.1900445601215498), ('Med13', 0.1442317634743523), ('Sec63', 0.1913428338264366), ('Sp3', 1.6187700537462113), ('Pym1', 0.2311814376213521), ('Nr2f1', 0.1139060354772209), ('Foxk1', 0.0833217855328575), ('Tmem132d', 0.1554764160658875), ('Fmn1', 0.4963056576744444), ('Skida1', 0.2261346326191866), ('Nfam1', 0.2969053607935567), ('Npr1', 0.216701717135702), ('Hoxc10', 0.460645053267634), ('3425401B19Rik', 0.1193747775279798), ('Gars', 0.1075037902504405), ('Metap1', 0.599067270846049), ('Pde7a', 0.687521672277192), ('Sdc3', 0.2827723239359924), ('Ptpre', 0.1866368338098046), ('Smad2', 1.4943366793796014), ('Arhgef5', 1.3351113588945132), ('Mpz', 0.0991716382035674), ('Stard6', 0.4142026178315696), ('Acap1', 0.2731882998787378), ('Sh3d19', 0.1435796024218476), ('Hnrnpc', 0.1467138291927446), ('Rap1gap2', 0.1886986814538616), ('Dhx15', 0.2490446508988612), ('Btbd11', 0.2771825758999334), ('Apc', 0.2488909998591326), ('Sugt1', 0.1851209114210742), ('Ccdc60', 0.4287773512726738), ('Mapk11', 0.6039091244338104), ('Itgav', 0.1689609490759997), ('Axl', 0.0676147528147514), ('Aldh1b1', 0.2662434292207759), ('Tle3', 0.2091362600503803), ('Akap8l', 0.1979537789483972), ('Git1', 0.4598040103452349), ('A230028O05Rik', 0.6275133949692794), ('Serinc2', 0.3087237642968266), ('Cds2', 1.643927987397636), ('Cd44', 0.0422720011452361), ('Pecam1', 0.0721029794347026), ('Cebpa', 0.6631308982916766), ('Sp1', 0.3943696160142781), ('Echdc1', 0.7911315000396278), ('Cdk13', 0.3736314399825253), ('Pde10a', 0.1896794602797298), ('Col8a1', 0.1064729623287576), ('Mier1', 0.4149635966453042), ('Slmap', 0.1875558827184679), ('Rab8b', 0.480521862000149), ('Polr3gl', 0.1190448035714616), ('Inhbb', 0.1971199599712556), ('Gm13490', 0.9692341195890092), ('Irf2bpl', 0.295280368627104), ('Tlr7', 0.1188230171530473), ('Kcmf1', 0.1595958255407651), ('Prkd3', 0.2045637271724714), ('Ugdh', 0.1892571534401341), ('Tmem108', 0.8214316344256205), ('Fam160a1', 0.3859676253939538), ('Mex3c', 0.4401535445254951), ('Lysmd3', 0.449193250611178), ('Wbp1l', 0.2213111885427349), ('Tob2', 0.2503542533437171), ('Actn4', 0.21556863272765), ('Mef2d', 1.3515750162428053), ('Vstm4', 0.2338692648949332), ('Ppp4r3b', 0.3110103534875204), ('Tmem167b', 0.1756308292003003), ('Zdhhc2', 0.2089735564888747), ('Ankrd40', 0.3250389844453086), ('Pcmtd1', 0.325009773272681), ('Samd8', 0.2233650108261235), ('Gtf3c2', 0.2239681207322984), ('Hmcn1', 0.1170821372697436), ('Eif4g2', 0.0813136061031847), ('Cers4', 0.2271360157796933), ('Npy1r', 0.1783999474889183), ('Tmem63b', 1.3384237567481276)]",3873
Zfp691,transfac_pro__M05606,0.05742217375830134,3.6797945695846845,0.0,0.855124,gene is orthologous to ENSG00000164011 in H. sapiens (identity = 85%) which is directly annotated for motif,"frozenset({'top50perTarget', 'activating', 'mm10_10kbp_up_10kbp_down_full_tx_v10_clust.genes_vs_motifs.rankings'})","[('Nlrc3', 0.4447665949623899), ('Prkaca', 0.6149699563984549), ('Prtn3', 1.4214585924198526), ('Rnf44', 0.3185607994723924), ('Smarcad1', 0.2265309366438659), ('Egr3', 0.1240988533343972), ('Fbxl5', 0.3637258763891651), ('Stom', 0.4815243337527441), ('Mrpl45', 0.1117525895420524), ('Cdc42ep1', 0.0846623930874622), ('Zfp157', 0.386067912559058), ('Tmem132c', 0.1379680510362401), ('Idh3b', 0.2520925793547655), ('Zfp955a', 0.2039408892340785), ('Polr3c', 0.3165503994476309), ('Kantr', 0.9887040779377372), ('Suz12', 1.040779422907046), ('Nabp1', 0.2626704367053551), ('Tnk2', 0.2601643589832678), ('Snx14', 0.2548213738560988), ('Man2a2', 2.5452161158717264), ('Zfp930', 1.1553893679525775), ('Cemip', 0.1359123554823728), ('Nkrf', 0.5923686367603979), ('Foxk2', 0.6863538263594976), ('Zfp335', 0.43698488436513), ('Trmt13', 0.1242286572019765), ('Sema7a', 0.4288611446324507), ('Bicdl1', 0.6346885372255284), ('Ncapd2', 0.5111166029869335), ('Arhgap32', 0.194673577883251), ('Erap1', 0.2000188716497631), ('Hgf', 0.3044861653443179), ('Srr', 1.1745415807229656), ('Sirt3', 0.6645415476398953), ('Tsr1', 0.4398712105705151), ('Bri3bp', 0.4784964294360418), ('Atxn7l3', 0.2353656703635719)]",2269
