,,Enrichment,Enrichment,Enrichment,Enrichment,Enrichment,Enrichment,Enrichment,Enrichment
,,AUC,NES,MotifSimilarityQvalue,OrthologousIdentity,Annotation,Context,TargetGenes,RankAtMax
TF,MotifID,,,,,,,,
Arnt2,transfac_pro__M00976,0.07480756982003865,4.147183601086651,0.0,1.0,gene is directly annotated,"frozenset({'weight>75.0%', 'activating', 'mm10_500bp_up_100bp_down_full_tx_v10_clust.genes_vs_motifs.rankings'})","[('Usp37', 0.6092772264533424), ('Kctd17', 0.5810545010644672), ('Hdac3', 2.0135246261758053), ('Btbd3', 1.5582677518402068), ('Max', 0.5280575981546857), ('Gtpbp6', 0.8041117515831917), ('Tmod2', 1.153969715272915), ('Adamts6', 1.3900239770307037), ('Fam50a', 0.5278531527111829), ('Camk1d', 0.5366374100799947), ('Tecr', 1.4628400322944366), ('Nop16', 0.6356910830311353), ('Macrod1', 1.1118755920686836), ('Ugp2', 2.190833494668799), ('Trappc1', 0.4963518959336726), ('Tmem126a', 0.503481390602418), ('Nans', 0.4798066525751654), ('Stau1', 0.4466222970612711), ('Cd55', 2.3666791037203043), ('Prkar2a', 0.4972722651682621), ('Chmp3', 0.4615930703523207)]",1343
Arntl,taipale_tf_pairs__ARNTL_PITX1_NNCACGTGNNNNRGMTTAN_CAP_repr,0.060121532176688405,3.1661985055110224,0.0,0.984026,gene is orthologous to ENSG00000133794 in H. sapiens (identity = 98%) which is directly annotated for motif,"frozenset({'weight>75.0%', 'activating', 'mm10_500bp_up_100bp_down_full_tx_v10_clust.genes_vs_motifs.rankings'})","[('4833411C07Rik', 0.4299259043258577), ('Slco5a1', 2.028498096273786), ('Tpbgl', 0.9066960444754164), ('Nradd', 0.7418282477392681), ('Ddt', 0.9615579397807176), ('Bcar1', 2.050306492279385), ('Nop2', 0.4184417922978682), ('Slc25a29', 0.4921422942417774), ('A930012L18Rik', 0.4523597792323371), ('Tmem267', 0.7844943321800224), ('Ap1m1', 0.4452827283332809), ('C1qtnf2', 0.7842941384669333), ('Ankrd29', 0.5417157087699954), ('Lilr4b', 0.7410009087544822)]",483
Atf2,transfac_pro__M00514,0.059963911359811856,3.172359990135009,3.9e-05,0.991786,gene is orthologous to ENSG00000115966 in H. sapiens (identity = 99%) which is annotated for similar motif taipale_cyt_meth__ATF2_NRTGAYGTMAYN_FL ('ATF2 [bZIP]'; q-value = 3.95e-05),"frozenset({'weight>75.0%', 'activating', 'mm10_500bp_up_100bp_down_full_tx_v10_clust.genes_vs_motifs.rankings'})","[('Pkig', 0.4632696291865081), ('Pyroxd1', 0.7294050924004561), ('Vps33b', 0.657808159498827), ('Nuf2', 0.5154259415626168), ('Guk1', 0.5364125347796894), ('Lrch4', 0.5781650482622824), ('Nemf', 0.4208610648760791), ('Dnajc15', 0.4206559721989829), ('Batf2', 0.6189164280106993), ('Tcaf1', 0.663170698261834), ('Tmed2', 0.9883500181344682), ('Atf2', 1.0), ('Zfp444', 0.5538980689961548), ('Smchd1', 0.4235485582953084), ('Ttf2', 0.4544872744207711), ('AI839979', 0.4203336197961665), ('Ccdc47', 0.5009815837190859), ('Pask', 0.5196274583246595), ('Smim20', 0.5107248751688727), ('Rexo1', 1.643841715927394), ('Rbmx2', 1.2503350324645928), ('Med16', 1.2818164210934473)]",856
Deaf1,transfac_pro__M01238,0.07359945634696713,3.2230334612839537,0.0,0.215548,gene is orthologous to FBgn0013799 in D. melanogaster (identity = 21%) which is directly annotated for motif,"frozenset({'weight>75.0%', 'activating', 'mm10_500bp_up_100bp_down_full_tx_v10_clust.genes_vs_motifs.rankings'})","[('Sec24b', 0.4476565704691967), ('Zfx', 0.7319576199238121), ('Lemd3', 1.0546995450470755), ('Arl5b', 0.4128456976083376), ('Pkn1', 2.063595840593298), ('Tirap', 0.4185741101239931), ('Dlgap1', 1.502040546011663), ('Prkaa1', 1.2242660570029478), ('Cops7a', 0.5190773792389204), ('Smarca2', 0.7281007945667821), ('Nrp2', 0.6552398309596007), ('Taf3', 0.6861214151848988), ('Phactr4', 0.9507243956070272), ('Slc43a1', 1.850173330196372), ('Crebbp', 0.4203989082136447), ('Col12a1', 0.4247817922367511), ('Adgrv1', 3.293462790959842), ('Fam124a', 0.6131587650211482), ('Prpsap1', 0.6265108604731181), ('Fam13c', 1.1336524776492782), ('Hspa4', 0.4586147466173295), ('Nabp2', 0.6073853990139024), ('Grina', 0.5860071058216324), ('Rabggtb', 0.5840739975871031), ('Adgrl1', 1.7204431767496748), ('Gfm1', 2.1051239557486574), ('Ankrd52', 1.7477256006334303), ('Gmeb2', 0.636508417479503), ('Nmnat3', 2.0631899615424825), ('Sft2d1', 2.2513554287823583), ('Lrrc27', 1.4653679826055448), ('1110046J04Rik', 0.5880841962062554), ('Mcm3ap', 0.456126483390977), ('Uqcrc1', 0.5036769042776257), ('Cog3', 0.5706801323918509), ('Rnpep', 0.9811022432002532), ('Tmem95', 0.5911207327310756)]",3167
E2f1,transfac_pro__M00430,0.05691379029062857,3.0523555618833464,0.0,1.0,gene is directly annotated,"frozenset({'weight>75.0%', 'activating', 'mm10_500bp_up_100bp_down_full_tx_v10_clust.genes_vs_motifs.rankings'})","[('Zfp746', 0.5601617613506168), ('Mllt3', 0.6017829738784979), ('Cdr2l', 0.5610359121368228), ('Fgf9', 0.4856338147407146), ('Arid2', 1.8357298422379265), ('Pigu', 0.6804704197466023), ('Filip1l', 0.9014986415632148), ('Pkn1', 0.8842891110971368), ('Psmc4', 0.4698998866940462), ('Pfkl', 0.4820806700329516), ('Nap1l4', 0.6389231270912725), ('Ergic2', 0.487556476997289), ('Gle1', 1.63288044931842), ('Nme6', 1.0217661726803169), ('Sf3b3', 0.7189338164547536), ('Necab1', 1.8415420091886592), ('Chfr', 0.7504731706786045), ('Mcoln1', 0.5104104664706901), ('Rab27b', 1.3874568895664965), ('Ifngr2', 1.4148700344695817), ('Tmod2', 0.8953923641659982), ('Lactb2', 0.475853222603618), ('Cnih1', 0.7418618618292435), ('Aldh18a1', 0.6375511718981445), ('9130401M01Rik', 0.4704791718930148), ('Senp1', 0.8041079338931343), ('Tprgl', 1.2168720839642864), ('Rnf217', 0.4372253460195462), ('Polr1c', 0.4669145578638967), ('Rilp', 1.3828078252481446), ('Cpox', 2.655962112332133), ('Ap2a2', 0.7358244397518586), ('Atp6ap2', 1.0177612172376818), ('Ankra2', 0.698112863540525), ('Armc8', 0.4340783898180242), ('Thumpd1', 0.8812784432103884), ('Gpn3', 0.6428889162680628), ('Tomm40l', 1.373976871306759), ('Upp1', 0.5025857080961723), ('Dhrs4', 0.6371357565825061), ('Flrt3', 0.4597149464465845), ('Kazn', 1.2399534497650704), ('Gypc', 0.5997023670980883), ('Tiparp', 0.4133378370888373), ('Pard6a', 2.1525450074166788), ('Lclat1', 0.6302661637352304), ('Abr', 1.920979365709008), ('Bmp2', 0.9929059962376244), ('Fzd9', 0.4896106851617653), ('Epc1', 1.0942602621669637), ('Zfp322a', 1.119330950679009), ('Gfm1', 1.1353219591793169), ('Zfp429', 1.5005347887256288), ('Dido1', 1.3351039362859234), ('Ddx10', 0.5592870393342524), ('Hist1h1e', 0.6980789874918112), ('Creld1', 1.3002065692067173), ('Ptpn11', 0.6075929444376332), ('Shroom4', 0.8441593702677659), ('Bambi', 0.5762151467940667), ('Mgrn1', 0.719452723939496), ('Osgepl1', 0.4951779254462974), ('Psd', 1.533703396371779), ('Lactb', 0.4137540774011341), ('Ankrd29', 0.9703191165410152), ('Zfp703', 0.7292804710037668), ('Trmt10b', 1.7332187168318145), ('Cdc14b', 0.4944308486612837), ('Nxn', 0.5318093369899554), ('AW551984', 0.9746548481466428), ('Pop4', 1.1125352102013184), ('Pigl', 0.421746697334489)]",4776
E2f1,transfac_pro__M00803,0.06471360539461316,3.8476821688793765,0.0,1.0,gene is directly annotated,"frozenset({'weight>75.0%', 'activating', 'mm10_500bp_up_100bp_down_full_tx_v10_clust.genes_vs_motifs.rankings'})","[('Decr1', 1.4115103719300093), ('4930430F08Rik', 2.931776853650136), ('Vasn', 0.4710177554433819), ('Cgref1', 0.5913551910595565), ('Sf3b3', 0.7189338164547536), ('Hist1h1e', 0.6980789874918112), ('Mfsd11', 0.7177483545030282), ('Cnih1', 0.7418618618292435), ('Dhrs4', 0.6371357565825061), ('Psmc4', 0.4698998866940462), ('Lactb', 0.4137540774011341), ('Zfp300', 0.4419999894220545)]",296
E2f3,transfac_pro__M00803,0.07206621128338574,3.6293459384347124,0.0,1.0,gene is directly annotated,"frozenset({'weight>75.0%', 'activating', 'mm10_500bp_up_100bp_down_full_tx_v10_clust.genes_vs_motifs.rankings'})","[('Zgrf1', 0.5615821586579064), ('A430005L14Rik', 0.800111268085552), ('Ube2h', 0.8179205137662968), ('Crnde', 0.9701552480601572), ('Zswim7', 1.677914506845349), ('Haus2', 0.7228321158010382), ('Sec23b', 0.799487680331982), ('Wdr82', 1.1629628010781634), ('Sav1', 1.9932519510771856), ('Ckap2', 0.459048180703785), ('Pcnx4', 0.6429457322378732), ('Ric8b', 1.297270795439304)]",836
E2f3,transfac_pro__M02089,0.06419458599877119,3.032281647219403,0.0,1.0,gene is directly annotated,"frozenset({'weight>75.0%', 'activating', 'mm10_500bp_up_100bp_down_full_tx_v10_clust.genes_vs_motifs.rankings'})","[('Hjurp', 0.770321809842945), ('Abca5', 0.439396908482993), ('Eif3b', 0.6505462305390847), ('Fdx1', 1.9609776982407217), ('Nemp1', 0.5673715299506653), ('A430005L14Rik', 0.800111268085552), ('Ube3c', 1.687423393112776), ('Rpap3', 0.6103004240567232), ('Anapc1', 0.4938442256601763), ('Nuf2', 0.539084581737723), ('Snap23', 0.7683965484682095), ('Wdr82', 1.1629628010781634), ('Synj2bp', 0.447294977427438), ('Brpf3', 0.6795767370635893), ('Pde3b', 0.6449537765738643), ('Large1', 0.5698385406768034), ('Fam207a', 0.680504364218205), ('Klhl15', 0.6401300870529497), ('Ckap2', 0.459048180703785), ('Dusp14', 1.3836876139040315), ('Edn1', 0.7320299582661797), ('Ntm', 1.543199548258572), ('Ntf3', 0.486092153170948), ('Bbip1', 0.5193535525616905), ('Stx17', 0.4726915739053139), ('Ythdf1', 0.5208969701421567), ('Trim33', 1.0582580097680594), ('Slc41a2', 3.220286091659201), ('Ahcy', 0.4120679097141554), ('Col8a2', 0.5547874768343048), ('Uimc1', 0.5421950166670522), ('Mpi', 0.8380608831969887), ('Lyrm7', 0.4483016163326365), ('Slc35a1', 0.5436576679833205), ('Pgs1', 1.215744165921662), ('Fam53c', 0.5054764716795039), ('1110051M20Rik', 0.5838410005459869), ('Pcnx4', 0.6429457322378732), ('Haus2', 0.7228321158010382), ('Zxdc', 0.4792254729564968), ('Casp4', 0.9659817415044758)]",4897
Ebf1,hdpi__EBF1,0.05422740753142664,3.5876718389440962,0.0,1.0,motif is annotated for orthologous gene ENSG00000164330 in H. sapiens (identity = 100%),"frozenset({'weight>75.0%', 'activating', 'mm10_500bp_up_100bp_down_full_tx_v10_clust.genes_vs_motifs.rankings'})","[('Tmsb10', 0.4177439429241418), ('Il11ra1', 1.7059210031591625), ('Lsamp', 0.4698047359258053), ('Rcan2', 1.2705888682978634), ('App', 0.5305318727069748), ('Dock7', 1.135494749524778), ('Ehbp1', 1.4141348300421164), ('C2', 0.9837728877173286), ('Auts2', 0.4511754186912702), ('Dtx3', 0.7868479199606414), ('Armcx3', 0.4138956955590221), ('Ghr', 0.4618742144826144), ('Rere', 0.5105202256431123), ('Eya4', 0.4306543461434787), ('Epb41l2', 0.8054809769380138), ('Fbxl7', 3.6874235195311), ('Tgfbr3', 0.7114859939431933), ('Mpdz', 1.2486205882593604), ('Zmynd11', 0.8006694318915077), ('Ccnt2', 0.569779588650827), ('H2-K1', 1.2218573617106336), ('Fbn1', 1.5800233074404757), ('Baz1a', 0.5230902183946171), ('St3gal4', 0.6363778156359593), ('Zfp36l1', 0.8790387586912305), ('Pdgfra', 1.5869402720994), ('Gm15867', 0.4775800630534766), ('Esr1', 1.353419582370641), ('Hacd1', 0.5740230146262408), ('Pmaip1', 0.4289421393175761), ('Dnm1', 0.7857903262355445), ('Irf1', 0.5744873422404687), ('Hgf', 0.6647210819921128), ('Bend7', 0.4147672550585554), ('Mcub', 0.6240273654013572), ('Timp3', 1.6003156587417997), ('Sfrp1', 1.5030168297454505), ('Smarca2', 1.9946454736199808), ('Zcchc7', 0.5575486321076286), ('Vldlr', 1.2604908242006685), ('Rftn1', 0.8961329821700662), ('Hdac7', 1.5720267198598965), ('Adam23', 0.956437167493577), ('Gm9958', 0.412156455599485), ('Serpina3n', 0.5496502204924899), ('Add3', 3.159152050198988), ('Rassf2', 0.700660381146249), ('Gpc6', 4.619467452968363), ('Igfbp5', 2.8416097632145925), ('Ldlrad3', 0.5216560600067303), ('Dcaf5', 1.7054752050423787), ('Son', 0.4844930152854932), ('Ctsl', 2.677333367715949), ('Gse1', 0.5711534061278315), ('Lama4', 1.3547499576759283), ('Srpx', 1.2528994547417331), ('Ust', 2.807273065706742), ('Tmem26', 0.6518674075118669), ('Gsn', 3.380409615945461), ('Cblb', 2.2580221656953), ('Nckap5', 1.5106819456755634), ('Ypel3', 0.5407393349008199), ('Lypd2', 0.4245527851796832), ('Nav2', 3.0499087919421606), ('H2-Aa', 0.4567065190006333), ('Irak3', 0.5512694400268094), ('Penk', 0.5529356540445259), ('Pan3', 1.0973837331313856), ('Asap1', 3.3104262313365385), ('Txnip', 0.8553508791988821), ('Zfpm2', 3.057073185907045), ('Celf2', 7.126496297392391), ('Pus10', 0.7122427244835352), ('Dkk2', 1.171472031361332), ('Mid1', 3.910665628776752), ('Rian', 0.6482013411193366), ('Mrc2', 0.5657903848737387), ('Wdfy2', 0.581751118728843), ('Arhgap6', 1.7041866025245778), ('Diaph3', 0.4373970444283718), ('Abi1', 0.7722586659916842), ('Oas1a', 0.8826547423493453), ('Lrrc15', 0.5612248203883383), ('B3galt1', 0.5448641509050425), ('1700108J01Rik', 0.5305465713004438), ('Npr1', 1.1677818138396372), ('Slfn5', 3.7180813045391687), ('Mus81', 0.4526987760004726), ('Dapk1', 4.427301205496244), ('Mgst1', 5.105005786323722), ('Dlc1', 4.060696412882915), ('Pabpc1l', 0.4455328140190975), ('Large1', 1.5220992753990803), ('Zbtb20', 4.069095671283899), ('Ackr3', 0.489793997574777), ('Akr1c14', 0.5255185812093112), ('Col5a1', 0.6965932252497062), ('Ndn', 1.4721724542524528), ('Impad1', 0.834632241946432), ('Diaph1', 0.4564314476529727), ('Abcd3', 2.172484133884156), ('Cmtm3', 1.1424303640199849), ('Bnc2', 0.67124664927137), ('Pbk', 0.8429542445082323), ('Osbpl11', 1.8576922816999115), ('Rhoj', 3.192161900436448), ('Mtmr3', 0.7189531976154848), ('C77080', 0.4863012456595123), ('Tfr2', 1.1451614696337706), ('Plin3', 0.4757911814089224), ('Usf3', 0.4241967517127822), ('Dnal1', 0.8902673895660289), ('Ssbp2', 0.4652526512530777), ('Pard3', 1.160651795157818), ('Polq', 0.5417734468784018), ('Smc4', 1.552147213613226), ('Scmh1', 0.4554899877772888), ('Cachd1', 1.081705689061901), ('Ophn1', 0.4212660640212922), ('Rcn1', 0.721992326542321), ('Wnt5a', 0.8507095207230668), ('Srrm2', 1.2876627357790018), ('Dclk1', 0.466684393376788), ('Nox4', 0.9140001354691796), ('Dhrs7', 0.7618077902420091), ('March1', 0.691992758666712), ('Fgf9', 1.0484181761578737), ('Clec3b', 3.9226279908410375), ('Iqsec2', 0.5124283013122631), ('Fam129a', 1.8943128354236545), ('Wdr43', 0.731621387766389), ('Pkig', 0.4225247442088338), ('Tyro3', 0.5500287620066069), ('Polr3a', 0.4420296435175189), ('Gpx3', 0.6977536933406031), ('Meg3', 1.1399472890191915), ('Naa15', 0.4411852763434262), ('Tmtc3', 0.4362126263171743), ('Ntrk2', 1.4654599070932994), ('Thsd7a', 2.569565226262059), ('Creb5', 4.355109137355145), ('Tbx15', 1.5868803052081115), ('Wbp1l', 0.4866164320032118), ('Lpar1', 2.930207736316391), ('Htr2a', 0.4464602974049508), ('Gprc5b', 0.6250667434531121), ('Adamts2', 0.6417045110825048), ('Thra', 1.092633666123341), ('Cand1', 1.4534161842834583), ('Fam13c', 1.3784612719608762), ('Loxl1', 2.821764317003012), ('Gas7', 1.025437611170647), ('Rnase4', 4.3211190264031885), ('Psap', 1.0177521717994542), ('Ly6c1', 6.384849834700503), ('Foxo1', 1.142029756804389), ('Nid1', 4.204211683576707)]",2488
Elk1,taipale_tf_pairs__ELK1_FOXI1_RSCGGAANRWMAACAN_CAP_repr,0.06792788144581076,3.1100664893975822,0.0,0.85514,motif is annotated for orthologous gene ENSG00000126767 in H. sapiens (identity = 85%),"frozenset({'weight>75.0%', 'activating', 'mm10_500bp_up_100bp_down_full_tx_v10_clust.genes_vs_motifs.rankings'})","[('Pskh1', 0.6011989897699872), ('Aftph', 0.9713108333612974), ('Polr2e', 0.4167032447861125), ('Arl14ep', 1.1683502175505496), ('Lrig3', 1.4147024859013362), ('Tmem38b', 1.1221223515831515), ('Osbpl1a', 0.7593828537058401), ('Pgghg', 0.4769056760978882), ('Anapc11', 0.566602780473174)]",306
Elk4,taipale__ELK1_full_NACTTCCGSCGGAARMN_repr,0.060865595573906764,3.0636362820730247,0.000563,1.0,"gene is annotated for similar motif swissregulon__mm__ELK1_4_GABP_A_B1_.p3 ('mm__ELK1,4_GABP{A,B1}.p3'; q-value = 0.000563)","frozenset({'weight>75.0%', 'activating', 'mm10_500bp_up_100bp_down_full_tx_v10_clust.genes_vs_motifs.rankings'})","[('Dnaaf5', 0.9367964375102846), ('Mpc1', 1.2208876523369436), ('Atf6', 0.4820929036753552), ('Tcea1', 0.9621197019909588), ('Pcyox1l', 1.093086852468083), ('5430402O13Rik', 2.0057853875462075), ('Pim2', 1.8148234442803608), ('Snx3', 0.4928697500143564), ('Mrps16', 0.8191162133820323), ('Sos1', 0.5799826416085263), ('Apmap', 1.4173468088013208), ('Zmym1', 0.4379170400511857), ('Rfx3', 1.2870684132680534), ('Gtpbp6', 0.7142310568692831), ('Pik3r2', 0.6788009539400013), ('Parp11', 0.921322928247498), ('Arhgef11', 0.7695120127134947), ('2310009A05Rik', 2.0860773285785954), ('Gopc', 0.7156182112931446), ('Cpne2', 1.4326545709839886), ('Bcar1', 0.5737790460309622), ('Trim56', 0.6118511179845904), ('Uqcrc2', 0.4966858683668694)]",2234
Erg,tfdimers__MD00104,0.09662711907100935,3.471752374936251,0.0,0.971193,gene is orthologous to ENSG00000157554 in H. sapiens (identity = 97%) which is directly annotated for motif,"frozenset({'weight>75.0%', 'activating', 'mm10_500bp_up_100bp_down_full_tx_v10_clust.genes_vs_motifs.rankings'})","[('Fbxo44', 0.61364706417946), ('Bola1', 0.6425549233343353), ('Tle4', 1.1712406986233843), ('Mfap3l', 1.5923425252451713), ('Stx5a', 0.4118341019930991), ('Sp110', 1.7680261604624228), ('Patl1', 0.5277432142360244), ('Kat7', 0.429060356488514), ('Arhgap28', 0.5415186621588459)]",717
Ets1,transfac_pro__M04748,0.07207999186685564,4.082205367751357,0.000195,1.0,"gene is annotated for similar motif cisbp__M0707 ('ENSG00000235187[gene ID: ""ENSG00000235187"" species: ""Homo sapiens"" TF status: ""inferred"" TF family: ""Ets"" DBDs: ""Ets""]; ENSMUSG00000044690[gene ID: ""ENSMUSG00000044690"" species: ""Mus musculus"" TF status: ""inferred"" TF family: ""Ets"" DBDs: ""Ets""]; Erf[gene ID: ""ENSMUSG00000040857"" species: ""Mus musculus"" TF status: ""inferred"" TF family: ""Ets"" DBDs: ""Ets""]; Ets1[gene ID: ""ENSMUSG00000032035"" species: ""Mus musculus"" TF status: ""direct"" TF family: ""Ets"" DBDs: ""Ets""]; Ets2[gene ID: ""ENSMUSG00000022895"" species: ""Mus musculus"" TF status: ""inferred"" TF family: ""Ets"" DBDs: ""Ets""]; Etv2[gene ID: ""ENSMUSG00000006311"" species: ""Mus musculus"" TF status: ""inferred"" TF family: ""Ets"" DBDs: ""Ets""]; Fev[gene ID: ""ENSMUSG00000055197"" species: ""Mus musculus"" TF status: ""inferred"" TF family: ""Ets"" DBDs: ""Ets""]'; q-value = 0.000195)","frozenset({'weight>75.0%', 'activating', 'mm10_500bp_up_100bp_down_full_tx_v10_clust.genes_vs_motifs.rankings'})","[('Magoh', 0.8686166385948506), ('Cnot11', 1.0208903667822269), ('Pias4', 0.5275953078117359), ('Myof', 0.9445200126854678), ('Tmem53', 0.7273272364469071), ('Ints13', 1.7146407060243496), ('Bin3', 0.7822997000266162), ('Mbd1', 1.2075367512991149), ('Ccdc107', 0.710598972090036), ('Ndufaf4', 1.433493394229911), ('Lbh', 1.239360835309133), ('Zranb3', 0.6737048130880687), ('Cep72', 0.4132461489243332), ('P2rx6', 1.090412062719099), ('Hspa1b', 0.5116684509398488), ('Pofut2', 0.7731289742886047), ('Ranbp17', 0.5055374976109585), ('Haus5', 2.309753283576641), ('Tsen15', 1.1319054238288189), ('Tfam', 2.093899749807656), ('Dhdds', 1.0799393530666104), ('Rin1', 1.272484600950095), ('Clic4', 0.5185387421591694), ('Nelfe', 0.6374600992449836), ('Ddrgk1', 1.2402297053663718), ('Tmem50a', 1.0006704011279273), ('Myo9b', 0.7136978945325037), ('Zfp946', 1.8380025784253369), ('Zfp974', 2.4407739943805646), ('Spaca1', 0.5951858242086517), ('Sox9', 1.739305146052284), ('Hcfc2', 1.238826999707796), ('Phlpp1', 0.4600362852906956), ('Thop1', 0.6300555509881319), ('Tpm1', 0.4292525774338058), ('Dock6', 1.1873215125924603), ('Snrpd2', 0.9355942017730172), ('Smtn', 1.0913527248356183), ('Myh9', 0.4184587721154181), ('Dab1', 0.6005133243511607), ('Pradc1', 0.785850624159347), ('Rabif', 0.7121207869961729), ('Cacybp', 0.4537815561886733), ('Paxip1', 1.6564667661349106), ('Slc25a19', 1.7795401761115883), ('Mib2', 0.4108296539341967), ('Plbd2', 0.6821658100484014), ('Ndufv2', 2.416602164998464)]",4996
Etv3,hdpi__ELF2,0.06807867718092157,3.030994792632668,0.000145,0.146199,gene is orthologous to FBgn0005660 in D. melanogaster (identity = 14%) which is annotated for similar motif jaspar__MA0916.1 ('Ets21C'; q-value = 0.000145),"frozenset({'weight>75.0%', 'activating', 'mm10_500bp_up_100bp_down_full_tx_v10_clust.genes_vs_motifs.rankings'})","[('Hoxa5', 0.5014055154394597), ('Lonp1', 1.9199610180039697), ('Gga2', 1.0313193657271902), ('Cpt1c', 0.7336251488780033), ('Cpeb4', 0.5039783674813696), ('Extl2', 1.7085002550072332), ('Tmem167b', 2.236090632509347), ('Mex3d', 0.5281940055025022), ('Crispld1', 0.9528965021446176), ('Ints6', 0.5647964610912025), ('Fanca', 0.4250285518760879), ('Jade1', 0.5882222416629947), ('Tcn2', 0.8441438847659197), ('Rev1', 0.633309465734494), ('Atxn7', 1.1456597161668545), ('Mob1b', 0.5826280470929941), ('Them6', 1.1375221217856752), ('Fmr1', 0.8766932202862603), ('Cyp27a1', 0.6289895534229686), ('Pgpep1', 1.247037084870246)]",954
Etv5,hdpi__ETV4,0.06634229643283096,3.255070018314818,8.4e-05,1.0,"gene is annotated for similar motif cisbp__M0698 ('ENSMUSG00000044690[gene ID: ""ENSMUSG00000044690"" species: ""Mus musculus"" TF status: ""inferred"" TF family: ""Ets"" DBDs: ""Ets""]; Ets2[gene ID: ""ENSMUSG00000022895"" species: ""Mus musculus"" TF status: ""inferred"" TF family: ""Ets"" DBDs: ""Ets""]; Etv2[gene ID: ""ENSMUSG00000006311"" species: ""Mus musculus"" TF status: ""inferred"" TF family: ""Ets"" DBDs: ""Ets""]; Etv5[gene ID: ""ENSMUSG00000013089"" species: ""Mus musculus"" TF status: ""direct"" TF family: ""Ets"" DBDs: ""Ets""]; Fev[gene ID: ""ENSMUSG00000055197"" species: ""Mus musculus"" TF status: ""inferred"" TF family: ""Ets"" DBDs: ""Ets""]'; q-value = 8.37e-05)","frozenset({'weight>75.0%', 'activating', 'mm10_500bp_up_100bp_down_full_tx_v10_clust.genes_vs_motifs.rankings'})","[('Atg16l1', 0.902457838461092), ('Thumpd3', 0.4518125155499468), ('Syf2', 0.8490868136830667), ('Psmg1', 1.0367830705385432), ('Lonp2', 0.4468407578573979), ('Mief1', 1.538859745347832), ('Vps4b', 0.4769374766056424), ('Zfp709', 0.4327254333269276), ('Emc4', 2.1809887247275275), ('Timm10', 0.4921979302875072), ('Nifk', 0.9339384232584946), ('Lsm5', 0.7432654415480072), ('Tomm22', 0.4667718304426942), ('Psmf1', 0.6557669366055592), ('Polr3h', 0.7366939337557211), ('Galk2', 1.6275498634680858), ('Fbxl12', 0.5822059418333387), ('D8Ertd738e', 0.4789190710545027), ('Ada', 0.8250447141199485), ('Prorsd1', 0.991775575110912), ('Zfp131', 0.7181597567243356), ('Utp14a', 0.9047159461772308), ('Toe1', 1.034600531426159), ('Med8', 0.9397050279914124), ('Sdhd', 1.7335091043472683), ('Nrros', 1.460003818135854), ('Gtf2a1', 0.55094462426359), ('Reps1', 0.5641708882511106), ('Ms4a7', 0.8055419916561107), ('Gspt1', 0.8002240419564597), ('Ddx24', 1.39219372745895), ('Pcyt1a', 2.697896416994475), ('Ticam1', 0.4657230002440712), ('Dctn5', 0.8729806031062296), ('Dlst', 0.4439009277053847), ('Psat1', 0.5863707744060991), ('G6pdx', 0.6545588068251462), ('Dock8', 0.6012722277544612)]",2156
Fli1,hdpi__ETV4,0.06670041687760549,3.3632222900828137,0.000406,1.0,gene is annotated for similar motif homer__NRYTTCCGGH_Fli1 ('Fli1(ETS)/CD8-FLI-ChIP-Seq(GSE20898)/Homer'; q-value = 0.000406),"frozenset({'weight>75.0%', 'activating', 'mm10_500bp_up_100bp_down_full_tx_v10_clust.genes_vs_motifs.rankings'})","[('Psma6', 1.4351729258654935), ('Spink10', 0.5191381749545856), ('Hnrnpc', 0.7225052901067006), ('Spice1', 1.092855037667117), ('Rpf1', 1.2865859847195322), ('Ero1l', 1.4933626463107672), ('Med15', 0.4501405269512678), ('Lamtor3', 1.3505341091438254), ('Ssbp1', 0.6867436627176596), ('Ccndbp1', 0.9955657721101338), ('Itprip', 0.5460294648598274), ('Rars', 0.5403811031031093), ('Arrb2', 0.6933113386763344), ('Por', 0.5911545327549454), ('Banf1', 0.7723205148871182), ('Fndc3a', 0.5967611630238802), ('Ubl4a', 3.405335704174312)]",860
Fli1,hdpi__ELF2,0.06941918386989919,3.5973758526544524,8.2e-05,1.0,gene is annotated for similar motif homer__NRYTTCCGGH_Fli1 ('Fli1(ETS)/CD8-FLI-ChIP-Seq(GSE20898)/Homer'; q-value = 8.21e-05),"frozenset({'weight>75.0%', 'activating', 'mm10_500bp_up_100bp_down_full_tx_v10_clust.genes_vs_motifs.rankings'})","[('Wiz', 0.4159566491057732), ('Rpf1', 1.2865859847195322), ('Topbp1', 1.0616808289840935), ('Dcaf8', 0.4453392146617744), ('Lipe', 0.8660178336313906), ('Ccndbp1', 0.9955657721101338), ('Mkx', 0.5128752847260541), ('Lrig1', 0.9144345111291104), ('Fndc3a', 0.5967611630238802), ('Rars', 0.5403811031031093), ('C1qtnf9', 2.2203632118916814), ('Dll1', 0.7942580821186448), ('Cdca5', 0.4509038952277817), ('Ubl4a', 3.405335704174312), ('Ergic3', 0.9521599011261208), ('Nek2', 0.4148023050849739), ('Abcb1b', 0.7944422810901647), ('Gpn3', 0.6442172775247041), ('Ptafr', 1.1239381724270596), ('Hnf4g', 1.468256086793869), ('Spink10', 0.5191381749545856), ('Prrc2c', 0.671799154566038), ('Sypl', 0.7525484293983193), ('Dusp3', 1.1090970876920785), ('Ssbp1', 0.6867436627176596), ('Itprip', 0.5460294648598274), ('Bnip2', 0.5999384215460825), ('Kank3', 2.432253922895093)]",2506
Fosb,transfac_public__M00039,0.06022118769320532,3.6850583598025577,0.000403,0.923077,gene is orthologous to ENSG00000125740 in H. sapiens (identity = 92%) which is annotated for similar motif transfac_pro__M08937 ('V$JUNFOSB_02: C-JUN:FOSB'; q-value = 0.000403),"frozenset({'weight>75.0%', 'activating', 'mm10_500bp_up_100bp_down_full_tx_v10_clust.genes_vs_motifs.rankings'})","[('Arih1', 2.297256742951717), ('Nudt9', 1.1568136645100726), ('Slc35e1', 0.7522039184490529), ('Bhlhe40', 1.023265540284835), ('Dusp1', 1.222903780333366), ('Ints6', 2.8015551439770423), ('Stx5a', 0.6757092033866091), ('Ppp1r10', 1.6596898684984598), ('Braf', 1.5862367845552403), ('Zswim7', 0.5610605436899726), ('Hmg20a', 0.4219937705223895), ('Fst', 0.6467894192345155), ('Tceal9', 0.6981620107358087), ('Rab5a', 1.1907439468328986), ('Cxcl1', 2.177921529668775), ('Ddx3x', 1.4006695457270428), ('Lamtor4', 0.5599796199277127), ('Fmnl2', 0.5488572181279775), ('Zfp36l2', 1.4617893955943533), ('Foxj3', 0.6115140344801296), ('Relb', 0.5268779621140419), ('Slc25a10', 0.4607863645876376), ('Eva1c', 0.4137414950771105), ('Rhoq', 1.4315045189038786), ('Prkcsh', 0.5043238106456306), ('Serpine1', 0.4718725354643735), ('Aox3', 0.7052054804488664), ('Lekr1', 0.995462834507283), ('Asb11', 0.8394854749761209), ('Erp29', 0.6050807149364507), ('Jund', 6.790587960015883), ('Fos', 2.821116766414407), ('2010310C07Rik', 0.5148450040569125), ('Ano6', 0.4565993153210547), ('Btbd7', 0.4567985095828735), ('Jmy', 0.4590891325323256), ('Zcchc2', 1.0431367427504896), ('6430548M08Rik', 0.6518701803776586), ('Arl5b', 0.5132556251198476), ('Echdc2', 0.4984579537335168), ('Ifrd1', 0.7470105754130953), ('Atp6v1a', 1.8173390388322277), ('Egr1', 3.0471897027673487), ('Hyls1', 0.487775214081791), ('Mex3c', 0.4412679556388459), ('Hs3st3a1', 1.2707453732800855), ('Pnldc1', 0.8954033905500522), ('Sirt1', 0.6235272196784746), ('Tnfaip3', 2.8717611910750622), ('2700097O09Rik', 0.7464916211917361), ('Lyst', 0.7550960934214864), ('Ptbp1', 0.8145304218293936), ('Add3', 0.7100555793162605), ('Osbpl8', 0.729278900669451), ('Mbd6', 0.5325621919471574), ('Prmt5', 0.4672121209911715), ('Slc38a2', 0.6710824983710968), ('Atg101', 0.4826501408844637), ('Hivep1', 0.7929067204070619), ('Gpbp1', 0.7849480131561336), ('Zfp516', 0.8176035270622527)]",1547
Fosb,tfdimers__MD00314,0.05544981802013641,3.096990440044954,0.0,0.923077,gene is orthologous to ENSG00000125740 in H. sapiens (identity = 92%) which is directly annotated for motif,"frozenset({'weight>75.0%', 'activating', 'mm10_500bp_up_100bp_down_full_tx_v10_clust.genes_vs_motifs.rankings'})","[('Slc35e1', 0.7522039184490529), ('Arih1', 2.297256742951717), ('Zswim7', 0.5610605436899726), ('Dusp1', 1.222903780333366), ('Braf', 1.5862367845552403), ('Bcl6', 0.579364962094935), ('Fos', 2.821116766414407), ('Arl5b', 0.5132556251198476), ('Egr1', 3.0471897027673487), ('Srebf2', 1.2731121021275913), ('6430548M08Rik', 0.6518701803776586), ('Stx5a', 0.6757092033866091), ('Plk3', 1.007737953623545), ('Hmgcs1', 0.5700790495024888), ('Relb', 0.5268779621140419), ('Prmt5', 0.4672121209911715), ('Tceal9', 0.6981620107358087), ('Gpbp1', 0.7849480131561336), ('Mex3c', 0.4412679556388459), ('Clk1', 1.3280432559818034), ('Tspyl4', 2.087008864667067), ('Hivep1', 0.7929067204070619), ('Rab5a', 1.1907439468328986), ('Lekr1', 0.995462834507283), ('Btg2', 1.897760781747925), ('Prkcsh', 0.5043238106456306), ('Azin1', 0.809643517453724), ('Fosb', 1.0), ('Wdr91', 0.6326251230565171), ('Nudt9', 1.1568136645100726), ('Aox3', 0.7052054804488664), ('Ppp1r15a', 1.4282889536116423), ('Jmy', 0.4590891325323256), ('Nsd3', 2.415496067749089), ('Rhoj', 1.285881572030021), ('Btg1', 3.5722237907487253), ('Gem', 0.9621644086189938), ('Ccnl1', 1.9326167034389057), ('Irf2bpl', 0.732662672777787), ('Ube2h', 1.2747850981710829), ('Btbd7', 0.4567985095828735), ('Tmub1', 0.4838943301013562), ('Birc2', 0.7871765061970079), ('Erp29', 0.6050807149364507), ('Hmg20a', 0.4219937705223895), ('Ppm1b', 1.4576910864728447), ('2700097O09Rik', 0.7464916211917361), ('Ier2', 0.8365609090019412), ('Fzd3', 0.948214489855454), ('Jun', 2.065173856671364), ('Actr3b', 0.9195710512704374), ('Ubn2', 0.4149226178537811), ('Csnk1d', 0.6787835271511716), ('Gas5', 0.8246205685668275), ('Klf9', 2.61663363733928), ('Hs3st3a1', 1.2707453732800855), ('Atf3', 1.2998425720572404), ('Tnfaip3', 2.8717611910750622), ('Klf13', 0.4104390773294177), ('Errfi1', 0.672640470612001), ('Hopx', 0.8230353214914033), ('Fam149b', 0.7522045034416414), ('Stat3', 1.156359993410001), ('Zc3h18', 0.71229069729755), ('Slc35f3', 0.9019000417901244), ('Rab3a', 1.4829772509310435), ('Tra2b', 4.215325422415848), ('Usp32', 0.7206651758480452), ('Zbtb11', 0.9693487538230562), ('Lyst', 0.7550960934214864), ('Baz2b', 0.4393284369751818), ('Ccnd2', 1.2762555518905627), ('Erf', 0.7717443694667239), ('Mitf', 0.8124073115462862), ('Hk2', 1.5260158754764632), ('Lrp1', 0.7271083556909653), ('Zscan22', 0.6999065016603618), ('Ddx3x', 1.4006695457270428), ('Net1', 0.4516730095673423), ('Plau', 0.6579940130247439), ('Mapkapk3', 0.5876257609825036), ('Gtpbp1', 0.5182887475366174), ('Atp6v1a', 1.8173390388322277), ('Zfp516', 0.8176035270622527), ('Nr4a1', 0.8144951632085967), ('Zfp94', 0.6395751851616613)]",2271
Fosl2,transfac_pro__M02279,0.05947543728092357,3.178496153857534,0.000123,0.923313,gene is orthologous to ENSG00000075426 in H. sapiens (identity = 92%) which is annotated for similar motif transfac_pro__M08941 ('V$JUNFRA2_02: C-JUN:FRA-2'; q-value = 0.000123),"frozenset({'weight>75.0%', 'activating', 'mm10_500bp_up_100bp_down_full_tx_v10_clust.genes_vs_motifs.rankings'})","[('Eif4enif1', 1.5197725544131782), ('Usp2', 0.7899268106899978), ('Etv5', 0.9322178811572356), ('Adnp', 0.7536672337334528), ('Htatsf1', 2.515287668199421), ('BC048403', 0.4221947095334659), ('Plcz1', 0.6959355524472417), ('Napa', 0.6438792857566165), ('Klf4', 0.9111537989514988), ('Tbpl1', 1.054908940767486), ('Wbp1', 0.4216947248347572), ('Ppp1r15a', 0.4990394573108594), ('Nr4a1', 1.3052945415511488), ('March9', 1.0717300899979232), ('Jak2', 0.422782704900919), ('Hsf2', 0.9387032199582764), ('Rad1', 0.4274458530776498), ('Pex5', 0.9902248471898376), ('Sidt2', 0.498844561821226), ('Arl4a', 0.4762757884260974), ('Slc6a2', 2.5350766831403435), ('Tfip11', 2.511236811065369), ('Ilf3', 0.9606083692294844), ('Flcn', 0.5286781880964322)]",646
Fosl2,transfac_public__M00039,0.06839253846735144,4.118550472560079,2.5e-05,0.923313,gene is orthologous to ENSG00000075426 in H. sapiens (identity = 92%) which is annotated for similar motif transfac_pro__M08941 ('V$JUNFRA2_02: C-JUN:FRA-2'; q-value = 2.46e-05),"frozenset({'weight>75.0%', 'activating', 'mm10_500bp_up_100bp_down_full_tx_v10_clust.genes_vs_motifs.rankings'})","[('Ilf3', 0.9606083692294844), ('Snapc1', 1.6008024043859694), ('Plcz1', 0.6959355524472417), ('Srrd', 2.5966325184841126), ('Irak3', 0.9058004540701482), ('Adnp', 0.7536672337334528), ('Arl4a', 0.4762757884260974), ('Sidt2', 0.498844561821226), ('Usp2', 0.7899268106899978), ('Napa', 0.6438792857566165), ('Ptgs2', 1.8407587866898392), ('Tfip11', 2.511236811065369), ('Uap1', 0.4806866158816412), ('BC048403', 0.4221947095334659), ('Cox8a', 0.69897945787961), ('Xrn2', 1.6674387025760558), ('Pcdh10', 0.432812991640884), ('Btg2', 0.6417949192275082), ('Wdr91', 0.9015271456514355), ('Arpc5', 1.0808723188538545), ('Slc38a6', 0.5232158743831654), ('Aox3', 0.9078126551814404), ('Creb5', 0.689379440827597), ('Ppp1r15a', 0.4990394573108594), ('Nsd3', 0.7212000551926476), ('Psd3', 0.6198772893920916), ('2610020C07Rik', 0.464506759458651), ('Wsb1', 1.088674217193257), ('Ccnl1', 0.4489992855061268), ('Dld', 0.4658655189806875), ('Dnajc11', 0.5102510074061594), ('Dnajc27', 0.5919492684175598), ('Nsmce3', 0.724768295044614), ('Flcn', 0.5286781880964322), ('AI597479', 0.5571201479549494), ('Rbbp8', 0.5343859224163782), ('Pced1a', 0.4245748815535304), ('Apbb1', 0.6330815677420679), ('Btaf1', 1.1613613036053074), ('Nktr', 0.8499877758691209), ('Ror2', 0.6999513172360061), ('Kdm4b', 1.3381761291510537), ('Errfi1', 2.640245695954587), ('Zfp598', 0.4212597267531253), ('Eif4e', 0.7736252646360952), ('Frat2', 0.4592463852052369), ('Arfgef2', 0.7027084989779918), ('Plau', 0.4802030072036429), ('Nr4a1', 1.3052945415511488), ('Trim25', 0.4347232614717729), ('Lmbr1', 1.0611118436829956), ('Uvssa', 1.0197228396329472), ('Has1', 0.9849433674265284), ('Nup98', 0.4117649014124991), ('Polr3d', 0.8917764361319815), ('Tmem79', 1.4717150085916837), ('Cbx6', 0.4699786643697079), ('Ppp1r10', 0.8938719550251556), ('Cog2', 3.258368605746047), ('Cyb561d2', 0.5242915359987569), ('Epb41l2', 0.4769140382418472), ('Ece2', 0.5458770106825979), ('Adgrg6', 0.5222410662234401), ('Dcps', 0.4458721124296046), ('Pip5k1a', 0.4124717744133337), ('Pacs2', 0.4392322369739496), ('Tmem131', 0.4927508886607438), ('Picalm', 0.5312127356932645), ('Card14', 1.03376614588459)]",2991
Hoxa3,transfac_pro__M02869,0.08842971935241262,4.247679612721397,0.0,1.0,gene is directly annotated,"frozenset({'weight>75.0%', 'activating', 'mm10_500bp_up_100bp_down_full_tx_v10_clust.genes_vs_motifs.rankings'})","[('Ift140', 0.6183504742987291), ('Tusc1', 0.9081470456597456), ('Hoxa3', 1.0), ('Ankmy2', 0.5556829302270286), ('Wbp1', 0.5847423685731381), ('Samd10', 1.955996000646018), ('Pfkfb3', 0.9679733973534606), ('Lhfpl2', 0.536971396050473), ('Ctdnep1', 0.4566884413657192), ('Klhl9', 0.7576367805175429), ('Supt3', 1.0494745256793294), ('Cdkl2', 1.3485813298063212), ('Syk', 1.0406735721699525), ('Mfsd7a', 1.6182373741090816), ('Prodh', 1.3317904147689676), ('Nup153', 0.4740779693650132), ('Chpt1', 0.4321528198323149), ('Ahi1', 0.99673799259859), ('Mb21d2', 0.5044050836587186), ('Car5b', 0.6967516062439957), ('Coq3', 1.2314249787089842), ('Slc19a1', 0.949313733287417), ('Rnps1', 0.5526919021493112), ('Htatip2', 1.0063368715339618), ('Fgfr1op', 0.8727802750975593), ('Ing1', 1.434673768872084), ('Frmd8', 0.5465632566295768), ('Cstf3', 1.189238446929071), ('Zfp518b', 0.6450404610995332), ('Zc3h18', 0.4638951405480943), ('Pum1', 0.7355447237373657), ('Tet2', 1.6378983415112112), ('Snhg20', 0.8296065531054093), ('Ric3', 1.759448019625378), ('Rfc3', 0.5881108515813981), ('Rbms2', 0.604141725580026)]",4783
Hoxb2,hdpi__PHOX2A,0.0838766537471582,3.0535191395381207,0.000924,0.80791,gene is orthologous to ENSG00000173917 in H. sapiens (identity = 80%) which is annotated for similar motif taipale_cyt_meth__HOXB2_NYAATTAN_eDBD ('HOXB2 [Homeodomain]'; q-value = 0.000924),"frozenset({'weight>75.0%', 'activating', 'mm10_500bp_up_100bp_down_full_tx_v10_clust.genes_vs_motifs.rankings'})","[('Cdk7', 0.5907498530092021), ('Psmd9', 0.4876497053764281), ('Tmem135', 0.7609598730273469), ('Copg1', 0.8872286767501375), ('Npepl1', 2.2521193129452644), ('Pex19', 0.6456127467732864), ('Qrich1', 0.7049418689047051), ('Git2', 0.6994518410637431), ('Bach2', 1.3206387972199294)]",491
Junb,transfac_pro__M08803,0.05466376715128692,3.850280663052363,0.000808,0.930836,motif similar to taipale_cyt_meth__JUNB_NATGACGTCAYN_eDBD_repr ('JUNB [bZIP]'; q-value = 0.000808) which is annotated for orthologous gene ENSG00000171223 in H. sapiens (identity = 93%),"frozenset({'weight>75.0%', 'activating', 'mm10_500bp_up_100bp_down_full_tx_v10_clust.genes_vs_motifs.rankings'})","[('Ilf3', 2.5643780064799837), ('Tpt1', 1.9503009949145331), ('Arih1', 1.4987711915543844), ('Dusp1', 4.082058870580426), ('Braf', 0.4560423781328258), ('Nr4a3', 0.7005964409604419), ('Insig1', 0.5270020296980888), ('Aunip', 0.4384590525289119), ('Srrd', 0.6544971794486867), ('Bcl6', 0.7805568492563046), ('Fos', 2.643504043508286), ('D330041H03Rik', 0.4376973626905607), ('Irak3', 1.7441229211507063), ('Fdxacb1', 0.5317163955995485), ('Arl5b', 0.5142732744478288), ('Usp2', 0.7850138747375739), ('Egr1', 5.578668261564757), ('Ptgs2', 3.494233062274062), ('Rfx1', 0.4798050396494952), ('Uap1', 2.363100323690388), ('Clcn7', 0.4671638055306552), ('Clk1', 0.7298982777636734), ('Pla1a', 0.8152041255325317), ('Zfp574', 1.4126033917700116), ('Btg2', 3.122084496959246), ('Ralgapa1', 0.4449979966540628), ('Sbds', 0.651308848070635), ('Fosb', 2.17763833923754), ('Rps18', 1.4196295828540622), ('Aox3', 0.9231973982155616), ('Ppp1r15a', 2.831183871708169), ('Nsd3', 0.7326864726075211), ('Rpl27a', 1.1056361558214924), ('Rhoj', 1.035490856091382), ('Btg1', 2.097310147473009), ('Gem', 0.9900029950107628), ('Mt1', 1.7260249120638522), ('Rps29', 1.4386460753747476), ('Wsb1', 2.0525733329015283), ('Ccnl1', 2.034141599007981), ('Il6', 1.0375395080115222), ('Rps9', 0.6988498701096272), ('Ube2h', 0.812905894503161), ('Dld', 0.660112747501296), ('Prdx6', 0.6349153705858), ('Gsn', 0.6193956263312291), ('Erg', 0.7469960369943532), ('Kcnab2', 0.452082188739495), ('Ier2', 3.0384050991469005), ('Rpl13', 0.9873607189444764), ('Fau', 0.5033114935854147), ('Flcn', 0.7766404878974118), ('Fam229b', 0.5000842376568239), ('Jun', 2.371006870720972), ('Rbbp8', 0.4686646780706146), ('Tiprl', 0.4447631922348831), ('Pced1a', 0.6197032800253218), ('Skp1a', 0.4440662822511673), ('Prkag1', 0.5956779254002936), ('Ddx5', 0.8683525155635599), ('Klhdc9', 0.7455367442085725), ('Klf9', 0.5421380197733405), ('Rps3a1', 0.7581682286036635), ('Atf3', 2.1403011780274057), ('5930430L01Rik', 0.4803698884499325)]",1512
Junb,transfac_pro__M02279,0.0560162664636398,4.0505437007882295,0.000195,0.938953,gene is orthologous to ENSG00000171223 in H. sapiens (identity = 93%) which is annotated for similar motif transfac_pro__M08921 ('V$JUNBFOSB_02: JUNB:FOSB'; q-value = 0.000195),"frozenset({'weight>75.0%', 'activating', 'mm10_500bp_up_100bp_down_full_tx_v10_clust.genes_vs_motifs.rankings'})","[('Arih1', 1.4987711915543844), ('Samd4b', 0.968726412321031), ('Fdxacb1', 0.5317163955995485), ('Dot1l', 1.1191091920124134), ('Braf', 0.4560423781328258), ('Lysmd3', 0.4330986268318837), ('Fau', 0.5033114935854147), ('Ube2j1', 0.8614286430631357), ('Rxrg', 0.8037994474044202), ('Zfp770', 0.4223124320742292), ('Net1', 0.8768413991890738), ('Clk1', 0.7298982777636734), ('Mcl1', 0.495382849959786), ('Dld', 0.660112747501296), ('C630043F03Rik', 0.4838864779960649), ('Id3', 2.7874147949703745), ('Ilf3', 2.5643780064799837), ('Nsd3', 0.7326864726075211), ('5930430L01Rik', 0.4803698884499325), ('Rpl22l1', 0.4729949446014824), ('Rps9', 0.6988498701096272), ('Aunip', 0.4384590525289119), ('Irak3', 1.7441229211507063), ('Rps20', 0.8424082520638889), ('Phpt1', 0.5409956116547475), ('Gem', 0.9900029950107628), ('Has1', 2.216432132447361), ('Rps29', 1.4386460753747476), ('Nfkbiz', 4.1340827379081535), ('Ppp1r15a', 2.831183871708169), ('Crtc2', 0.5198548706099603), ('Egr1', 5.578668261564757), ('Rbks', 0.838808433266449), ('Morn1', 0.5278669258344405), ('Trappc1', 0.4182503605343283), ('E530011L22Rik', 0.5455410564894861), ('Usp2', 0.7850138747375739), ('Sbds', 0.651308848070635), ('Fam120b', 0.4101143377174066), ('Ccnl1', 2.034141599007981), ('Ier2', 3.0384050991469005), ('Btg1', 2.097310147473009), ('Tpt1', 1.9503009949145331), ('Birc3', 2.5903688821268225), ('Aff1', 2.052899263485167)]",927
Junb,transfac_public__M00039,0.060163424467472394,4.664608678295171,5.1e-05,0.938953,gene is orthologous to ENSG00000171223 in H. sapiens (identity = 93%) which is annotated for similar motif transfac_pro__M08927 ('V$JUNB_03: JUNB'; q-value = 5.12e-05),"frozenset({'weight>75.0%', 'activating', 'mm10_500bp_up_100bp_down_full_tx_v10_clust.genes_vs_motifs.rankings'})","[('Cebpd', 3.7293113152401065), ('Prpf18', 0.4633617480128448), ('Rps19', 1.5555508499514477), ('Zfp668', 0.7096928436428611), ('Morn1', 0.5278669258344405), ('Zeb2', 0.5186855017937788), ('Rps3a1', 0.7581682286036635), ('Hist1h2an', 0.6622951213242502), ('Rxrg', 0.8037994474044202), ('Rps7', 0.5221140196468079), ('Fam120b', 0.4101143377174066), ('Fosl2', 1.814525447509644), ('Pnp', 1.3390743680038362), ('Tnfaip6', 4.794859958395854), ('Map3k2', 0.865547565245981), ('Dusp1', 4.082058870580426), ('Rps15a', 1.3917534234368265), ('Hibch', 0.7558987888878239), ('Metrnl', 0.7935622083729957), ('Midn', 1.3535154062611745), ('Has2', 0.6801061819747342), ('Rpl37', 0.537451563071055), ('Rhoq', 0.6245002450627684), ('Clcn7', 0.4671638055306552), ('Rims2', 0.8240004893453694), ('Rpl32', 0.9276091725900524), ('Ears2', 0.6628091191014766), ('Cflar', 0.8888076353848797), ('Stx1b', 0.6809713334891386), ('Rps27', 1.3249426790343013), ('Psd', 0.6103717105492362), ('Nek4', 0.422252841304754), ('Wsb1', 2.0525733329015283), ('Cyp4v3', 1.7091885811940215), ('Atf4', 1.3608003469518106), ('Prdx6', 0.6349153705858), ('Rpl13', 0.9873607189444764), ('Pxn', 2.0979926223071805), ('Rps4x', 0.8639812665718641), ('Rps6', 1.3092215033234953), ('Fgfr1', 0.4397615669294493), ('Fosb', 2.17763833923754), ('Rpl22l1', 0.4729949446014824), ('Prkag1', 0.5956779254002936), ('1700028E10Rik', 0.4202782741932288), ('Pycard', 0.7519721791208129), ('5930430L01Rik', 0.4803698884499325), ('Lrp5', 0.5081121814281008), ('Ptgs2', 3.494233062274062), ('Irak3', 1.7441229211507063), ('Sh3pxd2a', 0.6200363221236194), ('Zhx2', 0.4804658842370214), ('Man1a', 0.957052268212624), ('Ddc', 0.5412882512104231), ('Rsrp1', 2.6030595079289016), ('Zfp169', 0.4680727574643467), ('Tspan14', 0.4648751748054928), ('C3', 1.3098852509136671), ('Ints10', 0.4615582992553702), ('Hist2h2ac', 0.5812309433867129), ('Rps18', 1.4196295828540622), ('Alkbh3', 0.4808824068777499), ('Tiprl', 0.4447631922348831), ('Nsd3', 0.7326864726075211), ('Tstd1', 0.8723736920629986), ('Pnrc1', 3.3335201081347337), ('Cth', 0.5606986071145129), ('Zfp36l1', 4.017388951570829), ('Akr1c13', 1.0958840048881715), ('Ptgs2os', 1.3637455334499502), ('Rab20', 0.4235709841492451), ('Ccsap', 0.6961047070299007), ('Rbp4', 0.8075579296580799), ('Zfp770', 0.4223124320742292), ('Usp2', 0.7850138747375739), ('Etfb', 0.544356620538885), ('Preb', 0.4465481816992793), ('Irf1', 7.242210485885634), ('Uap1', 2.363100323690388), ('Eif4e', 1.377568664139688), ('Clic4', 0.4395737622144453), ('Rhoj', 1.035490856091382), ('Hic1', 0.6796262882843428), ('Cntnap5b', 1.366185731990578), ('Yipf2', 0.5124302012830935), ('Spag16', 0.4712262293316256), ('Sf3b1', 0.4635623900458396), ('Ltc4s', 0.4874817849880579), ('Zfp574', 1.4126033917700116), ('Zfp36', 7.79343803982468), ('Kyat1', 1.2488937285836488), ('Zfp28', 0.4446119993094105), ('Jph4', 0.5214780459780809), ('Txlng', 0.5700013186268963), ('Rbpj', 1.219392331747527), ('Exoc3', 0.4459228682449542), ('Fbxl12', 1.136764594944722), ('Nrxn3', 0.51025865769948), ('Rpl27a', 1.1056361558214924), ('Dusp6', 0.6104835381925079), ('Cars', 2.3111440800958465)]",2482
Klf13,hocomoco__KLF13_HUMAN.H11MO.0.D,0.06613962778239586,4.077727329637177,0.0,0.9375,motif is annotated for orthologous gene ENSG00000169926 in H. sapiens (identity = 93%),"frozenset({'weight>75.0%', 'activating', 'mm10_500bp_up_100bp_down_full_tx_v10_clust.genes_vs_motifs.rankings'})","[('Cyhr1', 0.496321631338003), ('Ppp1cb', 0.5613469691695696), ('Gripap1', 0.4996156767771634), ('Rnf113a2', 1.3719848137117818), ('Cdc42bpb', 0.4202686589095847), ('Endov', 0.5373686097350924), ('Mpp1', 3.42197324459473), ('Cgnl1', 0.443545961224139), ('Prr5', 0.6678026018785124), ('Dhdh', 0.7813338670946904), ('Srgap2', 0.8934696199447048), ('Anapc11', 0.6993140364371083), ('Ankrd35', 2.051473133583992), ('Tti2', 0.667050109287968), ('Ppargc1b', 0.5060496862896927), ('Cflar', 0.526969995118011), ('Trim37', 0.9601304765527964), ('Tenm3', 0.4917884819121302), ('Wac', 0.4384743960543645), ('Sec61g', 1.3438111174544527), ('Telo2', 0.9869641212893804), ('Med25', 1.7379490105274922), ('Vasp', 0.7136373221366167), ('Rmnd1', 0.4219327223639051), ('Ggh', 0.6616230122124591), ('Pex16', 0.8107958629069245), ('B230312C02Rik', 0.6595153759119718), ('Cdkn2a', 0.4165417954198834), ('Gpr135', 0.4847791565227592), ('Nuf2', 0.4308933876776292), ('Rnf44', 1.3924612403646386), ('Acad10', 0.5982028198412072), ('Ctnna1', 0.419552486885745), ('Pced1a', 0.9867881626444782), ('Terf2', 0.5168013350962131), ('Tgfb1i1', 0.4208563656779274), ('2900026A02Rik', 0.9504867747624476), ('Kifap3', 0.7986834592727877)]",1469
Nfkb1,transfac_pro__M01239,0.059371308570678565,3.189829356684629,0.000139,0.870237,gene is orthologous to ENSG00000109320 in H. sapiens (identity = 87%) which is annotated for similar motif factorbook__NFKB1 ('NFKB1'; q-value = 0.000139),"frozenset({'weight>75.0%', 'activating', 'mm10_500bp_up_100bp_down_full_tx_v10_clust.genes_vs_motifs.rankings'})","[('Ube2q1', 0.7311794280103893), ('Nr4a3', 1.041867948829732), ('Bhlhe40', 0.8871219944760143), ('Dusp1', 0.5543971348918559), ('Khdrbs1', 0.4202767925198187), ('Creb3l1', 0.537508722420916), ('Ppp1r10', 1.3771080427782494), ('Irak3', 0.7435185108709502), ('Map3k20', 0.4562116476859976), ('Map9', 1.0498111175291671), ('Cxcl1', 2.472025892434282), ('Rps29', 0.5672074395654195), ('Zfp36l2', 0.5730899170896121), ('Ascc3', 0.5533627510392528), ('Nktr', 0.8242916609656357), ('Rcbtb1', 0.63990811181014), ('Usp2', 0.942764124550592), ('Trim39', 1.0291507278168237), ('Ddx5', 0.5598580168555324), ('Ell2', 1.2853332998967697), ('Ap5z1', 0.5500308540036004), ('Aoc3', 0.6644471680365481), ('Sppl2a', 0.5894305954418501), ('Il1rl2', 0.640879521405729), ('Aatk', 0.6118382385309), ('Rhoq', 3.737244150356804), ('Zhx2', 0.4927298342224548), ('Gatad2a', 0.4120836093064819), ('Psmc3ip', 0.5377576425171298), ('Cmip', 0.492481571843674), ('Slc35b1', 0.7383736553477194), ('Uap1', 1.6446260458797328), ('Frat2', 0.5193673157838482), ('2010310C07Rik', 0.9803604618757246), ('Btaf1', 0.7516022057473442), ('Fdxacb1', 0.6828567301566678), ('Samd4', 1.366561147700755), ('Lrrc27', 0.5842440090560539), ('Echdc2', 0.5664565531827858), ('Ifrd1', 0.5062387345455261)]",950
Nfkb1,homer__GGAAATTCCC_NFkB-p65-Rel,0.06008225051406571,3.2698640307504254,9.9e-05,1.0,gene is annotated for similar motif hocomoco__NFKB1_MOUSE.H11MO.0.A ('NFKB1_MOUSE'; q-value = 9.89e-05),"frozenset({'weight>75.0%', 'activating', 'mm10_500bp_up_100bp_down_full_tx_v10_clust.genes_vs_motifs.rankings'})","[('Map9', 1.0498111175291671), ('Fdxacb1', 0.6828567301566678), ('Dot1l', 0.4265919653389594), ('Btaf1', 0.7516022057473442), ('Lysmd3', 0.806540388897112), ('Zfand5', 1.0903099017680469), ('Erf', 0.9301181851034016), ('Luc7l2', 1.1050964051780858), ('Spag9', 1.9013902969873249), ('Srrm2', 0.6954134753629136), ('Mcl1', 1.1922381610781243), ('Zfp27', 0.684855639300179), ('Ncoa5', 0.5305133288853188), ('Elf1', 0.7690064293562383), ('Id3', 2.7636888467258887), ('2210039B01Rik', 0.586211763384812), ('Ralgapb', 0.5277748163758337), ('Irak3', 0.7435185108709502), ('Anxa4', 0.7197125403566397), ('Cops4', 0.502455358899885), ('Arl13b', 0.4927676688243407), ('Has1', 1.338513454151274), ('Rps29', 0.5672074395654195), ('Nfkbiz', 1.0064574956641423), ('Ppp1r15a', 1.393132794851858), ('Atxn7', 0.9367390505499904), ('Vhl', 0.4676535764800836), ('Slc39a14', 1.956414214053892), ('Slc35b1', 0.7383736553477194), ('Usp2', 0.942764124550592), ('Cxcl2', 0.7785496772380316), ('Gaa', 0.7736452309276133), ('Ccnl1', 1.7641855973475156), ('Btg1', 0.5784292320469678), ('Sub1', 0.4767343389193128), ('Zfp36l2', 0.5730899170896121), ('Mafk', 0.6000393610220166), ('Aebp1', 0.5004761255566578), ('Ice2', 0.5206400254075806), ('Pafah1b1', 1.309922928978215), ('Ptgs2', 3.1390691098000327), ('Entpd5', 0.6348779796376025), ('Dnmt3a', 0.552653901166023), ('S1pr3', 0.4301212008972873), ('Rab15', 0.6780216764010025), ('Irs2', 1.4459521729838165), ('Nktr', 0.8242916609656357), ('Stat3', 0.5467112564109663), ('Lcmt2', 0.5859233099142147), ('Sik1', 0.5496793400523581), ('Dusp1', 0.5543971348918559), ('Hdac4', 0.4887612009487268), ('Efcab14', 0.901251565149346), ('Zfp318', 0.440202924571634), ('Fkbp1b', 1.3570630739888097), ('Ddx5', 0.5598580168555324), ('Arid5b', 1.2642874259581154), ('Desi1', 0.4995481770141688), ('Dcun1d3', 0.4998771788555773), ('P2ry1', 0.5660434459714454), ('Dio3os', 0.6330945276900969), ('Gna13', 0.5506387796141269), ('Slc25a33', 0.7475633442731882), ('Btg2', 0.7018529330525332), ('Sdccag8', 0.916478029623224), ('Errfi1', 1.9907592039760484), ('Fosb', 1.2488526341928434), ('Rbbp8', 0.8411926375015655), ('Smyd4', 0.8836627599407267), ('Ell2', 1.2853332998967697), ('Sppl2a', 0.5894305954418501), ('Rock2', 2.1314336058622736), ('Prkcg', 0.9637433358717032), ('Rffl', 2.043795028942481), ('Sdk1', 0.6010748532550372), ('Hspe1', 1.1372190483692148), ('Tbx3', 0.6437835213080626), ('Klf4', 0.932535082410714), ('1700028E10Rik', 0.8341249556275355), ('Irf1', 0.6133744608679242), ('Arhgap28', 0.6459373079968782), ('Rcbtb1', 0.63990811181014), ('Zbtb12', 0.5624917395440818)]",2760
Nfkb1,transfac_pro__M08891,0.059889749310933195,3.248193103618764,0.0,0.872033,motif is annotated for orthologous gene ENSG00000109320 in H. sapiens (identity = 87%),"frozenset({'weight>75.0%', 'activating', 'mm10_500bp_up_100bp_down_full_tx_v10_clust.genes_vs_motifs.rankings'})","[('Hoxd8', 0.6841475072346846), ('Tnfaip3', 1.2886568756591883), ('Nfkbia', 2.0629335800258097), ('Kdelr2', 0.4923485368891874), ('Nfkbiz', 1.0064574956641423), ('Hspe1', 1.1372190483692148), ('Gadd45b', 0.521375705828057), ('Lrrc27', 0.5842440090560539), ('Ccl7', 4.173261495477859), ('Ccnl1', 1.7641855973475156), ('Ncoa5', 0.5305133288853188), ('Kdm6b', 0.7065311743969954), ('Socs2', 0.9576140874024436), ('Dcun1d3', 0.4998771788555773), ('Zfp94', 1.206990652009468), ('Pitpnc1', 0.5834779144487136), ('Adamts1', 0.951663848229326), ('Lingo2', 0.5666715371967411), ('Icam1', 0.716839737770191), ('Irf1', 0.6133744608679242), ('Slc37a2', 0.4257269185651897), ('Atp6v1b2', 0.6423351994964864), ('Nfatc2', 1.263075481828501), ('1700028E10Rik', 0.8341249556275355), ('Ccl2', 3.2605643799022523), ('Sde2', 0.4892848551827241)]",551
Nfkb1,transfac_public__M00208,0.05786629916436978,3.0204021082007286,0.0,0.872033,motif is annotated for orthologous gene ENSG00000109320 in H. sapiens (identity = 87%),"frozenset({'weight>75.0%', 'activating', 'mm10_500bp_up_100bp_down_full_tx_v10_clust.genes_vs_motifs.rankings'})","[('Tnfaip3', 1.2886568756591883), ('Casp4', 0.7347779774736125), ('Nfkbiz', 1.0064574956641423), ('Cxcl1', 2.472025892434282), ('Nfkbia', 2.0629335800258097), ('Cxcl2', 0.7785496772380316), ('Cxcl10', 1.2169326857310272), ('Cxcl3', 0.608003478060016), ('Nfkb1', 1.0), ('Ube2h', 0.9905087285145414)]",52
Nr2f1,tfdimers__MD00294,0.10928234968135217,3.303850117388625,0.0,0.997619,gene is orthologous to ENSG00000175745 in H. sapiens (identity = 99%) which is directly annotated for motif,"frozenset({'weight>75.0%', 'activating', 'mm10_500bp_up_100bp_down_full_tx_v10_clust.genes_vs_motifs.rankings'})","[('Trim41', 0.6010033804792932), ('Pear1', 0.7308312778059719), ('Smox', 0.7292748234761647), ('Zc3h18', 0.4332203438560969)]",321
Spi1,tfdimers__MD00018,0.06517581385290162,3.4749777311909478,0.0,0.870849,motif is annotated for orthologous gene ENSG00000066336 in H. sapiens (identity = 87%),"frozenset({'weight>75.0%', 'activating', 'mm10_500bp_up_100bp_down_full_tx_v10_clust.genes_vs_motifs.rankings'})","[('Cenpe', 0.4807593373060863), ('Cdkn2a', 2.0399636179714244), ('Hnrnpa3', 0.7517946631827443), ('Wipf1', 0.6029297725471446), ('Agpat3', 0.4573059164418709), ('Actr2', 0.9984143138090484), ('Mef2c', 1.9972302845176215), ('Mrpl45', 1.0886454687844616), ('Zdhhc5', 0.4188668155409234), ('Hnrnph3', 0.5335970555907619), ('Zcwpw1', 0.7611194477349958), ('Smc2', 0.4768596655242152), ('Mtss1', 1.0630218653866017), ('Selenop', 0.4610154799797624), ('Ube2e3', 1.0132041456964915), ('Fbxw7', 1.0280575258306155), ('Tnfaip8', 0.958793968692958), ('Srgn', 2.954024807164282), ('Sft2d1', 1.1013413264002694), ('Cdk2', 0.7969334084864402), ('Rangap1', 1.64843219767637), ('Mmd', 2.201555584473927), ('Rnf149', 1.6576918339654114)]",813
Taf1,transfac_pro__M04794,0.06937202448424394,3.4685802579779854,0.0,0.957739,gene is orthologous to ENSG00000147133 in H. sapiens (identity = 95%) which is directly annotated for motif,"frozenset({'weight>75.0%', 'activating', 'mm10_500bp_up_100bp_down_full_tx_v10_clust.genes_vs_motifs.rankings'})","[('Clptm1', 1.335313848363215), ('Setdb1', 0.7811338835357584), ('Pip5k1a', 0.4398477537312852), ('Snapc2', 0.4200547993336793), ('Ankrd11', 0.5017513811587283), ('Cpeb3', 0.5354825958140118), ('Dnajc16', 0.7422909418788483), ('Syn3', 0.4841765837655742), ('Clasp1', 0.4674320904640815), ('Exosc4', 0.5613350886146032), ('Crebl2', 1.0616574008834154), ('Kri1', 0.7930965637762099), ('Nprl2', 0.8776122625408591), ('Pold3', 0.7641280004189558), ('Fmn2', 0.8194150175218906), ('2700097O09Rik', 0.4347143369372461), ('Usp19', 0.5924003621156019), ('Rab3b', 1.3129719827597188), ('Map3k7', 0.5884649422147331), ('Sbno1', 0.9557960221425424), ('Mrpl55', 0.5852815975060958), ('Trim44', 0.6034658607542628), ('Tmem138', 0.7003547902959161), ('Efr3a', 0.452586255394529), ('Gm4013', 0.4584695015784238), ('Ivd', 1.9041775279994693), ('Rpp30', 0.5991638407503272), ('Rfxap', 0.618275355199523), ('Ech1', 1.789244082641137), ('Olfml1', 0.5006169333162792), ('Rdh14', 0.6093507975022717), ('Cd2bp2', 0.9901718178796028), ('Os9', 0.4362441650202346), ('Plekha2', 2.563582863035654), ('Dido1', 0.6655310493281695), ('Scpep1', 0.417776097730163), ('Flna', 0.4509040727837545), ('Ntmt1', 0.5174474242759582), ('Gm7854', 0.9750868685716332), ('Steap2', 0.8141472225632999), ('Cpne9', 0.445651653422677), ('Nono', 1.028368432265551), ('Rab3il1', 0.7731441721230314), ('Fastkd1', 0.9117504149752296), ('Piga', 0.7719833360841398), ('Myl6b', 1.4684658893367035), ('Hdac2', 0.4759958375527938), ('Ubr1', 0.8623097491720216), ('Gpatch2', 0.8037301498202852), ('Rasa3', 0.5293916933864985), ('Ankrd35', 0.5642606012929634), ('Cryz', 0.5408785492722258), ('Rab35', 0.5229029766390968), ('Alkbh5', 2.251470742697467), ('Gid8', 0.6682780129629764), ('Pcbp1', 0.8400906787294096), ('Hnrnpf', 1.491514154617292), ('Golim4', 0.5440211670195901), ('Jpx', 0.4271299090889416), ('Tbrg4', 0.9743252546535236), ('Mkrn1', 0.7788735574861528)]",4830
Tead4,taipale_tf_pairs__TEAD4_SOX15_NACAATRNNNNNGAATGY_CAP_repr,0.1311997783319479,3.453855894618656,0.0,0.9274,gene is orthologous to ENSG00000197905 in H. sapiens (identity = 92%) which is directly annotated for motif,"frozenset({'weight>75.0%', 'activating', 'mm10_500bp_up_100bp_down_full_tx_v10_clust.genes_vs_motifs.rankings'})","[('Ei24', 0.4213404339671102), ('Ryk', 1.0940784627117324), ('Spon1', 1.1080100824714565), ('Mmd', 1.7737946271687677), ('Dusp23', 0.6765668110021378), ('Fxn', 0.4893652403329362)]",1156
Tfdp1,transfac_pro__M00803,0.06320585969630897,3.3192858886306555,0.0,1.0,gene is directly annotated,"frozenset({'weight>75.0%', 'activating', 'mm10_500bp_up_100bp_down_full_tx_v10_clust.genes_vs_motifs.rankings'})","[('Tmem192', 0.6448372685720618), ('Kank2', 0.8557921486346092), ('Gltp', 0.5596831412058871), ('Esrrg', 0.4884566560686991), ('Tmem107', 0.6344139055554935), ('Rhbdl3', 1.009393375438698), ('Hist1h1c', 0.6559232445668104), ('Prrt4', 0.6180264565672785), ('Eid2', 0.6039477250104116), ('Acly', 0.4787227050124315)]",224
Tgif1,transfac_public__M00039,0.05788587208632601,3.0805391438865932,0.00078,0.152174,"motif similar to cisbp__M1136 ('TOS8[gene ID: ""YGL096W"" species: ""Saccharomyces cerevisiae"" TF status: ""direct"" TF family: ""Homeodomain"" DBDs: ""Homeobox""]'; q-value = 0.00078) which is annotated for orthologous gene YGL096W in S. cerevisiae (identity = 15%)","frozenset({'weight>75.0%', 'activating', 'mm10_500bp_up_100bp_down_full_tx_v10_clust.genes_vs_motifs.rankings'})","[('Ubxn2a', 0.7337789590198871), ('Rab10os', 0.876506029131887), ('Cd63', 1.123453770810311), ('Nub1', 0.6736225315281144), ('Srfbp1', 1.2269010103429123), ('Bcap29', 1.1775416122465705), ('Myo1c', 0.450528081785096), ('Dnttip2', 1.1591092009454358), ('Mical2', 0.9029401623103372), ('1700066M21Rik', 2.026674876875375), ('Stk40', 0.9325216108825194), ('Nr4a1', 0.8247886427788842), ('Ndufs6', 0.5213485925637273), ('Map3k7', 2.1090042615339524), ('Mis18bp1', 1.145045280307064), ('Med21', 0.6669426789350156), ('Agpat3', 1.085565642786276), ('Ino80e', 1.4424800041357442), ('Tub', 0.4979041107210079), ('Ube2j2', 3.1019377384230014), ('Cwf19l2', 0.8465570413693684), ('Rap1gap', 0.4985836488982403)]",741
Zbtb7c,transfac_pro__M03806,0.06524794143192095,3.630050541932313,0.0,0.941842,gene is orthologous to ENSG00000184828 in H. sapiens (identity = 94%) which is directly annotated for motif,"frozenset({'weight>75.0%', 'activating', 'mm10_500bp_up_100bp_down_full_tx_v10_clust.genes_vs_motifs.rankings'})","[('Kdm4c', 1.275004699868446), ('Vps26a', 0.6580340034048748), ('Gtf2h1', 1.2149092663616017), ('Ubn1', 1.1717190002309603), ('4921511C10Rik', 2.003403765430205), ('Ppp1r3c', 1.2204605122165044), ('Dpm2', 1.1718624675700755), ('Gps2', 0.5153387369126121), ('Vav3', 0.4348850287778634), ('Abracl', 0.6620087662475925), ('Arhgap15', 0.4120087638858415), ('Ccar1', 0.7371076577784295), ('Hps5', 2.0110722213373333), ('Nop2', 1.246435561477672), ('Aars', 1.362084180460842), ('Fam50a', 0.5024605104317361), ('Pqlc1', 0.620337958709269), ('Ssr1', 0.4906243852354467), ('Rfesd', 1.616682716589735)]",682
Zfp110,transfac_pro__M04916,0.07421687010543816,4.145936097633485,1e-06,0.424279,"gene is orthologous to ENSG00000171606 in H. sapiens (identity = 42%) which is annotated for similar motif dbcorrdb__ZNF274__ENCSR000EVG_1__m3 ('ZNF274 (ENCSR000EVG-1, motif 3)'; q-value = 5.94e-07)","frozenset({'weight>75.0%', 'activating', 'mm10_500bp_up_100bp_down_full_tx_v10_clust.genes_vs_motifs.rankings'})","[('Lrig3', 0.6827378177114509), ('Med7', 1.4664458107604903), ('Zbtb17', 0.5540727531185146), ('Med18', 0.9385741260021796), ('Fip1l1', 0.4460642095280396), ('Trappc13', 0.4316828905301249), ('Rapgef4', 0.5123851550484879), ('Serhl', 1.6246859125505106), ('Leng8', 0.9774840759792218), ('Vps36', 0.6308698359761664), ('Nfya', 1.5186102187882309), ('Aga', 0.8840716975281043), ('Chad', 1.3769269674710165), ('Selenot', 0.4894935099609799)]",684
Zfp369,transfac_pro__M04916,0.08526219662112325,4.29259702928663,1e-06,0.416568,"gene is orthologous to ENSG00000171606 in H. sapiens (identity = 41%) which is annotated for similar motif dbcorrdb__ZNF274__ENCSR000EVG_1__m3 ('ZNF274 (ENCSR000EVG-1, motif 3)'; q-value = 5.94e-07)","frozenset({'weight>75.0%', 'activating', 'mm10_500bp_up_100bp_down_full_tx_v10_clust.genes_vs_motifs.rankings'})","[('Nck2', 1.108185992512287), ('Dlat', 1.708613286139222), ('Ptpn21', 0.6385023127849484), ('B3glct', 1.2059178876720615), ('Zranb2', 0.5820917455713053), ('Ubr2', 0.6799358302534243), ('Ubr3', 0.4846156287901264), ('Mtmr14', 0.6006441324406687), ('Snai1', 0.8564314453069688), ('Zfp334', 0.6699868250012005), ('Avl9', 1.562049243062163), ('Sema6a', 0.971886491828106), ('Inip', 0.7123252408029727), ('Ifnar1', 1.3125404475711469)]",817
Zfp568,transfac_pro__M06896,0.07169576059850374,3.0604049770813426,0.000255,0.428279,motif similar to transfac_pro__M06258 ('V$ZNF345_03: ZNF345'; q-value = 0.000255) which is annotated for orthologous gene ENSG00000251247 in H. sapiens (identity = 42%),"frozenset({'weight>75.0%', 'activating', 'mm10_500bp_up_100bp_down_full_tx_v10_clust.genes_vs_motifs.rankings'})","[('Slc35b4', 0.9654419559987936), ('Mgrn1', 0.9411297636988926), ('Brox', 2.188636699330983), ('Zcchc2', 0.9762868372506154), ('Rbbp4', 3.4601824353757067), ('Glrx2', 0.5544809933603284), ('Aars', 0.5961588862156513), ('Entpd5', 0.4378865127205229), ('Tmem35b', 2.5236313270445008), ('Ccdc138', 0.7770745053027638)]",807
Zfp646,transfac_pro__M06759,0.06124182297878492,3.244302614977291,0.0,0.710291,gene is orthologous to ENSG00000167395 in H. sapiens (identity = 71%) which is directly annotated for motif,"frozenset({'weight>75.0%', 'activating', 'mm10_500bp_up_100bp_down_full_tx_v10_clust.genes_vs_motifs.rankings'})","[('Aga', 1.8633291727570087), ('Cdr2l', 1.2187159669723284), ('Tjp1', 0.8659333861135743), ('Hace1', 0.8890729574763973), ('Lrrk1', 1.263139869143978), ('Pde12', 1.0222898097633566), ('A130010J15Rik', 0.4238226369800985), ('Tmem216', 0.4636927905548782), ('Guk1', 0.6911977447138725), ('Plpp5', 0.4257198080455597), ('Ttc4', 0.6411843963869049), ('Hsd17b4', 2.543797353923128), ('Derl2', 2.5516036314350874), ('Sh3glb2', 0.616092043871344), ('Rfesd', 1.3484219643918869), ('Nup35', 0.796995514953144), ('Rprd1a', 0.4699218743479598), ('Slc39a13', 1.174920925416882), ('Cacnb1', 1.4166318304193015), ('Gtpbp10', 1.0866551138484215), ('Pgam5', 1.1232807484216945), ('Dmtf1', 1.479288422787634), ('Pafah2', 2.399260444813644), ('Wnt11', 0.7122443915728603), ('Hspa13', 0.82587736030182), ('Ift43', 0.4940267276379112), ('Wdsub1', 1.6165115428410957), ('Zfp709', 0.5028642340512056), ('Gm19303', 1.4673902280099622), ('Ammecr1l', 1.1364072315823612), ('Fastkd1', 2.395856718614407), ('Esyt1', 0.8071438912588094), ('Pex14', 0.5556800053762725), ('Poll', 1.006605602025498), ('Pamr1', 0.4384539259443111), ('Tfg', 0.4188139805817016), ('Kat2a', 0.7443249970587542), ('Trnt1', 0.6626244523852799), ('Gpatch2l', 0.6225609335995084), ('Phka2', 0.5903099471614788), ('Stx8', 2.3283519016239507), ('Ipo4', 1.0494262701569623), ('Hexa', 0.4262194808258076), ('Car11', 1.4668484328086806), ('Arhgap18', 1.923557349047185), ('Trip11', 0.8452709338452428), ('Ccdc57', 0.9947664690225514), ('Ddr1', 0.5957661295012593), ('Ctso', 1.864787121567012), ('Tmem121', 0.4343528137834084), ('Nomo1', 1.757856296144064), ('Tbrg4', 1.5772557262072715), ('4931406C07Rik', 0.8924610120021572), ('Engase', 1.3117626677989855), ('Abcc5', 0.4192443207809848), ('Dcp2', 1.1318145774896096), ('Actr3b', 0.9388137829237406), ('Pwp1', 1.485259724468388), ('Ogdh', 0.5456663136415766), ('Ankrd28', 0.4782643086843322), ('Malsu1', 0.9394183776245408), ('Mrps34', 0.4325765559992933), ('Sept5', 0.6587526298464583), ('Pelo', 0.9907590325028596), ('Tubb2b', 0.7442378119803633), ('Scarletltr', 0.4595602233694432), ('Tial1', 0.9327913380458588), ('Mnt', 0.8082309271581621), ('Eif2b5', 1.095933409196936), ('Tspan7', 0.8481314895565738), ('Traf5', 1.0367810129330952)]",4869
Zfp655,transfac_pro__M05872,0.0628671766277191,3.2163970278242244,0.0,0.809886,motif is annotated for orthologous gene ENSG00000197343 in H. sapiens (identity = 80%),"frozenset({'weight>75.0%', 'activating', 'mm10_500bp_up_100bp_down_full_tx_v10_clust.genes_vs_motifs.rankings'})","[('Rufy3', 1.1784609809354447), ('Nmnat3', 1.5411252546694436), ('Trp53i11', 0.514540571422164), ('Ptar1', 1.7869688489348026), ('Serhl', 2.4274438440232364), ('Hspa4', 0.9001694391222524), ('Gyg', 0.9260414596646525), ('Slc43a1', 0.4495804924363851), ('Zbtb34', 0.5718872498590778), ('Wrb', 0.6960690538321682), ('Eef1e1', 1.126039260505027), ('Col12a1', 1.8328664924990627), ('Idnk', 1.460703216066774), ('Git2', 0.4552323663701759), ('E130102H24Rik', 0.7759839491352337), ('Kat5', 1.7620585750345417), ('Ncoa5', 1.5799093951231586), ('Pex16', 1.444381630355652), ('Polr3d', 1.6270322647081974), ('Zfp964', 0.5237331105708687), ('Pnpt1', 0.7583326742580911), ('Snhg15', 1.2228269488521415), ('Glg1', 1.404991795534087), ('Zfp994', 0.417838309734451), ('Rtn2', 0.9186963093835924)]",1401
Zfp961,transfac_pro__M05990,0.08812218537904323,3.4907227790532622,0.0,0.275168,motif is annotated for orthologous gene ENSG00000198429 in H. sapiens (identity = 27%),"frozenset({'weight>75.0%', 'activating', 'mm10_500bp_up_100bp_down_full_tx_v10_clust.genes_vs_motifs.rankings'})","[('Fam171b', 1.2770686152334654), ('Morc3', 0.5648748794233406), ('Mier1', 0.6320947198994011), ('Pced1b', 1.9753666948462112), ('Cs', 1.7387631335269056), ('Mob1b', 0.8566669338062912), ('Nsg1', 2.313532368981315), ('Bcl7b', 0.9861447026865224), ('Lsm14b', 0.6302575868596031), ('Fbxo7', 0.8845066727674628), ('4930549G23Rik', 0.5380750423904173), ('Crem', 0.4523581976296968), ('Ptpn1', 1.3006858531651448), ('Zfp692', 0.5475777828015669), ('Arid5a', 0.7687249245900865), ('Pdp1', 0.5185937516843941), ('Map6', 1.669475616007852), ('Porcn', 1.2749056814313668), ('Ppm1m', 1.427810932515422), ('Tcirg1', 0.5720003321996464), ('Cep350', 0.4264204875984672), ('Sccpdh', 0.6572856714514828), ('Atad3a', 1.621573056690676), ('Nelfcd', 1.3371716587174451), ('Nos1ap', 0.4604758991136979), ('Txnl4a', 0.9016301102676793), ('Arl5b', 0.6041143466216277), ('Terf2ip', 1.4827676094753413), ('Zcchc3', 1.3236325650843073), ('Btg3', 0.4878414298649302), ('Smap2', 0.6877852768102211), ('Rreb1', 1.145415494452308), ('Pih1d1', 0.5588053369094639), ('Ube4b', 0.7306587706835594), ('Atg5', 0.4910400997353315)]",4381
Ahr,transfac_pro__M00976,0.09037108720735475,3.5161638678865157,0.0,1.0,gene is directly annotated,"frozenset({'weight>90.0%', 'activating', 'mm10_500bp_up_100bp_down_full_tx_v10_clust.genes_vs_motifs.rankings'})","[('Atp6v1h', 2.3328016796926976), ('Uty', 1.3391082900642317), ('Dolk', 2.8711113825774137), ('Ubap2', 1.7111983677692455), ('Acox1', 1.0286623503582228), ('Ahr', 1.0), ('Nceh1', 1.0390811274624985)]",498
Arnt2,transfac_pro__M00976,0.09885339561150035,4.393945914744489,0.0,1.0,gene is directly annotated,"frozenset({'weight>90.0%', 'activating', 'mm10_500bp_up_100bp_down_full_tx_v10_clust.genes_vs_motifs.rankings'})","[('Spin1', 0.938946357024806), ('Ntn1', 1.5900342980427942), ('F13a1', 1.0765504785523805), ('Tprgl', 1.106827178333038), ('Stx2', 1.67343500920998), ('Duoxa1', 4.130533087420497), ('Mapk6', 1.038558181965916), ('Arnt2', 1.0), ('Rsl1', 1.966823771599514), ('Arhgef1', 1.2854997831363124), ('Cdc37', 1.2371229261152412), ('Dhx8', 1.549493758515034), ('Nudt7', 1.081860700402805), ('Gmps', 0.9129606486065938), ('Tmod2', 1.153969715272915), ('Cd55', 2.3666791037203043), ('Hmcn1', 1.4890889038876036), ('Bpifc', 1.4395937699291492), ('Sos1', 3.827796555713688), ('Tma16', 1.2822499030912788), ('Anxa11', 1.856380709885838), ('Tmbim1', 1.8522648910810828)]",3827
Arntl,taipale_tf_pairs__ARNTL_PITX1_NNCACGTGNNNNRGMTTAN_CAP_repr,0.08303315784612543,3.092644393855228,0.0,0.984026,gene is orthologous to ENSG00000133794 in H. sapiens (identity = 98%) which is directly annotated for motif,"frozenset({'weight>90.0%', 'activating', 'mm10_500bp_up_100bp_down_full_tx_v10_clust.genes_vs_motifs.rankings'})","[('Dock8', 1.5727273423291277), ('Bcar1', 2.050306492279385), ('Ube2g1', 2.143827412977586), ('Manea', 2.204264955967701), ('Rxra', 1.0421118448938935), ('Fyttd1', 1.1834846365672964), ('Manba', 2.59487379103726)]",376
Atf6,transfac_pro__M08803,0.08003383354479299,3.166955959354823,0.000808,0.849254,motif similar to taipale_cyt_meth__ATF6_NGRTGACGTGGCAN_eDBD ('ATF6 [bZIP]'; q-value = 0.000808) which is annotated for orthologous gene ENSG00000118217 in H. sapiens (identity = 84%),"frozenset({'weight>90.0%', 'activating', 'mm10_500bp_up_100bp_down_full_tx_v10_clust.genes_vs_motifs.rankings'})","[('Bmt2', 1.260120261699688), ('Cep78', 0.9173753142060682), ('Stx5a', 1.0040353339693502), ('Tusc1', 0.9017692537377036), ('Casq2', 0.960756594141428), ('Nat9', 2.5523476541112853), ('Hpgds', 0.9556157290854068), ('Cgnl1', 1.6660068446491312), ('4933408B17Rik', 0.9667876974897534)]",1167
Crem,transfac_pro__M01861,0.11016440380530156,3.463816266779683,0.000883,1.0,"gene is annotated for similar motif transfac_pro__M00981 ('V$CREBATF_Q6: CREB, ATF'; q-value = 0.000883)","frozenset({'weight>90.0%', 'activating', 'mm10_500bp_up_100bp_down_full_tx_v10_clust.genes_vs_motifs.rankings'})","[('Ddx56', 1.2055059278647808), ('Rbm26', 0.969239800069328), ('Ldha', 1.7295644102116063), ('Zmynd19', 1.2494735187419397)]",326
Crem,transfac_pro__M04746,0.12032418952618454,3.8933945111972657,0.000725,1.0,gene is annotated for similar motif transfac_pro__M00917 ('V$CREB_Q4_01: CREB'; q-value = 0.000725),"frozenset({'weight>90.0%', 'activating', 'mm10_500bp_up_100bp_down_full_tx_v10_clust.genes_vs_motifs.rankings'})","[('Smad1', 0.9685220678773452), ('Mfsd12', 1.292395123496624), ('Pcbd2', 1.2220396589613602), ('Rbm43', 0.9382981169071112), ('Zfp652', 2.5069557708982524), ('Zdhhc21', 1.569040288943418)]",742
Crem,transfac_pro__M02279,0.10208275607278101,3.1221062996293343,0.000274,1.0,"gene is annotated for similar motif transfac_pro__M00981 ('V$CREBATF_Q6: CREB, ATF'; q-value = 0.000274)","frozenset({'weight>90.0%', 'activating', 'mm10_500bp_up_100bp_down_full_tx_v10_clust.genes_vs_motifs.rankings'})","[('Pcbd2', 1.2220396589613602), ('Mfsd12', 1.292395123496624), ('Smad1', 0.9685220678773452)]",161
Crem,transfac_public__M00039,0.10547704812043965,3.2656244858324817,5.2e-05,1.0,"gene is annotated for similar motif transfac_pro__M00981 ('V$CREBATF_Q6: CREB, ATF'; q-value = 5.19e-05)","frozenset({'weight>90.0%', 'activating', 'mm10_500bp_up_100bp_down_full_tx_v10_clust.genes_vs_motifs.rankings'})","[('Rbm27', 0.8712712578998252), ('Zmynd19', 1.2494735187419397), ('Zfp652', 2.5069557708982524), ('Cars', 1.889873859027346), ('Crem', 1.0), ('Mib1', 0.9438335366765456), ('Ldha', 1.7295644102116063), ('Clec4a1', 0.8648906588923317), ('Rbm26', 0.969239800069328), ('Thap7', 1.1840356420692857)]",2110
Deaf1,transfac_pro__M01238,0.09525428852112144,3.7626674629034067,0.0,0.215548,gene is orthologous to FBgn0013799 in D. melanogaster (identity = 21%) which is directly annotated for motif,"frozenset({'weight>90.0%', 'activating', 'mm10_500bp_up_100bp_down_full_tx_v10_clust.genes_vs_motifs.rankings'})","[('Prkaa1', 1.2242660570029478), ('Phactr4', 0.9507243956070272), ('Pkn1', 2.063595840593298), ('Lemd3', 1.0546995450470755)]",100
Ebf1,hdpi__EBF1,0.06192136366699958,3.282593329756299,0.0,1.0,motif is annotated for orthologous gene ENSG00000164330 in H. sapiens (identity = 100%),"frozenset({'weight>90.0%', 'activating', 'mm10_500bp_up_100bp_down_full_tx_v10_clust.genes_vs_motifs.rankings'})","[('Fam129a', 1.8943128354236545), ('Rhoj', 3.192161900436448), ('Col4a5', 1.2233733970313818), ('Arsi', 0.9909885614019688), ('Il11ra1', 1.7059210031591625), ('Lama2', 2.8508363482643624), ('Ramp2', 3.2476229442437665), ('Scn7a', 1.1476021483470449), ('C1s1', 6.156783267640314), ('Phf21a', 1.7016422100134672), ('Prkg1', 1.1439226458593483), ('Tbx15', 1.5868803052081115), ('Magi2', 1.343933028098536), ('C2', 0.9837728877173286), ('Tfr2', 1.1451614696337706), ('Adamts5', 3.838067686063444), ('St3gal2', 1.0916865303440944), ('Thy1', 2.6938035440388157), ('Fbn1', 1.5800233074404757), ('Lrrn4cl', 1.70746747963357), ('Ly6c1', 6.384849834700503), ('Sema3b', 1.281637138164802), ('Lpl', 0.8807372447873354), ('Fndc3b', 1.3527526774890426), ('Abca1', 1.1791209126514606), ('Arhgap6', 1.7041866025245778), ('Csf1', 1.9208705905660768), ('Clec3b', 3.9226279908410375), ('Igfbp4', 1.993803840061783), ('Cmtm3', 1.1424303640199849), ('Zeb2', 2.42915157398834), ('Fbxl7', 3.6874235195311), ('Etf1', 1.6512954900778785), ('Zfr', 1.0165116493910835), ('Nid1', 4.204211683576707), ('Ncoa1', 1.7194288528381323), ('Kcnn4', 0.9438562852253656), ('Npr1', 1.1677818138396372), ('Smpd3', 1.73878474944062), ('Dusp22', 1.256069433518), ('Ly6e', 1.456982179388031), ('Igfbp5', 2.8416097632145925), ('Plxdc2', 2.1535992236509327), ('Psme1', 1.4467785538942763), ('Vegfa', 1.2483001806866871), ('Rad51b', 0.9691606928866184), ('Osbpl11', 1.8576922816999115), ('Nbea', 1.2221827135523344), ('Dpep1', 5.526326990648789), ('Abca8a', 1.4383495239901072), ('Svep1', 0.92744635782579), ('Pard3', 1.160651795157818), ('Timp2', 2.675622494666221), ('Pdgfra', 1.5869402720994), ('Agmo', 0.9665045613928844), ('Adamts12', 1.6673044079268593), ('Fstl1', 1.9739894425290991), ('Axl', 2.266158921662785), ('Ablim1', 1.782233841400079), ('Ddr2', 2.3927899838845272), ('Ar', 1.9749059566837623), ('Cd302', 2.128437236234568), ('Thoc2', 1.2803104151346665), ('Ifi205', 3.417694023123298), ('Dkk2', 1.171472031361332), ('Mgst1', 5.105005786323722), ('Tpd52', 0.9794541274794948), ('Hdac7', 1.5720267198598965), ('Ddx17', 1.7287580746966502), ('C1ra', 3.312253459796473), ('Pard3b', 2.160447803005565), ('Srpx', 1.2528994547417331), ('Hdac8', 1.4592284555680826), ('Cd34', 2.952798019084226), ('Guf1', 1.1327446000778003), ('Zfpm2', 3.057073185907045), ('Tnxb', 3.4761854888692976), ('Slc35e4', 1.9872731346662191), ('Celf2', 7.126496297392391), ('Adam23', 0.956437167493577), ('Col14a1', 4.003358383601916), ('Ust', 2.807273065706742), ('Ndn', 1.4721724542524528), ('Pan3', 1.0973837331313856), ('Psap', 1.0177521717994542), ('Large1', 1.5220992753990803), ('Il1rl2', 1.8049756129693264), ('Pcsk5', 1.4998302528973957), ('Zyx', 1.752865337746648), ('Smarca2', 1.9946454736199808), ('Bmper', 0.9206554795150912), ('Ncoa7', 1.891270825772043), ('Klf12', 0.987475119357447), ('Dock7', 1.135494749524778), ('Loxl1', 2.821764317003012), ('Nav2', 3.0499087919421606), ('Anxa3', 3.2346478649677346), ('Fgf9', 1.0484181761578737), ('Ehbp1', 1.4141348300421164), ('Ldb2', 0.957448097058399), ('H2-K1', 1.2218573617106336), ('Antxr1', 2.56204322741722), ('Rarres2', 3.283719131470649), ('Cachd1', 1.081705689061901), ('Frmd6', 0.982730575421648), ('Fgd4', 1.3122140618832103), ('Meg3', 1.1399472890191915), ('Ncam1', 3.3424996556325763), ('Nisch', 1.613850544689318), ('Zfp36l1', 0.8790387586912305), ('Rora', 1.0412547422302336), ('Mfap5', 3.735343240956059), ('Lama4', 1.3547499576759283), ('Dlc1', 4.060696412882915), ('Galnt18', 1.441230172963368), ('Tcf7l1', 1.443804609351229), ('Fth1', 1.3832952331483075), ('Anpep', 0.905661235284822), ('Hnrnph1', 4.458101739774447), ('Ntrk2', 1.4654599070932994), ('Nfe2l2', 2.120354713265814), ('Pcsk6', 1.3076122275192827), ('Scd2', 2.053339444617991), ('Zkscan6', 1.4769336692508626), ('Steap3', 0.9301974212372), ('Mast4', 3.4234399930529347), ('Vangl2', 1.166708317286435), ('Jtb', 2.030182037790764), ('Sptbn1', 1.3315748964098004), ('Tmem158', 1.429877671071112), ('Ltbp1', 3.3680614257475616)]",4380
Elf4,hdpi__ETV4,0.09141648044391186,3.868018270427828,0.000538,1.0,"gene is annotated for similar motif cisbp__M0706 ('Elf1[gene ID: ""ENSMUSG00000036461"" species: ""Mus musculus"" TF status: ""inferred"" TF family: ""Ets"" DBDs: ""Ets""]; Elf4[gene ID: ""ENSMUSG00000031103"" species: ""Mus musculus"" TF status: ""direct"" TF family: ""Ets"" DBDs: ""Ets""]'; q-value = 0.000538)","frozenset({'weight>90.0%', 'activating', 'mm10_500bp_up_100bp_down_full_tx_v10_clust.genes_vs_motifs.rankings'})","[('Med9', 1.4867747341867394), ('Galnt11', 2.8614895584723863), ('Uty', 1.019179500091183), ('Spsb2', 0.9181631951970572), ('Coq7', 1.4241032584941076), ('Mrpl36', 1.280369723955295), ('Nt5dc3', 0.9938351913362312), ('Fam91a1', 1.120816922957578), ('Trim24', 3.1717290665575177), ('Ppp1r16a', 3.6183185330716663), ('Phactr1', 1.2592009429356064), ('Cog3', 4.493162998402464), ('Haus5', 1.1238387373035454), ('Gar1', 1.075176657332242), ('Arl8b', 1.702283303299006), ('Ing4', 0.9773333087054163), ('Kif13b', 1.4320437621330462)]",2080
Elf4,hdpi__FLI1,0.07948742861461065,3.1456156655433225,0.000311,1.0,"gene is annotated for similar motif cisbp__M0706 ('Elf1[gene ID: ""ENSMUSG00000036461"" species: ""Mus musculus"" TF status: ""inferred"" TF family: ""Ets"" DBDs: ""Ets""]; Elf4[gene ID: ""ENSMUSG00000031103"" species: ""Mus musculus"" TF status: ""direct"" TF family: ""Ets"" DBDs: ""Ets""]'; q-value = 0.000311)","frozenset({'weight>90.0%', 'activating', 'mm10_500bp_up_100bp_down_full_tx_v10_clust.genes_vs_motifs.rankings'})","[('Mrpl36', 1.280369723955295), ('Usp38', 1.1093896828184298), ('Mapkapk5', 1.260271064740243), ('Galnt11', 2.8614895584723863), ('Uty', 1.019179500091183)]",92
Elf4,hdpi__ELF2,0.09736481307553627,4.228238935849876,0.00019,1.0,"gene is annotated for similar motif cisbp__M0706 ('Elf1[gene ID: ""ENSMUSG00000036461"" species: ""Mus musculus"" TF status: ""inferred"" TF family: ""Ets"" DBDs: ""Ets""]; Elf4[gene ID: ""ENSMUSG00000031103"" species: ""Mus musculus"" TF status: ""direct"" TF family: ""Ets"" DBDs: ""Ets""]'; q-value = 0.00019)","frozenset({'weight>90.0%', 'activating', 'mm10_500bp_up_100bp_down_full_tx_v10_clust.genes_vs_motifs.rankings'})","[('Nol12', 1.2822606154792937), ('Cog3', 4.493162998402464), ('Rbm34', 1.7496940411953914), ('Exoc5', 2.1229276718048253), ('Nhp2', 1.8223493895456349), ('Ppil2', 1.07170276721476), ('Usp38', 1.1093896828184298), ('Dus3l', 1.5284323587626016), ('Ing4', 0.9773333087054163), ('Ddx54', 0.9771617359992548), ('Cog4', 1.107120714779936), ('Ppp1r16a', 3.6183185330716663), ('Shmt2', 1.3057971487599258), ('Mrpl36', 1.280369723955295), ('Gtse1', 0.9448065233688407), ('Sdad1', 0.8880876972158039), ('Daxx', 1.1600187112038298), ('Gorasp1', 1.0134933870552412), ('Rap2b', 2.741770242607261), ('Gar1', 1.075176657332242), ('Fig4', 2.194070479435408), ('Sntg1', 0.8868316680158936), ('Acy3', 1.5047939556174803), ('Spsb2', 0.9181631951970572), ('Itgb2', 1.8803537280452485)]",3490
Elk1,taipale_tf_pairs__ELK1_HOXA3_RSCGGTAATKR_CAP_repr,0.09318615226639285,3.575097980940928,0.0,0.85514,motif is annotated for orthologous gene ENSG00000126767 in H. sapiens (identity = 85%),"frozenset({'weight>90.0%', 'activating', 'mm10_500bp_up_100bp_down_full_tx_v10_clust.genes_vs_motifs.rankings'})","[('AW549877', 0.9423409654036186), ('Lactb2', 1.0562672516693554), ('Zfp946', 2.234817445365926), ('2310022B05Rik', 1.3360284237935676), ('Elk1', 1.0), ('Metap1d', 1.3594416670060248), ('Crls1', 1.6300737583802734)]",467
Ets1,transfac_pro__M04748,0.08255480701231994,3.8339946967977587,0.000195,1.0,"gene is annotated for similar motif cisbp__M0707 ('ENSG00000235187[gene ID: ""ENSG00000235187"" species: ""Homo sapiens"" TF status: ""inferred"" TF family: ""Ets"" DBDs: ""Ets""]; ENSMUSG00000044690[gene ID: ""ENSMUSG00000044690"" species: ""Mus musculus"" TF status: ""inferred"" TF family: ""Ets"" DBDs: ""Ets""]; Erf[gene ID: ""ENSMUSG00000040857"" species: ""Mus musculus"" TF status: ""inferred"" TF family: ""Ets"" DBDs: ""Ets""]; Ets1[gene ID: ""ENSMUSG00000032035"" species: ""Mus musculus"" TF status: ""direct"" TF family: ""Ets"" DBDs: ""Ets""]; Ets2[gene ID: ""ENSMUSG00000022895"" species: ""Mus musculus"" TF status: ""inferred"" TF family: ""Ets"" DBDs: ""Ets""]; Etv2[gene ID: ""ENSMUSG00000006311"" species: ""Mus musculus"" TF status: ""inferred"" TF family: ""Ets"" DBDs: ""Ets""]; Fev[gene ID: ""ENSMUSG00000055197"" species: ""Mus musculus"" TF status: ""inferred"" TF family: ""Ets"" DBDs: ""Ets""]'; q-value = 0.000195)","frozenset({'weight>90.0%', 'activating', 'mm10_500bp_up_100bp_down_full_tx_v10_clust.genes_vs_motifs.rankings'})","[('Pak1ip1', 0.963862280600925), ('Spr', 1.632633737527978), ('Gucd1', 1.1157545159339617), ('Usp8', 1.241898671208303), ('Zfp946', 1.8380025784253369), ('Traf3ip1', 4.344123424096631), ('Adora2b', 1.3607904840204688), ('Mrps22', 1.0945763240606003), ('Dock6', 1.1873215125924603)]",827
Etv1,taipale_tf_pairs__HOXD12_ETV1_RSCGGAAGTAATAAAN_CAP,0.08688969400398375,3.3015824160720535,0.0,0.979036,gene is orthologous to ENSG00000006468 in H. sapiens (identity = 97%) which is directly annotated for motif,"frozenset({'weight>90.0%', 'activating', 'mm10_500bp_up_100bp_down_full_tx_v10_clust.genes_vs_motifs.rankings'})","[('Krr1', 1.1355651100166613), ('Ndufa12', 2.8930675507829875), ('Ggact', 0.931667934522516), ('Nxt2', 0.9749012440643088), ('Tmub2', 1.3172670296826925), ('Nup35', 0.9917489471208965), ('Agfg1', 1.2961134763757034), ('Mrps25', 1.6374385451731197)]",1025
Etv5,taipale_tf_pairs__ETV5_DRGX_TAATKRSCGGAWGN_CAP_repr,0.0984486574727839,4.191262035309073,0.0,0.954902,gene is orthologous to ENSG00000244405 in H. sapiens (identity = 95%) which is directly annotated for motif,"frozenset({'weight>90.0%', 'activating', 'mm10_500bp_up_100bp_down_full_tx_v10_clust.genes_vs_motifs.rankings'})","[('Fbxl3', 0.9103158331415062), ('Rbbp8', 0.983418283857752), ('Etv5', 1.0), ('Htatsf1', 1.9703889097343976), ('Senp8', 1.9977926941149309), ('Wipf2', 1.1097532573860478), ('Pcnx', 1.2373132837250156), ('Wrb', 1.466447648669008), ('Psmg1', 1.0367830705385432), ('BC028528', 1.2851783442892537), ('Apoe', 0.9222832772968044), ('Rchy1', 1.884797223688112), ('Csnk1g3', 2.455719337968821), ('Gpr180', 0.9731072968073382), ('Parvb', 2.143164956130882)]",914
Fli1,transfac_pro__M04748,0.08851983516386339,3.040540595921738,0.000106,1.0,"gene is annotated for similar motif cisbp__M0699 ('ENSG00000235187[gene ID: ""ENSG00000235187"" species: ""Homo sapiens"" TF status: ""inferred"" TF family: ""Ets"" DBDs: ""Ets""]; ENSMUSG00000044690[gene ID: ""ENSMUSG00000044690"" species: ""Mus musculus"" TF status: ""inferred"" TF family: ""Ets"" DBDs: ""Ets""]; Erf[gene ID: ""ENSMUSG00000040857"" species: ""Mus musculus"" TF status: ""inferred"" TF family: ""Ets"" DBDs: ""Ets""]; Ets2[gene ID: ""ENSMUSG00000022895"" species: ""Mus musculus"" TF status: ""inferred"" TF family: ""Ets"" DBDs: ""Ets""]; Etv2[gene ID: ""ENSMUSG00000006311"" species: ""Mus musculus"" TF status: ""inferred"" TF family: ""Ets"" DBDs: ""Ets""]; Fev[gene ID: ""ENSMUSG00000055197"" species: ""Mus musculus"" TF status: ""inferred"" TF family: ""Ets"" DBDs: ""Ets""]; Fli1[gene ID: ""ENSMUSG00000016087"" species: ""Mus musculus"" TF status: ""direct"" TF family: ""Ets"" DBDs: ""Ets""]'; q-value = 0.000106)","frozenset({'weight>90.0%', 'activating', 'mm10_500bp_up_100bp_down_full_tx_v10_clust.genes_vs_motifs.rankings'})","[('Psma6', 1.4351729258654935), ('Spice1', 1.092855037667117), ('Rpf1', 1.2865859847195322), ('Ero1l', 1.4933626463107672), ('Lamtor3', 1.3505341091438254), ('Ccndbp1', 0.9955657721101338)]",430
Fli1,hdpi__FLI1,0.08779469765303054,3.003536116366709,0.0,0.966814,gene is orthologous to ENSG00000151702 in H. sapiens (identity = 96%) which is directly annotated for motif,"frozenset({'weight>90.0%', 'activating', 'mm10_500bp_up_100bp_down_full_tx_v10_clust.genes_vs_motifs.rankings'})","[('Rpf1', 1.2865859847195322), ('Topbp1', 1.0616808289840935), ('Lipe', 0.8660178336313906), ('Ccndbp1', 0.9955657721101338), ('Lrig1', 0.9144345111291104), ('C1qtnf9', 2.2203632118916814), ('Ubl4a', 3.405335704174312), ('Ergic3', 0.9521599011261208)]",1100
Fli1,taipale_tf_pairs__FLI1_TCF3_NCCGGANNCASSTGY_CAP,0.10194372225464707,3.725574741830684,0.0,0.966814,gene is orthologous to ENSG00000151702 in H. sapiens (identity = 96%) which is directly annotated for motif,"frozenset({'weight>90.0%', 'activating', 'mm10_500bp_up_100bp_down_full_tx_v10_clust.genes_vs_motifs.rankings'})","[('Rpf1', 1.2865859847195322), ('Lamtor3', 1.3505341091438254), ('Ubl4a', 3.405335704174312), ('Fem1c', 1.3924678977207967), ('Topbp1', 1.0616808289840935), ('Ero1l', 1.4933626463107672), ('Rars2', 2.0244678904666435), ('Psma6', 1.4351729258654935)]",865
Fosb,transfac_pro__M08803,0.06881059110913922,3.1757378333146593,0.000888,0.923077,motif similar to transfac_pro__M08937 ('V$JUNFOSB_02: C-JUN:FOSB'; q-value = 0.000888) which is annotated for orthologous gene ENSG00000125740 in H. sapiens (identity = 92%),"frozenset({'weight>90.0%', 'activating', 'mm10_500bp_up_100bp_down_full_tx_v10_clust.genes_vs_motifs.rankings'})","[('Arih1', 2.297256742951717), ('Nudt9', 1.1568136645100726), ('Bhlhe40', 1.023265540284835), ('Dusp1', 1.222903780333366), ('Ints6', 2.8015551439770423), ('Ppp1r10', 1.6596898684984598), ('Braf', 1.5862367845552403), ('Rab5a', 1.1907439468328986), ('Cxcl1', 2.177921529668775), ('Ddx3x', 1.4006695457270428), ('Zfp36l2', 1.4617893955943533)]",286
Fosb,transfac_public__M00039,0.09597172712390802,5.380327697351936,0.000403,0.923077,gene is orthologous to ENSG00000125740 in H. sapiens (identity = 92%) which is annotated for similar motif transfac_pro__M08937 ('V$JUNFOSB_02: C-JUN:FOSB'; q-value = 0.000403),"frozenset({'weight>90.0%', 'activating', 'mm10_500bp_up_100bp_down_full_tx_v10_clust.genes_vs_motifs.rankings'})","[('Dleu2', 1.5544925452712213), ('Arih1', 2.297256742951717), ('Srebf2', 1.2731121021275913), ('Ptx3', 1.9022305691491088), ('Rhoq', 1.4315045189038786), ('Fosb', 1.0), ('Pabpc1', 2.669050519579261), ('Lekr1', 0.995462834507283), ('Klf4', 3.47941197259636), ('Atf3', 1.2998425720572404), ('Prkx', 1.191926825476001), ('Ppp1r15a', 1.4282889536116423), ('Jak2', 1.2635641752135216), ('Dusp1', 1.222903780333366), ('Braf', 1.5862367845552403), ('Rhoj', 1.285881572030021), ('Nudt9', 1.1568136645100726), ('Btg1', 3.5722237907487253), ('Vcam1', 1.1783892356433572), ('Plk3', 1.007737953623545), ('Ctsh', 2.028670264133456), ('Rock2', 0.9906671563055542), ('Tmem30b', 0.8693890704202492), ('Rasgrf2', 0.9943019631297983), ('Abcb1b', 1.1082941231387715), ('Elf4', 1.5848166354340725), ('Zbtb11', 0.9693487538230562), ('Neat1', 1.5309538497025428), ('Sept2', 1.3340210719605206), ('Ccnd2', 1.2762555518905627), ('Lingo2', 0.9367900725645222), ('Gcc1', 2.2360479306903733), ('Icam1', 2.0275425107233405), ('Ube2h', 1.2747850981710829), ('Rab5a', 1.1907439468328986), ('Nup98', 1.0477751137559377), ('Btg2', 1.897760781747925), ('Chpt1', 1.014202458791948), ('Itpkc', 1.316730805619926), ('Tnfaip6', 1.4817107615252885), ('Nsd3', 2.415496067749089), ('Jdp2', 2.498785555530024), ('Fos', 2.821116766414407), ('Dennd2a', 2.3122237527439684), ('Ctc1', 1.1306222839406557)]",3446
Fosb,transfac_pro__M02279,0.08709820540672858,4.66008992727592,0.000236,0.923077,gene is orthologous to ENSG00000125740 in H. sapiens (identity = 92%) which is annotated for similar motif transfac_pro__M08937 ('V$JUNFOSB_02: C-JUN:FOSB'; q-value = 0.000236),"frozenset({'weight>90.0%', 'activating', 'mm10_500bp_up_100bp_down_full_tx_v10_clust.genes_vs_motifs.rankings'})","[('Arih1', 2.297256742951717), ('Dusp1', 1.222903780333366), ('Braf', 1.5862367845552403), ('Fos', 2.821116766414407), ('Egr1', 3.0471897027673487), ('Srebf2', 1.2731121021275913), ('Plk3', 1.007737953623545), ('Clk1', 1.3280432559818034), ('Tspyl4', 2.087008864667067), ('Rab5a', 1.1907439468328986), ('Lekr1', 0.995462834507283), ('Btg2', 1.897760781747925), ('Fosb', 1.0), ('Nudt9', 1.1568136645100726), ('Ppp1r15a', 1.4282889536116423), ('Nsd3', 2.415496067749089), ('Rhoj', 1.285881572030021), ('Btg1', 3.5722237907487253), ('Gem', 0.9621644086189938), ('Ccnl1', 1.9326167034389057), ('Ube2h', 1.2747850981710829), ('Ppm1b', 1.4576910864728447), ('Fzd3', 0.948214489855454), ('Jun', 2.065173856671364), ('Actr3b', 0.9195710512704374), ('Klf9', 2.61663363733928), ('Hs3st3a1', 1.2707453732800855), ('Atf3', 1.2998425720572404), ('Tnfaip3', 2.8717611910750622), ('Stat3', 1.156359993410001), ('Slc35f3', 0.9019000417901244), ('Rab3a', 1.4829772509310435), ('Tra2b', 4.215325422415848), ('Zbtb11', 0.9693487538230562), ('Ccnd2', 1.2762555518905627), ('Hk2', 1.5260158754764632), ('Ddx3x', 1.4006695457270428), ('Atp6v1a', 1.8173390388322277), ('Nup98', 1.0477751137559377), ('Cyth3', 1.5924194117044657), ('Ppp1r10', 1.6596898684984598), ('Lingo2', 0.9367900725645222), ('Rhoq', 1.4315045189038786), ('Bhlhe40', 1.023265540284835), ('Fam72a', 1.8204855544848613)]",2866
Fosb,tfdimers__MD00314,0.06839751337402913,3.142209523328362,0.0,0.923077,gene is orthologous to ENSG00000125740 in H. sapiens (identity = 92%) which is directly annotated for motif,"frozenset({'weight>90.0%', 'activating', 'mm10_500bp_up_100bp_down_full_tx_v10_clust.genes_vs_motifs.rankings'})","[('Arih1', 2.297256742951717), ('Ccnl1', 1.9326167034389057), ('Lekr1', 0.995462834507283), ('Rab5a', 1.1907439468328986), ('Sept2', 1.3340210719605206), ('Dusp1', 1.222903780333366), ('Ddx3x', 1.4006695457270428), ('Actr3b', 0.9195710512704374), ('Jdp2', 2.498785555530024), ('Hs3st3a1', 1.2707453732800855), ('Klf6', 2.284044224225052), ('Nsd3', 2.415496067749089), ('Btg2', 1.897760781747925), ('Klf4', 3.47941197259636), ('Cyth3', 1.5924194117044657), ('Gem', 0.9621644086189938), ('Ube2h', 1.2747850981710829), ('Srebf2', 1.2731121021275913), ('Zfp692', 3.4270712060067163), ('Btg1', 3.5722237907487253), ('Ppp1r10', 1.6596898684984598), ('Ccnd2', 1.2762555518905627), ('Zbtb11', 0.9693487538230562), ('Bdkrb2', 1.1220283062029943), ('Fos', 2.821116766414407), ('Jun', 2.065173856671364), ('Cped1', 1.522828124110709), ('Mrps14', 1.2024047710646333), ('Gm20743', 1.8602883936811063), ('Pabpc1', 2.669050519579261), ('Braf', 1.5862367845552403), ('Ppm1b', 1.4576910864728447), ('Clk1', 1.3280432559818034), ('Rock2', 0.9906671563055542), ('Cadm2', 3.6066933787162414), ('Zfp36l2', 1.4617893955943533), ('Ints6', 2.8015551439770423), ('Stat3', 1.156359993410001), ('Fam189a2', 2.413696614992551), ('Sparcl1', 1.2072121973143803), ('Rhoj', 1.285881572030021), ('Rasgrf2', 0.9943019631297983), ('Neat1', 1.5309538497025428), ('Gcc1', 2.2360479306903733), ('Plk3', 1.007737953623545), ('Atf3', 1.2998425720572404)]",2974
Fosl1,hdpi__FOSL1,0.07701760092522317,3.042136363899259,0.0,0.885609,motif is annotated for orthologous gene ENSG00000175592 in H. sapiens (identity = 88%),"frozenset({'weight>90.0%', 'activating', 'mm10_500bp_up_100bp_down_full_tx_v10_clust.genes_vs_motifs.rankings'})","[('Srfbp1', 1.0112825581475426), ('Cenph', 2.3986784445176084), ('Manbal', 0.9102513088624916), ('Dtymk', 2.1552565349780592), ('Lxn', 2.2097306414607223), ('Tiprl', 0.9221771106689652), ('Rsf1', 1.472812554174259), ('Nsmce1', 1.2587174185184502), ('Mmp28', 2.7714018379991923), ('Mtap', 2.969439846336059), ('Ppp1cc', 0.9794634322980296), ('Hat1', 1.2992960901271275), ('B3galt4', 1.1903782280634951), ('Pbx3', 1.7721971790165845), ('Gar1', 0.9390678836055136), ('Rfc1', 1.804038991695812), ('Srsf11', 1.2746591603044393), ('Dnaaf5', 1.1602875001069142), ('Ncapg2', 1.653735282693834), ('Hist1h4d', 0.9781261964135388), ('Bckdk', 1.0026676396583092), ('Srsf10', 1.033206032990842), ('Frmd4a', 2.7096748231972), ('Heph', 2.9318350105605884), ('Snrpc', 1.8123305438320367), ('Mllt11', 0.9572976456601052), ('Msn', 0.8668711439279538), ('Zfp326', 1.888967077985928), ('Vdac1', 1.335565728286802), ('Spata6', 1.7932601292178822), ('Sec13', 0.965304452787772), ('Stx11', 0.9096434145278548), ('Cdca8', 0.9377316457042204), ('Tubg1', 2.2232704649019994), ('Lsm3', 1.8536901265612524)]",4706
Foxj3,taipale_tf_pairs__FOXJ3_TBX21_WAACAACACMY_CAP_repr,0.10457897808669815,3.9525318552811677,0.0,0.945338,motif is annotated for orthologous gene ENSG00000198815 in H. sapiens (identity = 94%),"frozenset({'weight>90.0%', 'activating', 'mm10_500bp_up_100bp_down_full_tx_v10_clust.genes_vs_motifs.rankings'})","[('Foxj3', 1.0), ('Marf1', 1.5624072101749549), ('H2-M3', 1.6128256812941173), ('Phykpl', 1.148207758554527), ('Lrrc8d', 0.8852947970661907), ('Rgs7bp', 1.157663305821692)]",665
Hcfc1,hdpi__ELF2,0.09404693394718332,3.131947546457836,0.000516,0.938875,"gene is orthologous to ENSG00000172534 in H. sapiens (identity = 93%) which is annotated for similar motif dbcorrdb__HCFC1__ENCSR000ECH_1__m3 ('HCFC1 (ENCSR000ECH-1, motif 3)'; q-value = 0.000516)","frozenset({'weight>90.0%', 'activating', 'mm10_500bp_up_100bp_down_full_tx_v10_clust.genes_vs_motifs.rankings'})","[('Cenph', 1.560133940386254), ('Yae1d1', 0.9359552283687664), ('1600012H06Rik', 1.2972387371106542), ('Pole4', 1.3193087617832466), ('Mkrn2', 2.222487750268034), ('Foxn2', 1.5196670662480711), ('Asxl2', 1.688731155956328), ('Coq6', 2.004375802767996), ('Dmwd', 2.2020537791725228), ('Uba2', 2.4486932242404453), ('Hcfc1', 1.0), ('BC052040', 1.1189720792513935), ('Zswim8', 1.8014206827857162), ('Atp11b', 0.9854916169878482), ('Serp2', 1.603498242499677), ('Impa1', 1.2092706036239105)]",1619
Hmbox1,tfdimers__MD00041,0.07613749509011354,3.1416634884503765,0.0,0.988095,gene is orthologous to ENSG00000147421 in H. sapiens (identity = 98%) which is directly annotated for motif,"frozenset({'weight>90.0%', 'activating', 'mm10_500bp_up_100bp_down_full_tx_v10_clust.genes_vs_motifs.rankings'})","[('Rbm27', 1.06293432519884), ('Lsm12', 2.3858426473841483), ('Noct', 0.9340054685799816), ('Prtg', 1.0823859794904471), ('Dcaf15', 1.6353027259153428), ('Mtr', 1.5300475490005008), ('Aven', 2.4243886260298364), ('Baiap2l1', 0.8713259612122298), ('Ift88', 1.2285754159154256), ('Slc27a1', 1.9894465458956272), ('Tctn1', 1.5997347356952658), ('Was', 1.5823491943481507), ('Etl4', 0.9731709466612624), ('Nod1', 1.4322278281366725), ('Sat2', 1.080353738624614), ('Chuk', 2.333698975830065), ('5830444B04Rik', 2.2428277391485665), ('Zmym4', 0.9520332664437908), ('Gpd2', 2.181880236571024)]",1362
Hmga2,tfdimers__MD00339,0.1068269497197178,3.895966080648757,0.0,0.635659,gene is orthologous to ENSG00000149948 in H. sapiens (identity = 63%) which is directly annotated for motif,"frozenset({'weight>90.0%', 'activating', 'mm10_500bp_up_100bp_down_full_tx_v10_clust.genes_vs_motifs.rankings'})","[('Mif4gd', 1.2363757904894692), ('Nfatc1', 1.2870362553414665), ('Nr2c2', 1.3152892185029832), ('Sdhaf1', 0.9640263902062473), ('Nap1l4', 1.128629226439773)]",456
Ikzf1,tfdimers__MD00265,0.14102763923524522,4.300336828016795,0.0,0.932039,gene is orthologous to ENSG00000185811 in H. sapiens (identity = 93%) which is directly annotated for motif,"frozenset({'weight>90.0%', 'activating', 'mm10_500bp_up_100bp_down_full_tx_v10_clust.genes_vs_motifs.rankings'})","[('Rabggtb', 1.3534507172167385), ('Nf2', 0.918807638836972), ('Spcs3', 2.01402642570392), ('Grb2', 2.046915569487032), ('Stard8', 2.5039773981645026), ('Efcab11', 1.8111788852613069), ('Cdc42se2', 1.057241164157768)]",1152
Irf2,tfdimers__MD00138,0.07990892334381437,3.4989980407883374,0.0,0.925501,gene is orthologous to ENSG00000168310 in H. sapiens (identity = 92%) which is directly annotated for motif,"frozenset({'weight>90.0%', 'activating', 'mm10_500bp_up_100bp_down_full_tx_v10_clust.genes_vs_motifs.rankings'})","[('Tnpo1', 0.977196715905363), ('Cox7a2', 1.0233607310605153), ('Pnpla8', 1.4234073305391195), ('Hic2', 0.914635318647336), ('Aspscr1', 1.585782625612226), ('Mrpl4', 1.579536825222758), ('Rtel1', 0.8956151153925557), ('Rbm12b1', 2.019895775564329), ('Ints10', 1.22297049426558), ('Ginm1', 1.295025740239108), ('Galnt16', 0.9173444218608802), ('Zfp24', 1.3260447024623596), ('Fam171a1', 1.6271433661484136), ('Pex2', 1.2246107317837112), ('Rrp36', 1.1712225009430068)]",1144
Irf4,transfac_pro__M04722,0.09338289496384825,3.2292458879276675,9e-06,1.0,gene is annotated for similar motif hocomoco__IRF4_MOUSE.H11MO.0.A ('IRF4_MOUSE'; q-value = 9.33e-06),"frozenset({'weight>90.0%', 'activating', 'mm10_500bp_up_100bp_down_full_tx_v10_clust.genes_vs_motifs.rankings'})","[('Sun2', 1.570820004080706), ('Bahcc1', 1.3702581525963329), ('Sars', 1.3461870934222129), ('Rprd1a', 2.305324704394413), ('Zfp60', 1.0517411729387074), ('Fam171a1', 1.1052015536120765), ('Slc16a10', 1.2646632064438446), ('Cdkn1c', 3.0139291773451813)]",968
Junb,transfac_pro__M08803,0.06974231088944306,3.062566835493986,0.000808,0.930836,motif similar to taipale_cyt_meth__JUNB_NATGACGTCAYN_eDBD_repr ('JUNB [bZIP]'; q-value = 0.000808) which is annotated for orthologous gene ENSG00000171223 in H. sapiens (identity = 93%),"frozenset({'weight>90.0%', 'activating', 'mm10_500bp_up_100bp_down_full_tx_v10_clust.genes_vs_motifs.rankings'})","[('Lvrn', 1.59208803434653), ('Klf4', 1.175946641857243), ('Rsrp1', 2.6030595079289016), ('Phlda1', 1.5559637722663435), ('Birc3', 2.5903688821268225), ('Rhob', 1.180055483218097), ('Btg1', 2.097310147473009), ('Litaf', 1.3275884907339082), ('Cysltr2', 0.9864293115529704), ('Ilf3', 2.5643780064799837), ('Ppfia3', 0.9454825762176124), ('Rep15', 1.0787529328483134), ('Klf2', 2.421949558290877), ('Dusp1', 4.082058870580426), ('Gem', 0.9900029950107628), ('Casp4', 2.783192015530325), ('Fosb', 2.17763833923754), ('Slc38a2', 1.3391270043471155), ('Mme', 1.6379408193041345), ('Nfia', 1.6988052315093345)]",797
Junb,transfac_pro__M02279,0.07433171457321608,3.4305644560405915,0.000195,0.938953,gene is orthologous to ENSG00000171223 in H. sapiens (identity = 93%) which is annotated for similar motif transfac_pro__M08921 ('V$JUNBFOSB_02: JUNB:FOSB'; q-value = 0.000195),"frozenset({'weight>90.0%', 'activating', 'mm10_500bp_up_100bp_down_full_tx_v10_clust.genes_vs_motifs.rankings'})","[('Ilf3', 2.5643780064799837), ('Tpt1', 1.9503009949145331), ('Arih1', 1.4987711915543844), ('Dusp1', 4.082058870580426), ('Fos', 2.643504043508286), ('Irak3', 1.7441229211507063), ('Egr1', 5.578668261564757), ('Ptgs2', 3.494233062274062), ('Uap1', 2.363100323690388), ('Zfp574', 1.4126033917700116), ('Btg2', 3.122084496959246), ('Fosb', 2.17763833923754), ('Rps18', 1.4196295828540622), ('Aox3', 0.9231973982155616), ('Ppp1r15a', 2.831183871708169), ('Rpl27a', 1.1056361558214924), ('Rhoj', 1.035490856091382), ('Btg1', 2.097310147473009), ('Gem', 0.9900029950107628), ('Mt1', 1.7260249120638522), ('Rps29', 1.4386460753747476), ('Wsb1', 2.0525733329015283), ('Ccnl1', 2.034141599007981), ('Il6', 1.0375395080115222)]",818
Junb,transfac_public__M00039,0.08105175657347859,3.9694055858400077,5.1e-05,0.938953,gene is orthologous to ENSG00000171223 in H. sapiens (identity = 93%) which is annotated for similar motif transfac_pro__M08927 ('V$JUNB_03: JUNB'; q-value = 5.12e-05),"frozenset({'weight>90.0%', 'activating', 'mm10_500bp_up_100bp_down_full_tx_v10_clust.genes_vs_motifs.rankings'})","[('Rps15a', 1.3917534234368265), ('Rep15', 1.0787529328483134), ('Phlda1', 1.5559637722663435), ('Cebpd', 3.7293113152401065), ('Igdcc3', 1.0035813197745758), ('Irak3', 1.7441229211507063), ('Zfp36', 7.79343803982468), ('Wsb1', 2.0525733329015283), ('Pabpc1', 0.9693368555510142), ('Ccl19', 1.381255135229406), ('Map3k2', 0.865547565245981), ('Mme', 1.6379408193041345), ('Fosl2', 1.814525447509644), ('Slc38a2', 1.3391270043471155), ('Syk', 1.2878240382384432), ('Eif4e', 1.377568664139688), ('Tstd1', 0.8723736920629986), ('Klf4', 1.175946641857243)]",562
Max,transfac_pro__M04844,0.0889873018602918,3.0277999057686715,0.0,0.99375,gene is orthologous to ENSG00000125952 in H. sapiens (identity = 99%) which is directly annotated for motif,"frozenset({'weight>90.0%', 'activating', 'mm10_500bp_up_100bp_down_full_tx_v10_clust.genes_vs_motifs.rankings'})","[('B3glct', 0.9217395979314766), ('Cops7a', 1.9094977588974773), ('Cul2', 0.9190720765231684), ('Exo5', 1.545464391666278), ('Afg3l1', 1.2196534450945624), ('Mien1', 1.455753039768362), ('Tmem267', 1.2543222217993204), ('Mink1', 1.9028912513628768), ('Spryd7', 2.1669627309471684), ('Dguok', 1.6335396509391322), ('Supt16', 1.1025861356705264), ('Leng1', 0.9611835503292192), ('Txnl1', 1.6742308888282098)]",1788
Maz,transfac_pro__M04845,0.07490098283702508,3.12253033090537,0.000492,0.813417,"gene is orthologous to ENSG00000103495 in H. sapiens (identity = 81%) which is annotated for similar motif dbcorrdb__MAZ__ENCSR000EFX_1__m1 ('MAZ (ENCSR000EFX-1, motif 1)'; q-value = 0.000492)","frozenset({'weight>90.0%', 'activating', 'mm10_500bp_up_100bp_down_full_tx_v10_clust.genes_vs_motifs.rankings'})","[('Pias1', 1.366991379035084), ('Hnrnpul2', 1.5457320193148725), ('Bloc1s6', 1.098616298280486), ('Fndc3a', 1.3105433775750068), ('Ppp2ca', 1.7467610964157694), ('Abcf3', 1.470227912602749), ('Cdca4', 1.15880663936715), ('Inpp5k', 0.9558870849321056), ('Zkscan17', 1.578203182998969), ('Rab31', 2.1839340329731622), ('Birc2', 1.385186914989332), ('Gbp2', 0.9710322555136646), ('Cenpp', 1.0357651433189043), ('Clec5a', 1.1413928103140112), ('Klhl9', 0.9328544892252584), ('Eif3j1', 1.8743990988446568), ('Ndufaf3', 2.059543585754846), ('Yeats2', 1.3868954732691163), ('Cnot10', 1.5359015777399168), ('Specc1', 4.891628012832792), ('Topbp1', 1.37764287302251), ('Lcorl', 2.436934122645128), ('Erlin2', 1.4943820805124264), ('Scyl3', 1.4857969883769775), ('Lmbr1', 1.2966682853614395), ('Pole4', 0.9119869541290908), ('Utp14b', 3.24167369569611), ('Coa5', 0.9419250390413192), ('Crkl', 0.9543281354743908), ('Tmem138', 0.919431448892456), ('Trp53inp1', 1.2215655936755183)]",4567
Mxi1,flyfactorsurvey__Max_Mnt_SANGER_5_FBgn0017578,0.09935944452594005,3.7965573828624906,0.000694,0.952542,"gene is orthologous to ENSG00000119950 in H. sapiens (identity = 95%) which is annotated for similar motif cisbp__M4543 ('MXI1[gene ID: ""ENSG00000119950"" species: ""Homo sapiens"" TF status: ""direct"" TF family: ""bHLH"" DBDs: ""HLH""]'; q-value = 0.000694)","frozenset({'weight>90.0%', 'activating', 'mm10_500bp_up_100bp_down_full_tx_v10_clust.genes_vs_motifs.rankings'})","[('Stpg4', 1.5539166754746088), ('Asna1', 1.681423009349868), ('Uty', 1.9147229332319131), ('Clcn6', 0.8696736851878423), ('Snx32', 0.9529290497015512), ('Pcdhb18', 1.244792556517381), ('Slc35e2', 1.089118147886198), ('Arrdc1', 0.8694728194093644), ('Zbtb21', 1.8407123932303384), ('Osbp2', 0.9595985545084096), ('Ptp4a1', 0.9152579209202356), ('Gng11', 1.043402149918781), ('Ankfy1', 1.4266030998267925), ('Zfp316', 0.9987247711400596), ('Ddx21', 2.584075470878705), ('Fbxo47', 1.4956800475768297), ('Atg5', 2.65922384320218), ('Fam222b', 1.4835002147887366), ('Mxi1', 1.0)]",4010
Mxi1,homer__NCCACGTG_c-Myc,0.0889443059019119,3.242705567740483,3.8e-05,0.952542,"motif similar to dbcorrdb__MXI1__ENCSR000DZI_1__m1 ('MXI1 (ENCSR000DZI-1, motif 1)'; q-value = 3.82e-05) which is annotated for orthologous gene ENSG00000119950 in H. sapiens (identity = 95%)","frozenset({'weight>90.0%', 'activating', 'mm10_500bp_up_100bp_down_full_tx_v10_clust.genes_vs_motifs.rankings'})","[('Uty', 1.9147229332319131), ('Pcdhb18', 1.244792556517381), ('Arrdc1', 0.8694728194093644), ('Mxi1', 1.0), ('Stpg4', 1.5539166754746088)]",434
Nfkb1,transfac_pro__M01239,0.08404913641821372,4.080696840888165,0.000139,0.870237,gene is orthologous to ENSG00000109320 in H. sapiens (identity = 87%) which is annotated for similar motif factorbook__NFKB1 ('NFKB1'; q-value = 0.000139),"frozenset({'weight>90.0%', 'activating', 'mm10_500bp_up_100bp_down_full_tx_v10_clust.genes_vs_motifs.rankings'})","[('Nfkbia', 2.0629335800258097), ('Pafah1b1', 1.309922928978215), ('Sgms1', 1.2127938749796543), ('Neat1', 1.8906134596744584), ('Socs2', 0.9576140874024436), ('Cxcl1', 2.472025892434282), ('Cxcl10', 1.2169326857310272), ('Ccnl1', 1.7641855973475156), ('Nfkbiz', 1.0064574956641423), ('Il6', 0.9056156296695044), ('Usp2', 0.942764124550592), ('Nfkb1', 1.0), ('Fkbp1b', 1.3570630739888097), ('Dcbld2', 0.9789503754814576), ('Ube2h', 0.9905087285145414), ('Zfp94', 1.206990652009468), ('Slc39a14', 1.956414214053892), ('Pip5k1a', 1.098659173765899)]",990
Nfkb1,homer__GGAAATTCCC_NFkB-p65-Rel,0.09397530139792132,4.84898625343224,9.9e-05,1.0,gene is annotated for similar motif hocomoco__NFKB1_MOUSE.H11MO.0.A ('NFKB1_MOUSE'; q-value = 9.89e-05),"frozenset({'weight>90.0%', 'activating', 'mm10_500bp_up_100bp_down_full_tx_v10_clust.genes_vs_motifs.rankings'})","[('Tnfaip3', 1.2886568756591883), ('Socs2', 0.9576140874024436), ('Rffl', 2.043795028942481), ('Hspe1', 1.1372190483692148), ('Nfkbia', 2.0629335800258097), ('Fam83h', 0.8708619130275187), ('Ppp1r10', 1.3771080427782494), ('Trim39', 1.0291507278168237), ('Nr4a1', 2.9836612094260118), ('Pafah1b1', 1.309922928978215), ('Fosl2', 3.365699619682437), ('Nfatc2', 1.263075481828501), ('Ccnl1', 1.7641855973475156), ('Erf', 0.9301181851034016), ('Adamts1', 0.951663848229326), ('Slc39a14', 1.956414214053892), ('Nfkbiz', 1.0064574956641423), ('Mcm10', 1.289790215857154), ('Rhoq', 3.737244150356804), ('Rnf19b', 2.129847378531909), ('Ndufs4', 1.0075269755672531), ('Errfi1', 1.9907592039760484), ('Fkbp1b', 1.3570630739888097), ('Six4', 0.896944951485545), ('Cxcl10', 1.2169326857310272), ('Raet1e', 0.8882693350313117), ('Usp2', 0.942764124550592), ('Luc7l2', 1.1050964051780858), ('Adhfe1', 1.0367737994274857), ('Myc', 1.0127182150374094), ('Mt1', 3.610709478775904), ('Ier5', 3.620850110558739), ('1700017B05Rik', 1.0250143133346787), ('Spag9', 1.9013902969873249), ('Atf3', 1.2071878484557583), ('Abi1', 1.4505490306252908), ('Klf4', 0.932535082410714), ('Rasa3', 2.014058461868865), ('Xlr5a', 0.9794593446145106), ('Mcl1', 1.1922381610781243), ('Chl1', 1.661642265063242), ('Ica1l', 1.1785919787071948), ('Ube2h', 0.9905087285145414), ('Ptx3', 5.3071340451054505), ('Fam155a', 2.8716267567422187), ('Igf2bp2', 4.06110238420286), ('Arid4b', 0.9317941908166956), ('Sgms1', 1.2127938749796543), ('Phlda1', 2.4220407251057408), ('Samd4', 1.366561147700755), ('Cxcl1', 2.472025892434282), ('Otud7b', 1.2589036850774524), ('Sdccag8', 0.916478029623224)]",4559
Nfkb1,transfac_pro__M01224,0.07131408950390908,3.094998765900038,0.0,0.872033,motif is annotated for orthologous gene ENSG00000109320 in H. sapiens (identity = 87%),"frozenset({'weight>90.0%', 'activating', 'mm10_500bp_up_100bp_down_full_tx_v10_clust.genes_vs_motifs.rankings'})","[('Mcm10', 1.289790215857154), ('Rhoq', 3.737244150356804), ('Zfp36l1', 0.9546287998229896), ('Tmem136', 1.0885303747037367), ('Nfatc2', 1.263075481828501), ('Flnc', 1.0326516043051754), ('Cxcl1', 2.472025892434282), ('Atxn7', 0.9367390505499904), ('Rasa3', 2.014058461868865), ('Ugdh', 3.024551319353653), ('Samd4', 1.366561147700755), ('Socs2', 0.9576140874024436), ('Luc7l2', 1.1050964051780858), ('Pafah1b1', 1.309922928978215), ('Pla2g3', 1.1870402104438147), ('Fam83h', 0.8708619130275187), ('Lrp8', 2.2296450767044123), ('Slc19a1', 0.8857564543884617)]",986
Nfkb1,transfac_pro__M08891,0.0889986363068364,4.46379024801879,0.0,0.872033,motif is annotated for orthologous gene ENSG00000109320 in H. sapiens (identity = 87%),"frozenset({'weight>90.0%', 'activating', 'mm10_500bp_up_100bp_down_full_tx_v10_clust.genes_vs_motifs.rankings'})","[('Tnfaip3', 1.2886568756591883), ('Nfkbia', 2.0629335800258097), ('Nfkbiz', 1.0064574956641423), ('Hspe1', 1.1372190483692148), ('Ccl7', 4.173261495477859), ('Ccnl1', 1.7641855973475156), ('Socs2', 0.9576140874024436), ('Zfp94', 1.206990652009468), ('Adamts1', 0.951663848229326), ('Nfatc2', 1.263075481828501), ('Ccl2', 3.2605643799022523), ('Tgif1', 1.759971960585356), ('Fam83h', 0.8708619130275187), ('Xlr', 1.0896131215118725), ('5830418P13Rik', 0.9579852614264972), ('Errfi1', 1.9907592039760484), ('Otud7b', 1.2589036850774524), ('Slc39a14', 1.956414214053892), ('Spag9', 1.9013902969873249), ('Tnfaip6', 2.1382350021508123), ('Cxcl10', 1.2169326857310272), ('Samd4', 1.366561147700755), ('Ica1l', 1.1785919787071948), ('Trip11', 2.377439588007574), ('Banp', 1.9449515917823543), ('Ube2h', 0.9905087285145414), ('Mapk6', 1.2309855145229291), ('Arid4b', 0.9317941908166956), ('Ppp1r15a', 1.393132794851858), ('Adgrd1', 1.0132956506704691), ('Nfkb1', 1.0), ('Klf6', 1.3696304680365607), ('Tnfaip2', 1.468426277007354), ('Klf2', 1.5769808061659287), ('Neat1', 1.8906134596744584), ('Nr4a3', 1.041867948829732), ('Fnip1', 1.0282800049109964), ('Tmeff1', 1.359074066231974), ('Cxcl1', 2.472025892434282), ('Ptx3', 5.3071340451054505), ('Uap1', 1.6446260458797328), ('Rffl', 2.043795028942481), ('Luc7l2', 1.1050964051780858), ('Noct', 1.5378692492519996), ('Ndufs4', 1.0075269755672531)]",3583
Nfkb1,transfac_public__M00208,0.08450551181957959,4.116020492039617,0.0,0.872033,motif is annotated for orthologous gene ENSG00000109320 in H. sapiens (identity = 87%),"frozenset({'weight>90.0%', 'activating', 'mm10_500bp_up_100bp_down_full_tx_v10_clust.genes_vs_motifs.rankings'})","[('Pafah1b1', 1.309922928978215), ('Rffl', 2.043795028942481), ('Rnf19b', 2.129847378531909), ('Jak1', 0.9426741645566872), ('Ica1l', 1.1785919787071948), ('Otud7b', 1.2589036850774524), ('Kmt2a', 0.8819671920660351), ('Lancl3', 2.7712204023203424), ('Erf', 0.9301181851034016), ('Man1a', 0.9340532393899827), ('Trip11', 2.377439588007574), ('Fnip1', 1.0282800049109964), ('Lrp8', 2.2296450767044123), ('Samd4', 1.366561147700755), ('Pim3', 2.209353453160767), ('Selenoi', 1.3098282139159272), ('Mcl1', 1.1922381610781243), ('Sdccag8', 0.916478029623224), ('Nr4a1', 2.9836612094260118), ('Cped1', 0.9319221293244536), ('Nfatc2', 1.263075481828501), ('Neat1', 1.8906134596744584), ('Phlda1', 2.4220407251057408), ('Mpp5', 1.1468519249127151), ('Nfkb1', 1.0), ('Tnfaip3', 1.2886568756591883), ('Myc', 1.0127182150374094), ('Ccl7', 4.173261495477859), ('Map9', 1.0498111175291671), ('Atxn7', 0.9367390505499904)]",2068
Smad1,tfdimers__MD00282,0.11763326725920242,3.9664381626247214,0.0,0.991398,gene is orthologous to ENSG00000170365 in H. sapiens (identity = 99%) which is directly annotated for motif,"frozenset({'weight>90.0%', 'activating', 'mm10_500bp_up_100bp_down_full_tx_v10_clust.genes_vs_motifs.rankings'})","[('Crem', 1.997203740756686), ('Has1', 0.9627194108869762), ('Plpp7', 0.9151652010699796), ('Prdx3', 1.2075009193062014), ('Pld1', 2.227297577374768), ('Ubxn4', 1.055939354435459), ('Washc3', 3.474717082473169), ('Tmem33', 1.8204933646999957), ('Kdm6b', 0.8744733506029728), ('Msra', 1.6307459473035018), ('Slc38a9', 4.670477279873539), ('Mlxip', 0.948552689021554), ('Rbmx', 1.259199449958876), ('B3gnt3', 2.4534045818691013)]",3573
Spi1,tfdimers__MD00015,0.0710350988201139,3.132316120516156,0.0,0.870849,motif is annotated for orthologous gene ENSG00000066336 in H. sapiens (identity = 87%),"frozenset({'weight>90.0%', 'activating', 'mm10_500bp_up_100bp_down_full_tx_v10_clust.genes_vs_motifs.rankings'})","[('Rhog', 1.1911367936903876), ('Lcp2', 1.1964880508102689), ('Cyth4', 2.928996810202869), ('Hcst', 1.8176374661651216), ('C5ar1', 1.0355396253669569), ('Arhgap9', 2.187803169687143), ('C1qc', 1.4369920290439646), ('Aamdc', 1.0152658055450277), ('Inpp5d', 2.0993553571573207), ('Mmd', 2.201555584473927), ('Actr2', 0.9984143138090484), ('Etfb', 1.5796523080306035), ('Hk3', 0.964572565354311), ('Rnf149', 1.6576918339654114), ('Cxcl2', 1.58641391454213), ('Vwf', 1.217966396914466), ('Rad21', 0.899739146612451), ('Wdfy4', 1.5627536478723902), ('Srgn', 2.954024807164282), ('Fcer1g', 2.33856708638666), ('Crlf3', 1.2060385187928873), ('Tnf', 1.362868251382468), ('Sema4a', 1.2976744458527751), ('2610002M06Rik', 1.229180995819781), ('Cdkn2a', 2.0399636179714244), ('Stard8', 1.564200631391669), ('Mef2c', 1.9972302845176215), ('Mrc1', 1.8241071072079744), ('Hmgn5', 2.706813081250498), ('Rassf4', 1.4619656365111038), ('Twf2', 1.2319077787862962), ('Iqgap2', 1.2242699224678035), ('Rangap1', 1.64843219767637), ('Sft2d1', 1.1013413264002694), ('Ctsc', 1.2621289963627893), ('Dgkz', 5.640762292507995), ('Umps', 1.7913958231956877), ('Pf4', 1.6330119225406987), ('Wfdc17', 2.238755204423435), ('Fam111a', 1.050821747709458), ('H2-DMb1', 1.397143911962721), ('Impa2', 0.998787346708122), ('Gmfg', 2.1795922042747624)]",3687
Spi1,tfdimers__MD00044,0.07064428481036215,3.1024750553799345,0.0,0.870849,motif is annotated for orthologous gene ENSG00000066336 in H. sapiens (identity = 87%),"frozenset({'weight>90.0%', 'activating', 'mm10_500bp_up_100bp_down_full_tx_v10_clust.genes_vs_motifs.rankings'})","[('C1qa', 2.835465024220328), ('Lcp2', 1.1964880508102689), ('Hk3', 0.964572565354311), ('Stard8', 1.564200631391669), ('Arpc3', 1.414096541757096), ('Derl2', 1.017573367094161), ('Actr2', 0.9984143138090484), ('Arhgap9', 2.187803169687143), ('Rhog', 1.1911367936903876), ('Fbxw7', 1.0280575258306155), ('Cmc2', 1.749700938743224), ('Sec11c', 2.031759319266744), ('Bik', 1.0597167222365376), ('Itpa', 0.9669081327630916), ('Mafb', 1.0624130692893037), ('Ctsc', 1.2621289963627893), ('Hcst', 1.8176374661651216), ('Sft2d1', 1.1013413264002694), ('Vwf', 1.217966396914466)]",1257
Thrb,tfdimers__MD00319,0.09064193975156007,3.3904895859652777,0.0,0.819957,motif is annotated for orthologous gene ENSG00000151090 in H. sapiens (identity = 81%),"frozenset({'weight>90.0%', 'activating', 'mm10_500bp_up_100bp_down_full_tx_v10_clust.genes_vs_motifs.rankings'})","[('Ubqln4', 1.0873857321159353), ('Sufu', 3.888007070338176), ('Rerg', 0.9002270013366297), ('Gcc2', 1.2667992067224123), ('Tmem168', 0.9183968893587462), ('Osbpl6', 0.9373066622913976), ('Spg20', 2.3817289311124163), ('Cherp', 1.678340469270134), ('Fam133b', 0.8679458267500316), ('Ift52', 1.349532088938697), ('Nfyc', 1.6350781993377823), ('Cog2', 0.8922125189198832), ('Nhs', 1.0458955413694413), ('Bnip3l', 0.933712722165219), ('Mocs1', 0.9642934639853282), ('Cdc40', 1.488751406808246)]",1748
Zbtb14,transfac_pro__M00716,0.0903112588898125,3.034615559112342,0.0,1.0,gene is directly annotated,"frozenset({'weight>90.0%', 'activating', 'mm10_500bp_up_100bp_down_full_tx_v10_clust.genes_vs_motifs.rankings'})","[('Sf3b3', 2.0372962357332103), ('Borcs8', 0.9897466842695688), ('Sp1', 1.8386189189000552), ('Foxk1', 1.1175401144337451), ('Sf1', 1.0905843573221532), ('Nipa2', 3.572102113939187), ('Tbc1d14', 2.2780182036045336)]",761
Zfp189,transfac_pro__M05612,0.14026527883190573,3.670337093987297,0.0,0.932566,gene is orthologous to ENSG00000136870 in H. sapiens (identity = 93%) which is directly annotated for motif,"frozenset({'weight>90.0%', 'activating', 'mm10_500bp_up_100bp_down_full_tx_v10_clust.genes_vs_motifs.rankings'})","[('Fam167a', 0.917107466591655), ('Jarid2', 1.1914132262337769), ('Col23a1', 2.2430525708123774), ('Ppp3cb', 1.673795977774086)]",469
Zfp646,transfac_pro__M06786,0.07631304879563543,3.3214025793217887,0.0,0.710291,gene is orthologous to ENSG00000167395 in H. sapiens (identity = 71%) which is directly annotated for motif,"frozenset({'weight>90.0%', 'activating', 'mm10_500bp_up_100bp_down_full_tx_v10_clust.genes_vs_motifs.rankings'})","[('Usp37', 1.2101063587210026), ('Hsd17b4', 2.543797353923128), ('Il34', 1.3632917415227992), ('Pde10a', 3.455374534385584), ('Zfp740', 0.983341190410292), ('Rhpn2', 3.326369562249731), ('Pitpnc1', 1.6486327907547091), ('Pafah2', 2.399260444813644), ('Cacnb1', 1.4166318304193015), ('Gtpbp10', 1.0866551138484215)]",830
AU041133,transfac_pro__M06033,0.09408769742310889,3.3988632408704422,0.0,0.502008,gene is orthologous to ENSG00000257446 in H. sapiens (identity = 50%) which is directly annotated for motif,"frozenset({'activating', 'mm10_500bp_up_100bp_down_full_tx_v10_clust.genes_vs_motifs.rankings', 'top50'})","[('Cct2', 0.4691397504448206), ('Aqr', 1.6256281483010018), ('Dhx36', 2.58118110823227), ('Maged2', 0.5556010935350215), ('Polg', 1.9585635703307696), ('Ncald', 1.0750581844149087), ('Kif22', 0.7383223643619793), ('Mfhas1', 1.3350679545401063), ('AU041133', 1.0), ('Mylk', 0.8627116774237986), ('Htatsf1', 0.7603233554439573), ('Rftn2', 1.7600064116715748), ('Tyms', 0.6990466596669445), ('Fgfbp3', 0.391271887913627), ('Pgm3', 0.4441779266489561), ('Faap20', 0.7878580603745572), ('Fam78b', 0.5604822350639209), ('Jak3', 1.5323371186588164), ('Meaf6', 1.439462846781549), ('Rnmt', 1.4785381427216242)]",4036
Ahr,transfac_pro__M00976,0.10361249653643669,3.7663358736775296,0.0,1.0,gene is directly annotated,"frozenset({'activating', 'mm10_500bp_up_100bp_down_full_tx_v10_clust.genes_vs_motifs.rankings', 'top50'})","[('Atp6v1h', 2.3328016796926976), ('Uty', 1.3391082900642317), ('Dolk', 2.8711113825774137), ('Ubap2', 1.7111983677692455), ('Ahr', 1.0)]",340
Arnt2,transfac_pro__M00976,0.10465333265475767,4.210689909340465,0.0,1.0,gene is directly annotated,"frozenset({'activating', 'mm10_500bp_up_100bp_down_full_tx_v10_clust.genes_vs_motifs.rankings', 'top50'})","[('Arhgef1', 1.2854997831363124), ('Tprgl', 1.106827178333038), ('Anxa11', 1.856380709885838), ('Ntn1', 1.5900342980427942), ('Btbd3', 1.5582677518402068), ('Stx2', 1.67343500920998), ('Dhx40', 1.106507175768772), ('Hmcn1', 1.4890889038876036), ('Nudt7', 1.081860700402805), ('Rsl1', 1.966823771599514), ('Cdk2ap2', 1.0819450621753337), ('Sos1', 3.827796555713688), ('Ugp2', 2.190833494668799), ('Macrod1', 1.1118755920686836), ('Duoxa1', 4.130533087420497), ('Cd151', 1.084848942693916), ('F13a1', 1.0765504785523805), ('Tmod2', 1.153969715272915), ('Ltbp2', 1.4458787897714278)]",3410
Bcl6,transfac_pro__M01171,0.11453635415008578,4.264799204555186,0.0,1.0,gene is directly annotated,"frozenset({'activating', 'mm10_500bp_up_100bp_down_full_tx_v10_clust.genes_vs_motifs.rankings', 'top50'})","[('Cfd', 1.5909907535901795), ('Apmap', 1.2746707995888562), ('Dhx57', 2.1350425809468927), ('Fam122b', 1.7531036478731652), ('Ankrd46', 1.2066105548003303), ('Pitpnm1', 1.91536180962776), ('Dlg2', 2.190559719143192)]",918
Borcs8,hdpi__MEF2B,0.09639023009851258,3.01369895725533,0.0,0.618911,gene is orthologous to ENSG00000213999 in H. sapiens (identity = 61%) which is directly annotated for motif,"frozenset({'activating', 'mm10_500bp_up_100bp_down_full_tx_v10_clust.genes_vs_motifs.rankings', 'top50'})","[('Tfcp2', 1.4031210289934586), ('Borcs8', 1.0), ('Nop2', 1.421732883800514), ('2410004B18Rik', 0.9902324569214336), ('Abcc5', 1.6371528614038888), ('Rarg', 1.678153412749418), ('Etfbkmt', 2.158979559871952), ('Ttc27', 1.0811681973276084), ('Trnp1', 1.6968307936455185), ('Dnmt1', 2.64564724285812), ('Zbed4', 2.492397749484951), ('Snapc1', 0.9995525794637494), ('Mrpl13', 1.098889367672339), ('Cpt1a', 1.0201153897060955), ('Kri1', 1.2396536670866372), ('A230057D06Rik', 1.6792793818285816), ('Golga1', 0.9409532690117116), ('Rgs19', 1.4622594519988117), ('Def6', 1.9078425942175825)]",4929
Cebpb,tfdimers__MD00159,0.0855174987700816,3.181602202709807,0.0,0.668919,gene is orthologous to ENSG00000172216 in H. sapiens (identity = 66%) which is directly annotated for motif,"frozenset({'activating', 'mm10_500bp_up_100bp_down_full_tx_v10_clust.genes_vs_motifs.rankings', 'top50'})","[('Shmt2', 1.9555478375257156), ('Snhg15', 1.6122934541039569), ('Rps29', 2.19302034709846), ('Uty', 2.922589159311582), ('Il6', 2.196068463538388), ('Cxcl1', 2.4842865235260234), ('Ing4', 1.5102131127689191), ('Ddx5', 1.485488205201546)]",645
Cebpd,homer__ATTGCGCAAC_CEBP,0.09335504775476275,3.1143037235299587,0.000232,0.835821,gene is orthologous to ENSG00000221869 in H. sapiens (identity = 83%) which is annotated for similar motif taipale_cyt_meth__CEBPD_NRTTGCGYAAYN_eDBD ('CEBPD [bZIP]'; q-value = 0.000232),"frozenset({'activating', 'mm10_500bp_up_100bp_down_full_tx_v10_clust.genes_vs_motifs.rankings', 'top50'})","[('Ace', 2.117956215172469), ('Ifngr1', 2.6413635373422197), ('Apod', 4.177869636258284), ('Rab30', 3.682486276620296), ('Cald1', 1.8810959285596776), ('Celf2', 2.014735278680994), ('Adamts5', 1.923172916563268), ('Ccnd3', 1.80345978567329), ('Rhoq', 2.27470142524572), ('Il1r1', 2.910852932215571), ('Il6', 2.3668858200178904)]",1113
Cebpd,taipale_tf_pairs__TEAD4_CEBPD_NTTRCGYAANNNNNNRGWATGY_CAP,0.10399172137683003,3.6291652027779593,0.0,0.835821,gene is orthologous to ENSG00000221869 in H. sapiens (identity = 83%) which is directly annotated for motif,"frozenset({'activating', 'mm10_500bp_up_100bp_down_full_tx_v10_clust.genes_vs_motifs.rankings', 'top50'})","[('Lrrn4cl', 2.0372122306799163), ('Adamts5', 1.923172916563268), ('Celf2', 2.014735278680994), ('Lvrn', 2.5867004689987625), ('Nid1', 1.86007688218597), ('Klhl13', 1.769279318150558), ('Svep1', 2.8701918100696693)]",465
Crem,transfac_pro__M01861,0.09361596009975062,3.627681565055923,0.000883,1.0,"gene is annotated for similar motif transfac_pro__M00981 ('V$CREBATF_Q6: CREB, ATF'; q-value = 0.000883)","frozenset({'activating', 'mm10_500bp_up_100bp_down_full_tx_v10_clust.genes_vs_motifs.rankings', 'top50'})","[('Mfsd12', 1.292395123496624), ('Pcbd2', 1.2220396589613602), ('Cars', 1.889873859027346), ('Gna12', 0.7960507342637603), ('Tspan17', 1.8489071308777216), ('Tars', 0.8060290477053278)]",425
Crem,transfac_pro__M04746,0.08663341645885286,3.256574653239288,0.000725,1.0,gene is annotated for similar motif transfac_pro__M00917 ('V$CREB_Q4_01: CREB'; q-value = 0.000725),"frozenset({'activating', 'mm10_500bp_up_100bp_down_full_tx_v10_clust.genes_vs_motifs.rankings', 'top50'})","[('Tsc22d2', 1.3428729911833637), ('Uqcrfs1', 1.0123489813848283), ('Serac1', 0.7658168982255936), ('Crem', 1.0), ('Ldha', 1.7295644102116063), ('Smad1', 0.9685220678773452)]",676
Crem,transfac_pro__M02279,0.08458852867830424,3.1478933433501313,0.000274,1.0,"gene is annotated for similar motif transfac_pro__M00981 ('V$CREBATF_Q6: CREB, ATF'; q-value = 0.000274)","frozenset({'activating', 'mm10_500bp_up_100bp_down_full_tx_v10_clust.genes_vs_motifs.rankings', 'top50'})","[('Smad1', 0.9685220678773452), ('Mfsd12', 1.292395123496624), ('Pcbd2', 1.2220396589613602), ('Rbm43', 0.9382981169071112)]",236
Deaf1,jaspar__MA0185.1,0.0982174194144269,3.2941419513737813,0.0,0.215548,gene is orthologous to FBgn0013799 in D. melanogaster (identity = 21%) which is directly annotated for motif,"frozenset({'activating', 'mm10_500bp_up_100bp_down_full_tx_v10_clust.genes_vs_motifs.rankings', 'top50'})","[('Nmnat3', 2.0631899615424825), ('Prkaa1', 1.2242660570029478), ('Gcfc2', 1.6855051022110157), ('Slc43a1', 1.850173330196372), ('Gfm1', 2.1051239557486574), ('Adgrv1', 3.293462790959842), ('Atp6ap1', 3.466513769082012)]",998
Elf1,taipale_tf_pairs__TEAD4_ELF1_GGAATGCGGAAGTN_CAP_repr,0.11451002124318832,4.142278081269622,0.0,0.897059,gene is orthologous to ENSG00000120690 in H. sapiens (identity = 89%) which is directly annotated for motif,"frozenset({'activating', 'mm10_500bp_up_100bp_down_full_tx_v10_clust.genes_vs_motifs.rankings', 'top50'})","[('Eprs', 1.7489837169753613), ('Ring1', 1.9310177034064664), ('Elf1', 1.0), ('Mettl1', 1.5245485697251084), ('Hopx', 2.679470607615936), ('Dcaf13', 3.0058336969615915), ('Zfp691', 1.7081667761870074), ('Cope', 1.5450869374283127), ('Mrps16', 2.0768035833509684), ('Wbp4', 2.11916266754995)]",1520
Elf1,taipale_tf_pairs__TEAD4_ELF1_RGAATGCGGAAGTR_CAP,0.09762630460884825,3.3062579725542807,0.0,0.897059,gene is orthologous to ENSG00000120690 in H. sapiens (identity = 89%) which is directly annotated for motif,"frozenset({'activating', 'mm10_500bp_up_100bp_down_full_tx_v10_clust.genes_vs_motifs.rankings', 'top50'})","[('Acp6', 2.953844686154949), ('Satb1', 1.655333180536003), ('Zbtb7a', 1.8699278902480785), ('Ring1', 1.9310177034064664), ('Mettl1', 1.5245485697251084), ('1600002K03Rik', 1.6860977949956897)]",543
Elk1,taipale_tf_pairs__ELK1_HOXA3_RSCGGTAATKR_CAP_repr,0.1338862987458889,4.901485787335762,0.0,0.85514,motif is annotated for orthologous gene ENSG00000126767 in H. sapiens (identity = 85%),"frozenset({'activating', 'mm10_500bp_up_100bp_down_full_tx_v10_clust.genes_vs_motifs.rankings', 'top50'})","[('Lrig3', 1.4147024859013362), ('Metap1d', 1.3594416670060248), ('Mrpl48', 1.791207270362305), ('D16Ertd472e', 2.941858332884368), ('Crls1', 1.6300737583802734), ('Slc35b1', 2.561973307576784), ('Zmynd8', 2.796568000273889), ('Dexi', 1.5445408496248798), ('Bub3', 2.072004733799841)]",1015
Erf,taipale_tf_pairs__ERF_DLX2_RSCGGAANNNNNYMATTA_CAP_repr_1,0.07552299806040455,3.037738250323493,0.0,0.968978,motif is annotated for orthologous gene ENSG00000105722 in H. sapiens (identity = 96%),"frozenset({'activating', 'mm10_500bp_up_100bp_down_full_tx_v10_clust.genes_vs_motifs.rankings', 'top50'})","[('Pcif1', 1.990926895930544), ('Usp42', 1.2069281489332622), ('Nabp2', 1.4337836314242207), ('Ccdc163', 1.4397725132421035)]",139
Erf,taipale_tf_pairs__ERF_DLX2_RSCGGAANNNNNYMATTA_CAP_repr_2,0.07526323081185925,3.0231999293579013,0.0,0.968978,motif is annotated for orthologous gene ENSG00000105722 in H. sapiens (identity = 96%),"frozenset({'activating', 'mm10_500bp_up_100bp_down_full_tx_v10_clust.genes_vs_motifs.rankings', 'top50'})","[('Mrpl2', 1.7274726090174448), ('Cdc37', 1.4791336606609589), ('Erf', 1.0), ('Kif1c', 1.418282776280934), ('Dnah1', 1.3019412293669657), ('Nabp2', 1.4337836314242207)]",597
Erf,taipale_tf_pairs__ERF_PITX1_NSCGGANNNNNNGGMTTA_CAP,0.08267525630368523,3.438026687576124,0.0,0.968978,motif is annotated for orthologous gene ENSG00000105722 in H. sapiens (identity = 96%),"frozenset({'activating', 'mm10_500bp_up_100bp_down_full_tx_v10_clust.genes_vs_motifs.rankings', 'top50'})","[('Nkain2', 3.4346490154139704), ('Pfkfb4', 2.070998682080364), ('Parp11', 1.4323584978950783), ('Elac2', 1.736002224455121), ('Mob4', 1.6483557852486794)]",437
Ets1,transfac_pro__M04748,0.08765963878183329,3.642204499107215,0.000195,1.0,"gene is annotated for similar motif cisbp__M0707 ('ENSG00000235187[gene ID: ""ENSG00000235187"" species: ""Homo sapiens"" TF status: ""inferred"" TF family: ""Ets"" DBDs: ""Ets""]; ENSMUSG00000044690[gene ID: ""ENSMUSG00000044690"" species: ""Mus musculus"" TF status: ""inferred"" TF family: ""Ets"" DBDs: ""Ets""]; Erf[gene ID: ""ENSMUSG00000040857"" species: ""Mus musculus"" TF status: ""inferred"" TF family: ""Ets"" DBDs: ""Ets""]; Ets1[gene ID: ""ENSMUSG00000032035"" species: ""Mus musculus"" TF status: ""direct"" TF family: ""Ets"" DBDs: ""Ets""]; Ets2[gene ID: ""ENSMUSG00000022895"" species: ""Mus musculus"" TF status: ""inferred"" TF family: ""Ets"" DBDs: ""Ets""]; Etv2[gene ID: ""ENSMUSG00000006311"" species: ""Mus musculus"" TF status: ""inferred"" TF family: ""Ets"" DBDs: ""Ets""]; Fev[gene ID: ""ENSMUSG00000055197"" species: ""Mus musculus"" TF status: ""inferred"" TF family: ""Ets"" DBDs: ""Ets""]'; q-value = 0.000195)","frozenset({'activating', 'mm10_500bp_up_100bp_down_full_tx_v10_clust.genes_vs_motifs.rankings', 'top50'})","[('Spr', 1.632633737527978), ('Gucd1', 1.1157545159339617), ('Usp8', 1.241898671208303), ('Zfp946', 1.8380025784253369), ('Traf3ip1', 4.344123424096631), ('Adora2b', 1.3607904840204688), ('Mrps22', 1.0945763240606003), ('Dock6', 1.1873215125924603)]",827
Etv1,taipale_tf_pairs__HOXD12_ETV1_RSCGGAAGTAATAAAN_CAP,0.08437240232751454,3.0941256237277965,0.0,0.979036,gene is orthologous to ENSG00000006468 in H. sapiens (identity = 97%) which is directly annotated for motif,"frozenset({'activating', 'mm10_500bp_up_100bp_down_full_tx_v10_clust.genes_vs_motifs.rankings', 'top50'})","[('Krr1', 1.1355651100166613), ('Ndufa12', 2.8930675507829875), ('Ggact', 0.931667934522516), ('Nxt2', 0.9749012440643088), ('Tmub2', 1.3172670296826925), ('Nup35', 0.9917489471208965), ('Agfg1', 1.2961134763757034), ('Mrps25', 1.6374385451731197)]",1025
Etv1,taipale_tf_pairs__TEAD4_ETV1_RSCGGAAATRCM_CAP,0.08334164588528678,3.039027038074349,0.0,0.979036,gene is orthologous to ENSG00000006468 in H. sapiens (identity = 97%) which is directly annotated for motif,"frozenset({'activating', 'mm10_500bp_up_100bp_down_full_tx_v10_clust.genes_vs_motifs.rankings', 'top50'})","[('Nxt2', 0.9749012440643088), ('Nr2f2', 1.1035356954875373), ('Tmub2', 1.3172670296826925), ('Agfg1', 1.2961134763757034), ('Krr1', 1.1355651100166613), ('Ndufa12', 2.8930675507829875), ('Pdgfrl', 1.461064610988144), ('Smu1', 0.9713733627789708), ('Cd200', 0.959740491862382), ('Sdc2', 1.610682501884904)]",860
Fli1,taipale_tf_pairs__FLI1_TCF3_NCCGGANNCASSTGY_CAP,0.09778275399935535,3.6232364671274953,0.0,0.966814,gene is orthologous to ENSG00000151702 in H. sapiens (identity = 96%) which is directly annotated for motif,"frozenset({'activating', 'mm10_500bp_up_100bp_down_full_tx_v10_clust.genes_vs_motifs.rankings', 'top50'})","[('Psma6', 1.4351729258654935), ('Spice1', 1.092855037667117), ('Rpf1', 1.2865859847195322), ('Ero1l', 1.4933626463107672), ('Lamtor3', 1.3505341091438254), ('Ccndbp1', 0.9955657721101338)]",430
Fosb,transfac_pro__M02279,0.1039238638098631,3.0237599178969745,0.000236,0.923077,gene is orthologous to ENSG00000125740 in H. sapiens (identity = 92%) which is annotated for similar motif transfac_pro__M08937 ('V$JUNFOSB_02: C-JUN:FOSB'; q-value = 0.000236),"frozenset({'activating', 'mm10_500bp_up_100bp_down_full_tx_v10_clust.genes_vs_motifs.rankings', 'top50'})","[('Arih1', 2.297256742951717), ('Fos', 2.821116766414407), ('Egr1', 3.0471897027673487), ('Tspyl4', 2.087008864667067), ('Btg2', 1.897760781747925), ('Fosb', 1.0), ('Nsd3', 2.415496067749089), ('Btg1', 3.5722237907487253), ('Ccnl1', 1.9326167034389057), ('Jun', 2.065173856671364), ('Klf9', 2.61663363733928), ('Tnfaip3', 2.8717611910750622), ('Tra2b', 4.215325422415848)]",1742
Fosl1,tfdimers__MD00098,0.1260563868107509,3.993316886148376,0.0,0.885609,motif is annotated for orthologous gene ENSG00000175592 in H. sapiens (identity = 88%),"frozenset({'activating', 'mm10_500bp_up_100bp_down_full_tx_v10_clust.genes_vs_motifs.rankings', 'top50'})","[('Nfatc1', 1.6127725518795686), ('Ptprk', 1.500888360925513), ('Tec', 1.891783802140676), ('Fosl1', 1.0), ('Letm1', 2.286160077794595), ('Smtn', 2.676085325036913), ('Phactr3', 1.7772456852917835), ('Spata6', 1.7932601292178822), ('Raf1', 1.4111858413648433), ('Frmd4a', 2.7096748231972), ('Usp4', 1.6667474788427603), ('Rfc1', 1.804038991695812), ('Ralb', 2.73960919280122), ('Lxn', 2.2097306414607223), ('Zfp326', 1.888967077985928)]",1539
Foxj3,taipale_tf_pairs__FOXJ3_TBX21_WAACAACACMY_CAP_repr,0.10457897808669815,3.9525318552811677,0.0,0.945338,motif is annotated for orthologous gene ENSG00000198815 in H. sapiens (identity = 94%),"frozenset({'activating', 'mm10_500bp_up_100bp_down_full_tx_v10_clust.genes_vs_motifs.rankings', 'top50'})","[('Foxj3', 1.0), ('Marf1', 1.5624072101749549), ('H2-M3', 1.6128256812941173), ('Phykpl', 1.148207758554527), ('Lrrc8d', 0.8852947970661907), ('Rgs7bp', 1.157663305821692)]",665
Gata2,tfdimers__MD00046,0.07991648785014209,3.223563140739296,0.0,0.979167,gene is orthologous to ENSG00000179348 in H. sapiens (identity = 97%) which is directly annotated for motif,"frozenset({'activating', 'mm10_500bp_up_100bp_down_full_tx_v10_clust.genes_vs_motifs.rankings', 'top50'})","[('Erich1', 0.1533640541467197), ('Ube2j2', 1.5274204581699136), ('Larp6', 0.1139595743382824), ('Vps26a', 0.4725827289011549), ('Tmtc1', 0.0993146318704925), ('Sept4', 0.5342752099307362), ('Fam171a2', 0.340131792725667)]",1018
Gata2,tfdimers__MD00168,0.09275261458756211,3.9302167060110245,0.0,0.979167,gene is orthologous to ENSG00000179348 in H. sapiens (identity = 97%) which is directly annotated for motif,"frozenset({'activating', 'mm10_500bp_up_100bp_down_full_tx_v10_clust.genes_vs_motifs.rankings', 'top50'})","[('Efcc1', 1.4151411644006269), ('Fam171a2', 0.340131792725667), ('Tufm', 0.3986119969876368), ('Srpr', 0.0710522115626397), ('Fzd5', 0.1889894909593185), ('Angptl1', 0.3655690316585678), ('Hcfc1', 0.2586385033939482), ('Dot1l', 1.6905361654642153), ('Sept4', 0.5342752099307362), ('Glrx', 0.2039192160743581)]",2220
Gata6,transfac_pro__M02861,0.10596841230257689,3.0108357584205288,0.0,1.0,gene is directly annotated,"frozenset({'activating', 'mm10_500bp_up_100bp_down_full_tx_v10_clust.genes_vs_motifs.rankings', 'top50'})","[('Nipa1', 0.3848003397052136), ('Alpk1', 0.1033382944661909), ('Tmx4', 0.5905048969072303), ('Atp23', 0.3453262061748401), ('Ago3', 0.1031976773104938)]",573
Hcfc1,hdpi__ELF2,0.10843458729063865,3.2784635051079047,0.000516,0.938875,"gene is orthologous to ENSG00000172534 in H. sapiens (identity = 93%) which is annotated for similar motif dbcorrdb__HCFC1__ENCSR000ECH_1__m3 ('HCFC1 (ENCSR000ECH-1, motif 3)'; q-value = 0.000516)","frozenset({'activating', 'mm10_500bp_up_100bp_down_full_tx_v10_clust.genes_vs_motifs.rankings', 'top50'})","[('Cenph', 1.560133940386254), ('1600012H06Rik', 1.2972387371106542), ('Pole4', 1.3193087617832466), ('Mkrn2', 2.222487750268034), ('Foxn2', 1.5196670662480711), ('Asxl2', 1.688731155956328), ('Coq6', 2.004375802767996), ('Dmwd', 2.2020537791725228), ('Uba2', 2.4486932242404453), ('Hcfc1', 1.0), ('Zswim8', 1.8014206827857162), ('Serp2', 1.603498242499677), ('Impa1', 1.2092706036239105)]",1619
Hif1a,transfac_pro__M00976,0.10612923473628853,3.4211401303179256,0.0,1.0,gene is directly annotated,"frozenset({'activating', 'mm10_500bp_up_100bp_down_full_tx_v10_clust.genes_vs_motifs.rankings', 'top50'})","[('Myo1e', 1.850451985882579), ('Mien1', 1.6390676331397402), ('Hsdl2', 1.595258674331255), ('Bcap29', 1.884765215863561), ('Susd6', 1.6649013529923544), ('Afg3l2', 2.83858365660281), ('Mapre2', 1.6424005941250626), ('Eif4ebp2', 2.7397134186201155), ('Amz2', 3.609673912520461)]",692
Hivep2,hocomoco__ZEP2_HUMAN.H11MO.0.D,0.09589662208116073,3.4158357354557554,0.0,0.877366,gene is orthologous to ENSG00000010818 in H. sapiens (identity = 87%) which is directly annotated for motif,"frozenset({'activating', 'mm10_500bp_up_100bp_down_full_tx_v10_clust.genes_vs_motifs.rankings', 'top50'})","[('4833411C07Rik', 2.188413581942512), ('Rnf130', 2.063638260732082), ('Sirpa', 1.3087442292460527), ('Apol8', 1.5061655659507611), ('Dmrt2', 2.8948205144639463)]",321
Hmga2,tfdimers__MD00339,0.08629786079020137,3.1482795444632297,0.0,0.635659,gene is orthologous to ENSG00000149948 in H. sapiens (identity = 63%) which is directly annotated for motif,"frozenset({'activating', 'mm10_500bp_up_100bp_down_full_tx_v10_clust.genes_vs_motifs.rankings', 'top50'})","[('Tbpl1', 0.8761576361578963), ('Smim12', 1.306249645727914), ('Polr2b', 1.3435838326868732), ('Upp1', 1.081320354086635), ('Nfatc1', 1.2870362553414665), ('Stk40', 0.90331177209519)]",379
Ikzf1,tfdimers__MD00265,0.1084961208090884,3.7486667413389383,0.0,0.932039,gene is orthologous to ENSG00000185811 in H. sapiens (identity = 93%) which is directly annotated for motif,"frozenset({'activating', 'mm10_500bp_up_100bp_down_full_tx_v10_clust.genes_vs_motifs.rankings', 'top50'})","[('Wasf2', 0.7185069468795696), ('Grb2', 2.046915569487032), ('Efcab11', 1.8111788852613069), ('Ikzf1', 1.0)]",214
Ikzf4,transfac_pro__M05545,0.09104051465539051,3.018707461148664,0.0,1.0,gene is directly annotated,"frozenset({'activating', 'mm10_500bp_up_100bp_down_full_tx_v10_clust.genes_vs_motifs.rankings', 'top50'})","[('Uggt1', 1.1837964664243743), ('Mrpl15', 1.719303468141156), ('Clcn3', 2.2819408029123265), ('Vwa8', 1.0558215976275152), ('R3hcc1', 2.283037544305435), ('Nek1', 1.1682384299880315), ('Zfp68', 3.229820756921184), ('Morc4', 2.4921841616219416), ('Them6', 1.443611031514951), ('Pam16', 1.1406729852928612), ('Slc35b1', 2.9607898105039463), ('Exd2', 1.5590045867514393), ('Rufy3', 1.2296102308208243)]",1443
Ilf2,tfdimers__MD00050,0.10316046618148507,3.8230678818136394,0.0,1.0,gene is orthologous to ENSG00000143621 in H. sapiens (identity = 100%) which is directly annotated for motif,"frozenset({'activating', 'mm10_500bp_up_100bp_down_full_tx_v10_clust.genes_vs_motifs.rankings', 'top50'})","[('Csf2ra', 1.9215856277662529), ('Med15', 2.3419715288464453), ('Stom', 1.908800682359428), ('Trip4', 1.3058057797668006), ('Hist1h1c', 1.883148746124185), ('Ilf2', 1.0), ('Taf11', 1.819246710657122)]",605
Irf1,tfdimers__MD00527,0.13182321972845665,4.6679132326380595,0.0,0.855385,motif is annotated for orthologous gene ENSG00000125347 in H. sapiens (identity = 85%),"frozenset({'activating', 'mm10_500bp_up_100bp_down_full_tx_v10_clust.genes_vs_motifs.rankings', 'top50'})","[('Pnrc1', 2.714281791868121), ('Rab22a', 2.9790945719675626), ('Socs3', 3.1645745533505507), ('Pdgfra', 2.8186067278187754), ('Ust', 2.4665288637479725), ('Gpnmb', 2.3046656280656155), ('Gli3', 2.525209535837427), ('Dclk1', 2.133995150629854), ('Ankhd1', 2.041275613478656), ('Zfp36', 2.383267558725049), ('Junb', 5.684688087912708), ('Btg2', 2.269804642698817), ('Icam1', 4.485764791345966), ('Il1r1', 3.0585038538788543), ('Fst', 2.922989149252726), ('Egr1', 2.2635694098813066), ('Zfp36l1', 2.728719642681818), ('Rhoj', 2.714604069834713), ('C1s1', 2.038821067852626), ('Acsf2', 2.377179458299581), ('Jun', 2.1300219563962)]",3655
Irf4,transfac_pro__M04722,0.09584195539519995,3.3134334925853386,9e-06,1.0,gene is annotated for similar motif hocomoco__IRF4_MOUSE.H11MO.0.A ('IRF4_MOUSE'; q-value = 9.33e-06),"frozenset({'activating', 'mm10_500bp_up_100bp_down_full_tx_v10_clust.genes_vs_motifs.rankings', 'top50'})","[('Sun2', 1.570820004080706), ('Bahcc1', 1.3702581525963329), ('Sars', 1.3461870934222129), ('Rprd1a', 2.305324704394413), ('Zfp60', 1.0517411729387074), ('Fam171a1', 1.1052015536120765), ('Slc16a10', 1.2646632064438446), ('Cdkn1c', 3.0139291773451813)]",968
Jun,transfac_pro__M07608,0.11913478714561115,3.784485951623133,6e-05,0.963746,"motif similar to homer__GAATGGAAAAAATGAGTCAT_NFAT_AP1 ('NFAT:AP1(RHD,bZIP)/Jurkat-NFATC1-ChIP-Seq(Jolma et al.)/Homer'; q-value = 6e-05) which is annotated for orthologous gene ENSG00000177606 in H. sapiens (identity = 96%)","frozenset({'activating', 'mm10_500bp_up_100bp_down_full_tx_v10_clust.genes_vs_motifs.rankings', 'top50'})","[('Il11ra1', 2.3193960331853445), ('Adam23', 2.8896168729251173), ('Mmp3', 2.8438056400305007), ('Zfp280d', 2.8316877772625126), ('Eda', 2.750246062134134), ('Kctd12', 2.030826888023761), ('Irf1', 3.376365048429224), ('Lpl', 2.0770562397321317)]",469
Junb,transfac_pro__M08803,0.14155583264062066,5.089253317338005,0.000808,0.930836,motif similar to taipale_cyt_meth__JUNB_NATGACGTCAYN_eDBD_repr ('JUNB [bZIP]'; q-value = 0.000808) which is annotated for orthologous gene ENSG00000171223 in H. sapiens (identity = 93%),"frozenset({'activating', 'mm10_500bp_up_100bp_down_full_tx_v10_clust.genes_vs_motifs.rankings', 'top50'})","[('Ilf3', 2.5643780064799837), ('Dusp1', 4.082058870580426), ('Fos', 2.643504043508286), ('Egr1', 5.578668261564757), ('Ptgs2', 3.494233062274062), ('Uap1', 2.363100323690388), ('Btg2', 3.122084496959246), ('Fosb', 2.17763833923754), ('Ppp1r15a', 2.831183871708169)]",660
Junb,transfac_pro__M02279,0.14314907176503186,5.162504628843922,0.000195,0.938953,gene is orthologous to ENSG00000171223 in H. sapiens (identity = 93%) which is annotated for similar motif transfac_pro__M08921 ('V$JUNBFOSB_02: JUNB:FOSB'; q-value = 0.000195),"frozenset({'activating', 'mm10_500bp_up_100bp_down_full_tx_v10_clust.genes_vs_motifs.rankings', 'top50'})","[('Ilf3', 2.5643780064799837), ('Dusp1', 4.082058870580426), ('Has1', 2.216432132447361), ('Btg2', 3.122084496959246), ('Egr1', 5.578668261564757), ('Ifrd1', 3.856673575568709), ('Uap1', 2.363100323690388)]",734
Junb,transfac_public__M00039,0.1606573843169853,5.96747284550134,5.1e-05,0.938953,gene is orthologous to ENSG00000171223 in H. sapiens (identity = 93%) which is annotated for similar motif transfac_pro__M08927 ('V$JUNB_03: JUNB'; q-value = 5.12e-05),"frozenset({'activating', 'mm10_500bp_up_100bp_down_full_tx_v10_clust.genes_vs_motifs.rankings', 'top50'})","[('Nfkbiz', 4.1340827379081535), ('Ccl7', 4.180225010643112), ('Kdm6b', 2.3140329172063776), ('Adamts1', 2.612796462063838), ('Icam1', 2.2530544182739507), ('Irf1', 7.242210485885634), ('Ccl2', 2.373180905749026), ('Krt23', 2.4511248149940643), ('Cars', 2.3111440800958465), ('Errfi1', 2.634489423809759), ('Ilf3', 2.5643780064799837), ('Tnfaip6', 4.794859958395854), ('Egr1', 5.578668261564757), ('Ppp1r15a', 2.831183871708169), ('Klf2', 2.421949558290877), ('Fos', 2.643504043508286), ('Cxcl1', 4.649384570421074), ('Epc1', 2.304737364059151), ('Uap1', 2.363100323690388)]",3430
Jund,transfac_pro__M03541,0.11130160709337766,3.073582695762007,0.000914,0.741936,"gene is orthologous to ENSG00000130522 in H. sapiens (identity = 74%) which is annotated for similar motif dbcorrdb__JUND__ENCSR000EGN_1__m1 ('JUND (ENCSR000EGN-1, motif 1)'; q-value = 0.000914)","frozenset({'activating', 'mm10_500bp_up_100bp_down_full_tx_v10_clust.genes_vs_motifs.rankings', 'top50'})","[('Bcl6', 2.1804085333712235), ('Thsd7a', 3.166668945162014), ('Msmo1', 3.41207039313631), ('Pear1', 2.167833698603728), ('Pxdn', 2.3862762594273224), ('Bicc1', 2.304011795659226)]",410
Nfkb1,transfac_pro__M01224,0.09935388800725459,3.018786899730452,0.0,0.872033,motif is annotated for orthologous gene ENSG00000109320 in H. sapiens (identity = 87%),"frozenset({'activating', 'mm10_500bp_up_100bp_down_full_tx_v10_clust.genes_vs_motifs.rankings', 'top50'})","[('Nr4a1', 2.9836612094260118), ('Phlda1', 2.4220407251057408), ('Ier5', 3.620850110558739), ('Slc39a14', 1.956414214053892), ('Rhoq', 3.737244150356804), ('Rnf19b', 2.129847378531909)]",430
Nfya,transfac_pro__M00687,0.0939650872817955,3.400493080523225,0.000605,1.0,gene is annotated for similar motif transfac_pro__M02106 ('V$NFYA_Q5: NF-YA'; q-value = 0.000605),"frozenset({'activating', 'mm10_500bp_up_100bp_down_full_tx_v10_clust.genes_vs_motifs.rankings', 'top50'})","[('Socs6', 3.852237455441762), ('Ints11', 1.3458731625264662), ('Tmem64', 3.2815435953690786), ('Mrpl11', 1.5717500634688384), ('Snx14', 3.83238378754889)]",361
Pbx1,transfac_public__M00209,0.11231181305994274,4.033292164116585,0.000619,1.0,gene is annotated for similar motif hocomoco__PBX1_MOUSE.H11MO.1.A ('PBX1_MOUSE'; q-value = 0.000619),"frozenset({'activating', 'mm10_500bp_up_100bp_down_full_tx_v10_clust.genes_vs_motifs.rankings', 'top50'})","[('Trim45', 1.6131691679543836), ('Bbs9', 1.574097077646416), ('Ltbp1', 2.1753553454556926), ('Tmem200a', 1.5799865354937623), ('Bcas3', 2.903909680483779), ('Sulf1', 1.6651878026264595), ('Bsdc1', 2.0199192621625874)]",753
Smad1,tfdimers__MD00282,0.10194883162464209,3.5640738511191086,0.0,0.991398,gene is orthologous to ENSG00000170365 in H. sapiens (identity = 99%) which is directly annotated for motif,"frozenset({'activating', 'mm10_500bp_up_100bp_down_full_tx_v10_clust.genes_vs_motifs.rankings', 'top50'})","[('Crem', 1.997203740756686), ('Has1', 0.9627194108869762), ('Plpp7', 0.9151652010699796), ('Ppp1r12c', 0.7753463447905269), ('Prdx3', 1.2075009193062014), ('Pld1', 2.227297577374768), ('Ubxn4', 1.055939354435459), ('Washc3', 3.474717082473169), ('Cep57', 0.85311741543533), ('Tmem33', 1.8204933646999957), ('Kdm6b', 0.8744733506029728), ('Msra', 1.6307459473035018), ('Slc38a9', 4.670477279873539), ('Mlxip', 0.948552689021554), ('Rbmx', 1.259199449958876), ('B3gnt3', 2.4534045818691013), ('Hdac9', 0.7931170547110495)]",3620
Spi1,tfdimers__MD00018,0.10494172731436714,3.650435649011379,0.0,0.870849,motif is annotated for orthologous gene ENSG00000066336 in H. sapiens (identity = 87%),"frozenset({'activating', 'mm10_500bp_up_100bp_down_full_tx_v10_clust.genes_vs_motifs.rankings', 'top50'})","[('Arhgap9', 2.187803169687143), ('Cdkn2a', 2.0399636179714244), ('Gmfg', 2.1795922042747624), ('Evi2a', 2.264273189888294), ('Cyth4', 2.928996810202869)]",393
Spi1,tfdimers__MD00044,0.09981848100836345,3.400019748849589,0.0,0.870849,motif is annotated for orthologous gene ENSG00000066336 in H. sapiens (identity = 87%),"frozenset({'activating', 'mm10_500bp_up_100bp_down_full_tx_v10_clust.genes_vs_motifs.rankings', 'top50'})","[('Lst1', 2.287763239018089), ('Wfdc17', 2.238755204423435), ('Cyth4', 2.928996810202869), ('Rac2', 4.354619583897083), ('Arhgap9', 2.187803169687143), ('Dgkz', 5.640762292507995), ('Sec11c', 2.031759319266744), ('Umps', 1.7913958231956877), ('Rnf150', 2.2596075370872906), ('Spi1', 1.0), ('Fcer1g', 2.33856708638666), ('Dnajc8', 2.4043473442778063), ('Selplg', 1.8180527684054133), ('Batf3', 3.67477999939127), ('Itga4', 1.8783266754966328)]",2130
Tgif1,transfac_public__M00039,0.09878365311211766,3.7601072452586517,0.00078,0.152174,"motif similar to cisbp__M1136 ('TOS8[gene ID: ""YGL096W"" species: ""Saccharomyces cerevisiae"" TF status: ""direct"" TF family: ""Homeodomain"" DBDs: ""Homeobox""]'; q-value = 0.00078) which is annotated for orthologous gene YGL096W in S. cerevisiae (identity = 15%)","frozenset({'activating', 'mm10_500bp_up_100bp_down_full_tx_v10_clust.genes_vs_motifs.rankings', 'top50'})","[('Tgfb1', 1.8548604239936768), ('Ccdc86', 1.6532753154649429), ('Tgif1', 1.0), ('Ttc4', 1.7903014527868537), ('Map3k7', 2.1090042615339524), ('Cd209b', 5.391535745417716), ('Gpbp1l1', 3.362758844413458), ('Etaa1', 1.6334949186593049), ('Ube2j2', 3.1019377384230014), ('Fam216a', 3.946167937167615)]",1325
Thrb,tfdimers__MD00319,0.10126856771115689,3.6052846611275733,0.0,0.819957,motif is annotated for orthologous gene ENSG00000151090 in H. sapiens (identity = 81%),"frozenset({'activating', 'mm10_500bp_up_100bp_down_full_tx_v10_clust.genes_vs_motifs.rankings', 'top50'})","[('Ubqln4', 1.0873857321159353), ('Sufu', 3.888007070338176), ('Gcc2', 1.2667992067224123), ('Spg20', 2.3817289311124163), ('Cherp', 1.678340469270134), ('Ift52', 1.349532088938697), ('Nfyc', 1.6350781993377823)]",1014
Zfp646,transfac_pro__M06786,0.08158423385979496,3.0228651477102297,0.0,0.710291,gene is orthologous to ENSG00000167395 in H. sapiens (identity = 71%) which is directly annotated for motif,"frozenset({'activating', 'mm10_500bp_up_100bp_down_full_tx_v10_clust.genes_vs_motifs.rankings', 'top50'})","[('Hsd17b4', 2.543797353923128), ('Il34', 1.3632917415227992), ('Pde10a', 3.455374534385584), ('Rhpn2', 3.326369562249731), ('Pitpnc1', 1.6486327907547091), ('Pafah2', 2.399260444813644), ('Cacnb1', 1.4166318304193015)]",755
Zfp961,transfac_pro__M05990,0.10495428096425603,3.3729626585987185,0.0,0.275168,motif is annotated for orthologous gene ENSG00000198429 in H. sapiens (identity = 27%),"frozenset({'activating', 'mm10_500bp_up_100bp_down_full_tx_v10_clust.genes_vs_motifs.rankings', 'top50'})","[('Fam171b', 1.2770686152334654), ('Washc4', 1.110993559967567), ('Porcn', 1.2749056814313668), ('Etv1', 2.238559684384729), ('Mob1b', 0.8566669338062912), ('Rreb1', 1.145415494452308), ('Hmgcr', 1.0656805639721152), ('Ptpn1', 1.3006858531651448), ('Nnmt', 0.7963150756105162), ('Arid5a', 0.7687249245900865), ('Map6', 1.669475616007852), ('Mea1', 0.7943360902500165), ('Cdc42ep3', 1.6980254548015352), ('Wiz', 2.3810914216701757)]",1929
Arnt2,transfac_pro__M00976,0.11121855225880876,4.507305194799551,0.0,1.0,gene is directly annotated,"frozenset({'activating', 'top5perTarget', 'mm10_500bp_up_100bp_down_full_tx_v10_clust.genes_vs_motifs.rankings'})","[('Ntn1', 1.5900342980427942), ('F13a1', 1.0765504785523805), ('Tprgl', 1.106827178333038), ('Stx2', 1.67343500920998), ('Duoxa1', 4.130533087420497), ('Mapk6', 1.038558181965916), ('Adarb2', 0.6136773159799652), ('Arnt2', 1.0), ('Rsl1', 1.966823771599514), ('Arhgef1', 1.2854997831363124), ('Dhx8', 1.549493758515034), ('Nudt7', 1.081860700402805), ('Tmod2', 1.153969715272915), ('Cd55', 2.3666791037203043), ('Hmcn1', 1.4890889038876036), ('Bpifc', 1.4395937699291492), ('Sos1', 3.827796555713688), ('Anxa11', 1.856380709885838), ('Tmbim1', 1.8522648910810828)]",3827
Crem,transfac_pro__M01861,0.11328820805130033,3.2101956567938124,0.000883,1.0,"gene is annotated for similar motif transfac_pro__M00981 ('V$CREBATF_Q6: CREB, ATF'; q-value = 0.000883)","frozenset({'activating', 'top5perTarget', 'mm10_500bp_up_100bp_down_full_tx_v10_clust.genes_vs_motifs.rankings'})","[('Mfsd12', 1.292395123496624), ('Pcbd2', 1.2220396589613602), ('Cars', 1.889873859027346), ('Tspan17', 1.8489071308777216)]",406
Crem,transfac_pro__M04746,0.12869611685073032,3.788180434427234,0.000725,1.0,gene is annotated for similar motif transfac_pro__M00917 ('V$CREB_Q4_01: CREB'; q-value = 0.000725),"frozenset({'activating', 'top5perTarget', 'mm10_500bp_up_100bp_down_full_tx_v10_clust.genes_vs_motifs.rankings'})","[('Tsc22d2', 1.3428729911833637), ('Uqcrfs1', 1.0123489813848283), ('Serac1', 0.7658168982255936), ('Crem', 1.0), ('Ldha', 1.7295644102116063), ('Smad1', 0.9685220678773452)]",676
Crem,transfac_pro__M02279,0.11726635791473697,3.3594248672039826,0.000274,1.0,"gene is annotated for similar motif transfac_pro__M00981 ('V$CREBATF_Q6: CREB, ATF'; q-value = 0.000274)","frozenset({'activating', 'top5perTarget', 'mm10_500bp_up_100bp_down_full_tx_v10_clust.genes_vs_motifs.rankings'})","[('Crem', 1.0), ('Serac1', 0.7658168982255936), ('Tsc22d2', 1.3428729911833637), ('Uqcrfs1', 1.0123489813848283)]",431
Crem,transfac_public__M00039,0.1252523453271583,3.6589969388482797,5.2e-05,1.0,"gene is annotated for similar motif transfac_pro__M00981 ('V$CREBATF_Q6: CREB, ATF'; q-value = 5.19e-05)","frozenset({'activating', 'top5perTarget', 'mm10_500bp_up_100bp_down_full_tx_v10_clust.genes_vs_motifs.rankings'})","[('Smad1', 0.9685220678773452), ('Mfsd12', 1.292395123496624), ('Pcbd2', 1.2220396589613602), ('Zfp652', 2.5069557708982524), ('Zdhhc21', 1.569040288943418)]",742
E2f1,transfac_public__M00024,0.06955112219451372,3.01353123456421,0.0,1.0,gene is directly annotated,"frozenset({'activating', 'top5perTarget', 'mm10_500bp_up_100bp_down_full_tx_v10_clust.genes_vs_motifs.rankings'})","[('Dido1', 1.3351039362859234), ('Iqcc', 1.4686507202769818), ('Cdyl', 1.346611012103976), ('1810062O18Rik', 3.295681943588785), ('Saa3', 0.5987067099011487), ('Pcdh15', 0.9307573142166796), ('Akip1', 1.446997649551934), ('Prr5', 2.4030600908923616), ('2310033P09Rik', 1.6402711988024792), ('Pitpnm2', 2.847727774422093), ('Cobl', 1.5195210465294955), ('Rilp', 1.3828078252481446), ('C77080', 0.6151110540130827), ('Pdik1l', 0.8084623645293889), ('Psph', 1.9839004106327007), ('Filip1l', 0.9014986415632148), ('Cnih1', 0.7418618618292435), ('Gna11', 0.7494540835084613), ('Rab27b', 1.3874568895664965), ('Psd', 1.533703396371779), ('Ak2', 1.197344364186838), ('Akap8', 4.4788480812128535), ('Pard6a', 2.1525450074166788), ('Unc45a', 1.061232806782068)]",2696
Ebf1,hdpi__EBF1,0.06267153939533093,3.4418279460575287,0.0,1.0,motif is annotated for orthologous gene ENSG00000164330 in H. sapiens (identity = 100%),"frozenset({'activating', 'top5perTarget', 'mm10_500bp_up_100bp_down_full_tx_v10_clust.genes_vs_motifs.rankings'})","[('Fam129a', 1.8943128354236545), ('Rhoj', 3.192161900436448), ('Col4a5', 1.2233733970313818), ('Arsi', 0.9909885614019688), ('Lama2', 2.8508363482643624), ('Ramp2', 3.2476229442437665), ('Scn7a', 1.1476021483470449), ('C1s1', 6.156783267640314), ('Phf21a', 1.7016422100134672), ('Prkg1', 1.1439226458593483), ('Tbx15', 1.5868803052081115), ('Magi2', 1.343933028098536), ('C2', 0.9837728877173286), ('Tfr2', 1.1451614696337706), ('Adamts5', 3.838067686063444), ('St3gal2', 1.0916865303440944), ('Thy1', 2.6938035440388157), ('Fbn1', 1.5800233074404757), ('Lrrn4cl', 1.70746747963357), ('Ly6c1', 6.384849834700503), ('Sema3b', 1.281637138164802), ('Fndc3b', 1.3527526774890426), ('Abca1', 1.1791209126514606), ('Arhgap6', 1.7041866025245778), ('Csf1', 1.9208705905660768), ('Clec3b', 3.9226279908410375), ('Igfbp4', 1.993803840061783), ('Cmtm3', 1.1424303640199849), ('Zeb2', 2.42915157398834), ('Fbxl7', 3.6874235195311), ('Etf1', 1.6512954900778785), ('Fhdc1', 0.6821171891115397), ('Zfr', 1.0165116493910835), ('Nid1', 4.204211683576707), ('Ncoa1', 1.7194288528381323), ('Npr1', 1.1677818138396372), ('Smpd3', 1.73878474944062), ('Gabra2', 0.7180779511891209), ('Dusp22', 1.256069433518), ('Ly6e', 1.456982179388031), ('Igfbp5', 2.8416097632145925), ('Plxdc2', 2.1535992236509327), ('Psme1', 1.4467785538942763), ('Vegfa', 1.2483001806866871), ('Rad51b', 0.9691606928866184), ('Osbpl11', 1.8576922816999115), ('Nbea', 1.2221827135523344), ('Dpep1', 5.526326990648789), ('Abca8a', 1.4383495239901072), ('Pard3', 1.160651795157818), ('Timp2', 2.675622494666221), ('Adamts12', 1.6673044079268593), ('Fstl1', 1.9739894425290991), ('Grb10', 0.7440074389255189), ('Axl', 2.266158921662785), ('Ksr1', 0.6761503421956488), ('Slc44a5', 0.77779344336026), ('Ablim1', 1.782233841400079), ('Ddr2', 2.3927899838845272), ('Ar', 1.9749059566837623), ('Cd302', 2.128437236234568), ('Thoc2', 1.2803104151346665), ('Ifi205', 3.417694023123298), ('Mgst1', 5.105005786323722), ('Hdac7', 1.5720267198598965), ('Ddx17', 1.7287580746966502), ('Taok3', 0.8264298989041299), ('Slc22a22', 0.5131698883047784), ('C1ra', 3.312253459796473), ('Pard3b', 2.160447803005565), ('Srpx', 1.2528994547417331), ('Hdac8', 1.4592284555680826), ('Cd34', 2.952798019084226), ('Gria3', 0.7019115083411192), ('Guf1', 1.1327446000778003), ('Zfpm2', 3.057073185907045), ('Cadm3', 0.8558795074192435), ('Tnxb', 3.4761854888692976), ('Slc35e4', 1.9872731346662191), ('Celf2', 7.126496297392391), ('Adam23', 0.956437167493577), ('Col14a1', 4.003358383601916), ('Ust', 2.807273065706742), ('Ndn', 1.4721724542524528), ('Pan3', 1.0973837331313856), ('Hecw2', 0.8534997653520343), ('Psap', 1.0177521717994542), ('Large1', 1.5220992753990803), ('Il1rl2', 1.8049756129693264), ('Pcsk5', 1.4998302528973957), ('Zyx', 1.752865337746648), ('Smarca2', 1.9946454736199808), ('Ncoa7', 1.891270825772043), ('Klf12', 0.987475119357447), ('Dock7', 1.135494749524778), ('Ccdc146', 0.8146184459376147), ('Loxl1', 2.821764317003012), ('Nav2', 3.0499087919421606), ('Anxa3', 3.2346478649677346), ('Ehbp1', 1.4141348300421164), ('Zfp354b', 0.670645933807724), ('H2-K1', 1.2218573617106336), ('Antxr1', 2.56204322741722), ('Rarres2', 3.283719131470649), ('Cachd1', 1.081705689061901), ('Fgd4', 1.3122140618832103), ('Meg3', 1.1399472890191915), ('Ncam1', 3.3424996556325763), ('Nisch', 1.613850544689318), ('Mfap5', 3.735343240956059), ('Lama4', 1.3547499576759283), ('Dlc1', 4.060696412882915), ('Galnt18', 1.441230172963368), ('Tcf7l1', 1.443804609351229), ('Fth1', 1.3832952331483075), ('Anpep', 0.905661235284822), ('Hnrnph1', 4.458101739774447), ('Dlx4', 0.6678626025830888), ('Ntrk2', 1.4654599070932994), ('Nfe2l2', 2.120354713265814), ('Pcsk6', 1.3076122275192827), ('Scd2', 2.053339444617991), ('Zkscan6', 1.4769336692508626), ('Steap3', 0.9301974212372), ('Mast4', 3.4234399930529347), ('Vangl2', 1.166708317286435), ('Jtb', 2.030182037790764), ('Sptbn1', 1.3315748964098004), ('Tmem158', 1.429877671071112), ('Ltbp1', 3.3680614257475616)]",4380
Elk1,taipale_tf_pairs__ELK1_HOXA3_RSCGGTAATKR_CAP_repr,0.11620320268511113,4.542485214747019,0.0,0.85514,motif is annotated for orthologous gene ENSG00000126767 in H. sapiens (identity = 85%),"frozenset({'activating', 'top5perTarget', 'mm10_500bp_up_100bp_down_full_tx_v10_clust.genes_vs_motifs.rankings'})","[('Stat1', 2.203517755917196), ('Lrig3', 1.4147024859013362), ('Bub3', 2.072004733799841), ('Taf3', 0.905852254201022), ('Mars', 1.3703994391610246), ('Zmynd8', 2.796568000273889), ('Arl14ep', 1.1683502175505496)]",556
Elk1,taipale_tf_pairs__ELK1_SREBF2_RWCACGTGNNCGGAANN_CAP_repr,0.09034018726767985,3.1735442687038127,0.0,0.85514,motif is annotated for orthologous gene ENSG00000126767 in H. sapiens (identity = 85%),"frozenset({'activating', 'top5perTarget', 'mm10_500bp_up_100bp_down_full_tx_v10_clust.genes_vs_motifs.rankings'})","[('Lrig3', 1.4147024859013362), ('Metap1d', 1.3594416670060248), ('Mrpl48', 1.791207270362305), ('D16Ertd472e', 2.941858332884368), ('Crls1', 1.6300737583802734), ('Slc35b1', 2.561973307576784), ('Zmynd8', 2.796568000273889), ('Dexi', 1.5445408496248798), ('Bub3', 2.072004733799841)]",1015
Fli1,taipale_tf_pairs__FLI1_DLX2_RSCGGAANNNNNYAATTAN_CAP,0.11736917867931797,4.186621312698942,0.0,0.966814,gene is orthologous to ENSG00000151702 in H. sapiens (identity = 96%) which is directly annotated for motif,"frozenset({'activating', 'top5perTarget', 'mm10_500bp_up_100bp_down_full_tx_v10_clust.genes_vs_motifs.rankings'})","[('Psma6', 1.4351729258654935), ('Spice1', 1.092855037667117), ('Rpf1', 1.2865859847195322), ('Ero1l', 1.4933626463107672), ('Ccndbp1', 0.9955657721101338)]",430
Fosb,transfac_public__M00039,0.07526165646489837,3.76372158713145,0.000403,0.923077,gene is orthologous to ENSG00000125740 in H. sapiens (identity = 92%) which is annotated for similar motif transfac_pro__M08937 ('V$JUNFOSB_02: C-JUN:FOSB'; q-value = 0.000403),"frozenset({'activating', 'top5perTarget', 'mm10_500bp_up_100bp_down_full_tx_v10_clust.genes_vs_motifs.rankings'})","[('Psd', 0.7990592898277018), ('Elf4', 1.5848166354340725), ('Mkln1', 0.7335521550284576), ('Atf3', 1.2998425720572404), ('Dleu2', 1.5544925452712213), ('Sh3pxd2a', 0.6420672047987483), ('Zfp36l1', 1.7588841766608114), ('Gldn', 0.7223861507747887), ('Irf1', 2.120387607559299), ('Ppp1r10', 1.6596898684984598), ('Tra2b', 4.215325422415848), ('Bmpr2', 1.484395434332141), ('Tnfaip3', 2.8717611910750622), ('Adamts1', 1.988825072569936), ('Nfkbia', 1.185286477755228), ('Pabpc1', 2.669050519579261), ('Slc40a1', 0.6241936317454228), ('Scn8a', 0.682237105867085), ('Slc35f3', 0.9019000417901244), ('1500009L16Rik', 0.9446900655646896)]",1064
Fosb,transfac_pro__M02279,0.07011826494370135,3.3306478596707967,0.000236,0.923077,gene is orthologous to ENSG00000125740 in H. sapiens (identity = 92%) which is annotated for similar motif transfac_pro__M08937 ('V$JUNFOSB_02: C-JUN:FOSB'; q-value = 0.000236),"frozenset({'activating', 'top5perTarget', 'mm10_500bp_up_100bp_down_full_tx_v10_clust.genes_vs_motifs.rankings'})","[('Arih1', 2.297256742951717), ('Nudt9', 1.1568136645100726), ('Bhlhe40', 1.023265540284835), ('Dusp1', 1.222903780333366), ('Ints6', 2.8015551439770423), ('Ppp1r10', 1.6596898684984598), ('Braf', 1.5862367845552403), ('Rab5a', 1.1907439468328986), ('Cxcl1', 2.177921529668775), ('Ddx3x', 1.4006695457270428), ('Zfp36l2', 1.4617893955943533)]",286
Fosb,tfdimers__MD00314,0.0706425224816746,3.374790360816924,0.0,0.923077,gene is orthologous to ENSG00000125740 in H. sapiens (identity = 92%) which is directly annotated for motif,"frozenset({'activating', 'top5perTarget', 'mm10_500bp_up_100bp_down_full_tx_v10_clust.genes_vs_motifs.rankings'})","[('Dleu2', 1.5544925452712213), ('Arih1', 2.297256742951717), ('Srebf2', 1.2731121021275913), ('Ptx3', 1.9022305691491088), ('Rhoq', 1.4315045189038786), ('Fosb', 1.0), ('Pabpc1', 2.669050519579261), ('Klf4', 3.47941197259636), ('Atf3', 1.2998425720572404), ('Prkx', 1.191926825476001), ('Ppp1r15a', 1.4282889536116423), ('Jak2', 1.2635641752135216), ('Dusp1', 1.222903780333366), ('Braf', 1.5862367845552403), ('Hivep1', 0.7929067204070619), ('Rhoj', 1.285881572030021), ('Nudt9', 1.1568136645100726)]",650
Fosl1,tfdimers__MD00098,0.07621450250343134,3.119070261376861,0.0,0.885609,motif is annotated for orthologous gene ENSG00000175592 in H. sapiens (identity = 88%),"frozenset({'activating', 'top5perTarget', 'mm10_500bp_up_100bp_down_full_tx_v10_clust.genes_vs_motifs.rankings'})","[('Cenph', 2.3986784445176084), ('Manbal', 0.9102513088624916), ('Dtymk', 2.1552565349780592), ('Lxn', 2.2097306414607223), ('Tiprl', 0.9221771106689652), ('Tmem167', 0.8342679948003282), ('Nsmce1', 1.2587174185184502), ('Mmp28', 2.7714018379991923), ('Mtap', 2.969439846336059), ('Ddx27', 0.8018792237728865), ('Ppp1cc', 0.9794634322980296), ('Hat1', 1.2992960901271275)]",774
Foxj3,taipale_tf_pairs__FOXJ3_TBX21_WAACAACACMY_CAP_repr,0.10429943659370093,3.3582111720088106,0.0,0.945338,motif is annotated for orthologous gene ENSG00000198815 in H. sapiens (identity = 94%),"frozenset({'activating', 'top5perTarget', 'mm10_500bp_up_100bp_down_full_tx_v10_clust.genes_vs_motifs.rankings'})","[('Inip', 1.52518450457441), ('Tmod3', 1.8162015088948968), ('Man2a2', 1.179247021093213), ('Tamm41', 1.308867169883977)]",308
Gmeb2,hocomoco__GMEB2_HUMAN.H11MO.0.D,0.11953449709060682,3.773373985306221,0.0,0.939623,gene is orthologous to ENSG00000101216 in H. sapiens (identity = 93%) which is directly annotated for motif,"frozenset({'activating', 'top5perTarget', 'mm10_500bp_up_100bp_down_full_tx_v10_clust.genes_vs_motifs.rankings'})","[('Prkar1a', 1.689965739971327), ('Wiz', 2.1583842894630534), ('Tmco1', 1.962491017083562), ('Tmem95', 0.6023769229912492), ('Piga', 2.0791420429124194)]",472
Hmga2,tfdimers__MD00339,0.13784981989470768,3.8777367456550187,0.0,0.635659,gene is orthologous to ENSG00000149948 in H. sapiens (identity = 63%) which is directly annotated for motif,"frozenset({'activating', 'top5perTarget', 'mm10_500bp_up_100bp_down_full_tx_v10_clust.genes_vs_motifs.rankings'})","[('Mif4gd', 1.2363757904894692), ('Nfatc1', 1.2870362553414665), ('Nr2c2', 1.3152892185029832), ('Nap1l4', 1.128629226439773)]",456
Hoxb2,hdpi__PHOX2A,0.11134861259549539,3.055528263759038,0.000924,0.80791,gene is orthologous to ENSG00000173917 in H. sapiens (identity = 80%) which is annotated for similar motif taipale_cyt_meth__HOXB2_NYAATTAN_eDBD ('HOXB2 [Homeodomain]'; q-value = 0.000924),"frozenset({'activating', 'top5perTarget', 'mm10_500bp_up_100bp_down_full_tx_v10_clust.genes_vs_motifs.rankings'})","[('Lmbrd1', 1.9931674638997143), ('Lrrc8b', 2.405543623131995), ('Hsf2', 1.7343634401690229)]",447
Ikzf1,tfdimers__MD00265,0.12480293519075873,3.2783411988237456,0.0,0.932039,gene is orthologous to ENSG00000185811 in H. sapiens (identity = 93%) which is directly annotated for motif,"frozenset({'activating', 'top5perTarget', 'mm10_500bp_up_100bp_down_full_tx_v10_clust.genes_vs_motifs.rankings'})","[('Slc38a1', 1.3600299980198145), ('Zfp229', 0.913932559020649), ('Spcs3', 2.01402642570392)]",138
Ilf2,tfdimers__MD00050,0.07933362939682756,3.0837964604353716,0.0,1.0,gene is orthologous to ENSG00000143621 in H. sapiens (identity = 100%) which is directly annotated for motif,"frozenset({'activating', 'top5perTarget', 'mm10_500bp_up_100bp_down_full_tx_v10_clust.genes_vs_motifs.rankings'})","[('Csf2ra', 1.9215856277662529), ('Med15', 2.3419715288464453), ('Stom', 1.908800682359428), ('Trip4', 1.3058057797668006), ('Hist1h1c', 1.883148746124185), ('Ralyl', 1.1811798879758495), ('Ilf2', 1.0), ('Taf11', 1.819246710657122), ('Trim68', 0.8132427602733494), ('Ndufaf1', 1.588776413043728)]",902
Irf2,tfdimers__MD00138,0.08247673499178881,3.4056876479373632,0.0,0.925501,gene is orthologous to ENSG00000168310 in H. sapiens (identity = 92%) which is directly annotated for motif,"frozenset({'activating', 'top5perTarget', 'mm10_500bp_up_100bp_down_full_tx_v10_clust.genes_vs_motifs.rankings'})","[('BC005561', 1.588629349950568), ('Vash2', 2.1571889684412637), ('Inpp1', 2.116645637712652), ('Rbpms2', 3.2853232949659312), ('Gbp5', 1.032468472112956), ('Plekhb1', 0.731537313773875), ('Kif5b', 0.9290509652133488), ('Prkaa2', 1.662855464860434)]",509
Irf4,transfac_pro__M04722,0.1000426860775988,3.227056031196033,9e-06,1.0,gene is annotated for similar motif hocomoco__IRF4_MOUSE.H11MO.0.A ('IRF4_MOUSE'; q-value = 9.33e-06),"frozenset({'activating', 'top5perTarget', 'mm10_500bp_up_100bp_down_full_tx_v10_clust.genes_vs_motifs.rankings'})","[('Sun2', 1.570820004080706), ('Bahcc1', 1.3702581525963329), ('Sars', 1.3461870934222129), ('Rprd1a', 2.305324704394413), ('Zfp60', 1.0517411729387074), ('Slc16a10', 1.2646632064438446), ('Cdkn1c', 3.0139291773451813)]",968
Junb,transfac_pro__M02279,0.06057320466948571,3.1067206641346647,0.000195,0.938953,gene is orthologous to ENSG00000171223 in H. sapiens (identity = 93%) which is annotated for similar motif transfac_pro__M08921 ('V$JUNBFOSB_02: JUNB:FOSB'; q-value = 0.000195),"frozenset({'activating', 'top5perTarget', 'mm10_500bp_up_100bp_down_full_tx_v10_clust.genes_vs_motifs.rankings'})","[('Ilf3', 2.5643780064799837), ('Tpt1', 1.9503009949145331), ('Arih1', 1.4987711915543844), ('Dusp1', 4.082058870580426), ('Fos', 2.643504043508286), ('Irak3', 1.7441229211507063), ('Egr1', 5.578668261564757), ('Ptgs2', 3.494233062274062), ('Uap1', 2.363100323690388), ('Zfp574', 1.4126033917700116), ('Btg2', 3.122084496959246), ('Rps18', 1.4196295828540622), ('Ppp1r15a', 2.831183871708169), ('Rpl27a', 1.1056361558214924), ('Btg1', 2.097310147473009), ('Gem', 0.9900029950107628), ('Mt1', 1.7260249120638522), ('Rps29', 1.4386460753747476), ('Wsb1', 2.0525733329015283), ('Ccnl1', 2.034141599007981), ('Il6', 1.0375395080115222)]",818
Junb,transfac_public__M00039,0.0682673348834034,3.842664641713431,5.1e-05,0.938953,gene is orthologous to ENSG00000171223 in H. sapiens (identity = 93%) which is annotated for similar motif transfac_pro__M08927 ('V$JUNB_03: JUNB'; q-value = 5.12e-05),"frozenset({'activating', 'top5perTarget', 'mm10_500bp_up_100bp_down_full_tx_v10_clust.genes_vs_motifs.rankings'})","[('Tnfaip3', 1.9579649541392328), ('Nfkbia', 2.1450802090529657), ('Nfkbiz', 4.1340827379081535), ('Ccl7', 4.180225010643112), ('Ccnl1', 2.034141599007981), ('1300017J02Rik', 0.82769021128362), ('Kdm6b', 2.3140329172063776), ('Pitpnc1', 1.7513938365590307), ('Adamts1', 2.612796462063838), ('Icam1', 2.2530544182739507), ('Irf1', 7.242210485885634), ('Ccl2', 2.373180905749026), ('Krt23', 2.4511248149940643), ('Rps19', 1.5555508499514477), ('Mmp3', 0.6756867942166591), ('Aff1', 2.052899263485167), ('5830418P13Rik', 1.2680189030002635), ('Cars', 2.3111440800958465), ('Errfi1', 2.634489423809759), ('Btg1', 2.097310147473009), ('Ilf3', 2.5643780064799837), ('Atf4', 1.3608003469518106), ('Fst', 1.7719457421354146), ('2410006H16Rik', 0.9792607003312894), ('Pcdh12', 0.5443719889736033), ('Tnfaip6', 4.794859958395854), ('Adig', 0.7694628036557369), ('Egr1', 5.578668261564757), ('Kyat1', 1.2488937285836488), ('Pabpc1', 0.9693368555510142), ('Mme', 1.6379408193041345), ('S100a7a', 0.4337809204652718), ('Rps27', 1.3249426790343013), ('Ppp1r15a', 2.831183871708169), ('Adgrd1', 2.14395592649927), ('Nfkb1', 2.154646489000814), ('Tnfaip2', 1.709969270386584), ('Sntb1', 0.5636973014305956), ('Klf2', 2.421949558290877), ('Fos', 2.643504043508286), ('Rps27a', 1.0140784262553186), ('Zcchc18', 0.4501646421794685), ('Cxcl1', 4.649384570421074), ('Edn1', 1.2420173411600677), ('Rbp4', 0.8075579296580799), ('Nup210', 2.099888964067475), ('Gem', 0.9900029950107628), ('Rbpj', 1.219392331747527)]",3223
Jund,tfdimers__MD00353,0.06999409688339538,3.4600120058343076,0.0,0.741936,gene is orthologous to ENSG00000130522 in H. sapiens (identity = 74%) which is directly annotated for motif,"frozenset({'activating', 'top5perTarget', 'mm10_500bp_up_100bp_down_full_tx_v10_clust.genes_vs_motifs.rankings'})","[('Bcl6', 2.1804085333712235), ('Thsd7a', 3.166668945162014), ('Zfp36l1', 1.3386717862457576), ('Msmo1', 3.41207039313631), ('Car2', 0.9673496918300508), ('Gem', 1.5853214662775676), ('Myo1b', 0.9849313212022608), ('Fam102b', 1.3827941990496089), ('Atf7ip', 1.0162238653541984), ('Adam23', 2.0845396686292204), ('Cxxc5', 0.7506617942423468), ('Mme', 1.326823278168636), ('Enpp2', 1.6263993903813434), ('Adam12', 1.7728885669901144), ('Mettl2', 1.6289740961902972), ('Thbs2', 1.1907030748278211), ('Eda', 0.9059122170374152), ('Arhgap24', 1.3513494092507392), ('Ptch1', 1.154754573400271), ('Zfp275', 1.1610679211795545), ('Mars2', 5.260469253707106), ('Pear1', 2.167833698603728), ('Acvr2a', 1.2830109752185397), ('Rbms1', 1.5688537577836108), ('Fam174b', 0.585051485110868), ('Mcub', 1.6437030104494013), ('Acap2', 0.9965558731594591), ('Zmynd11', 1.331701351838658), ('Hmgcs1', 1.879253743851627), ('Frmd4b', 4.633029620726844), ('Rev3l', 1.640556971671178), ('Kitl', 2.0971128080623016), ('Fan1', 1.6266082802151096), ('Pdgfra', 2.0308794940888166), ('Prkg1', 2.4782353795769527), ('Rab11fip2', 1.766670416003081), ('Pbld2', 1.0446069389861246), ('Zfp871', 2.004395253528195), ('Fst', 1.5399684874490152), ('Col5a3', 2.7414442330692794), ('Snai2', 0.8247934882212639), ('Rps6ka3', 1.2978128400138336), ('Nupl2', 2.024799123296852), ('Ccl19', 1.190812132903811), ('2900097C17Rik', 1.1938371913703996), ('Vcam1', 1.199195542733147), ('Itga5', 0.951233636487056), ('Rnf44', 1.7353918412930889), ('Ticam1', 1.346522137995632), ('Rbp4', 1.0711675259928437), ('Nek3', 0.7508767869306067), ('Mei4', 2.4777706287462635), ('Plekha5', 2.5045522147870143), ('Sytl4', 0.993753421220162), ('A930006K02Rik', 0.6023114726600892), ('Krba1', 0.5580287585993322), ('Mitf', 1.5242042279576946), ('Gal3st4', 2.72410028112822), ('Sgip1', 1.1895042585216848), ('Pakap', 0.9331354909699884), ('Hif3a', 2.679296671567274)]",2563
Klf13,hocomoco__KLF13_HUMAN.H11MO.0.D,0.07741610885068032,3.0956600603566575,0.0,0.9375,motif is annotated for orthologous gene ENSG00000169926 in H. sapiens (identity = 93%),"frozenset({'activating', 'top5perTarget', 'mm10_500bp_up_100bp_down_full_tx_v10_clust.genes_vs_motifs.rankings'})","[('Ddx51', 0.6039341483996304), ('Rnf113a2', 1.3719848137117818), ('Mocs3', 1.1128042964497942), ('Angptl1', 2.126481707959489), ('Prdm2', 2.095524630571162), ('Rnf44', 1.3924612403646386), ('4930455G09Rik', 0.5964823972493599), ('Zfp493', 3.2844371809788444), ('Efr3a', 0.8875520234277974), ('Pced1a', 0.9867881626444782), ('Nktr', 0.9399648653815432), ('Iscu', 0.9644726077292376), ('Ssr4', 1.303421696884421), ('Klf13', 1.0), ('Rpl5', 1.1994441994364078), ('Slc31a2', 1.7332702138310347), ('Mdm1', 1.328282536089216), ('Dazap2', 1.447090687859646)]",2264
Mxi1,flyfactorsurvey__Max_Mnt_SANGER_5_FBgn0017578,0.09343308395677473,3.1379268210396782,0.000694,0.952542,"gene is orthologous to ENSG00000119950 in H. sapiens (identity = 95%) which is annotated for similar motif cisbp__M4543 ('MXI1[gene ID: ""ENSG00000119950"" species: ""Homo sapiens"" TF status: ""direct"" TF family: ""bHLH"" DBDs: ""HLH""]'; q-value = 0.000694)","frozenset({'activating', 'top5perTarget', 'mm10_500bp_up_100bp_down_full_tx_v10_clust.genes_vs_motifs.rankings'})","[('Ppp4r3a', 2.200541968695064), ('Kctd8', 1.144088650463837), ('Ghitm', 1.4446389301367004), ('Cd36', 1.904762966549296), ('Ppfia3', 1.1435026837211573), ('Pcdhb18', 1.244792556517381), ('Ptp4a1', 0.9152579209202356)]",978
Nfil3,hdpi__NFIL3,0.08082450877636826,3.037357303549135,0.0,0.844156,gene is orthologous to ENSG00000165030 in H. sapiens (identity = 84%) which is directly annotated for motif,"frozenset({'activating', 'top5perTarget', 'mm10_500bp_up_100bp_down_full_tx_v10_clust.genes_vs_motifs.rankings'})","[('Mrps33', 1.0649919829008712), ('Rgs6', 1.1571574030033231), ('Senp6', 0.953983148651906), ('Hnrnpd', 1.0260495621809969), ('Pik3cb', 0.6354532468267319), ('Fxr2', 1.334466407763811), ('Iqcd', 2.005221748068307), ('Mrps17', 1.3606258459092702), ('Hist2h2ac', 0.7972685056851555), ('2310010J17Rik', 1.998274304879116), ('Trmt2a', 1.2710090822931708), ('Fgd5', 2.490417203367273)]",1361
Nfkb1,transfac_pro__M01239,0.09262936078063863,5.091516332634381,0.000139,0.870237,gene is orthologous to ENSG00000109320 in H. sapiens (identity = 87%) which is annotated for similar motif factorbook__NFKB1 ('NFKB1'; q-value = 0.000139),"frozenset({'activating', 'top5perTarget', 'mm10_500bp_up_100bp_down_full_tx_v10_clust.genes_vs_motifs.rankings'})","[('Fbxo2', 0.6270414336720621), ('Nfkbia', 2.0629335800258097), ('Pafah1b1', 1.309922928978215), ('Sgms1', 1.2127938749796543), ('Neat1', 1.8906134596744584), ('Socs2', 0.9576140874024436), ('Cxcl1', 2.472025892434282), ('Cxcl10', 1.2169326857310272), ('Ccnl1', 1.7641855973475156), ('Nfkbiz', 1.0064574956641423), ('Aoc3', 0.6644471680365481), ('Cxcl3', 0.608003478060016), ('Usp2', 0.942764124550592), ('Nfkb1', 1.0), ('Fkbp1b', 1.3570630739888097), ('Dcbld2', 0.9789503754814576), ('Ube2h', 0.9905087285145414), ('Zfp94', 1.206990652009468), ('Slc39a14', 1.956414214053892), ('Pip5k1a', 1.098659173765899), ('Rab15', 0.6780216764010025)]",1073
Nfkb1,homer__GGAAATTCCC_NFkB-p65-Rel,0.10298034107936105,5.946055751630781,9.9e-05,1.0,gene is annotated for similar motif hocomoco__NFKB1_MOUSE.H11MO.0.A ('NFKB1_MOUSE'; q-value = 9.89e-05),"frozenset({'activating', 'top5perTarget', 'mm10_500bp_up_100bp_down_full_tx_v10_clust.genes_vs_motifs.rankings'})","[('Tnfaip3', 1.2886568756591883), ('Socs2', 0.9576140874024436), ('Rffl', 2.043795028942481), ('Hspe1', 1.1372190483692148), ('Nfkbia', 2.0629335800258097), ('Fam83h', 0.8708619130275187), ('Ppp1r10', 1.3771080427782494), ('Trim39', 1.0291507278168237), ('Nr4a1', 2.9836612094260118), ('Pafah1b1', 1.309922928978215), ('Fosl2', 3.365699619682437), ('Nfatc2', 1.263075481828501), ('Ccnl1', 1.7641855973475156), ('Erf', 0.9301181851034016), ('Slc39a14', 1.956414214053892), ('Nfkbiz', 1.0064574956641423), ('Tor1aip1', 0.7746906546013206), ('Mcm10', 1.289790215857154), ('Rhoq', 3.737244150356804), ('Rnf19b', 2.129847378531909), ('Ndufs4', 1.0075269755672531), ('Errfi1', 1.9907592039760484), ('Fkbp1b', 1.3570630739888097), ('Six4', 0.896944951485545), ('Cxcl10', 1.2169326857310272), ('Raet1e', 0.8882693350313117), ('Usp2', 0.942764124550592), ('Luc7l2', 1.1050964051780858), ('Adhfe1', 1.0367737994274857), ('Myc', 1.0127182150374094), ('Mt1', 3.610709478775904), ('Ier5', 3.620850110558739), ('Spag9', 1.9013902969873249), ('Atf3', 1.2071878484557583), ('Abi1', 1.4505490306252908), ('Rasa3', 2.014058461868865), ('Xlr5a', 0.9794593446145106), ('Fbxo2', 0.6270414336720621), ('Mcl1', 1.1922381610781243), ('Chl1', 1.661642265063242), ('Dnajc3', 0.7390308625461746), ('Ica1l', 1.1785919787071948), ('Ube2h', 0.9905087285145414), ('Ptx3', 5.3071340451054505), ('Fam155a', 2.8716267567422187), ('Igf2bp2', 4.06110238420286), ('Arid4b', 0.9317941908166956), ('Sgms1', 1.2127938749796543), ('Phlda1', 2.4220407251057408), ('Samd4', 1.366561147700755), ('Cxcl1', 2.472025892434282), ('Otud7b', 1.2589036850774524), ('Shox2', 0.8582325501623445), ('Banp', 1.9449515917823543), ('Chd2', 1.1375900433720818)]",4862
Nfkb1,transfac_pro__M01224,0.0673952062518862,3.008275989444183,0.0,0.872033,motif is annotated for orthologous gene ENSG00000109320 in H. sapiens (identity = 87%),"frozenset({'activating', 'top5perTarget', 'mm10_500bp_up_100bp_down_full_tx_v10_clust.genes_vs_motifs.rankings'})","[('Nfkbia', 2.0629335800258097), ('Ube2h', 0.9905087285145414), ('Ccl7', 4.173261495477859), ('Tnfaip3', 1.2886568756591883), ('Socs2', 0.9576140874024436), ('Nell2', 0.6361923910621641), ('Xlr', 1.0896131215118725), ('Tgif1', 1.759971960585356), ('Nfkbiz', 1.0064574956641423), ('Cxcl10', 1.2169326857310272), ('Ccl2', 3.2605643799022523), ('Nfatc2', 1.263075481828501), ('Klf6', 1.3696304680365607), ('Ndufs4', 1.0075269755672531), ('Hspe1', 1.1372190483692148), ('Spag9', 1.9013902969873249)]",833
Nfkb1,transfac_pro__M08891,0.09542491965415548,5.3223075414477306,0.0,0.872033,motif is annotated for orthologous gene ENSG00000109320 in H. sapiens (identity = 87%),"frozenset({'activating', 'top5perTarget', 'mm10_500bp_up_100bp_down_full_tx_v10_clust.genes_vs_motifs.rankings'})","[('Nfkbia', 2.0629335800258097), ('Hspe1', 1.1372190483692148), ('Socs2', 0.9576140874024436), ('Ppp1r10', 1.3771080427782494), ('Ifi205', 1.488513818509584), ('Tnfaip3', 1.2886568756591883), ('Ccl2', 3.2605643799022523), ('Nfkbiz', 1.0064574956641423), ('Ccl7', 4.173261495477859), ('Cxcl10', 1.2169326857310272), ('Zfp94', 1.206990652009468), ('Tor1aip1', 0.7746906546013206), ('Klf2', 1.5769808061659287), ('Tgif1', 1.759971960585356), ('Nfatc2', 1.263075481828501), ('Slc39a14', 1.956414214053892)]",820
Nfkb1,transfac_public__M00208,0.08270195000820665,4.271945278609701,0.0,0.872033,motif is annotated for orthologous gene ENSG00000109320 in H. sapiens (identity = 87%),"frozenset({'activating', 'top5perTarget', 'mm10_500bp_up_100bp_down_full_tx_v10_clust.genes_vs_motifs.rankings'})","[('Errfi1', 1.9907592039760484), ('Nfatc2', 1.263075481828501), ('Ube2h', 0.9905087285145414), ('Arid4b', 0.9317941908166956), ('Nfkbia', 2.0629335800258097), ('Cxcl1', 2.472025892434282), ('Nfkbiz', 1.0064574956641423), ('Raet1e', 0.8882693350313117), ('Bcl2a1a', 1.023745299233711), ('Slc25a33', 0.7475633442731882), ('Mcm10', 1.289790215857154), ('Adhfe1', 1.0367737994274857), ('Cxcl10', 1.2169326857310272), ('Shox2', 0.8582325501623445), ('Ppp1r10', 1.3771080427782494), ('Fnip1', 1.0282800049109964), ('Filip1', 0.7908836660475803), ('Serpini1', 1.0622222505378511), ('Socs2', 0.9576140874024436), ('Rffl', 2.043795028942481), ('Nr4a3', 1.041867948829732), ('Aoc2', 2.747513713842079), ('Trip11', 2.377439588007574), ('Chl1', 1.661642265063242), ('Zfand5', 1.0903099017680469), ('Ccl2', 3.2605643799022523), ('Klf2', 1.5769808061659287), ('Zfp27', 0.684855639300179), ('Ica1l', 1.1785919787071948), ('Tiparp', 3.6180902206277294), ('Slc39a14', 1.956414214053892), ('Ndufs4', 1.0075269755672531), ('Nek10', 0.9990209757214428), ('Nr4a1', 2.9836612094260118), ('Otud7b', 1.2589036850774524), ('Selenoi', 1.3098282139159272), ('Sgms1', 1.2127938749796543), ('Csf1', 1.6978106368156582), ('Mt2', 2.505351162505935), ('Hspe1', 1.1372190483692148), ('Ccnl1', 1.7641855973475156), ('A330093E20Rik', 1.0607557776281311), ('Bmpr2', 1.407853957993775), ('Slc19a1', 0.8857564543884617), ('Chd2', 1.1375900433720818), ('Cntn3', 0.5687884889739337)]",3800
Pou2f1,homer__CCATTGTATGCAAAT_Oct4_Sox17,0.0786834995843724,3.1159754177838157,0.000878,0.906684,"gene is orthologous to ENSG00000143190 in H. sapiens (identity = 90%) which is annotated for similar motif cisbp__M6423 ('POU2F1[gene ID: ""ENSG00000143190"" species: ""Homo sapiens"" TF status: ""direct"" TF family: ""Homeodomain,POU"" DBDs: ""Homeobox,Pou""]; pdm2[gene ID: ""FBgn0004394"" species: ""Drosophila melanogaster"" TF status: ""inferred"" TF family: ""Homeodomain,POU"" DBDs: ""Homeobox,Pou""]'; q-value = 0.000878)","frozenset({'activating', 'top5perTarget', 'mm10_500bp_up_100bp_down_full_tx_v10_clust.genes_vs_motifs.rankings'})","[('Pou2f1', 1.0), ('Mtmr6', 1.497574445097443), ('Ssr1', 1.0028922963596911), ('Gm10373', 0.8320245160637768), ('Stox2', 1.1437465321565754), ('C230037L18Rik', 0.6190625048688954), ('Plbd1', 1.1149379573767708), ('AI504432', 6.578052880385973), ('Mrps24', 1.137244826799556), ('Ndufv1', 1.2840234468167582)]",1137
Pura,tfdimers__MD00105,0.07199803521499282,3.2919112603033764,0.0,0.993769,gene is orthologous to ENSG00000185129 in H. sapiens (identity = 99%) which is directly annotated for motif,"frozenset({'activating', 'top5perTarget', 'mm10_500bp_up_100bp_down_full_tx_v10_clust.genes_vs_motifs.rankings'})","[('Creb3l1', 0.97006285386641), ('Mtdh', 1.3774065565561897), ('Slc35a5', 1.7352744412012888), ('Pura', 1.0), ('BC048403', 0.812530959161019), ('Uqcr11', 1.746616220180864), ('E2f7', 3.035970567097788), ('Isca1', 2.628220244601675), ('Arhgef2', 0.9894590551748084), ('Lcor', 1.5691100116950958)]",767
Smad1,tfdimers__MD00282,0.10243209181347707,3.195812127804071,0.0,0.991398,gene is orthologous to ENSG00000170365 in H. sapiens (identity = 99%) which is directly annotated for motif,"frozenset({'activating', 'top5perTarget', 'mm10_500bp_up_100bp_down_full_tx_v10_clust.genes_vs_motifs.rankings'})","[('Bbof1', 2.242023168258075), ('Kdm6b', 0.8744733506029728), ('Dhx58', 1.870158649765828), ('Med4', 1.193034072800087), ('Cfap77', 0.9266714430522748), ('Tnfsf12', 1.1710349114088965), ('Pagr1a', 0.5917414840389507), ('Washc3', 3.474717082473169), ('Crem', 1.997203740756686), ('Prep', 1.585621935087118)]",2760
Spi1,tfdimers__MD00015,0.0707726807013474,3.2472170320440066,0.0,0.870849,motif is annotated for orthologous gene ENSG00000066336 in H. sapiens (identity = 87%),"frozenset({'activating', 'top5perTarget', 'mm10_500bp_up_100bp_down_full_tx_v10_clust.genes_vs_motifs.rankings'})","[('Rhog', 1.1911367936903876), ('Lcp2', 1.1964880508102689), ('Cyth4', 2.928996810202869), ('Hcst', 1.8176374661651216), ('C5ar1', 1.0355396253669569), ('Arhgap9', 2.187803169687143), ('C1qc', 1.4369920290439646), ('Inpp5d', 2.0993553571573207), ('Mmd', 2.201555584473927), ('Etfb', 1.5796523080306035), ('Ccdc88b', 0.7481873468228463), ('Hk3', 0.964572565354311), ('Rnf149', 1.6576918339654114), ('Cxcl2', 1.58641391454213), ('Vwf', 1.217966396914466), ('Wdfy4', 1.5627536478723902), ('Srgn', 2.954024807164282), ('Fcer1g', 2.33856708638666), ('Crlf3', 1.2060385187928873), ('Sema4a', 1.2976744458527751), ('2610002M06Rik', 1.229180995819781), ('Cdkn2a', 2.0399636179714244), ('Stard8', 1.564200631391669), ('Arhgap30', 0.6615299294366768), ('Mef2c', 1.9972302845176215), ('Mrc1', 1.8241071072079744), ('Hmgn5', 2.706813081250498), ('Rassf4', 1.4619656365111038), ('Twf2', 1.2319077787862962), ('Iqgap2', 1.2242699224678035), ('Rangap1', 1.64843219767637), ('Ctsc', 1.2621289963627893), ('Fmnl1', 0.6859133115857938), ('Dgkz', 5.640762292507995), ('Umps', 1.7913958231956877), ('Pf4', 1.6330119225406987), ('Wfdc17', 2.238755204423435), ('Fam111a', 1.050821747709458), ('H2-DMb1', 1.397143911962721)]",3505
Srebf2,transfac_pro__M06208,0.08541466845706247,3.550977841441194,0.000467,0.922124,"gene is orthologous to ENSG00000198911 in H. sapiens (identity = 92%) which is annotated for similar motif dbcorrdb__SREBF2__ENCSR000DYT_1__m7 ('SREBF2 (ENCSR000DYT-1, motif 7)'; q-value = 0.000467)","frozenset({'activating', 'top5perTarget', 'mm10_500bp_up_100bp_down_full_tx_v10_clust.genes_vs_motifs.rankings'})","[('Ap3d1', 0.7550233861371286), ('Sesn3', 1.151758607942005), ('Stard3', 1.4378214214367306), ('C630043F03Rik', 1.3368283842690871), ('Cbr3', 2.053355267594817), ('Flywch2', 2.723351911499013), ('Mtfmt', 1.4444910293425577), ('Uri1', 1.6055819827060172)]",956
Thrb,tfdimers__MD00319,0.08609831353818843,3.030008351732142,0.0,0.819957,motif is annotated for orthologous gene ENSG00000151090 in H. sapiens (identity = 81%),"frozenset({'activating', 'top5perTarget', 'mm10_500bp_up_100bp_down_full_tx_v10_clust.genes_vs_motifs.rankings'})","[('Ubqln4', 1.0873857321159353), ('Sufu', 3.888007070338176), ('Car2', 0.5162938388722561), ('Rerg', 0.9002270013366297), ('Spg20', 2.3817289311124163), ('Cherp', 1.678340469270134), ('Ift52', 1.349532088938697), ('Nfyc', 1.6350781993377823), ('Selenon', 0.7634584457416658), ('Bnip3l', 0.933712722165219), ('Mocs1', 0.9642934639853282), ('Cdc40', 1.488751406808246)]",1748
Twist1,transfac_pro__M07435,0.08323785131765182,3.458335772374214,0.0,1.0,gene is directly annotated,"frozenset({'activating', 'top5perTarget', 'mm10_500bp_up_100bp_down_full_tx_v10_clust.genes_vs_motifs.rankings'})","[('Echdc3', 1.3087210048997848), ('Zkscan1', 1.6063600561798337), ('Stam2', 1.602318335607647), ('Ptov1', 0.9601783044176232), ('Tpp2', 0.867725326747022), ('Snrpb', 2.385639609197081), ('Trp53bp1', 0.8865217106135432)]",339
Usf2,transfac_public__M00187,0.10141313383208644,3.540058873790775,0.0,1.0,gene is directly annotated,"frozenset({'activating', 'top5perTarget', 'mm10_500bp_up_100bp_down_full_tx_v10_clust.genes_vs_motifs.rankings'})","[('Wdr1', 0.9700540258713366), ('Pno1', 1.2978727639626035), ('Brd9', 1.263810864487954), ('Tfg', 1.599266874489108), ('Ms4a7', 1.1071607411194488), ('Trappc1', 1.6804644769715755), ('Polr1e', 1.2251106664413511), ('Otud4', 1.6399139745009663), ('Cdkl3', 2.288919740804551)]",799
Zbtb14,transfac_pro__M00716,0.11288907361226563,3.7053939414827433,0.0,1.0,gene is directly annotated,"frozenset({'activating', 'top5perTarget', 'mm10_500bp_up_100bp_down_full_tx_v10_clust.genes_vs_motifs.rankings'})","[('Soat1', 1.9741506455745252), ('Spryd7', 1.0667528089151923), ('1810013L24Rik', 2.316930168255723), ('4930581F22Rik', 0.761682700258319), ('Ctc1', 1.222113179744643), ('Nipa2', 3.572102113939187), ('Fbxw9', 1.3282045165899476), ('Tbc1d14', 2.2780182036045336)]",1496
Zfp362,transfac_pro__M05524,0.08534220005541701,3.1768937443054375,0.0,0.983254,gene is orthologous to ENSG00000160094 in H. sapiens (identity = 98%) which is directly annotated for motif,"frozenset({'activating', 'top5perTarget', 'mm10_500bp_up_100bp_down_full_tx_v10_clust.genes_vs_motifs.rankings'})","[('2900005J15Rik', 1.2106527700420286), ('Sf3a1', 1.0185095670115554), ('Washc2', 0.799318052824222), ('Cntrl', 1.0088700305705385), ('Cyp4f16', 1.9796694625285405), ('C2cd2', 1.868980214730688), ('Kcnt2', 1.0845795664985245), ('Extl2', 1.7034910336010614), ('Zkscan3', 1.1595138855610971)]",1302
Zfp646,transfac_pro__M06786,0.0897193952056795,4.208615419593489,0.0,0.710291,gene is orthologous to ENSG00000167395 in H. sapiens (identity = 71%) which is directly annotated for motif,"frozenset({'activating', 'top5perTarget', 'mm10_500bp_up_100bp_down_full_tx_v10_clust.genes_vs_motifs.rankings'})","[('Usp37', 1.2101063587210026), ('Hsd17b4', 2.543797353923128), ('Il34', 1.3632917415227992), ('Pde10a', 3.455374534385584), ('Rhpn2', 3.326369562249731), ('Pitpnc1', 1.6486327907547091), ('Pafah2', 2.399260444813644), ('Cacnb1', 1.4166318304193015), ('Gtpbp10', 1.0866551138484215)]",830
Zfp938,transfac_pro__M06078,0.07669483698162002,3.189168207885128,0.0,0.380414,motif is annotated for orthologous gene ENSG00000257446 in H. sapiens (identity = 38%),"frozenset({'activating', 'top5perTarget', 'mm10_500bp_up_100bp_down_full_tx_v10_clust.genes_vs_motifs.rankings'})","[('Pja1', 1.8360964947311624), ('Nrbf2', 1.1728991656460108), ('Pmvk', 2.2599480640895706), ('Zdhhc8', 2.1769887839237367), ('Dcaf11', 1.569218726679689)]",222
AU041133,transfac_pro__M06033,0.10851442821517635,3.487439290389201,0.0,0.502008,gene is orthologous to ENSG00000257446 in H. sapiens (identity = 50%) which is directly annotated for motif,"frozenset({'top10perTarget', 'activating', 'mm10_500bp_up_100bp_down_full_tx_v10_clust.genes_vs_motifs.rankings'})","[('Gpat4', 0.8412812482331004), ('Nuak2', 1.0793819208699893), ('Crym', 1.8150924915333464)]",156
Ahr,transfac_pro__M00976,0.07609851340640647,3.0142932823305517,0.0,1.0,gene is directly annotated,"frozenset({'top10perTarget', 'activating', 'mm10_500bp_up_100bp_down_full_tx_v10_clust.genes_vs_motifs.rankings'})","[('Atp6v1h', 2.3328016796926976), ('Uty', 1.3391082900642317), ('Dolk', 2.8711113825774137), ('Ubap2', 1.7111983677692455), ('Acox1', 1.0286623503582228), ('Ahr', 1.0), ('Lst1', 0.7663068629673032), ('Nceh1', 1.0390811274624985)]",498
Arnt2,transfac_pro__M00976,0.07547797173732336,3.489612247925755,0.0,1.0,gene is directly annotated,"frozenset({'top10perTarget', 'activating', 'mm10_500bp_up_100bp_down_full_tx_v10_clust.genes_vs_motifs.rankings'})","[('Trim56', 0.7666924917782572), ('Arhgef1', 1.2854997831363124), ('Aspn', 0.7704857855835019), ('Tprgl', 1.106827178333038), ('Anxa11', 1.856380709885838), ('Spin1', 0.938946357024806), ('Ntn1', 1.5900342980427942), ('Btbd3', 1.5582677518402068), ('Zfp688', 1.0160256444856783), ('Stx2', 1.67343500920998), ('Dhx40', 1.106507175768772), ('Hmcn1', 1.4890889038876036), ('Anxa8', 0.3925304279149632), ('Med13', 0.6338827173676023), ('Thrb', 0.8203574749615731), ('Nudt7', 1.081860700402805), ('Adarb2', 0.6136773159799652), ('Rsl1', 1.966823771599514), ('Cdk2ap2', 1.0819450621753337), ('Sos1', 3.827796555713688), ('Ugp2', 2.190833494668799), ('Macrod1', 1.1118755920686836), ('Duoxa1', 4.130533087420497), ('Col8a1', 0.5977294394772812), ('Cd151', 1.084848942693916), ('F13a1', 1.0765504785523805), ('Tmod2', 1.153969715272915), ('Ltbp2', 1.4458787897714278), ('Nectin3', 0.8001796427281461), ('Terf1', 0.8016136257431157), ('Dhx8', 1.549493758515034), ('Fhl1', 0.3847773182484618), ('Cnot2', 0.8104718564247577), ('Zmym4', 0.8943458725456506), ('Ubac2', 1.1579604968901305)]",4315
Borcs8,hdpi__MEF2B,0.09441417033547818,3.9682942916821187,0.0,0.618911,gene is orthologous to ENSG00000213999 in H. sapiens (identity = 61%) which is directly annotated for motif,"frozenset({'top10perTarget', 'activating', 'mm10_500bp_up_100bp_down_full_tx_v10_clust.genes_vs_motifs.rankings'})","[('Snhg15', 0.930811070249886), ('Kri1', 1.2396536670866372), ('Wdr61', 0.8223874151648578), ('Yap1', 1.6745706465679169), ('Aig1', 1.399786550192165), ('Ube2e3', 1.2162607981065827), ('Frs2', 1.4853427857212498), ('Gns', 0.5917118321242891), ('Gm1976', 0.7241229913815558), ('Naa16', 0.7161903772828659), ('Epb41l4a', 0.0623029683300337)]",749
Deaf1,jaspar__MA0185.1,0.07732500251203493,3.2227721775457714,0.0,0.215548,gene is orthologous to FBgn0013799 in D. melanogaster (identity = 21%) which is directly annotated for motif,"frozenset({'top10perTarget', 'activating', 'mm10_500bp_up_100bp_down_full_tx_v10_clust.genes_vs_motifs.rankings'})","[('Prkaa1', 1.2242660570029478), ('Phactr4', 0.9507243956070272), ('Pkn1', 2.063595840593298), ('Lemd3', 1.0546995450470755), ('Zfx', 0.7319576199238121), ('Zbtb11os1', 0.4993183621560183), ('Fam13c', 1.1336524776492782), ('Nmnat3', 2.0631899615424825), ('Sphk1', 1.8610691465221207), ('Gmeb2', 0.636508417479503)]",657
Deaf1,transfac_pro__M01238,0.09595059969124807,4.485987243058739,0.0,0.215548,gene is orthologous to FBgn0013799 in D. melanogaster (identity = 21%) which is directly annotated for motif,"frozenset({'top10perTarget', 'activating', 'mm10_500bp_up_100bp_down_full_tx_v10_clust.genes_vs_motifs.rankings'})","[('Lemd3', 1.0546995450470755), ('Zfx', 0.7319576199238121), ('Pdlim3', 2.8973578959183883), ('Prkaa1', 1.2242660570029478), ('Nmnat3', 2.0631899615424825), ('Dlgap1', 1.502040546011663), ('Tm2d3', 1.1184574602135198), ('Fam13c', 1.1336524776492782), ('Slc43a1', 1.850173330196372), ('Adgrv1', 3.293462790959842), ('2310022B05Rik', 1.6564671233878467), ('Sft2d1', 2.2513554287823583)]",1071
Ebf1,hdpi__EBF1,0.05253558851957222,3.2264395217803425,0.0,1.0,motif is annotated for orthologous gene ENSG00000164330 in H. sapiens (identity = 100%),"frozenset({'top10perTarget', 'activating', 'mm10_500bp_up_100bp_down_full_tx_v10_clust.genes_vs_motifs.rankings'})","[('Nfe2l1', 0.590810428849872), ('Fam129a', 1.8943128354236545), ('Rhoj', 3.192161900436448), ('Col4a5', 1.2233733970313818), ('Dtx3', 0.7868479199606414), ('Arsi', 0.9909885614019688), ('Il11ra1', 1.7059210031591625), ('Lama2', 2.8508363482643624), ('Ramp2', 3.2476229442437665), ('Scn7a', 1.1476021483470449), ('C1s1', 6.156783267640314), ('Cdk12', 0.5311799479401653), ('Iqsec2', 0.5124283013122631), ('Phf21a', 1.7016422100134672), ('Prkg1', 1.1439226458593483), ('Tbx15', 1.5868803052081115), ('Magi2', 1.343933028098536), ('C2', 0.9837728877173286), ('Tfr2', 1.1451614696337706), ('Adamts5', 3.838067686063444), ('St3gal2', 1.0916865303440944), ('Thy1', 2.6938035440388157), ('Phldb1', 0.8371288853509867), ('Lypd2', 0.4245527851796832), ('Fbn1', 1.5800233074404757), ('Lrrn4cl', 1.70746747963357), ('Ly6c1', 6.384849834700503), ('Sema3b', 1.281637138164802), ('Lpl', 0.8807372447873354), ('Fndc3b', 1.3527526774890426), ('Abca1', 1.1791209126514606), ('Arhgap6', 1.7041866025245778), ('Csf1', 1.9208705905660768), ('Clec3b', 3.9226279908410375), ('Igfbp4', 1.993803840061783), ('Cmtm3', 1.1424303640199849), ('Zeb2', 2.42915157398834), ('Fbxl7', 3.6874235195311), ('8430426J06Rik', 4.4493177139463634e-10), ('Wnt5a', 0.8507095207230668), ('Etf1', 1.6512954900778785), ('Fhdc1', 0.6821171891115397), ('Zfr', 1.0165116493910835), ('Hgf', 0.6647210819921128), ('Nid1', 4.204211683576707), ('Ncoa1', 1.7194288528381323), ('Kcnn4', 0.9438562852253656), ('Npr1', 1.1677818138396372), ('Smpd3', 1.73878474944062), ('Gabra2', 0.7180779511891209), ('Dusp22', 1.256069433518), ('March1', 0.691992758666712), ('Ly6e', 1.456982179388031), ('1110017D15Rik', 0.3719644981290596), ('Igfbp5', 2.8416097632145925), ('Plxdc2', 2.1535992236509327), ('Psme1', 1.4467785538942763), ('Vegfa', 1.2483001806866871), ('Rassf2', 0.700660381146249), ('Rad51b', 0.9691606928866184), ('Pram1', 0.6031581052590375), ('Osbpl11', 1.8576922816999115), ('Nbea', 1.2221827135523344), ('Dpep1', 5.526326990648789), ('Abca8a', 1.4383495239901072), ('Svep1', 0.92744635782579), ('Pard3', 1.160651795157818), ('Timp2', 2.675622494666221), ('Pdgfra', 1.5869402720994), ('Agmo', 0.9665045613928844), ('Abi1', 0.7722586659916842), ('Adamts12', 1.6673044079268593), ('Sec24d', 0.6623986544254621), ('Fstl1', 1.9739894425290991), ('Grb10', 0.7440074389255189), ('Abca4', 0.6143001985475899), ('Axl', 2.266158921662785), ('Ksr1', 0.6761503421956488), ('Slc44a5', 0.77779344336026), ('Zwilch', 0.5963917781180309), ('Ablim1', 1.782233841400079), ('Ddr2', 2.3927899838845272), ('Ar', 1.9749059566837623), ('Cd302', 2.128437236234568), ('Thoc2', 1.2803104151346665), ('Ifi205', 3.417694023123298), ('Ccnt2', 0.569779588650827), ('Dkk2', 1.171472031361332), ('Mgst1', 5.105005786323722), ('Tpd52', 0.9794541274794948), ('Hdac7', 1.5720267198598965), ('Ddx17', 1.7287580746966502), ('Taok3', 0.8264298989041299), ('Slc22a22', 0.5131698883047784), ('C1ra', 3.312253459796473), ('Pard3b', 2.160447803005565), ('Srpx', 1.2528994547417331), ('Hdac8', 1.4592284555680826), ('Cd34', 2.952798019084226), ('Txnip', 0.8553508791988821), ('Gria3', 0.7019115083411192), ('Penk', 0.5529356540445259), ('Guf1', 1.1327446000778003), ('Zfpm2', 3.057073185907045), ('Cadm3', 0.8558795074192435), ('Tnxb', 3.4761854888692976), ('Slc35e4', 1.9872731346662191), ('Celf2', 7.126496297392391), ('Adam23', 0.956437167493577), ('Col14a1', 4.003358383601916), ('Ust', 2.807273065706742), ('Ndn', 1.4721724542524528), ('Pan3', 1.0973837331313856), ('Hecw2', 0.8534997653520343), ('Psap', 1.0177521717994542), ('Large1', 1.5220992753990803), ('Htr2a', 0.4464602974049508), ('Il1rl2', 1.8049756129693264), ('Pcsk5', 1.4998302528973957), ('Zyx', 1.752865337746648), ('Smarca2', 1.9946454736199808), ('Bmper', 0.9206554795150912), ('Ncoa7', 1.891270825772043), ('Klf12', 0.987475119357447), ('Dock7', 1.135494749524778), ('Ccdc146', 0.8146184459376147), ('Optc', 0.5421674897866461), ('Fam57a', 0.5921843858041691), ('Dpep2', 0.5118092209048445), ('Loxl1', 2.821764317003012), ('Nav2', 3.0499087919421606), ('Anxa3', 3.2346478649677346), ('Fgf9', 1.0484181761578737), ('Ehbp1', 1.4141348300421164), ('Zfp354b', 0.670645933807724), ('Ldb2', 0.957448097058399), ('H2-K1', 1.2218573617106336), ('Antxr1', 2.56204322741722), ('Rarres2', 3.283719131470649), ('Cachd1', 1.081705689061901), ('Prcp', 0.7375285854723953), ('Frmd6', 0.982730575421648), ('Bmp1', 0.6713826427392267), ('Bnc2', 0.67124664927137), ('Fgd4', 1.3122140618832103), ('Meg3', 1.1399472890191915), ('Ncam1', 3.3424996556325763), ('Nisch', 1.613850544689318), ('Nlgn1', 0.8237965903211372), ('Slco2a1', 0.8188827278682023), ('Rora', 1.0412547422302336), ('Mfap5', 3.735343240956059), ('A730020M07Rik', 4.972967925167375e-05), ('Lama4', 1.3547499576759283), ('Dlc1', 4.060696412882915), ('Galnt18', 1.441230172963368), ('Gm15545', 0.437989744788707), ('Gatb', 0.4486263514794573), ('Tcf7l1', 1.443804609351229), ('1700108J01Rik', 0.5305465713004438), ('Fth1', 1.3832952331483075), ('Anpep', 0.905661235284822), ('Hnrnph1', 4.458101739774447), ('Dlx4', 0.6678626025830888), ('Ntrk2', 1.4654599070932994), ('Nfe2l2', 2.120354713265814), ('Inha', 0.3790692131606277), ('Pcsk6', 1.3076122275192827), ('Scd2', 2.053339444617991), ('Asap3', 0.7013922263195718), ('Zkscan6', 1.4769336692508626), ('Steap3', 0.9301974212372), ('Mast4', 3.4234399930529347), ('Vangl2', 1.166708317286435), ('Jtb', 2.030182037790764), ('Gse1', 0.5711534061278315), ('Tlr4', 0.5812823161556554), ('Sptbn1', 1.3315748964098004), ('Tmem158', 1.429877671071112), ('Ltbp1', 3.3680614257475616), ('Dnm1', 0.7857903262355445)]",4399
Elf4,hdpi__ETV4,0.06480593388324062,3.124233980890247,0.000538,1.0,"gene is annotated for similar motif cisbp__M0706 ('Elf1[gene ID: ""ENSMUSG00000036461"" species: ""Mus musculus"" TF status: ""inferred"" TF family: ""Ets"" DBDs: ""Ets""]; Elf4[gene ID: ""ENSMUSG00000031103"" species: ""Mus musculus"" TF status: ""direct"" TF family: ""Ets"" DBDs: ""Ets""]'; q-value = 0.000538)","frozenset({'top10perTarget', 'activating', 'mm10_500bp_up_100bp_down_full_tx_v10_clust.genes_vs_motifs.rankings'})","[('Med9', 1.4867747341867394), ('Galnt11', 2.8614895584723863), ('Uty', 1.019179500091183), ('Spsb2', 0.9181631951970572), ('Coq7', 1.4241032584941076), ('Stx11', 0.8401150123010035), ('Cflar', 0.8424486024328002), ('Mrpl36', 1.280369723955295), ('Nt5dc3', 0.9938351913362312), ('Pdap1', 0.730237416509344), ('Fam91a1', 1.120816922957578), ('Tmem240', 0.526730432634941), ('Trim24', 3.1717290665575177), ('Ppp1r16a', 3.6183185330716663), ('Phactr1', 1.2592009429356064), ('Plcg1', 0.5521189462410068), ('Cog3', 4.493162998402464), ('Dnd1', 0.5445347022813007)]",1275
Elf4,hdpi__FLI1,0.07077818274825756,3.6047462387619706,0.000311,1.0,"gene is annotated for similar motif cisbp__M0706 ('Elf1[gene ID: ""ENSMUSG00000036461"" species: ""Mus musculus"" TF status: ""inferred"" TF family: ""Ets"" DBDs: ""Ets""]; Elf4[gene ID: ""ENSMUSG00000031103"" species: ""Mus musculus"" TF status: ""direct"" TF family: ""Ets"" DBDs: ""Ets""]'; q-value = 0.000311)","frozenset({'top10perTarget', 'activating', 'mm10_500bp_up_100bp_down_full_tx_v10_clust.genes_vs_motifs.rankings'})","[('Mrpl36', 1.280369723955295), ('Usp38', 1.1093896828184298), ('Mapkapk5', 1.260271064740243), ('Galnt11', 2.8614895584723863), ('Uty', 1.019179500091183), ('Srrt', 0.737648306420249), ('Utp18', 0.6765449714872461)]",122
Elf4,hdpi__ELF2,0.06901975829656627,3.463267790245135,0.00019,1.0,"gene is annotated for similar motif cisbp__M0706 ('Elf1[gene ID: ""ENSMUSG00000036461"" species: ""Mus musculus"" TF status: ""inferred"" TF family: ""Ets"" DBDs: ""Ets""]; Elf4[gene ID: ""ENSMUSG00000031103"" species: ""Mus musculus"" TF status: ""direct"" TF family: ""Ets"" DBDs: ""Ets""]'; q-value = 0.00019)","frozenset({'top10perTarget', 'activating', 'mm10_500bp_up_100bp_down_full_tx_v10_clust.genes_vs_motifs.rankings'})","[('Nol12', 1.2822606154792937), ('Cog3', 4.493162998402464), ('Rbm34', 1.7496940411953914), ('Exoc5', 2.1229276718048253), ('Eme1', 0.4660352409976805), ('Nhp2', 1.8223493895456349), ('Ppil2', 1.07170276721476), ('Chac2', 0.6961399511738295), ('Usp38', 1.1093896828184298), ('H2-Q10', 0.4687465868549287), ('Utp18', 0.6765449714872461), ('Dus3l', 1.5284323587626016), ('Ing4', 0.9773333087054163), ('Ddx54', 0.9771617359992548), ('Ephb6', 0.5908902091997459), ('Cog4', 1.107120714779936), ('Ppp1r16a', 3.6183185330716663), ('Mprip', 0.7373879293614319), ('Zfp112', 0.4574067256762809), ('Shmt2', 1.3057971487599258), ('Aspscr1', 0.5204315240343698), ('Mrpl36', 1.280369723955295), ('Pdap1', 0.730237416509344), ('Gtse1', 0.9448065233688407), ('Sdad1', 0.8880876972158039), ('Daxx', 1.1600187112038298), ('Gorasp1', 1.0134933870552412), ('Lmbr1l', 0.8135557205271301), ('Chst10', 0.5376043778821232), ('Srrt', 0.737648306420249), ('Rap2b', 2.741770242607261), ('Gar1', 1.075176657332242), ('Fig4', 2.194070479435408), ('Sigmar1', 0.6875199362970013), ('Sntg1', 0.8868316680158936), ('Tcea2', 0.5142097352142341), ('Acy3', 1.5047939556174803), ('Spsb2', 0.9181631951970572), ('Itgb2', 1.8803537280452485)]",3490
Elk1,taipale_tf_pairs__ELK1_HOXA3_RSCGGTAATKR_CAP_repr,0.07935548334550828,3.276152981514801,0.0,0.85514,motif is annotated for orthologous gene ENSG00000126767 in H. sapiens (identity = 85%),"frozenset({'top10perTarget', 'activating', 'mm10_500bp_up_100bp_down_full_tx_v10_clust.genes_vs_motifs.rankings'})","[('Pskh1', 0.6011989897699872), ('Lrig3', 1.4147024859013362), ('Tmem38b', 1.1221223515831515), ('Mtmr3', 0.759229518347031), ('Osbpl1a', 0.7593828537058401), ('D16Ertd472e', 2.941858332884368), ('Decr1', 0.9462339870674272), ('Aox1', 1.7141399091202123), ('Arl14ep', 1.1683502175505496), ('Guf1', 0.816671291057737), ('B230216N24Rik', 0.5591137320487717), ('Pitpnm2', 1.0559779131701827), ('Ap1ar', 1.6997192776110053), ('Pgrmc1', 0.7522292691199219), ('Zmynd8', 2.796568000273889), ('Daxx', 0.6329764101566148), ('Bub3', 2.072004733799841), ('Haus1', 0.7173716902478983)]",1569
Ets1,transfac_pro__M04748,0.06387230576756761,3.092246937816681,0.000195,1.0,"gene is annotated for similar motif cisbp__M0707 ('ENSG00000235187[gene ID: ""ENSG00000235187"" species: ""Homo sapiens"" TF status: ""inferred"" TF family: ""Ets"" DBDs: ""Ets""]; ENSMUSG00000044690[gene ID: ""ENSMUSG00000044690"" species: ""Mus musculus"" TF status: ""inferred"" TF family: ""Ets"" DBDs: ""Ets""]; Erf[gene ID: ""ENSMUSG00000040857"" species: ""Mus musculus"" TF status: ""inferred"" TF family: ""Ets"" DBDs: ""Ets""]; Ets1[gene ID: ""ENSMUSG00000032035"" species: ""Mus musculus"" TF status: ""direct"" TF family: ""Ets"" DBDs: ""Ets""]; Ets2[gene ID: ""ENSMUSG00000022895"" species: ""Mus musculus"" TF status: ""inferred"" TF family: ""Ets"" DBDs: ""Ets""]; Etv2[gene ID: ""ENSMUSG00000006311"" species: ""Mus musculus"" TF status: ""inferred"" TF family: ""Ets"" DBDs: ""Ets""]; Fev[gene ID: ""ENSMUSG00000055197"" species: ""Mus musculus"" TF status: ""inferred"" TF family: ""Ets"" DBDs: ""Ets""]'; q-value = 0.000195)","frozenset({'top10perTarget', 'activating', 'mm10_500bp_up_100bp_down_full_tx_v10_clust.genes_vs_motifs.rankings'})","[('Pak1ip1', 0.963862280600925), ('Zranb3', 0.6737048130880687), ('Spr', 1.632633737527978), ('Gucd1', 1.1157545159339617), ('Mdga2', 0.5652253864494269), ('Usp8', 1.241898671208303), ('Zfp946', 1.8380025784253369), ('Traf3ip1', 4.344123424096631), ('Adora2b', 1.3607904840204688), ('Mrps22', 1.0945763240606003), ('Dock6', 1.1873215125924603)]",827
Etv5,taipale_tf_pairs__ETV5_DRGX_TAATKRSCGGAWGN_CAP_repr,0.08265711382918366,3.985724560793267,0.0,0.954902,gene is orthologous to ENSG00000244405 in H. sapiens (identity = 95%) which is directly annotated for motif,"frozenset({'top10perTarget', 'activating', 'mm10_500bp_up_100bp_down_full_tx_v10_clust.genes_vs_motifs.rankings'})","[('Fbxl3', 0.9103158331415062), ('Etv5', 1.0), ('Cgref1', 0.8096181958509443), ('Apbb1', 0.80361287194987), ('Stab1', 0.9676024317479626), ('Gsc', 1.004993632437304), ('Myo1d', 1.793041311938653), ('Syf2', 0.8490868136830667), ('Tdrkh', 0.5292607401936792), ('Tlk2', 0.7504587815344238), ('Ppp5c', 0.9646749348882184)]",530
Fli1,hdpi__ETV4,0.06957803902941061,3.089150270978748,0.000406,1.0,gene is annotated for similar motif homer__NRYTTCCGGH_Fli1 ('Fli1(ETS)/CD8-FLI-ChIP-Seq(GSE20898)/Homer'; q-value = 0.000406),"frozenset({'top10perTarget', 'activating', 'mm10_500bp_up_100bp_down_full_tx_v10_clust.genes_vs_motifs.rankings'})","[('Psma6', 1.4351729258654935), ('Spink10', 0.5191381749545856), ('Hnrnpc', 0.7225052901067006), ('Spice1', 1.092855037667117), ('Rpf1', 1.2865859847195322), ('Ero1l', 1.4933626463107672), ('Lamtor3', 1.3505341091438254), ('Ssbp1', 0.6867436627176596), ('Ccndbp1', 0.9955657721101338), ('Itprip', 0.5460294648598274), ('Por', 0.5911545327549454), ('Banf1', 0.7723205148871182)]",667
Fli1,hdpi__ELF2,0.07154732217076357,3.230417704906439,8.2e-05,1.0,gene is annotated for similar motif homer__NRYTTCCGGH_Fli1 ('Fli1(ETS)/CD8-FLI-ChIP-Seq(GSE20898)/Homer'; q-value = 8.21e-05),"frozenset({'top10perTarget', 'activating', 'mm10_500bp_up_100bp_down_full_tx_v10_clust.genes_vs_motifs.rankings'})","[('Psma6', 1.4351729258654935), ('Spink10', 0.5191381749545856), ('Topbp1', 1.0616808289840935), ('Rpf1', 1.2865859847195322), ('Banf1', 0.7723205148871182), ('Ssbp1', 0.6867436627176596), ('Ccndbp1', 0.9955657721101338), ('Lamtor3', 1.3505341091438254)]",617
Fli1,taipale_tf_pairs__FLI1_DLX2_RSCGGAANNNNNYAATTAN_CAP,0.06997387483671773,3.117545735084816,0.0,0.966814,gene is orthologous to ENSG00000151702 in H. sapiens (identity = 96%) which is directly annotated for motif,"frozenset({'top10perTarget', 'activating', 'mm10_500bp_up_100bp_down_full_tx_v10_clust.genes_vs_motifs.rankings'})","[('Psma6', 1.4351729258654935), ('Spink10', 0.5191381749545856), ('Rpf1', 1.2865859847195322), ('Topbp1', 1.0616808289840935), ('Ssbp1', 0.6867436627176596), ('Banf1', 0.7723205148871182), ('Lamtor3', 1.3505341091438254), ('Ccndbp1', 0.9955657721101338), ('Spice1', 1.092855037667117)]",753
Fosb,transfac_public__M00039,0.06820380742133737,4.305093258739742,0.000403,0.923077,gene is orthologous to ENSG00000125740 in H. sapiens (identity = 92%) which is annotated for similar motif transfac_pro__M08937 ('V$JUNFOSB_02: C-JUN:FOSB'; q-value = 0.000403),"frozenset({'top10perTarget', 'activating', 'mm10_500bp_up_100bp_down_full_tx_v10_clust.genes_vs_motifs.rankings'})","[('Glis3', 0.6074019931449761), ('Gadd45g', 0.6564106028040557), ('Yap1', 1.8289378906098648), ('Dleu2', 1.5544925452712213), ('Irf2bpl', 0.732662672777787), ('Map4k4', 1.363979071474297), ('Pabpc1', 2.669050519579261), ('Eda', 0.6829954316337821), ('Hivep1', 0.7929067204070619), ('Sh3pxd2a', 0.6420672047987483), ('Slc38a2', 0.6710824983710968), ('Mitf', 0.8124073115462862), ('Tmem26', 0.5202159665755657), ('Gli3', 0.4954011394242602), ('N4bp2', 1.0635565152123814), ('Map3k8', 1.740449454051532), ('Nr2f1', 0.6507269381694168), ('Jtb', 1.129834287199768), ('Ppp1r10', 1.6596898684984598), ('AY074887', 0.3780408181056217), ('Ptx3', 1.9022305691491088), ('Zfp36l1', 1.7588841766608114), ('Mkln1', 0.7335521550284576), ('Tmem132e', 0.0469214373581512), ('Ino80d', 0.7648290329066457), ('Rpl35a', 0.2320802969407607), ('Chst10', 0.4950671635422345), ('Gem', 0.9621644086189938), ('Bmpr2', 1.484395434332141), ('Igf1r', 0.7970442432988127), ('Cdh3', 4.092239215609936e-05), ('Birc2', 0.7871765061970079), ('Npat', 0.5271900363428937), ('Chic2', 0.8399456697151338), ('Ints6', 2.8015551439770423), ('Tpt1', 0.3155097184468261), ('2310030G06Rik', 0.6882691236171037), ('Mapkapk3', 0.5876257609825036), ('2700081O15Rik', 0.814646485625737), ('Fosb', 1.0), ('Tnfaip3', 2.8717611910750622), ('Nfkbiz', 0.4392258089410242), ('Pgap1', 0.6034681981730485), ('Ptch2', 0.4491127901601919), ('Slc35e1', 0.7522039184490529), ('Ifi205', 0.7186011547226153), ('Auts2', 0.8113743721015376), ('Tbx3', 0.5522373177741937), ('Zfp729a', 0.531172782585553), ('Sox7', 0.4790885803734175), ('Hopx', 0.8230353214914033), ('Stx5a', 0.6757092033866091), ('Nup98', 1.0477751137559377), ('Birc3', 0.6673522622291533), ('Nsd3', 2.415496067749089), ('Psd', 0.7990592898277018), ('Nudt9', 1.1568136645100726), ('Fst', 0.6467894192345155), ('Pcbp2', 1.137189273997618), ('Spred1', 0.7909329622208794), ('Meis3', 0.6652518973850573), ('Klf4', 3.47941197259636), ('Cxcl12', 0.7512473846862793), ('Hmgcs1', 0.5700790495024888), ('Tceal9', 0.6981620107358087), ('Pnp', 0.7811759040687075), ('Cebpd', 1.110276092791192), ('Pnrc1', 1.1982289251029017), ('Slc35f3', 0.9019000417901244), ('1500009L16Rik', 0.9446900655646896), ('Neat1', 1.5309538497025428), ('Kitl', 0.7831011524986777), ('Gm5577', 0.3921232438555821), ('Stx17', 1.1208659584122271), ('Hs3st3a1', 1.2707453732800855), ('Stk40', 0.7373613263708306), ('Gbp6', 1.202735424165922), ('Lekr1', 0.995462834507283), ('Btg2', 1.897760781747925), ('Stard3', 1.2075314341037788), ('Atf3', 1.2998425720572404), ('Adamts1', 1.988825072569936), ('Cblb', 0.409504146968197), ('Picalm', 0.515536918150677), ('Zfp36l2', 1.4617893955943533), ('Jdp2', 2.498785555530024), ('Mdfi', 0.6420766141661206), ('Awat2', 0.88151040939224), ('Tra2b', 4.215325422415848), ('Slc16a2', 0.8773975419941945), ('Xlr', 1.5229037724897452), ('Erf', 0.7717443694667239), ('Map7d2', 0.4427241760259162), ('Fmnl1', 0.5996328358419998), ('Myo5b', 0.6069616715757841), ('2900097C17Rik', 0.7510741810782027), ('Csnk1a1', 0.8376588184764955), ('Ubqln2', 0.5942860705117085), ('Tmem30b', 0.8693890704202492), ('Riox1', 1.335383583527859), ('Ddx43', 0.6763365982686956), ('Pdgfrb', 1.0548763213301802), ('Zfp692', 3.4270712060067163), ('Eva1c', 0.4137414950771105), ('Fmnl2', 0.5488572181279775), ('Cyp1b1', 0.635302484465151), ('Stk11ip', 1.1154537638501498), ('Myo7a', 0.4394237195271413), ('Frmd4b', 0.8240132540066245), ('Twist2', 0.750121923731892), ('Scn8a', 0.682237105867085), ('Add3', 0.7100555793162605), ('Cyld', 1.018848216173364), ('D130043K22Rik', 0.3875594407699064), ('Rplp2', 0.0750931810608595), ('Shc1', 0.8638945258092675), ('Chst2', 0.6593612002040846), ('Mgat4a', 1.712594484433826), ('Nfkbia', 1.185286477755228)]",4996
Fosb,transfac_pro__M02279,0.06074068017569918,3.4655112761843325,0.000236,0.923077,gene is orthologous to ENSG00000125740 in H. sapiens (identity = 92%) which is annotated for similar motif transfac_pro__M08937 ('V$JUNFOSB_02: C-JUN:FOSB'; q-value = 0.000236),"frozenset({'top10perTarget', 'activating', 'mm10_500bp_up_100bp_down_full_tx_v10_clust.genes_vs_motifs.rankings'})","[('Arih1', 2.297256742951717), ('Nudt9', 1.1568136645100726), ('Slc35e1', 0.7522039184490529), ('Bhlhe40', 1.023265540284835), ('Dusp1', 1.222903780333366), ('Tpt1', 0.3155097184468261), ('Ints6', 2.8015551439770423), ('Stx5a', 0.6757092033866091), ('Ppp1r10', 1.6596898684984598), ('Mfsd4b4', 0.3884337812333161), ('Braf', 1.5862367845552403), ('Fst', 0.6467894192345155), ('Tceal9', 0.6981620107358087), ('Rab5a', 1.1907439468328986), ('Cxcl1', 2.177921529668775), ('Ddx3x', 1.4006695457270428), ('Lamtor4', 0.5599796199277127), ('Fmnl2', 0.5488572181279775), ('Zfp36l2', 1.4617893955943533)]",286
Fosb,tfdimers__MD00314,0.05940067863129063,3.3147646633700636,0.0,0.923077,gene is orthologous to ENSG00000125740 in H. sapiens (identity = 92%) which is directly annotated for motif,"frozenset({'top10perTarget', 'activating', 'mm10_500bp_up_100bp_down_full_tx_v10_clust.genes_vs_motifs.rankings'})","[('Glis3', 0.6074019931449761), ('Gadd45g', 0.6564106028040557), ('Zfp36l1', 1.7588841766608114), ('Pabpc1', 2.669050519579261), ('Dleu2', 1.5544925452712213), ('Mkln1', 0.7335521550284576), ('Map4k4', 1.363979071474297), ('Slc38a2', 0.6710824983710968), ('Irf2bpl', 0.732662672777787), ('Yap1', 1.8289378906098648), ('Tmem26', 0.5202159665755657), ('Hivep1', 0.7929067204070619), ('Eda', 0.6829954316337821), ('N4bp2', 1.0635565152123814), ('Ino80d', 0.7648290329066457), ('Igf1r', 0.7970442432988127), ('Map3k8', 1.740449454051532), ('Stx5a', 0.6757092033866091), ('Tmem132e', 0.0469214373581512), ('Gem', 0.9621644086189938), ('Nr2f1', 0.6507269381694168), ('Rpl35a', 0.2320802969407607), ('Sh3pxd2a', 0.6420672047987483), ('Adamts1', 1.988825072569936), ('Gli3', 0.4954011394242602), ('Tnfaip3', 2.8717611910750622), ('Tbx3', 0.5522373177741937), ('Klf4', 3.47941197259636), ('Birc2', 0.7871765061970079), ('Csnk1a1', 0.8376588184764955), ('Ppp1r10', 1.6596898684984598), ('Auts2', 0.8113743721015376), ('Ptx3', 1.9022305691491088), ('Neat1', 1.5309538497025428), ('Slc35f3', 0.9019000417901244), ('Pcbp2', 1.137189273997618), ('6430562O15Rik', 5.7853752332312644e-15), ('Chic2', 0.8399456697151338), ('Shc1', 0.8638945258092675), ('Scn8a', 0.682237105867085), ('Hopx', 0.8230353214914033), ('2700097O09Rik', 0.7464916211917361), ('Meis3', 0.6652518973850573), ('Ptch2', 0.4491127901601919), ('Cyld', 1.018848216173364), ('Itga5', 2.867993965478423), ('AY074887', 0.3780408181056217), ('Mitf', 0.8124073115462862), ('Mapkapk3', 0.5876257609825036), ('2700081O15Rik', 0.814646485625737), ('Jtb', 1.129834287199768), ('Hs3st3a1', 1.2707453732800855), ('Ldlr', 0.6310496395663012), ('Nsd3', 2.415496067749089), ('Npat', 0.5271900363428937), ('Mgat4a', 1.712594484433826), ('Bmpr2', 1.484395434332141), ('Add3', 0.7100555793162605), ('Tra2b', 4.215325422415848), ('Lekr1', 0.995462834507283), ('Psd', 0.7990592898277018), ('Cdh3', 4.092239215609936e-05), ('Pnp', 0.7811759040687075), ('Tpt1', 0.3155097184468261), ('Nfkbiz', 0.4392258089410242), ('Chst10', 0.4950671635422345), ('Rhoj', 1.285881572030021), ('2900097C17Rik', 0.7510741810782027), ('Ints6', 2.8015551439770423), ('Slc35e1', 0.7522039184490529), ('Spred1', 0.7909329622208794), ('Atf3', 1.2998425720572404), ('Cebpd', 1.110276092791192), ('Ifi205', 0.7186011547226153), ('Rnase10', 0.3952601480267326), ('Kitl', 0.7831011524986777), ('Fosb', 1.0), ('Pgap1', 0.6034681981730485), ('Cblb', 0.409504146968197), ('Fmnl2', 0.5488572181279775), ('Tmem30b', 0.8693890704202492), ('Wbp1l', 0.8366230114888973), ('Riox1', 1.335383583527859), ('Awat2', 0.88151040939224), ('Erf', 0.7717443694667239), ('Gbp6', 1.202735424165922), ('Birc3', 0.6673522622291533), ('Zfp729a', 0.531172782585553), ('Gm5577', 0.3921232438555821), ('Vtn', 0.4581036382964844), ('Stard3', 1.2075314341037788), ('Nudt9', 1.1568136645100726), ('Zfp36l2', 1.4617893955943533), ('Myo5b', 0.6069616715757841), ('Stk40', 0.7373613263708306), ('Rplp2', 0.0750931810608595), ('Stk11ip', 1.1154537638501498), ('Gpsm1', 1.337647286740124), ('Tceal9', 0.6981620107358087), ('Cxcl12', 0.7512473846862793), ('Picalm', 0.515536918150677), ('Osbpl8', 0.729278900669451), ('Slc16a2', 0.8773975419941945), ('Ddx43', 0.6763365982686956), ('Kcmf1', 0.7208261871644578), ('Med12l', 0.5207573463171128), ('1500009L16Rik', 0.9446900655646896), ('Ifi44', 0.6343930530348743), ('Naa15', 0.4496462637438326), ('Map4k3', 0.8112115321401497), ('Hmgcs1', 0.5700790495024888), ('Dmap1', 0.3938559719824663), ('Tob2', 1.798983686142228), ('Nr4a1', 0.8144951632085967), ('Phkg2', 0.945844690282925), ('Irf1', 2.120387607559299), ('Jdp2', 2.498785555530024), ('Inpp5k', 0.7061653011657221), ('Frmd4b', 0.8240132540066245), ('Kcnh7', 0.3702533661548239), ('Cyp1b1', 0.635302484465151), ('Fst', 0.6467894192345155), ('9130221H12Rik', 0.4761617935774183), ('Cped1', 1.522828124110709)]",4933
Foxj3,taipale_tf_pairs__FOXJ3_ELF1_NNARAAAACCGAAWMN_CAP,0.07380622517779625,3.2705328379638776,0.0,0.945338,motif is annotated for orthologous gene ENSG00000198815 in H. sapiens (identity = 94%),"frozenset({'top10perTarget', 'activating', 'mm10_500bp_up_100bp_down_full_tx_v10_clust.genes_vs_motifs.rankings'})","[('Gapdh', 0.5649791451400031), ('Npas2', 1.5523648621402943), ('Selenbp1', 2.1096336081837466), ('Rad18', 0.9822839500915612), ('Bfar', 0.9493345876116024), ('Bmt2', 1.5300884234526495), ('Coa7', 0.4759316113582948), ('Dusp3', 2.362348135103955), ('H2-M3', 1.6128256812941173), ('Arhgap31', 0.9055747215280834), ('Srrm2', 0.6367550330027939), ('Hgsnat', 1.1536020046722746), ('Cdc25b', 0.6612113835399586), ('Arrdc3', 0.8150873066420955), ('AU041133', 0.9239197644207994)]",1501
Foxj3,taipale_tf_pairs__FOXJ3_TBX21_WAACAACACMY_CAP_repr,0.07502539946430221,3.3560867210361605,0.0,0.945338,motif is annotated for orthologous gene ENSG00000198815 in H. sapiens (identity = 94%),"frozenset({'top10perTarget', 'activating', 'mm10_500bp_up_100bp_down_full_tx_v10_clust.genes_vs_motifs.rankings'})","[('Tmem260', 0.8005564282101725), ('Tamm41', 1.308867169883977), ('Dusp3', 2.362348135103955), ('Acer3', 0.9353729637594574), ('Abcg3', 0.5051477632894591), ('Rad18', 0.9822839500915612), ('Nlk', 0.8316033263928772), ('Amacr', 0.8975047909793108), ('Srrm2', 0.6367550330027939), ('Lrrc8d', 0.8852947970661907), ('Metap2', 0.534713522239458), ('AU041133', 0.9239197644207994)]",1133
Hdx,tfdimers__MD00566,0.09128918996042233,3.234258947155166,0.0,0.905797,motif is annotated for orthologous gene ENSG00000165259 in H. sapiens (identity = 90%),"frozenset({'top10perTarget', 'activating', 'mm10_500bp_up_100bp_down_full_tx_v10_clust.genes_vs_motifs.rankings'})","[('Prickle2', 0.6459565773243856), ('Pi4k2b', 2.4514854250696323), ('Birc2', 1.4783896679975612), ('Gm527', 1.2337288892425593), ('Usp13', 0.7554250216939254), ('Sox17', 0.3645609462725684), ('Adck2', 1.164551103602484), ('Dhdds', 0.7888448198851963), ('Lmo2', 0.7993479523816943), ('Fads6', 0.6113690963806648), ('Bahcc1', 0.6628163129091688)]",1158
Hmbox1,tfdimers__MD00041,0.07249049094435628,3.4996891679657103,0.0,0.988095,gene is orthologous to ENSG00000147421 in H. sapiens (identity = 98%) which is directly annotated for motif,"frozenset({'top10perTarget', 'activating', 'mm10_500bp_up_100bp_down_full_tx_v10_clust.genes_vs_motifs.rankings'})","[('Zbtb37', 0.487915128627966), ('Fkbp4', 0.7618003100524386), ('Sec23a', 1.1323521058952053), ('Rab3gap2', 0.914391987112302), ('Dhrs3', 0.8519219996591155), ('Akt1', 0.688368666642425), ('Efcab6', 0.5115124594431049), ('Ntf3', 0.5891980980247783), ('Metap1d', 1.226461867434062), ('Zfp157', 0.7292919565677568), ('Iqce', 0.8401817972537686), ('Etl4', 0.9731709466612624), ('Aldh18a1', 3.232956068403978), ('Clasrp', 0.9153751684644296), ('Pspc1', 0.8612500230408263), ('Dnajc6', 0.7295657629069126), ('Sat2', 1.080353738624614), ('Tbc1d12', 0.8049893947636078), ('Bag2', 1.048279650043501), ('Cep44', 0.91947939803865), ('Impa2', 1.164496165909751)]",1164
Hoxa3,transfac_pro__M02869,0.11264806733167082,4.772944599429096,0.0,1.0,gene is directly annotated,"frozenset({'top10perTarget', 'activating', 'mm10_500bp_up_100bp_down_full_tx_v10_clust.genes_vs_motifs.rankings'})","[('Supt3', 1.0494745256793294), ('6430548M08Rik', 0.6505937059459206), ('Atxn2l', 1.189822439856843), ('Cdkl2', 1.3485813298063212), ('Gtf2f1', 1.549233937399768), ('Ric3', 1.759448019625378), ('Prodh', 1.3317904147689676), ('Ssr3', 0.8539346783439548), ('Smarcc2', 1.1316230717213915), ('Dhx32', 1.1954695306056713), ('Zfp229', 1.4957693459231869), ('Ing1', 1.434673768872084), ('Hilpda', 1.0553000292919517), ('Fkrp', 0.6681844775355263), ('Efcab11', 0.6153256195600026), ('Ccnd3', 0.6365043274738464), ('Psmd2', 1.001015057769954), ('Pan2', 0.5884862233376654), ('Usp31', 0.8755345614296378), ('Exog', 0.5644977557133555)]",3063
Hoxb2,taipale_tf_pairs__HOXB2_SOX15_NYMATTANNNNNNACAATR_CAP_repr,0.09595329857175244,3.2841453437969474,0.0,0.80791,gene is orthologous to ENSG00000173917 in H. sapiens (identity = 80%) which is directly annotated for motif,"frozenset({'top10perTarget', 'activating', 'mm10_500bp_up_100bp_down_full_tx_v10_clust.genes_vs_motifs.rankings'})","[('Ank3', 1.070970989063067), ('Mon2', 1.032691172370275), ('Lmbrd1', 1.9931674638997143), ('Sh3glb2', 0.6638270914221819), ('Mccc2', 0.7171249023832409), ('Gpm6b', 1.1553423667609413), ('Negr1', 0.7932066403324934)]",646
Ikzf1,tfdimers__MD00265,0.08679689664727071,3.0550185712708107,0.0,0.932039,gene is orthologous to ENSG00000185811 in H. sapiens (identity = 93%) which is directly annotated for motif,"frozenset({'top10perTarget', 'activating', 'mm10_500bp_up_100bp_down_full_tx_v10_clust.genes_vs_motifs.rankings'})","[('Ift140', 0.4988213315067654), ('Slc38a1', 1.3600299980198145), ('Pip4k2a', 0.9743455404192588), ('Prex1', 1.8140305831190744), ('Sash3', 1.0297981816282094), ('Pnrc2', 0.8152856662563683), ('Hpgd', 0.605116820995473), ('Kifc3', 1.5263917376934464), ('Spcs3', 2.01402642570392), ('Uck1', 0.8279049196501823), ('Cdc42se2', 1.057241164157768), ('Ulbp1', 0.5946870449121401)]",1395
Irf2,tfdimers__MD00138,0.06279568568291206,3.0274722048986513,0.0,0.925501,gene is orthologous to ENSG00000168310 in H. sapiens (identity = 92%) which is directly annotated for motif,"frozenset({'top10perTarget', 'activating', 'mm10_500bp_up_100bp_down_full_tx_v10_clust.genes_vs_motifs.rankings'})","[('Kif5b', 0.9290509652133488), ('Hist2h4', 0.3326176451993591), ('Pigw', 1.4872827986587285), ('Jade2', 0.7584491863301207), ('Lrig3', 0.7366441206215792), ('E130102H24Rik', 1.203365552923623), ('Sec23a', 0.8270643488232216), ('Irf2', 1.0), ('Ppp1r3e', 0.5769479092967384), ('Tbk1', 0.8562249564618372), ('Zfp407', 1.061078367730142), ('Ahdc1', 0.7718350532160875), ('Nol8', 0.6073686022115261), ('Fam122b', 0.7253298602294034), ('Pard6g', 0.9075496151272998), ('Npepps', 0.4660364765409452), ('Npat', 0.7629224488840141), ('Gspt1', 0.73204416232887), ('Esr1', 0.9945748196642212), ('Stt3b', 3.357232480639188), ('Uqcrq', 0.5225404647676836)]",1102
Junb,transfac_pro__M08803,0.06372299897964409,4.298673353486725,0.000808,0.930836,motif similar to taipale_cyt_meth__JUNB_NATGACGTCAYN_eDBD_repr ('JUNB [bZIP]'; q-value = 0.000808) which is annotated for orthologous gene ENSG00000171223 in H. sapiens (identity = 93%),"frozenset({'top10perTarget', 'activating', 'mm10_500bp_up_100bp_down_full_tx_v10_clust.genes_vs_motifs.rankings'})","[('Tmsb10', 1.0302153045466418), ('Psd', 0.6103717105492362), ('Rps27a', 1.0140784262553186), ('Fosl2', 1.814525447509644), ('Atf3', 2.1403011780274057), ('Cars', 2.3111440800958465), ('Ggn', 0.5690825979913692), ('Rbp4', 0.8075579296580799), ('Etfb', 0.544356620538885), ('Slc38a2', 1.3391270043471155), ('Sh3pxd2a', 0.6200363221236194), ('Zfp36l1', 4.017388951570829), ('Bcl6', 0.7805568492563046), ('Pcdh12', 0.5443719889736033), ('Gja5', 0.4876380674659086), ('Gem', 0.9900029950107628), ('Irf1', 7.242210485885634), ('Zfp202', 0.6647021435272834), ('Arnt', 0.9613899749613136), ('Rspo2', 0.5781851245224645), ('Erg', 0.7469960369943532), ('Edn1', 1.2420173411600677), ('Tnfaip3', 1.9579649541392328), ('Epb41l4aos', 0.8809749832787801), ('Spag16', 0.4712262293316256), ('9330102E08Rik', 0.3472476409812183), ('Adamts1', 2.612796462063838), ('Rasa3', 0.6181943981005038), ('Nfkbia', 2.1450802090529657), ('Pitpnc1', 1.7513938365590307), ('Eif4e', 1.377568664139688), ('Pabpc1', 0.9693368555510142), ('Tmem26', 0.5539181278957341), ('Gsn', 0.6193956263312291), ('H2-Q10', 0.371221440585435), ('a', 0.4907112903995657), ('Ccl2', 2.373180905749026), ('Irak3', 1.7441229211507063), ('Ilf3', 2.5643780064799837), ('Ifi203', 0.4810138742558942), ('Abi1', 1.095868059451829), ('Rerg', 0.4951625697016548), ('Bag3', 0.8071573077278428), ('1700108J01Rik', 0.5428549283753298), ('Meis2', 0.6202244870368182), ('Rpl35a', 0.4172783610299105), ('Dlc1', 0.479283980902646), ('Rps7', 0.5221140196468079), ('Myc', 3.0502058522888467), ('Rxrg', 0.8037994474044202), ('Ube2j1', 0.8614286430631357), ('Ccl19', 1.381255135229406), ('Tspoap1', 0.3291977771410341), ('Rhoj', 1.035490856091382), ('Errfi1', 2.634489423809759), ('Kdm6b', 2.3140329172063776), ('Hdac10', 0.9284157704103037), ('Masp1', 0.6713132708841459), ('Nfkbiz', 4.1340827379081535), ('Rims2', 0.8240004893453694), ('Braf', 0.4560423781328258), ('Usp2', 0.7850138747375739), ('Socs3', 1.6582557316322302), ('Nlrc4', 1.251084842808969), ('Nr4a3', 0.7005964409604419), ('Cdh4', 0.5983074297450741), ('Rps4x', 0.8639812665718641), ('Gpx3', 3.243995072685848), ('Ppfia3', 0.9454825762176124)]",2168
Junb,transfac_pro__M02279,0.06385497551539791,4.315562432832254,0.000195,0.938953,gene is orthologous to ENSG00000171223 in H. sapiens (identity = 93%) which is annotated for similar motif transfac_pro__M08921 ('V$JUNBFOSB_02: JUNB:FOSB'; q-value = 0.000195),"frozenset({'top10perTarget', 'activating', 'mm10_500bp_up_100bp_down_full_tx_v10_clust.genes_vs_motifs.rankings'})","[('Ilf3', 2.5643780064799837), ('Tpt1', 1.9503009949145331), ('Arih1', 1.4987711915543844), ('5430402O13Rik', 0.3581126653843688), ('Dusp1', 4.082058870580426), ('Braf', 0.4560423781328258), ('Nr4a3', 0.7005964409604419), ('Srrd', 0.6544971794486867), ('Bcl6', 0.7805568492563046), ('Fos', 2.643504043508286), ('Irak3', 1.7441229211507063), ('Fdxacb1', 0.5317163955995485), ('Usp2', 0.7850138747375739), ('Egr1', 5.578668261564757), ('Ptgs2', 3.494233062274062), ('Rfx1', 0.4798050396494952), ('Uap1', 2.363100323690388), ('Rpl23', 0.2796104606047584), ('Clk1', 0.7298982777636734), ('Pla1a', 0.8152041255325317), ('Zfp574', 1.4126033917700116), ('Btg2', 3.122084496959246), ('Dhx35', 0.3673408766790967), ('Sbds', 0.651308848070635), ('Fosb', 2.17763833923754), ('Rps18', 1.4196295828540622), ('Aox3', 0.9231973982155616), ('Ppp1r15a', 2.831183871708169), ('Nsd3', 0.7326864726075211), ('Rpl27a', 1.1056361558214924), ('Rhoj', 1.035490856091382), ('Btg1', 2.097310147473009), ('Gem', 0.9900029950107628), ('Il10', 0.3710539824858339), ('Mt1', 1.7260249120638522), ('Rps29', 1.4386460753747476), ('Wsb1', 2.0525733329015283), ('Ccnl1', 2.034141599007981), ('Il6', 1.0375395080115222), ('Rps9', 0.6988498701096272), ('Ube2h', 0.812905894503161)]",849
Junb,transfac_public__M00039,0.06624828135033664,4.621834543351919,5.1e-05,0.938953,gene is orthologous to ENSG00000171223 in H. sapiens (identity = 93%) which is annotated for similar motif transfac_pro__M08927 ('V$JUNB_03: JUNB'; q-value = 5.12e-05),"frozenset({'top10perTarget', 'activating', 'mm10_500bp_up_100bp_down_full_tx_v10_clust.genes_vs_motifs.rankings'})","[('Tmsb10', 1.0302153045466418), ('Psd', 0.6103717105492362), ('Rasa3', 0.6181943981005038), ('Marcks', 0.6693270251979057), ('Mme', 1.6379408193041345), ('Dtnbp1', 1.0501082773890529), ('Mylpf', 0.5658314692339117), ('Bcl6', 0.7805568492563046), ('Nup210', 2.099888964067475), ('Rbks', 0.838808433266449), ('Tmod1', 1.3392686285361102), ('Tnfsf9', 0.9653150336364412), ('Btg2', 3.122084496959246), ('Gadd45g', 2.1216214811296794), ('Socs3', 1.6582557316322302), ('Rerg', 0.4951625697016548), ('Sh3pxd2a', 0.6200363221236194), ('Zfp36l1', 4.017388951570829), ('Nfkb1', 2.154646489000814), ('Nptx2', 0.7022212478917365), ('Epc1', 2.304737364059151), ('Dnah1', 0.4337387879483401), ('Cdc7', 0.8091548216914345), ('Hoxa5', 0.4500064090185934), ('Tnfaip3', 1.9579649541392328), ('Sh3gl2', 0.3042983572165999), ('Meis2', 0.6202244870368182), ('Cdh4', 0.5983074297450741), ('Fosl2', 1.814525447509644), ('Irf1', 7.242210485885634), ('Wnt2', 0.6704191242592866), ('Adamts6', 1.0963480850774066), ('Slc38a2', 1.3391270043471155), ('Tmem170', 0.7160370129780911), ('Wsb1', 2.0525733329015283), ('Fosb', 2.17763833923754), ('Cacng7', 0.5604955559762205), ('Usp2', 0.7850138747375739), ('Rps4x', 0.8639812665718641), ('Zfp574', 1.4126033917700116), ('Gna15', 0.5710239240165472), ('Cntn5', 0.60523119136718), ('Itgb6', 1.5029033896601118), ('Rps20', 0.8424082520638889), ('Galnt2', 0.9970861094815868), ('Pomt2', 0.7454846486016617), ('Dusp1', 4.082058870580426), ('2410006H16Rik', 0.9792607003312894), ('Rpl23', 0.2796104606047584), ('Tmlhe', 0.7924778919833011), ('Rpl32', 0.9276091725900524), ('Eml5', 0.2890581647188533), ('Net1', 0.8768413991890738), ('Litaf', 1.3275884907339082), ('Rps14', 0.6312816213941271), ('C630043F03Rik', 0.4838864779960649), ('Fos', 2.643504043508286), ('Map3k2', 0.865547565245981), ('Rpl27a', 1.1056361558214924), ('Fau', 0.5033114935854147), ('Dnajc17', 0.6061877268335397), ('Rbm22', 0.871989165364885), ('Icam1', 2.2530544182739507), ('5430402O13Rik', 0.3581126653843688), ('Il6', 1.0375395080115222), ('Edn1', 1.2420173411600677), ('Rpl35a', 0.4172783610299105), ('Has2', 0.6801061819747342), ('Rsrp1', 2.6030595079289016), ('Hic1', 0.6796262882843428), ('Rims2', 0.8240004893453694), ('Nr4a1', 2.8247205777958886), ('Clk1', 0.7298982777636734), ('Ezr', 0.5471298269512902), ('Gpr160', 0.644359315822348), ('Braf', 0.4560423781328258), ('Secisbp2l', 0.8816804061450932), ('Ilf3', 2.5643780064799837), ('Jun', 2.371006870720972), ('Phlda1', 1.5559637722663435), ('Midn', 1.3535154062611745), ('Nfia', 1.6988052315093345), ('Hdac10', 0.9284157704103037), ('Rps29', 1.4386460753747476), ('Egr2', 0.8465084884129204), ('Mt2', 2.26929142590943), ('Cpne5', 0.7395039796988744), ('Dot1l', 1.1191091920124134), ('Osmr', 1.625890820422117), ('Ercc6l', 0.4285727700998134), ('Uap1', 2.363100323690388), ('Ggn', 0.5690825979913692), ('Rpl36a', 0.8940744172999785), ('Hk2', 2.844313611134789), ('Gpnmb', 1.6782875439872664), ('Sec63', 0.5861827791812386), ('Camk2b', 0.5047265802445803), ('Gm1673', 0.7707095197239532), ('Cxcl1', 4.649384570421074), ('Birc3', 2.5903688821268225), ('Hes1', 1.0261859303922547), ('Galnt18', 0.6929654973637297), ('Sel1l', 0.7016678594535005), ('Pced1a', 0.6197032800253218), ('Tcf24', 0.6628269526402949), ('Etfb', 0.544356620538885), ('Rhoj', 1.035490856091382), ('Rbp4', 0.8075579296580799), ('D430019H16Rik', 0.495948056195239), ('Rps6ka3', 1.5595258682090465), ('Ptx3', 0.5642154421397518), ('Sgsm3', 0.8358778022147196), ('Dnah9', 0.4354995371189483), ('Dcbld2', 1.1841575684859933), ('Id3', 2.7874147949703745), ('Epb41l4aos', 0.8809749832787801), ('Gsn', 0.6193956263312291), ('2610027K06Rik', 0.7876248279487754), ('Irs2', 1.9837836081157303), ('Bag3', 0.8071573077278428), ('Cpz', 3.1348186767741177), ('Erg', 0.7469960369943532), ('Stxbp1', 2.0082819029460404), ('Ltc4s', 0.4874817849880579), ('Nfkbiz', 4.1340827379081535), ('Pitpnc1', 1.7513938365590307), ('Atf3', 2.1403011780274057), ('Mtrf1l', 0.6346865789255964), ('Pabpc1', 0.9693368555510142), ('Flcn', 0.7766404878974118), ('Eif4e', 1.377568664139688), ('Sntb1', 0.5636973014305956), ('Nup98', 1.5668553078376686), ('Zfp202', 0.6647021435272834), ('Casp4', 2.783192015530325)]",4897
Klf13,hocomoco__KLF13_HUMAN.H11MO.0.D,0.0619853874086713,3.310120763742951,0.0,0.9375,motif is annotated for orthologous gene ENSG00000169926 in H. sapiens (identity = 93%),"frozenset({'top10perTarget', 'activating', 'mm10_500bp_up_100bp_down_full_tx_v10_clust.genes_vs_motifs.rankings'})","[('Nmt2', 0.5052824688179305), ('Nup107', 2.400999191193853), ('Aptx', 0.670597002235636), ('2410004B18Rik', 1.5147234473909108), ('Ankrd34a', 0.5462509605491705), ('Fbln5', 0.6900872820830906), ('Psma1', 0.5113693085424968), ('Zfp3', 0.7850644563094055), ('Rnf44', 1.3924612403646386), ('4930455G09Rik', 0.5964823972493599), ('Pif1', 0.4507145492684609), ('Kif1b', 1.2792417973007846), ('Iscu', 0.9644726077292376), ('Nrn1', 1.697331583300374), ('Cdc25a', 0.8028509193430029), ('Ssr4', 1.303421696884421), ('Slc2a10', 0.4845732037408454), ('Rap1a', 0.5545806961427832), ('Htr2a', 0.4315485392459751), ('Wdtc1', 1.0081631630880392), ('Plec', 0.7948802862261511), ('Ola1', 0.7554214353618999), ('C530008M17Rik', 0.9558709359200132), ('Rnf126', 1.9835820800255384), ('2810454H06Rik', 0.447997322542619), ('Irf4', 0.7009150708812562), ('Aldh1l2', 0.695342525315996), ('Chd4', 0.733718009459385), ('N4bp2l1', 0.4492223885776764), ('Eef1d', 1.1273871131744055), ('Ube4b', 0.8314431252197547), ('Arf1', 1.097811553769129), ('Dnaaf3', 0.2122803542844246), ('Rpl5', 1.1994441994364078), ('Antxr2', 0.6571522530175573), ('Rala', 1.224685907869187), ('Efhc1', 0.5127816277662389), ('Efr3a', 0.8875520234277974), ('Rasgrp2', 0.7173358332168812), ('Ano8', 0.5994298934747823), ('Klf13', 1.0), ('Siae', 0.8732493530393702), ('Cntn4', 0.6611821119886143), ('Tpm1', 1.0615735438756202), ('Rap1b', 1.261624009747294), ('Slc14a2', 0.470317173048046), ('Endov', 0.5373686097350924), ('Ankrd35', 2.051473133583992), ('Nrarp', 0.3455478757015822), ('Bcl7c', 0.6944973135769553), ('Tigd5', 0.7193502671549613), ('Myh11', 0.5698986480920044), ('Glra1', 1.3009168857056277), ('Trappc11', 1.1729264437922762), ('Polr2d', 1.0940531894934848), ('Morc4', 1.133487662141125), ('Pycr1', 1.5879986673845887), ('Abcb4', 1.2826983517751087), ('Mdm1', 1.328282536089216), ('Bves', 0.3643871008437589)]",4555
Max,taipale_tf_pairs__MYBL1_MAX_YAACGGNNNNNNNNNNNCACGTG_CAP_repr,0.0721153092112486,3.0045690166955756,0.0,0.99375,gene is orthologous to ENSG00000125952 in H. sapiens (identity = 99%) which is directly annotated for motif,"frozenset({'top10perTarget', 'activating', 'mm10_500bp_up_100bp_down_full_tx_v10_clust.genes_vs_motifs.rankings'})","[('B3glct', 0.9217395979314766), ('Cenpi', 0.6732940761078491), ('Psmc4', 0.7826648823915777), ('Mink1', 1.9028912513628768), ('Arnt2', 0.7266016215399093), ('Txnl1', 1.6742308888282098), ('Tet2', 0.784228287481298), ('Ggt7', 0.5137780271362086), ('Mthfd2', 1.1670537844223572), ('Ddit3', 0.8768628988004088), ('Afg3l1', 1.2196534450945624), ('Sufu', 0.7146700184094288), ('Chmp3', 0.5841514125512838), ('Mien1', 1.455753039768362), ('St6galnac5', 0.541665440129155), ('Ppp4r2', 0.808769108920531), ('Gtpbp6', 0.7255801645126154)]",877
Nfkb1,transfac_pro__M01239,0.06845316088310298,4.074084010648686,0.000139,0.870237,gene is orthologous to ENSG00000109320 in H. sapiens (identity = 87%) which is annotated for similar motif factorbook__NFKB1 ('NFKB1'; q-value = 0.000139),"frozenset({'top10perTarget', 'activating', 'mm10_500bp_up_100bp_down_full_tx_v10_clust.genes_vs_motifs.rankings'})","[('Nr4a3', 1.041867948829732), ('Bhlhe40', 0.8871219944760143), ('Dusp1', 0.5543971348918559), ('Ppp1r10', 1.3771080427782494), ('Irak3', 0.7435185108709502), ('Map9', 1.0498111175291671), ('Cxcl1', 2.472025892434282), ('Rps29', 0.5672074395654195), ('Zfp36l2', 0.5730899170896121), ('Ascc3', 0.5533627510392528), ('Nktr', 0.8242916609656357), ('Usp2', 0.942764124550592), ('Trim39', 1.0291507278168237), ('Ell2', 1.2853332998967697), ('Ap5z1', 0.5500308540036004), ('Aoc3', 0.6644471680365481), ('Il1rl2', 0.640879521405729), ('Aatk', 0.6118382385309), ('Rhoq', 3.737244150356804), ('Rpl23', 0.2364528918642455), ('Psmc3ip', 0.5377576425171298), ('Slc35b1', 0.7383736553477194), ('Uap1', 1.6446260458797328), ('2010310C07Rik', 0.9803604618757246), ('Btaf1', 0.7516022057473442), ('Fdxacb1', 0.6828567301566678), ('Samd4', 1.366561147700755), ('Lrrc27', 0.5842440090560539), ('Echdc2', 0.5664565531827858), ('Gaa', 0.7736452309276133), ('9330188P03Rik', 3.260586697190742), ('Rbbp8', 0.8411926375015655), ('2210039B01Rik', 0.586211763384812), ('Tnfaip3', 1.2886568756591883)]",1189
Nfkb1,homer__GGAAATTCCC_NFkB-p65-Rel,0.07100610056778957,4.350549407342403,9.9e-05,1.0,gene is annotated for similar motif hocomoco__NFKB1_MOUSE.H11MO.0.A ('NFKB1_MOUSE'; q-value = 9.89e-05),"frozenset({'top10perTarget', 'activating', 'mm10_500bp_up_100bp_down_full_tx_v10_clust.genes_vs_motifs.rankings'})","[('Ice2', 0.5206400254075806), ('Ccnl1', 1.7641855973475156), ('Pafah1b1', 1.309922928978215), ('Zfand5', 1.0903099017680469), ('Dusp1', 0.5543971348918559), ('Spag9', 1.9013902969873249), ('Rps29', 0.5672074395654195), ('Gaa', 0.7736452309276133), ('Sik1', 0.5496793400523581), ('Btaf1', 0.7516022057473442), ('Klf6', 1.3696304680365607), ('Btg2', 0.7018529330525332), ('Klf4', 0.932535082410714), ('Lysmd3', 0.806540388897112), ('Zfp27', 0.684855639300179), ('Nme4', 0.7571293500247301), ('Srrm2', 0.6954134753629136), ('Errfi1', 1.9907592039760484), ('Slc25a33', 0.7475633442731882), ('Ube2h', 0.9905087285145414), ('Mcm10', 1.289790215857154), ('Btg1', 0.5784292320469678), ('Ppp1r10', 1.3771080427782494), ('Bach1', 0.8362559458166887), ('Ascc3', 0.5533627510392528), ('Zbtb46', 0.6753754895248457), ('Fdxacb1', 0.6828567301566678), ('Mt1', 3.610709478775904), ('Adgrd1', 1.0132956506704691), ('Has1', 1.338513454151274)]",856
Nfkb1,transfac_pro__M08891,0.06679065049241303,3.8940458384088483,0.0,0.872033,motif is annotated for orthologous gene ENSG00000109320 in H. sapiens (identity = 87%),"frozenset({'top10perTarget', 'activating', 'mm10_500bp_up_100bp_down_full_tx_v10_clust.genes_vs_motifs.rankings'})","[('Map9', 1.0498111175291671), ('Fdxacb1', 0.6828567301566678), ('Btaf1', 0.7516022057473442), ('Lysmd3', 0.806540388897112), ('Zfand5', 1.0903099017680469), ('Erf', 0.9301181851034016), ('Luc7l2', 1.1050964051780858), ('Spag9', 1.9013902969873249), ('Srrm2', 0.6954134753629136), ('Mcl1', 1.1922381610781243), ('Zfp27', 0.684855639300179), ('Elf1', 0.7690064293562383), ('Id3', 2.7636888467258887), ('2210039B01Rik', 0.586211763384812), ('Irak3', 0.7435185108709502), ('Rps17', 0.2043069628169575), ('Has1', 1.338513454151274), ('Rps29', 0.5672074395654195), ('Nfkbiz', 1.0064574956641423), ('Ppp1r15a', 1.393132794851858), ('Atxn7', 0.9367390505499904), ('Slc39a14', 1.956414214053892), ('Slc35b1', 0.7383736553477194), ('Usp2', 0.942764124550592), ('Cxcl2', 0.7785496772380316), ('Gaa', 0.7736452309276133), ('Ccnl1', 1.7641855973475156), ('Btg1', 0.5784292320469678), ('Zfp36l2', 0.5730899170896121), ('Aebp1', 0.5004761255566578), ('Ice2', 0.5206400254075806), ('Pafah1b1', 1.309922928978215), ('Ptgs2', 3.1390691098000327), ('Entpd5', 0.6348779796376025), ('S1pr3', 0.4301212008972873), ('Rab15', 0.6780216764010025), ('Irs2', 1.4459521729838165), ('Nktr', 0.8242916609656357), ('Lcmt2', 0.5859233099142147), ('Sik1', 0.5496793400523581), ('Dusp1', 0.5543971348918559), ('Efcab14', 0.901251565149346), ('Fkbp1b', 1.3570630739888097), ('Arid5b', 1.2642874259581154), ('Capn12', 4.616719021914369e-11), ('P2ry1', 0.5660434459714454), ('Dio3os', 0.6330945276900969), ('Gna13', 0.5506387796141269), ('Slc25a33', 0.7475633442731882), ('Btg2', 0.7018529330525332), ('Sdccag8', 0.916478029623224), ('Errfi1', 1.9907592039760484), ('Fosb', 1.2488526341928434), ('Rbbp8', 0.8411926375015655), ('Smyd4', 0.8836627599407267), ('Ell2', 1.2853332998967697), ('Rock2', 2.1314336058622736), ('Prkcg', 0.9637433358717032), ('Rffl', 2.043795028942481), ('Sdk1', 0.6010748532550372), ('Hspe1', 1.1372190483692148), ('Tbx3', 0.6437835213080626), ('Klf4', 0.932535082410714), ('1700028E10Rik', 0.8341249556275355), ('Arhgap28', 0.6459373079968782), ('Zbtb12', 0.5624917395440818)]",2760
Nfkb1,transfac_public__M00208,0.05969821209687645,3.1259846866670324,0.0,0.872033,motif is annotated for orthologous gene ENSG00000109320 in H. sapiens (identity = 87%),"frozenset({'top10perTarget', 'activating', 'mm10_500bp_up_100bp_down_full_tx_v10_clust.genes_vs_motifs.rankings'})","[('Hspe1', 1.1372190483692148), ('Tnfaip3', 1.2886568756591883), ('Socs2', 0.9576140874024436), ('Rps19', 0.1448503737496411), ('Hoxd8', 0.6841475072346846), ('Arhgap28', 0.6459373079968782), ('Npat', 0.564822952646895), ('Tor1aip1', 0.7746906546013206), ('Lrrc27', 0.5842440090560539), ('Rnf19b', 2.129847378531909), ('Hist3h2ba', 0.384011459784197), ('Tgif1', 1.759971960585356), ('Pafah1b1', 1.309922928978215), ('Rffl', 2.043795028942481), ('Btg1', 0.5784292320469678), ('Rpl23a', 0.1166846172919223), ('Erf', 0.9301181851034016), ('Otud7b', 1.2589036850774524), ('Irak3', 0.7435185108709502), ('Crk', 0.7204355581014492), ('Casp4', 0.7347779774736125), ('Atf3', 1.2071878484557583), ('Il4i1', 0.4839472251092427), ('Fntb', 0.6158863862564559), ('Zim1', 0.5513630504207201), ('Chd2', 1.1375900433720818), ('Myc', 1.0127182150374094), ('Xlr5a', 0.9794593446145106), ('Ier5', 3.620850110558739), ('Spag9', 1.9013902969873249), ('Rab15', 0.6780216764010025), ('Adhfe1', 1.0367737994274857), ('Hoxb2', 0.8154610947430072), ('Rhoq', 3.737244150356804), ('Samd4', 1.366561147700755), ('Dnajc3', 0.7390308625461746)]",1314
Nr2f1,tfdimers__MD00294,0.14727071210861734,3.558434404594064,0.0,0.997619,gene is orthologous to ENSG00000175745 in H. sapiens (identity = 99%) which is directly annotated for motif,"frozenset({'top10perTarget', 'activating', 'mm10_500bp_up_100bp_down_full_tx_v10_clust.genes_vs_motifs.rankings'})","[('Smox', 0.7292748234761647), ('Atxn1l', 0.7099019730756531), ('Ranbp17', 0.876802282277872), ('Pear1', 0.7308312778059719), ('Ccdc171', 0.9586391547896832), ('Ankrd55', 3.214358727347568), ('Ganc', 0.8711087520946718)]",2578
Nr2f2,tfdimers__MD00124,0.07509994854134505,3.0915300661920693,0.0,1.0,gene is orthologous to ENSG00000185551 in H. sapiens (identity = 100%) which is directly annotated for motif,"frozenset({'top10perTarget', 'activating', 'mm10_500bp_up_100bp_down_full_tx_v10_clust.genes_vs_motifs.rankings'})","[('Gpr180', 0.952147289915906), ('Pik3cb', 0.5324876206768411), ('Pdcl', 0.9639507098099868), ('Hmg20a', 0.7118523806638508), ('Rreb1', 2.4457363566174446), ('Abce1', 1.2807337357692286), ('Clcn7', 1.1898028245645786), ('Mrps18b', 1.220882854527936), ('Nek1', 4.004342797232269), ('Arl5b', 0.7076054055669612), ('Dpp7', 1.244261387212762), ('Nab1', 0.6282899304036027), ('Papss1', 0.6952219444631953), ('Tiprl', 0.589582502419527), ('Cenpp', 1.7306425951507385)]",1145
Pou6f1,taipale_cyt_meth__POU6F1_TYATTANNNNTYATTA_FL_meth_repr,0.0696968917911407,3.0786824385602003,0.0,0.855903,gene is orthologous to ENSG00000184271 in H. sapiens (identity = 85%) which is directly annotated for motif,"frozenset({'top10perTarget', 'activating', 'mm10_500bp_up_100bp_down_full_tx_v10_clust.genes_vs_motifs.rankings'})","[('Furin', 0.7085441474541068), ('Zdhhc8', 1.344896495824426), ('S1pr2', 0.624865771594594), ('Gm14326', 2.419305738149154), ('Pou6f1', 1.0), ('Atad2b', 0.7204498770168777), ('Nrbf2', 1.804913762557546)]",289
Runx3,transfac_pro__M01759,0.12087597099206009,3.408588465060383,0.0,1.0,gene is directly annotated,"frozenset({'top10perTarget', 'activating', 'mm10_500bp_up_100bp_down_full_tx_v10_clust.genes_vs_motifs.rankings'})","[('Cln3', 0.8234944034243354), ('Zbtb17', 3.0067976850155254), ('Rinl', 0.4931763682389012), ('Stxbp2', 1.0955194730024984)]",429
Tead4,taipale_tf_pairs__TEAD4_SPDEF_RGWATSCGGATGNNNNTCCKNNN_CAP_repr,0.11288445552784705,3.17993403106234,0.0,0.9274,gene is orthologous to ENSG00000197905 in H. sapiens (identity = 92%) which is directly annotated for motif,"frozenset({'top10perTarget', 'activating', 'mm10_500bp_up_100bp_down_full_tx_v10_clust.genes_vs_motifs.rankings'})","[('Ryk', 1.0940784627117324), ('Spon1', 1.1080100824714565), ('Mmd', 1.7737946271687677), ('Dusp23', 0.6765668110021378)]",966
Zbtb45,transfac_pro__M05419,0.08421775019814805,4.002319449036135,0.0,0.876712,motif is annotated for orthologous gene ENSG00000119574 in H. sapiens (identity = 87%),"frozenset({'top10perTarget', 'activating', 'mm10_500bp_up_100bp_down_full_tx_v10_clust.genes_vs_motifs.rankings'})","[('Polb', 1.8360670246691249), ('Pdk4', 0.5238469597733234), ('Nhsl1', 0.6370476140406629), ('Rhot1', 0.7025832558031142), ('Lpar3', 1.3771558929134378), ('Setdb1', 1.9037035349998472), ('Derl1', 0.8462410080165702), ('Ganc', 0.9960942001682372), ('1110008P14Rik', 2.463684085380331)]",583
Zbtb7c,transfac_pro__M03806,0.06775291500977286,3.3308546981030402,0.0,0.941842,gene is orthologous to ENSG00000184828 in H. sapiens (identity = 94%) which is directly annotated for motif,"frozenset({'top10perTarget', 'activating', 'mm10_500bp_up_100bp_down_full_tx_v10_clust.genes_vs_motifs.rankings'})","[('Scamp1', 3.661635731845488), ('Smagp', 1.4497689359272907), ('Rfesd', 1.616682716589735), ('Trip10', 1.016376951837772), ('Stac', 2.0621340487351008), ('Tsg101', 1.2418487457607046), ('Spry1', 1.255469131241007), ('Zfp213', 0.8345626218896324), ('Plekhg1', 1.186937236120419), ('Slc39a10', 1.533594139006211), ('Tbrg4', 0.979210999599395)]",320
Zfp110,transfac_pro__M04916,0.06733936763030694,3.4172333034024374,1e-06,0.424279,"gene is orthologous to ENSG00000171606 in H. sapiens (identity = 42%) which is annotated for similar motif dbcorrdb__ZNF274__ENCSR000EVG_1__m3 ('ZNF274 (ENCSR000EVG-1, motif 3)'; q-value = 5.94e-07)","frozenset({'top10perTarget', 'activating', 'mm10_500bp_up_100bp_down_full_tx_v10_clust.genes_vs_motifs.rankings'})","[('Leng8', 0.9774840759792218), ('Rap2a', 3.4989042191353694), ('Atxn3', 2.445907480864509), ('Cpm', 1.6471945027308648), ('Fbxo31', 1.181133515763043), ('Hdac5', 2.3223870637038524), ('Bnip1', 4.009686922045932), ('Adal', 2.1787231427925238), ('Lpin3', 1.1111034754286755), ('Psmc2', 2.738920062098501), ('Ankrd29', 0.8562906289260258), ('Gtpbp10', 2.997740612064478), ('Reep3', 0.9123741215839984)]",1052
Zfp369,transfac_pro__M04916,0.08603491271820449,3.4013174837019493,1e-06,0.416568,"gene is orthologous to ENSG00000171606 in H. sapiens (identity = 41%) which is annotated for similar motif dbcorrdb__ZNF274__ENCSR000EVG_1__m3 ('ZNF274 (ENCSR000EVG-1, motif 3)'; q-value = 5.94e-07)","frozenset({'top10perTarget', 'activating', 'mm10_500bp_up_100bp_down_full_tx_v10_clust.genes_vs_motifs.rankings'})","[('Dlat', 1.708613286139222), ('Ptpn21', 0.6385023127849484), ('Eif1', 0.2300100903484483), ('Hira', 1.1151028078151708), ('Mtmr14', 0.6006441324406687), ('Zranb2', 0.5820917455713053), ('B3glct', 1.2059178876720615)]",232
Zfp646,transfac_pro__M06759,0.07045228458907377,3.5075935610016526,0.0,0.710291,gene is orthologous to ENSG00000167395 in H. sapiens (identity = 71%) which is directly annotated for motif,"frozenset({'top10perTarget', 'activating', 'mm10_500bp_up_100bp_down_full_tx_v10_clust.genes_vs_motifs.rankings'})","[('Sept5', 0.6587526298464583), ('Usp37', 1.2101063587210026), ('Hsd17b4', 2.543797353923128), ('Il34', 1.3632917415227992), ('Pde10a', 3.455374534385584), ('Zfp740', 0.983341190410292), ('Rhpn2', 3.326369562249731), ('Nup35', 0.796995514953144), ('Pitpnc1', 1.6486327907547091), ('Pafah2', 2.399260444813644), ('Cacnb1', 1.4166318304193015), ('Gtpbp10', 1.0866551138484215), ('Brpf3', 0.7173963705016863), ('Tubb2b', 0.7442378119803633)]",927
Zfp646,transfac_pro__M06786,0.06429281986291104,3.0138237251253335,0.0,0.710291,gene is orthologous to ENSG00000167395 in H. sapiens (identity = 71%) which is directly annotated for motif,"frozenset({'top10perTarget', 'activating', 'mm10_500bp_up_100bp_down_full_tx_v10_clust.genes_vs_motifs.rankings'})","[('Fastkd1', 2.395856718614407), ('Nomo1', 1.757856296144064), ('Glmn', 1.5630709732510424), ('Hsd17b4', 2.543797353923128), ('Tjp1', 0.8659333861135743), ('Il34', 1.3632917415227992), ('Dcp2', 1.1318145774896096), ('Selenoo', 0.6479751362591398), ('Ddit4', 0.6174236054337946), ('Trip11', 0.8452709338452428)]",547
Atf2,transfac_pro__M00514,0.048200695671823675,3.0416176253132594,3.9e-05,0.991786,gene is orthologous to ENSG00000115966 in H. sapiens (identity = 99%) which is annotated for similar motif taipale_cyt_meth__ATF2_NRTGAYGTMAYN_FL ('ATF2 [bZIP]'; q-value = 3.95e-05),"frozenset({'top50perTarget', 'activating', 'mm10_500bp_up_100bp_down_full_tx_v10_clust.genes_vs_motifs.rankings'})","[('Rffl', 0.217092604902359), ('Gng12', 0.1551720475149898), ('Ube2k', 0.4738781429343364), ('Phf8', 0.6649312127312593), ('Lrig3', 0.1413093920187514), ('Cep57l1', 0.3444431579787655), ('Ralgapa2', 0.1068491805878541), ('Rab34', 0.4847741832465805), ('Rgs2', 0.6713317533348984), ('Nomo1', 0.2882865421029622), ('Tmem184b', 0.2104998198893958), ('D16Ertd472e', 0.4833508567925687), ('Rpn2', 0.2322460714949386), ('Aig1', 0.3367650768899515), ('Frmd4b', 0.127230584901794), ('Ehbp1', 0.3514169143020569), ('Haus8', 1.027356090975856), ('Rmdn1', 0.1748950184402747), ('Wdr82', 0.4841281274043184), ('Chmp7', 0.1831878051468334), ('Mllt10', 0.1920762032020479), ('Clint1', 0.2674095801844233), ('Acsl4', 1.2928516265058212), ('Atp13a2', 1.2103535630072972), ('Ube2d2a', 0.2629630506227722), ('Diaph1', 0.3559197250168424), ('Nr6a1', 0.3718838215793179), ('Dtd1', 0.2348020463066058), ('Dgkz', 0.1449939652877621), ('Ift88', 0.9579493919727974), ('Synm', 1.3630339594527312), ('Stk39', 0.5759558911949489), ('Mtmr3', 0.238254450270732), ('3830406C13Rik', 0.2982050542506099), ('Vash2', 0.4785912491786371), ('Cdk17', 0.3170180383428275), ('Tiprl', 0.5030906633058717), ('Pkp2', 0.04341383004889), ('Pdlim7', 1.2080705136392993), ('Rai2', 0.3383940374743068), ('Pdxk', 0.3109234229492011), ('Hook2', 0.2625153641571108), ('Wbp2', 0.6721597029665934), ('M1ap', 0.3955384355912122), ('Anxa2', 0.2020083836187156), ('Ubr4', 2.1911588689715464), ('Bahcc1', 0.193384712687612), ('Kctd7', 0.1012716247117744), ('Hnrnpd', 0.2162455038597349), ('Ago2', 0.191983666035115), ('Tmem158', 0.2059024846176678), ('E130308A19Rik', 0.2461699288283534), ('Oxsr1', 0.3638375574558092), ('Rab33b', 0.2430405345738854), ('Gpatch2l', 0.2040922203117389), ('Tmem165', 0.7200697111244155), ('Sf3b1', 0.2000517659872987), ('Gpatch4', 0.5465544146872879), ('Slc26a2', 0.3678539959916515), ('Gngt2', 0.5413085063854493), ('Fam131b', 0.1528398255835265), ('Il15ra', 0.2585115942373879), ('Adap2', 0.4225933937394497), ('Ciz1', 0.9307373070188588)]",1328
Carf,transfac_pro__M07447,0.057292861914742796,3.9329289898340365,0.0,1.0,gene is directly annotated,"frozenset({'top50perTarget', 'activating', 'mm10_500bp_up_100bp_down_full_tx_v10_clust.genes_vs_motifs.rankings'})","[('Synpo2', 0.5364909208811786), ('Poc5', 0.1869640883055146), ('Ankrd55', 0.0839167829548253), ('Tbc1d20', 0.7200967921901689), ('Disp1', 0.2284473287871598), ('Dynlt3', 2.22106777960396), ('Pex7', 2.412240044191305), ('Tmtc1', 0.2558192185371633), ('Cdyl2', 0.1156584131365961), ('Csnk1g2', 0.1905827968454341), ('Hipk3', 0.1983455084366022), ('Pcdh18', 0.2588171781548533), ('Kdm3a', 0.5859216218810003), ('Mmp27', 0.2008372320816424), ('Osbpl5', 0.205598373104405), ('Cox10', 0.4280894061035105), ('Gbp9', 1.1646540421378766), ('Nxpe2', 0.0873442698213285), ('Med21', 0.2428883980061073)]",479
E2f1,transfac_pro__M00430,0.05477868689158646,3.516743055957844,0.0,1.0,gene is directly annotated,"frozenset({'top50perTarget', 'activating', 'mm10_500bp_up_100bp_down_full_tx_v10_clust.genes_vs_motifs.rankings'})","[('Eaf1', 0.7390405947793365), ('Hspbp1', 0.3659397134639944), ('Chmp5', 0.4467572523936477), ('Mettl6', 0.103377923590168), ('Pla2g5', 0.340004265494173), ('Tmem69', 0.0368742352885572), ('Pdcd10', 0.2659561563140299), ('Ccdc9', 0.3113031071674846), ('Sf3b2', 0.3620506372422529), ('Aaas', 0.7377835331247541), ('Ptdss1', 0.175834130762924), ('5530601H04Rik', 0.3588272198672451), ('Exoc3', 0.6076305208767321), ('Nifk', 0.5551304227845317), ('Gpatch4', 1.2623705006971622), ('Dtymk', 0.2169211313778345), ('Psmc4', 0.4698998866940462), ('Ddx10', 0.5592870393342524), ('Dido1', 1.3351039362859234), ('Vps13b', 0.1779100195093122), ('Lrrfip1', 0.3640377664192963), ('Bpgm', 0.4010440719384738), ('Zfp113', 0.0546721239911392)]",394
E2f1,transfac_pro__M00803,0.0510603656148884,3.0355419882620853,0.0,1.0,gene is directly annotated,"frozenset({'top50perTarget', 'activating', 'mm10_500bp_up_100bp_down_full_tx_v10_clust.genes_vs_motifs.rankings'})","[('Sap18', 0.1592150007680012), ('Ran', 0.1712076524864048), ('Sae1', 0.2628217564459388), ('Cnppd1', 0.950632638489309), ('Lipt2', 0.0315058803453132), ('6430548M08Rik', 0.2624058751489103), ('9330159M07Rik', 0.0442542141042207), ('Shmt2', 2.1429300729829435), ('Thumpd1', 0.8812784432103884), ('Akip1', 1.446997649551934), ('Mcoln1', 0.5104104664706901), ('Tceal3', 0.3468729093847454), ('Dixdc1', 0.6096314788855881), ('Exosc5', 0.2124912746461676), ('Rsph3a', 0.1107875372149684), ('Cln5', 0.9638575486261682), ('Snrpa', 0.088451719106967), ('Syce2', 0.6354565306527646), ('Dhx35', 0.0994459961709211), ('Riox2', 0.190755967553694), ('Pqlc1', 0.1250779428255528), ('Eif6', 0.2179276949308117), ('Gm15787', 0.0482406464536573), ('Eif2b3', 0.2478987830143495), ('Nop10', 0.2537417475580074), ('Dnajc16', 0.2509426191126237), ('Ddx39', 0.2313719568601976), ('Kdm1a', 0.2133185162004096), ('Mak16', 0.1954671713052851), ('2310033P09Rik', 1.6402711988024792), ('Nap1l4', 0.6389231270912725), ('Hdgf', 0.1870650899701403), ('Fzd9', 0.4896106851617653), ('Ndufa7', 0.2309998773616952), ('Kcnq5', 0.2746164571119995), ('Ccdc127', 0.9077054030542218), ('Ell', 1.041424075115491), ('Gpn3', 0.6428889162680628), ('Camsap2', 0.2805891311920332), ('4833411C07Rik', 0.1411046147499499), ('Ankrd29', 0.9703191165410152), ('Rasl11b', 2.871127283477505), ('Tmem120b', 0.0793671120526717), ('Morc3', 0.1876828903827998), ('Psmc4', 0.4698998866940462), ('Zfp746', 0.5601617613506168), ('Lactb2', 0.475853222603618), ('Ddx10', 0.5592870393342524), ('Tnpo2', 0.2468617445853396), ('BC005624', 0.2064486421034631), ('Fmr1', 0.2368134858089499), ('M6pr', 1.336220757961761), ('Sike1', 0.2708322869709853), ('1700123M08Rik', 1.8829622387386024e-06), ('Adam32', 0.0499002733927962), ('Vps13b', 0.1779100195093122), ('Cfap20', 1.459181151410497), ('Fgf9', 0.4856338147407146), ('Lpin3', 0.2090873201014237), ('Bace2', 0.3714565662033181), ('Repin1', 0.9521475659937606), ('Shroom4', 0.8441593702677659), ('Pdik1l', 0.8084623645293889), ('Rbm22', 0.1992190821828327), ('Tpst2', 0.1858950137999253), ('Zeb1', 0.2864054007806133), ('Cdc14b', 0.4944308486612837), ('Nsf', 0.1868672141843929), ('Cbfa2t2', 0.2459113876076587), ('Ralb', 0.1836230758175616), ('Psma1', 0.1729038440077925), ('Aldh18a1', 0.6375511718981445), ('Abca8b', 0.2542389172327219), ('D030068K23Rik', 2.877044043377433), ('Kcmf1', 0.3835245891085314), ('Glg1', 0.1748508951691506), ('Ccdc6', 0.4896857252498822), ('Kazn', 1.2399534497650704), ('4930430F08Rik', 2.931776853650136), ('Fam162a', 0.1951228159350235), ('Atp13a3', 0.1866802517560487), ('Hcfc2', 1.5618184517120397), ('Polr1e', 0.3613681935967864), ('Lepr', 1.4213091367230632), ('Chaf1b', 0.0985930243719118), ('Esco2', 0.0230721998800441), ('Ccdc9', 0.3113031071674846), ('Timm22', 0.1560986232655073), ('Tmem167b', 0.2038487559139396), ('Kcnma1', 0.2389021346208655), ('Dtymk', 0.2169211313778345), ('Tmco3', 0.2043345438095581), ('Akap8', 4.4788480812128535), ('Pla2g5', 0.340004265494173), ('Gna11', 0.7494540835084613), ('Gadd45g', 0.1735837649273442), ('Ergic2', 0.487556476997289), ('Gpatch4', 1.2623705006971622), ('Sestd1', 0.2461774884663994), ('Nme6', 1.0217661726803169), ('Tspyl5', 0.0566553556429742)]",2925
E2f3,transfac_pro__M00803,0.06004651293115526,4.187263119920871,0.0,1.0,gene is directly annotated,"frozenset({'top50perTarget', 'activating', 'mm10_500bp_up_100bp_down_full_tx_v10_clust.genes_vs_motifs.rankings'})","[('Eepd1', 0.0856558200229802), ('B3glct', 0.2988121523901444), ('Hjurp', 0.770321809842945), ('Abca5', 0.439396908482993), ('Rasa3', 0.3204306869163997), ('Rnaseh2b', 0.1781315546955445), ('Eif3b', 0.6505462305390847), ('Fdx1', 1.9609776982407217), ('Ptpn21', 0.1259039530888204), ('Nemp1', 0.5673715299506653), ('Isoc1', 0.0905315314259025), ('Cep41', 0.0678543534900799), ('Wdr20', 0.3313099455768633), ('A430005L14Rik', 0.800111268085552), ('Kdm1a', 0.3515739034417681), ('Ube3c', 1.687423393112776), ('Bcl2l1', 0.1447267724618966), ('Gna12', 0.2515440095656723), ('Sytl2', 0.276246472412392), ('Rpap3', 0.6103004240567232), ('Sipa1l1', 0.2112511353645636), ('Anapc1', 0.4938442256601763), ('Nuf2', 0.539084581737723), ('Snap23', 0.7683965484682095), ('Wdr82', 1.1629628010781634), ('Tbc1d15', 0.2646201917900943), ('Synj2bp', 0.447294977427438), ('Rangap1', 0.2081237812681504), ('Dhx36', 0.307475485825937), ('Fam78b', 0.2173635656666867), ('Eri1', 0.2124579472018248), ('Zfp692', 0.149063665741726), ('Ipo9', 0.1949924662144374), ('Lmo4', 0.1785305922737333), ('Brpf3', 0.6795767370635893), ('Phc2', 0.2462661839850515), ('Cfap36', 0.2350363245661783), ('Nxt1', 0.2340317498930994), ('Gfod2', 0.2263400453292104), ('Map4k4', 0.1363212300002392), ('Pde3b', 0.6449537765738643), ('Med27', 0.2197939166757918), ('Large1', 0.5698385406768034), ('Cnih4', 0.1421664267052454), ('Ccnb2', 0.1823734051716058), ('Lxn', 0.1836577436143599), ('Fam207a', 0.680504364218205), ('Klhl15', 0.6401300870529497), ('Ckap2', 0.459048180703785), ('Grip1', 0.0354561161279979), ('Uvssa', 0.2311675567276774), ('Dusp14', 1.3836876139040315), ('Wnt5a', 0.1448810512947319), ('Gpc1', 0.196985598013288), ('Sox7', 0.3745372479996018), ('Smim4', 0.2556258794900993), ('Edn1', 0.7320299582661797), ('Ntm', 1.543199548258572), ('H2afy2', 0.3650293593525675), ('Mtmr14', 0.3369477720321248), ('Apoo', 0.2301247596237747), ('Ntf3', 0.486092153170948), ('Rpl31', 3.649028598053483e-05), ('Itpr1', 0.206279569797108), ('Pacs2', 0.2528173347610234), ('Sept2', 0.1409343344329477), ('Kcnk5', 0.1308377136641763), ('Mamld1', 0.1544069669799154), ('Cggbp1', 0.2222990245744452), ('Wdr86', 0.0196476526338415), ('Naa60', 0.2654577801497538), ('Adcy9', 0.1193155111129078), ('Bbip1', 0.5193535525616905), ('Myo1e', 0.2606905765882978), ('Mphosph9', 0.1040671470649469), ('Tmem267', 0.1106255628416387), ('Mrpl32', 0.283655534929677), ('Prkcsh', 0.1886029946271541), ('Commd3', 0.1692808899589687), ('Vkorc1l1', 0.2248325653639929), ('Stx17', 0.4726915739053139), ('Ythdf1', 0.5208969701421567), ('Slc25a32', 0.2747295608864201), ('Trim33', 1.0582580097680594), ('Slc41a2', 3.220286091659201), ('Ahcy', 0.4120679097141554), ('Pagr1a', 0.0536527164394875), ('Col8a2', 0.5547874768343048), ('Uimc1', 0.5421950166670522), ('Mpi', 0.8380608831969887), ('Kif4', 0.0516287171159353), ('Glmn', 0.1712600382385236), ('Zim1', 0.0446741399534597), ('Fryl', 0.2360929212546481), ('U2surp', 0.2868691076431999), ('Trim45', 0.025934239355108), ('Gadd45b', 0.1702915680050907), ('Rfxank', 0.3688023284815566), ('Pigo', 0.028872313737576), ('Tmem263', 0.1817068385808206), ('Psrc1', 0.061148794877508), ('Lyrm7', 0.4483016163326365), ('Slc35a1', 0.5436576679833205), ('Syt17', 0.0951026471523124), ('Dynlt1f', 0.3503499683027005), ('Pgs1', 1.215744165921662), ('Cmss1', 0.2572602627356989), ('Fam53c', 0.5054764716795039), ('Banp', 0.2722138324150369), ('1110051M20Rik', 0.5838410005459869), ('Gk', 0.0629177078543954), ('Bod1l', 0.2081408960634799), ('Pcnx4', 0.6429457322378732), ('Haus2', 0.7228321158010382), ('Arhgef10', 0.2365406981201189), ('Zxdc', 0.4792254729564968), ('Rundc1', 0.2813955400196419), ('Dbf4', 0.2223800380913882), ('Nup98', 0.2105917835229824), ('Tfpi', 0.3626806883226172), ('Casp4', 0.9659817415044758)]",4897
E2f3,transfac_pro__M02089,0.050872350957811466,3.048031484142745,0.0,1.0,gene is directly annotated,"frozenset({'top50perTarget', 'activating', 'mm10_500bp_up_100bp_down_full_tx_v10_clust.genes_vs_motifs.rankings'})","[('Fdx1', 1.9609776982407217), ('Atad5', 0.2356812620128557), ('Mrpl32', 0.283655534929677), ('Smim4', 0.2556258794900993), ('Abca5', 0.439396908482993), ('Hjurp', 0.770321809842945), ('Snap23', 0.7683965484682095), ('Ccnb2', 0.1823734051716058), ('Ntf3', 0.486092153170948), ('Trnt1', 0.3103584532433656), ('Rfxank', 0.3688023284815566), ('Kdm1a', 0.3515739034417681), ('Pagr1a', 0.0536527164394875), ('B3glct', 0.2988121523901444), ('Ube3c', 1.687423393112776), ('Nuf2', 0.539084581737723), ('Nxt1', 0.2340317498930994), ('Mepce', 0.201253113787792), ('Pcnx4', 0.6429457322378732), ('Ipo9', 0.1949924662144374), ('Gfod2', 0.2263400453292104), ('Rpap3', 0.6103004240567232), ('Eri1', 0.2124579472018248), ('Trim33', 1.0582580097680594), ('Slc35a1', 0.5436576679833205), ('U2surp', 0.2868691076431999), ('Dnase2a', 1.2917697409958318), ('Dcps', 1.6297570521018077), ('Tbc1d15', 0.2646201917900943), ('Ddx24', 0.5030473506482392), ('Ints14', 0.3870346062888604), ('Eepd1', 0.0856558200229802), ('Kbtbd7', 0.0923544086765955), ('Nacc1', 0.9369516452696472), ('Mtg1', 0.0679302380808357), ('Cnot9', 1.0765171837054242), ('Zxdc', 0.4792254729564968), ('Eif3b', 0.6505462305390847), ('Anapc1', 0.4938442256601763), ('Rasa3', 0.3204306869163997), ('Isoc1', 0.0905315314259025), ('Nemp1', 0.5673715299506653), ('Dhx36', 0.307475485825937), ('Bckdhb', 0.0089391067470692), ('Plekhj1', 0.29678964971176), ('Ap3m2', 0.1347756500427986), ('Cfap36', 0.2350363245661783), ('Bcl2l1', 0.1447267724618966), ('1500004A13Rik', 0.090005951065), ('A430005L14Rik', 0.800111268085552), ('Banp', 0.2722138324150369), ('Mpi', 0.8380608831969887), ('Kcnk5', 0.1308377136641763), ('Rangap1', 0.2081237812681504), ('Iah1', 0.5701303489936195), ('Col8a2', 0.5547874768343048), ('Klhl7', 0.8754454712299344), ('Gna12', 0.2515440095656723), ('Cep41', 0.0678543534900799), ('Crnde', 0.9701552480601572), ('Lyrm7', 0.4483016163326365), ('Gucy1a2', 0.1602058129714549), ('Fam207a', 0.680504364218205), ('Hccs', 0.1740181011863613), ('Slc41a2', 3.220286091659201), ('Ptpn21', 0.1259039530888204), ('Synj2bp', 0.447294977427438), ('Bcat1', 0.1338429300539929), ('Derl2', 0.2401301813072976), ('Cnih4', 0.1421664267052454), ('Sytl2', 0.276246472412392), ('Vkorc1l1', 0.2248325653639929), ('Auh', 0.2961845486121841), ('Dynlt1f', 0.3503499683027005), ('Mtmr14', 0.3369477720321248), ('Rnaseh2b', 0.1781315546955445), ('Snx27', 0.1977228154574242), ('Brat1', 0.0614152815196213), ('Ckap2', 0.459048180703785), ('Uvssa', 0.2311675567276774), ('Ankrd10', 0.6189092968889155), ('Ocel1', 0.3825952389580575), ('Wdr82', 1.1629628010781634), ('Usp39', 0.4005297223909351), ('Nbr1', 0.2537859618073095), ('Cmss1', 0.2572602627356989), ('Ptgfr', 0.1081076077475948), ('Rasgef1b', 0.2255133948261914), ('Hmox2', 0.4558330325102665), ('Mkrn1', 0.240301757109768), ('Msh2', 0.2110952419064483), ('Man1b1', 1.3955424309252298), ('Ythdf1', 0.5208969701421567), ('Lrrc27', 0.241592304125711), ('Mark2', 0.2245582941850394), ('Zgrf1', 0.5615821586579064), ('Itgb3bp', 0.2051413023305813), ('Mfn1', 0.2657534888710225), ('Tnc', 1.0678464166144466), ('Ube2b', 0.3647188584362467), ('Bach1', 0.2187114868011054), ('Magt1', 0.7959895531341326), ('Stx17', 0.4726915739053139), ('Pgs1', 1.215744165921662), ('Dtd1', 0.1967344640873247), ('Tbc1d22a', 0.1801989602215025), ('Mtfr2', 0.1630838614681459), ('Adcy9', 0.1193155111129078), ('Rad52', 0.3836954268827544), ('Cggbp1', 0.2222990245744452), ('Ncaph', 0.591969475858241), ('Uimc1', 0.5421950166670522), ('Gk', 0.0629177078543954), ('Gm4890', 0.0709905924626221), ('Glmn', 0.1712600382385236), ('Ahcy', 0.4120679097141554), ('Zfp984', 0.0851409886817313), ('Lats1', 0.290132517631214), ('Rpl21', 0.1420739634202688), ('Nudt16', 0.2167338376515738), ('Esrrg', 0.0497287838139402), ('Zfp692', 0.149063665741726), ('Psrc1', 0.061148794877508), ('Cul9', 0.2513981210543086), ('Neil3', 0.902726057931908)]",4956
Etv1,taipale_tf_pairs__FOXO1_ETV1_RCCGGAWGTKKN_CAP,0.052591347717662364,3.0699086235444355,0.0,0.979036,gene is orthologous to ENSG00000006468 in H. sapiens (identity = 97%) which is directly annotated for motif,"frozenset({'top50perTarget', 'activating', 'mm10_500bp_up_100bp_down_full_tx_v10_clust.genes_vs_motifs.rankings'})","[('Tomm7', 0.1880913520850744), ('Zdhhc4', 0.583520153358789), ('Zfp422', 0.5869933535373385), ('Cbx4', 0.2063718299937674), ('Tbc1d23', 0.2010803547392716), ('Nipa2', 0.2341590897412145), ('Cda', 0.417554036526965), ('Cwf19l2', 0.419881214647646), ('Nelfe', 0.5041965263406407), ('Smndc1', 0.1177370965910569), ('Pithd1', 0.1461511118808754), ('Adarb2', 0.1635366293111897), ('Utp14a', 0.1691192163315255), ('Chka', 0.2383902927372085), ('Sugt1', 0.5912890731311107), ('Sgsm2', 0.220959656425547), ('Agfg1', 1.2961134763757034), ('Fkbp1b', 0.1666525167865346), ('Tbx3', 0.1695215915992954), ('Eif4b', 0.2220908395913588), ('Cux1', 0.1813406501544311), ('Efr3a', 0.7795732190145785), ('Maged2', 0.2410417727869867), ('Rxra', 0.1726655066087366), ('Sec22b', 0.1775870494773095), ('Mrps6', 0.2548798851207139), ('Pak4', 0.1787090521919787), ('Creb3l2', 0.7255523967672843), ('Myl4', 0.1024572238078248), ('Sumo1', 0.1665641378252658), ('Pus7', 0.1145761620303076), ('Map6', 0.2457687643482955), ('Emc4', 0.1989580971438268), ('Faap24', 0.506901676352666), ('Trp53i13', 0.2639388206637585), ('Carmil3', 0.7581644709683125), ('Vps28', 0.3177046414170089), ('Tesk1', 0.3826260135492366), ('Hoxaas2', 0.6243667208090621), ('Syde2', 0.1745889687175746), ('Dync2h1', 0.3393639379066299), ('Synpo', 0.3076557397995068), ('Cyfip2', 0.2098193414145794), ('Rpia', 0.251318117792543), ('Acp5', 0.3445155971684087), ('Exoc1', 0.175195629690236), ('Ube2m', 0.802174610456629), ('Dynlt1a', 0.2735982193401357), ('Sh3kbp1', 0.7010668465076939), ('Polrmt', 0.1596053621209865), ('Etv1', 1.0), ('Pnpt1', 0.3396006879796242), ('Mark3', 0.3682742397545848), ('Spry4', 0.1266916323346012), ('Nup35', 0.9917489471208965), ('Crem', 0.2440022113360111), ('Nedd8', 0.3980049199329715), ('Wdr34', 0.2395859320120718), ('Rara', 0.5435194392729793), ('Wdr90', 0.154734691197848), ('Bbx', 0.1971098594155798), ('Rrad', 0.2426675557224321), ('Exoc3', 0.2101627230447914), ('Ddx18', 0.4809380114450824), ('Camk2g', 0.1879828303458359), ('Eya3', 0.4724966066728783), ('Psma5', 0.2519645771691365), ('Spink10', 0.0588209439070179), ('Zcchc9', 0.2804307889834213), ('Sec61b', 0.1930867806418632), ('Dhx37', 0.3199761130767232), ('Spata5', 0.1631609883801618), ('Tab1', 0.243286971921225), ('Pak3', 0.1080039884977763), ('Washc3', 0.2469791560154587), ('Washc4', 0.2099992083027927), ('Uqcrc2', 0.1657370109740412), ('Dubr', 0.43020242781337), ('Zfp560', 0.4262539184473516), ('Pdhb', 0.2151775980262336), ('Dock9', 0.2113002439586727), ('Mcf2', 0.0317560723102552)]",2345
Etv1,taipale_tf_pairs__TEAD4_ETV1_RSCGGAAATRCM_CAP,0.058328815642054284,3.787613505591841,0.0,0.979036,gene is orthologous to ENSG00000006468 in H. sapiens (identity = 97%) which is directly annotated for motif,"frozenset({'top50perTarget', 'activating', 'mm10_500bp_up_100bp_down_full_tx_v10_clust.genes_vs_motifs.rankings'})","[('Ptrh2', 0.1718043343811435), ('Sugt1', 0.5912890731311107), ('Rfc4', 0.151302283206178), ('Zcchc9', 0.2804307889834213), ('Smndc1', 0.1177370965910569), ('Washc4', 0.2099992083027927), ('Prkcsh', 0.2535132492107112), ('Psme3', 0.6321986008521087), ('Mark3', 0.3682742397545848), ('Sumo1', 0.1665641378252658), ('Fance', 0.6635272470598805), ('Exoc1', 0.175195629690236), ('Nup35', 0.9917489471208965), ('Mtf1', 0.5032640612494721), ('Cops3', 0.2280602060707022), ('Timmdc1', 0.2199981391526632), ('Hars', 0.230764243663946), ('Trappc8', 0.415874780406245), ('Smu1', 0.9713733627789708), ('Nom1', 1.1805749219515724), ('Wdr34', 0.2395859320120718), ('Spata5', 0.1631609883801618), ('Wdr90', 0.154734691197848), ('Pdcd7', 1.6475258824923755), ('2410002F23Rik', 1.9426251096676876), ('Parn', 0.3496315096398723), ('Myl12b', 0.8994935328466127), ('Gbp8', 8.36932533603439e-06), ('Med30', 0.4778461128521364), ('Utp14a', 0.1691192163315255), ('Zer1', 0.0036173047492004), ('Celf1', 0.5088941060273982), ('Maged2', 0.2410417727869867), ('Spry4', 0.1266916323346012), ('Lrrc51', 0.071094856739452), ('Rab5c', 0.1500453267030691), ('Rnf24', 1.0024537806252989), ('Cops8', 0.6207331139740687), ('Tmed7', 0.6735775262096978), ('Zdhhc4', 0.583520153358789), ('Nxt2', 0.9749012440643088), ('Dusp19', 0.5189709898777886), ('Adam19', 0.1450862336820056), ('Supt4a', 0.2706640425333673), ('Ccdc61', 0.3582940466130743), ('Cwf19l2', 0.419881214647646), ('4930549G23Rik', 1.799546452030348), ('Krr1', 1.1355651100166613), ('Fmn1', 0.294720298383742), ('Gpc1', 0.2697338229920781), ('Map6', 0.2457687643482955), ('Fiz1', 0.4478185484586486), ('H2afz', 0.0643093721939592), ('Dvl3', 0.304488252864338), ('Zfp560', 0.4262539184473516), ('Tada2a', 0.1846268177951441), ('Eif4e2', 0.181391166124988), ('Ube3c', 0.2137644403503421), ('Faap24', 0.506901676352666), ('Idh2', 0.221253390346254), ('Pdhb', 0.2151775980262336), ('Rpp38', 0.1493899296059957), ('Mipep', 0.4180924144595578), ('Smap2', 0.3885459787213398), ('Synpo', 0.3076557397995068), ('Acp5', 0.3445155971684087), ('Rpl5', 0.1726488070959606), ('Mob2', 0.2429604078348445), ('Slc35a4', 0.2780861902839087), ('Serping1', 0.070566987438999), ('Galt', 1.4267709425483492)]",1991
Etv4,taipale_tf_pairs__FOXO1_ETV4_RCCGGAWGTKKN_CAP,0.0804864532435848,4.416190049571164,0.0,0.92562,motif is annotated for orthologous gene ENSG00000175832 in H. sapiens (identity = 92%),"frozenset({'top50perTarget', 'activating', 'mm10_500bp_up_100bp_down_full_tx_v10_clust.genes_vs_motifs.rankings'})","[('Tnpo3', 0.6120880096868432), ('Mcrs1', 0.2746379620906579), ('Uba2', 0.1573455756732449), ('Ppid', 0.8445936694293829), ('Gpatch2l', 0.2401864044275718), ('Nolc1', 0.912841257435981), ('Cul7', 0.353127457075263), ('Cops3', 0.2215752718992616), ('Lxn', 0.4819304769315147), ('Pym1', 0.9599961319094484), ('Rgl2', 0.9864976030427056), ('Ddx52', 0.1485400787906813), ('Tssc4', 0.949663006378312), ('Rnaseh1', 0.2082687670099866), ('Scamp3', 0.8236252225392575), ('Nop58', 0.4653614458338893), ('Gmps', 0.2884508568594907), ('Cnot11', 0.1215359258833487), ('Hypk', 0.363264824968417), ('Supt4a', 1.230729237892581), ('Slc37a3', 2.504426473322791), ('Nup35', 0.2093006876788009), ('Spr', 0.4770684057836142), ('Cant1', 1.1132030378596995), ('Adprh', 0.8276015110052924), ('Psmc5', 0.1924553780645117), ('Mrps18c', 1.0522746153404383), ('Sf3b5', 0.3048073854578908), ('Kif22', 0.0001386337573198), ('Gar1', 0.6147135389758251), ('Mcm4', 0.4538958380473562), ('Rae1', 0.5960400456102547), ('Mfsd10', 0.4619826862488333), ('Rfc1', 0.2159006470591615), ('Pde6d', 0.3312328437932809), ('Atp11b', 0.81405111758659), ('Nfkb2', 0.2762619474329088), ('U2surp', 1.378574054403983), ('Denr', 0.1991898393410101), ('Ubl7', 0.6081240780026748), ('Fam98b', 1.7408859966986885), ('Thoc2', 0.1805972459159752), ('C1qtnf2', 0.2229035596032528), ('Sec61a1', 0.1924112045271634), ('Fiz1', 0.2914020280163329), ('Shisa4', 1.0437557041973111), ('Camsap2', 0.8369086266039973), ('Ano10', 1.684338744190104), ('Lmtk2', 0.32812060153069), ('Trmu', 0.4380592249700317), ('Snhg20', 0.7119746643444713), ('Commd4', 0.5964177800592378), ('Dctpp1', 0.2080789974269469), ('Gfra2', 0.0564502483344325), ('Sms', 0.1870621419160252), ('Mark2', 0.515797240863877), ('Tyms', 0.5641873753716854), ('Zswim6', 0.4556363305109367), ('Ndufaf4', 0.2670456459155534), ('Cenpq', 0.3134564868305211), ('Abcb6', 0.4391903659734066), ('Tefm', 0.1896964133137249), ('Vamp4', 0.2180203355692722), ('Mllt11', 0.0998733439163076), ('Sp4', 0.1038834627360925), ('Fam8a1', 0.5891345150782689), ('Fam234a', 0.2260024519467605), ('Prkaa1', 1.9378913512987963), ('Pi4k2b', 2.1645891015355017), ('Satb1', 0.4161574998343441), ('Hdhd2', 0.2559271213236549), ('Serpine1', 0.1588500153573801), ('Psma1', 0.7995188781978213), ('Glmp', 0.5005768308743042), ('Carmil1', 0.3258560601614864)]",3777
Etv5,hdpi__ELF2,0.053119096198896695,3.004589740211142,8.4e-05,1.0,"gene is annotated for similar motif cisbp__M0698 ('ENSMUSG00000044690[gene ID: ""ENSMUSG00000044690"" species: ""Mus musculus"" TF status: ""inferred"" TF family: ""Ets"" DBDs: ""Ets""]; Ets2[gene ID: ""ENSMUSG00000022895"" species: ""Mus musculus"" TF status: ""inferred"" TF family: ""Ets"" DBDs: ""Ets""]; Etv2[gene ID: ""ENSMUSG00000006311"" species: ""Mus musculus"" TF status: ""inferred"" TF family: ""Ets"" DBDs: ""Ets""]; Etv5[gene ID: ""ENSMUSG00000013089"" species: ""Mus musculus"" TF status: ""direct"" TF family: ""Ets"" DBDs: ""Ets""]; Fev[gene ID: ""ENSMUSG00000055197"" species: ""Mus musculus"" TF status: ""inferred"" TF family: ""Ets"" DBDs: ""Ets""]'; q-value = 8.37e-05)","frozenset({'top50perTarget', 'activating', 'mm10_500bp_up_100bp_down_full_tx_v10_clust.genes_vs_motifs.rankings'})","[('4833420G17Rik', 0.1585421975239193), ('Atg16l1', 0.902457838461092), ('Psmf1', 0.6557669366055592), ('Sec23a', 0.3267207983807507), ('Psen1', 0.1182501285986544), ('Ppp4c', 0.218045610129471), ('Tgif1', 0.3385408946090353), ('Vps4b', 0.4769374766056424), ('Slu7', 0.0003253179848242), ('Nifk', 0.9339384232584946), ('Utp14a', 0.9047159461772308), ('Aqr', 0.3059803831744043), ('Rai14', 0.2539722614251462), ('Toe1', 1.034600531426159), ('Dido1', 0.275236767389353), ('Fdxr', 0.0556089761869197), ('Pnkp', 0.1913738518250519), ('Sh3glb2', 0.1668136052534019), ('Por', 0.4067454268918644), ('Dlst', 0.4439009277053847), ('Ptbp2', 0.6505012110787991), ('Kdm5d', 0.4081512871986082), ('Ttc8', 0.320507673097286), ('Syf2', 0.8490868136830667), ('Pet100', 0.2111394726472163), ('Hax1', 0.2415416448670911), ('Galk2', 1.6275498634680858), ('Rnf126', 0.2904178312208436), ('Prelid1', 0.2564533478973484), ('Lonp2', 0.4468407578573979), ('Lsm5', 0.7432654415480072), ('Psmg1', 1.0367830705385432), ('Eif4g3', 0.1533509311804964), ('Atg4d', 1.319827978713017), ('Zfp709', 0.4327254333269276), ('Ccdc91', 0.6717191781346334), ('Itgav', 0.6887346128598766), ('Nfkbil1', 0.3193502700885036), ('Smim7', 0.209754848182728), ('Birc6', 0.26843830706027), ('Ndufs6', 0.1738630523514135), ('Emc4', 2.1809887247275275), ('Nrros', 1.460003818135854), ('Smc1a', 0.1719952281728419), ('Tmem39a', 0.2874939262003718), ('Gpr180', 0.9731072968073382), ('Coa5', 0.1959303720566683), ('Ppp1r35', 0.2032917774914479), ('Ncbp1', 1.015853095599661), ('Psat1', 0.5863707744060991), ('Impad1', 0.352729380660456), ('Timm17a', 0.2007123808825764), ('Thumpd3', 0.4518125155499468), ('Magi1', 0.4427373228199785), ('4931406C07Rik', 0.0798204993167652), ('Fbxl12', 0.5822059418333387), ('Rps4x', 0.310494947102073), ('Ctsc', 0.2076729468230626), ('Timm10', 0.4921979302875072), ('Ammecr1l', 1.0160631313609514), ('Hcfc1', 0.3489763956936014), ('Nfatc1', 0.1869978787173326), ('Sp3', 0.1709844901732951), ('Ids', 0.5524693442075126)]",1471
Fli1,hdpi__ETV4,0.051735644862203466,3.200765533809974,0.000406,1.0,gene is annotated for similar motif homer__NRYTTCCGGH_Fli1 ('Fli1(ETS)/CD8-FLI-ChIP-Seq(GSE20898)/Homer'; q-value = 0.000406),"frozenset({'top50perTarget', 'activating', 'mm10_500bp_up_100bp_down_full_tx_v10_clust.genes_vs_motifs.rankings'})","[('Fam173a', 0.1737481088259931), ('Zbtb6', 0.3355165139644192), ('Psma6', 1.4351729258654935), ('Spink10', 0.5191381749545856), ('Hnrnpc', 0.7225052901067006), ('Spice1', 1.092855037667117), ('Sart1', 0.1719253144166509), ('Supv3l1', 0.2994967862543882), ('Rpf1', 1.2865859847195322), ('Ero1l', 1.4933626463107672), ('Ifi47', 0.3282000311999293), ('Arid4a', 0.2476758984600648), ('Med15', 0.4501405269512678), ('Lamtor3', 1.3505341091438254), ('Ssbp1', 0.6867436627176596), ('Fbxw8', 0.1504982326820651), ('Naa35', 0.2499412719411246), ('Mad2l1', 0.2182459151633041), ('Ccndbp1', 0.9955657721101338), ('Itprip', 0.5460294648598274), ('Rars', 0.5403811031031093), ('Sugt1', 0.3060953392413392), ('Arrb2', 0.6933113386763344), ('Por', 0.5911545327549454), ('Pf4', 0.2456840502274519), ('Pcna', 0.132695291893377), ('Setdb1', 0.2227237466603262), ('Ctnnbl1', 0.2814785153094181), ('Banf1', 0.7723205148871182), ('Galk2', 0.2385747542315094)]",671
Fli1,hdpi__ELF2,0.055644142848008185,3.7373834354514845,8.2e-05,1.0,gene is annotated for similar motif homer__NRYTTCCGGH_Fli1 ('Fli1(ETS)/CD8-FLI-ChIP-Seq(GSE20898)/Homer'; q-value = 8.21e-05),"frozenset({'top50perTarget', 'activating', 'mm10_500bp_up_100bp_down_full_tx_v10_clust.genes_vs_motifs.rankings'})","[('Fibp', 0.2566006788835116), ('Psma6', 1.4351729258654935), ('Jkamp', 0.2464237239091438), ('Med15', 0.4501405269512678), ('Spata2', 0.2639690884330926), ('Rnh1', 0.1663325199047642), ('Sart1', 0.1719253144166509), ('Dhx37', 0.1283745339126111), ('Zfp160', 0.3636323895085378), ('Zfp362', 0.2664436707564314), ('Nup37', 0.2034303300766246), ('Spink10', 0.5191381749545856), ('Insig2', 0.5897230633695125), ('Pno1', 0.8612559086484133), ('Thada', 1.9888724449792008), ('Fbxw8', 0.1504982326820651), ('Spg21', 0.19099264556103), ('Nabp1', 0.0476851325002232), ('Gmip', 0.1727253312452474), ('Banf1', 0.7723205148871182), ('Vezf1', 0.440762768639293), ('Cpeb4', 0.2567064856075754), ('Clptm1l', 0.2879854416162176), ('Cdca5', 0.4509038952277817), ('Trappc1', 0.2533741849916895), ('Rpf1', 1.2865859847195322), ('Otud4', 0.3284874774702423), ('Galk2', 0.2385747542315094), ('Lamtor3', 1.3505341091438254), ('Rsl24d1', 0.1906212236027629), ('Rnf220', 1.6122335857520511), ('Zfp446', 0.0550337218477593), ('Ifih1', 0.3521430069709544), ('Topbp1', 1.0616808289840935), ('Ctnna1', 0.1871972148101632), ('Bod1l', 0.4480377281642727), ('Cdc14b', 0.35011841232178), ('Gps1', 0.2486825050159189), ('Gtf2e2', 0.3831819267309908), ('Fcer1g', 0.1409052469917993), ('Mydgf', 0.3336920873449545), ('Ubb', 0.1125458809411143), ('Spice1', 1.092855037667117), ('Ube2n', 0.5604172078883635), ('Naa35', 0.2499412719411246), ('Nek3', 0.0514363043701082), ('Rpl8', 1.9288880442764835e-06), ('Mecr', 1.3257801643897378), ('Eif4a1', 0.3803409651646591), ('Tinf2', 0.2550174547323511), ('Usp1', 0.2589761517092376), ('Zbtb6', 0.3355165139644192)]",1403
Fosb,transfac_public__M00039,0.04605406844679609,3.0858587660074233,0.000403,0.923077,gene is orthologous to ENSG00000125740 in H. sapiens (identity = 92%) which is annotated for similar motif transfac_pro__M08937 ('V$JUNFOSB_02: C-JUN:FOSB'; q-value = 0.000403),"frozenset({'top50perTarget', 'activating', 'mm10_500bp_up_100bp_down_full_tx_v10_clust.genes_vs_motifs.rankings'})","[('Thsd7a', 0.2292465027140374), ('Gsn', 0.3799897740043939), ('Pabpc1', 2.669050519579261), ('Asxl1', 0.269527342213648), ('Lemd3', 0.2144845070293235), ('Urgcp', 0.2049599420325337), ('Dnajc6', 0.4021988184352758), ('Glis3', 0.6074019931449761), ('Chic2', 0.8399456697151338), ('Nsmaf', 0.1363504737071712), ('Zfp36l1', 1.7588841766608114), ('Fzd10', 0.45581274950855), ('Slc38a2', 0.6710824983710968), ('Eda', 0.6829954316337821), ('Slc39a13', 0.2308104232282062), ('Tmcc2', 0.1766673746040985), ('Rusc2', 0.2164632354015144), ('Paqr3', 2.6858337009198635e-10), ('Csnk1a1', 0.8376588184764955), ('Sav1', 0.249209037426478), ('Rere', 0.2496069328167665), ('Ube2e3', 0.2007144566182198), ('Zfp664', 0.0152291101106665), ('Ino80d', 0.7648290329066457), ('Dleu2', 1.5544925452712213), ('Klf4', 3.47941197259636), ('Btbd7', 0.4567985095828735), ('Gm6277', 0.2772320785372908), ('Slc35f3', 0.9019000417901244), ('Akt1', 0.3627202398097738), ('Bcl6', 0.579364962094935), ('Oxr1', 0.2182044027417089), ('Yap1', 1.8289378906098648), ('Rab11fip2', 0.1674239787866389), ('Pcbp2', 1.137189273997618), ('Nr2f1', 0.6507269381694168), ('Phf21a', 0.2874188939580911), ('Nfatc1', 0.1944001582815588), ('N4bp2', 1.0635565152123814), ('Mest', 0.001191596479267), ('Mdm2', 0.2358070607113184), ('Cacybp', 0.2788235930704109), ('Efs', 0.1874179637215648), ('Med13', 0.4367217127371977), ('S100pbp', 0.2195887221817289), ('0610010F05Rik', 0.2013989293086695), ('Ghr', 0.3934105496187047), ('Txnip', 0.1886468269770905), ('Cks2', 0.1453679987180431), ('Phlda1', 0.1166435319307075), ('Cdkn2aip', 0.1584140692981474), ('Ncoa2', 0.2248510372928227), ('Meis3', 0.6652518973850573), ('Irf2bpl', 0.732662672777787), ('Gabarapl1', 0.2517500058569443), ('Arnt', 0.2988461233426981), ('Cacna1a', 0.3107436832789773), ('Zbtb11os1', 0.2229979912834338), ('Lrch3', 0.2164015265816111), ('Col1a2', 0.1479032893765433), ('Prpf40b', 0.1948925459912568), ('Gem', 0.9621644086189938), ('Plcb1', 0.2668527757910643), ('Fbxl19', 0.2466547573697994), ('Tbc1d20', 0.3526983022490095), ('Nr4a1', 0.8144951632085967), ('Rps10', 0.1647064366563961), ('Gm5577', 0.3921232438555821), ('Ndel1', 0.2021343544443264), ('Spast', 0.4990291497846546), ('Kitl', 0.7831011524986777), ('Btg2', 1.897760781747925), ('Rnf7', 0.2459763572989598), ('Tmem26', 0.5202159665755657), ('Ppp1r10', 1.6596898684984598), ('Nub1', 0.4263878905847617), ('Lekr1', 0.995462834507283), ('Bnc2', 0.2302786203140335), ('Msmo1', 0.262520771059778), ('Hopx', 0.8230353214914033), ('Fnip1', 0.3557398356209737), ('Cnot10', 0.5491508117509836), ('Tbp', 1.374169037587386), ('Thra', 0.1929575412304574), ('Stxbp5', 0.1813892550005088), ('Rbm38', 9.318604436686302e-07), ('Igf1r', 0.7970442432988127), ('Cdc7', 0.1900793029335625), ('Zdhhc13', 0.1203507105516629), ('Usp30', 0.3351565073503507), ('Ccdc181', 0.2764579947420539), ('Mfsd4a', 0.1132339553939189), ('Zfp398', 0.0063445632326893), ('Mdfi', 0.6420766141661206), ('Chst10', 0.4950671635422345), ('Zeb2', 0.1740469535776163), ('Slc16a10', 0.0040262696761777), ('Rnf20', 0.2716725964565838), ('Dip2c', 0.3311917971077958), ('Hs3st3a1', 1.2707453732800855), ('Hnrnph1', 0.1797514851731508), ('Nrep', 0.2970403846628133), ('Nckap5l', 0.1727677176052818), ('Snx7', 0.1840051396792507), ('Prkg2', 0.0079412626892725), ('Nck2', 0.2302071242110836), ('Tra2b', 4.215325422415848), ('Nab1', 0.1762767861477345), ('Birc2', 0.7871765061970079), ('Rbms1', 0.4261133179989848), ('Ptx3', 1.9022305691491088), ('Rpl35a', 0.2320802969407607), ('Sgpl1', 0.2302839525049987), ('Cdh3', 4.092239215609936e-05), ('Slc25a35', 1.6707752230384096e-05), ('Plau', 0.6579940130247439), ('Map3k2', 0.1995457089333025), ('2410004B18Rik', 0.0073924075784718), ('Galnt2', 0.1560929977022535), ('Pdia4', 0.2154995356882912), ('Clip3', 0.2163214003278865), ('Emx2', 0.6254852068172326), ('Ankrd44', 0.216902548970577), ('Psmg1', 0.0003446989172893), ('Auts2', 0.8113743721015376), ('Mme', 0.1218883174908129), ('Gas1', 0.1040121206706757), ('Jtb', 1.129834287199768), ('Utp6', 0.1303681477102954), ('Hoxa3', 1.072871304933543), ('Scpep1', 0.7959099284064233), ('Csgalnact2', 0.2474189358391291), ('Map4k4', 1.363979071474297), ('Aox3', 0.7052054804488664), ('Zfp512b', 0.5434719859070494), ('Xpr1', 0.3496186258044409), ('Cyp26b1', 0.2343807156827828), ('Eloa', 0.0273875793786352), ('Nr4a2', 0.3560601922324024), ('Blm', 8.30290866386305e-08), ('Arpc5l', 0.2106184752725968), ('Trub2', 0.2018906828320909), ('Bmpr2', 1.484395434332141), ('E330009J07Rik', 0.2029411465265777), ('Mtus1', 0.3571581153144424), ('Wrn', 0.180900061297003), ('Osbpl8', 0.729278900669451), ('Sbno1', 0.313420322459387), ('Cxxc5', 0.1743770612841033), ('Itga7', 0.2981107591346257), ('Xdh', 0.1879067635622832), ('Ing3', 0.0856165869128259), ('Tbx3', 0.5522373177741937), ('Fbxo10', 0.5751614521812215), ('Xpc', 0.215351197790995), ('Spin1', 0.1900154103485122), ('Gpn1', 0.2763625382578843), ('Pgrmc2', 0.0048360160442941), ('Atxn3', 0.2277888396686031), ('Rnf44', 0.3249915306123387), ('Prkab2', 0.4018038538712973), ('Cog3', 0.4847088431839255), ('Clec4e', 0.998223749696949), ('Akap7', 0.2232394380320868), ('Usp32', 0.7206651758480452), ('Slc11a2', 0.3755662849622677), ('Hmgcs1', 0.5700790495024888), ('Fzd8', 0.4617479138790593), ('Abi2', 0.3914592058413533), ('Snx10', 0.8352171301655442), ('Atg101', 0.4826501408844637), ('Dpp6', 0.1719460697873725), ('Fance', 0.2208496865338416), ('Efna4', 0.1294611089204572), ('Nos1ap', 0.1995585267429767), ('Nsd3', 2.415496067749089), ('Dnajb2', 0.2309319374321579), ('Vtn', 0.4581036382964844), ('Vegfc', 0.3075449600617427), ('Pcdh7', 0.6113560743823069), ('Gadd45g', 0.6564106028040557), ('Dnajb9', 0.1979020336584999), ('Nol8', 0.0990330921169225), ('Zkscan8', 0.3421694942387657), ('Dctn1', 0.1656789369019665), ('Carns1', 0.042491941796041), ('Uba6', 0.2055179459666747), ('Stard3', 1.2075314341037788), ('Hmga1', 0.158986445430928), ('Tceal9', 0.6981620107358087), ('Junb', 1.8115155778156484), ('Cachd1', 0.1980265177793172), ('Gli3', 0.4954011394242602), ('Wdr86', 0.1665391228711093), ('Ubr2', 0.3883298771459854), ('Nt5m', 0.2738388444608708), ('Rhbdl1', 0.0493054642807622), ('Tmem30b', 0.8693890704202492), ('Msantd3', 0.1765964452964119), ('Tmem94', 0.2347822326839836), ('Cped1', 1.522828124110709), ('Syde2', 1.382761420423931), ('Gldn', 0.7223861507747887), ('Mycbp2', 0.5918985261633473), ('Slmap', 0.4844523258165333), ('2810408I11Rik', 0.3681536234790509), ('Spred1', 0.7909329622208794), ('Mtap', 0.3040082088852523), ('Rsrc2', 0.5436221455857285), ('Dok5', 0.3130656242306583), ('Tbc1d15', 0.336630417633685), ('Zfp36l2', 1.4617893955943533), ('Trip10', 0.1662756878140634), ('Mid1ip1', 0.2187607698825782), ('Ccdc149', 0.1776146807866638), ('Rcn2', 0.1550567527865576), ('Zfp740', 0.028314601020362), ('Deptor', 0.2513754020997314), ('Crispld1', 0.4283952879750325), ('Cenpw', 0.1799944326775228), ('Fzd3', 0.948214489855454), ('Rnf169', 0.1788715440714549), ('Rbpms2', 0.3283434969352823), ('Ctnnb1', 0.6308069607960423), ('Ank', 0.1750851673371918), ('Fst', 0.6467894192345155), ('Fam78b', 0.4972716686885572), ('Plcd1', 0.0670780915706247), ('Cops7b', 0.3321149209350564), ('Spg11', 0.0952910876820932), ('Rbm14', 0.1841321231262059), ('Ephx4', 0.5009842621550525), ('Rps14', 0.102835304694459), ('Mapkapk3', 0.5876257609825036), ('Peli2', 0.3992860927382137), ('Slfn5', 0.7722082674300225), ('Zfp821', 0.5111678645367475), ('Smad6', 0.3972782234131012), ('Cadps2', 0.1217580429729211), ('Usp31', 0.1565262376151147), ('Map3k15', 0.1837401644512996), ('Mpp2', 1.0726631416374005e-13), ('Mcl1', 0.2617371332906759), ('Slc9a3r1', 0.1156508938738427), ('Sec63', 0.2091934029074382), ('Prrx2', 0.2707216502333057), ('Fth1', 0.1810692307289707), ('Birc3', 0.6673522622291533), ('Atp9a', 0.3120494844008096), ('Adam12', 0.5027850708018314), ('Txlng', 0.1954398928933947), ('Dusp1', 1.222903780333366), ('Fosb', 1.0), ('Bmf', 0.2669309218024472), ('Kcnq4', 0.1887564260210058), ('Eps8', 0.1639764544155312), ('Pink1', 0.2710704667136127), ('Etaa1', 0.1941343958554329), ('Efcab6', 0.0001141953909432), ('Jdp2', 2.498785555530024), ('Ppl', 0.2267806760118947), ('1810013L24Rik', 0.4117753408894576), ('Meis2', 0.2464620648737172), ('Hdac7', 0.3337808442952871), ('Abcd3', 0.299130077577176), ('Zscan26', 0.167673562298097), ('Npas3', 0.1371159960776878), ('Dnajb14', 0.5588429024221407), ('A530013C23Rik', 0.2084867727021044), ('Suds3', 0.2789347802858948), ('Tagap1', 0.4093567391028965), ('Wnt11', 0.1371533458037455), ('Ubiad1', 0.1806160242539546), ('Meg3', 0.8579328964208244), ('Plekha2', 0.5749603464044774), ('Mta2', 0.1478513311288196), ('Tnfaip8l3', 0.1394553715881072), ('Anks1b', 0.3501086036606108), ('Nrarp', 0.4111260018630878), ('7530416G11Rik', 0.1989118025060446), ('1600014C10Rik', 0.2259171930391323), ('Cc2d2a', 0.3227077646523482), ('Rasa3', 0.1739048595726201), ('Socs2', 0.5112641085648677), ('Cnot6', 0.1933038706834191), ('Ptch2', 0.4491127901601919), ('G3bp2', 0.1799801417953515), ('Zfyve27', 0.1947779928300253), ('Kif21a', 0.2021056898733059), ('Mitf', 0.8124073115462862), ('Mrps17', 0.1381161570507137), ('Ppp1cb', 0.2175222676210709), ('Trim69', 1.238037981682769), ('Rock1', 0.236393565658002), ('Rac3', 0.2266865361010001), ('Mex3b', 0.3287188504354497), ('Akap1', 0.0056201198044447), ('Prkg1', 0.2741679746830341), ('Slc35e1', 0.7522039184490529), ('Ift88', 0.2468551528537834), ('Stk26', 0.2744487255124077), ('Cuta', 0.3086883357012028), ('Zc3h18', 0.71229069729755), ('Oaf', 0.3128618248462054), ('Nudt9', 1.1568136645100726), ('Katnal1', 0.0955786846266514), ('Spop', 0.3729067613145432), ('Pex5', 0.4427897202673317), ('Dnajc21', 0.1886931998955563), ('Asrgl1', 0.0042335658307883), ('Nprl3', 0.2026598289978811), ('Mpp7', 0.1316352033772345), ('Clasp2', 0.2377504120888896), ('Stx3', 0.852919504539896), ('Tgfa', 0.344835073114313), ('Snhg17', 0.1907954156301419), ('Serhl', 0.1995704068725584), ('Cebpd', 1.110276092791192), ('Hdac11', 0.1952040231750902), ('Rasgef1b', 0.1873558231541739), ('Lta4h', 0.1832984559023867), ('Src', 0.3397944369948417), ('Fuz', 0.3203212700834602), ('Foxj3', 0.6115140344801296), ('Bckdhb', 0.0670562104722692), ('Samd4', 0.2986998279811061), ('4930453N24Rik', 0.1472590592702085), ('Sp140', 0.0012988199637162), ('Pnrc1', 1.1982289251029017), ('Slc16a2', 0.8773975419941945), ('Tmem38a', 0.276975716189286), ('Rpgr', 0.1973084810163495), ('Nfib', 1.084298701914408), ('Tc2n', 0.6313865746558617), ('Fosl2', 0.348633333081239), ('Arl5b', 0.5132556251198476), ('Prkx', 1.191926825476001), ('Abr', 0.1752169649737415), ('Elf4', 1.5848166354340725), ('Rab5a', 1.1907439468328986), ('Snx19', 0.259726513005463), ('Btg1', 3.5722237907487253), ('Fpgs', 0.2213065785236685), ('Mad1l1', 0.1938992754622986), ('Ddx43', 0.6763365982686956), ('Chpt1', 1.014202458791948), ('Frmpd4', 0.3437766096143133), ('Mthfs', 0.1728154212170677), ('Wdyhv1', 0.1733315018246201), ('Rnf19b', 0.2386557850734333), ('Rhbdf2', 0.331821199790164), ('Zfp729a', 0.531172782585553), ('Idh3a', 0.1789557550164286), ('Relb', 0.5268779621140419), ('Msi1', 0.0520824187790492), ('Elac1', 0.4085599689640042), ('Aifm2', 0.294853700621084), ('Vat1', 0.4747094466468302), ('Mamstr', 1.7152962078227212), ('Ncoa5', 0.345132184352842), ('4931406C07Rik', 0.1934306690441783), ('Pcf11', 0.344390657498764), ('Frmd4b', 0.8240132540066245), ('Mtfr2', 0.3450989136561077), ('Yme1l1', 0.1076392931512988), ('Sulf1', 0.2702203133997706), ('Ubald1', 0.1301355447471382), ('Myo5b', 0.6069616715757841), ('Tmem168', 0.2177312375022948), ('Tbx18', 0.1802934700817524), ('Rbm20', 0.6530645344711659), ('Zfp82', 0.480048639527776), ('Pgm2', 0.2540217947011385), ('Slc25a53', 0.1151072019561785), ('Rab2a', 0.1900427217160742), ('Tbc1d7', 0.1684585240092494), ('Armcx1', 0.156094112127471), ('Prdm16', 0.0014237692794879), ('Stx5a', 0.6757092033866091), ('Snai2', 0.116341726692501), ('Firre', 0.2841803808678554), ('Bdkrb2', 1.1220283062029943), ('Sdc2', 0.4871225019079691), ('Tbc1d24', 0.2070958160085687), ('Ankrd13a', 0.0124626430489678), ('Map7d2', 0.4427241760259162), ('Pcdhgc3', 0.6881180484835867), ('Csnk1e', 0.2670727892519763), ('Adamtsl3', 0.1797200128064279), ('Jun', 2.065173856671364), ('2500002B13Rik', 0.186746806081253), ('Zfp101', 0.3676931104046852), ('Lyst', 0.7550960934214864), ('Fbxo5', 0.0008329819304714), ('Il4ra', 0.4352389356479409), ('4921511C10Rik', 0.015416764490204), ('Pdgfra', 0.785067089555693), ('Trim7', 0.1963028185703855), ('2700081O15Rik', 0.814646485625737), ('Arih1', 2.297256742951717), ('Hcls1', 0.0002054970526515), ('Gramd3', 0.8394031333557093), ('Pcmt1', 0.0939112283195971), ('Tcf4', 0.229428931107508), ('Pycrl', 0.2175805568627097), ('Ensa', 0.348187399852368), ('Mkln1', 0.7335521550284576), ('Jak3', 4.110538400925831e-05), ('Gm15867', 0.3976220937772368), ('Rab4b', 0.1629269554106322), ('Eif3j2', 0.2226419032765016), ('Cnpy2', 0.1972734017407564), ('Tmem19', 0.2066838449676298), ('Mapk8ip1', 0.4266166734094862), ('Tulp2', 0.4236398955218705), ('Hist1h1c', 0.1621585720869402), ('Zfp131', 0.1964020444039976), ('Pxn', 0.2345436624439821), ('Sec61a1', 0.2497388809745057), ('Tomm5', 0.1991787198627926), ('2900097C17Rik', 0.7510741810782027), ('9130221H12Rik', 0.4761617935774183), ('Tnfrsf12a', 0.1226638151471384), ('Mcm6', 0.179633129809857), ('Tctex1d2', 0.263764391984148), ('Atp7a', 0.3999155303678493), ('Prdm15', 0.2390818405156506), ('Cd24a', 5.608112846596425e-09), ('Gtpbp1', 0.5182887475366174), ('AY074887', 0.3780408181056217), ('Azin1', 0.809643517453724), ('Gpx3', 0.854437624094302), ('Ift172', 0.3487655232390035), ('Hivep1', 0.7929067204070619), ('Dclk1', 0.1398027408177344), ('Myl9', 0.1064662463204251), ('Npc1', 0.2211700389274529), ('Tcf20', 0.221040573691498)]",4974
Fosl2,transfac_public__M00039,0.04983592556431034,3.0579738651470056,2.5e-05,0.923313,gene is orthologous to ENSG00000075426 in H. sapiens (identity = 92%) which is annotated for similar motif transfac_pro__M08941 ('V$JUNFRA2_02: C-JUN:FRA-2'; q-value = 2.46e-05),"frozenset({'top50perTarget', 'activating', 'mm10_500bp_up_100bp_down_full_tx_v10_clust.genes_vs_motifs.rankings'})","[('Ilf3', 0.9606083692294844), ('Snapc1', 1.6008024043859694), ('Mrpl36', 0.1885499233518981), ('Plcz1', 0.6959355524472417), ('Cope', 0.2169275257141025), ('Nr4a3', 0.3092691124982692), ('Srrd', 2.5966325184841126), ('Irak3', 0.9058004540701482), ('Mturn', 0.3401541148880151), ('Adnp', 0.7536672337334528), ('Arl4a', 0.4762757884260974), ('Sidt2', 0.498844561821226), ('Usp2', 0.7899268106899978), ('Napa', 0.6438792857566165), ('Riok2', 0.3275480461973638), ('Serac1', 0.2800753601054779), ('Ppil4', 0.3092778943847625), ('Tbc1d15', 0.1833013618981987), ('Ring1', 0.265687623092743), ('Ptgs2', 1.8407587866898392), ('Tfip11', 2.511236811065369), ('Uap1', 0.4806866158816412), ('Bex3', 0.3431863152951381), ('BC048403', 0.4221947095334659), ('Lmbrd1', 0.1333326375476867), ('Cuta', 0.3379801276086787), ('Mdc1', 0.1260624900094063), ('Cox8a', 0.69897945787961), ('Crocc', 0.3078400935617901), ('Spag9', 0.2958438204829295), ('Dmtf1', 0.0197304075133017), ('Xrn2', 1.6674387025760558), ('Tspyl4', 0.2159486926499849), ('Pcdh10', 0.432812991640884), ('Btg2', 0.6417949192275082), ('Dhx35', 0.1399434747876738), ('Azin1', 0.2123033432819685), ('Pdzd8', 0.375117919365262), ('Inpp5a', 0.4058295436963098), ('Ndufb2', 0.2027087156113108), ('Wdr91', 0.9015271456514355), ('Mapk6', 0.1827205368176309), ('9330159F19Rik', 0.2213019286206848), ('Htt', 0.1809945044952388), ('Arpc5', 1.0808723188538545), ('1700123O20Rik', 0.2618414833849133), ('Gpt2', 1.098957584985705e-07), ('Slc38a6', 0.5232158743831654), ('Aox3', 0.9078126551814404), ('Tbck', 0.4007748241305558), ('Creb5', 0.689379440827597), ('Ppp1r15a', 0.4990394573108594), ('Parp2', 0.3267666397373195), ('Nsd3', 0.7212000551926476), ('Fam118b', 0.1793250638690004), ('Psd3', 0.6198772893920916), ('2610020C07Rik', 0.464506759458651), ('Rps29', 0.3337017131368383), ('Wsb1', 1.088674217193257), ('Ccnl1', 0.4489992855061268), ('Il6', 0.1688071954790714)]",818
Gabpb1,taipale__ELK1_full_NACTTCCGSCGGAARMN_repr,0.05058449447476879,3.1224758526150014,0.000563,1.0,"gene is annotated for similar motif swissregulon__mm__ELK1_4_GABP_A_B1_.p3 ('mm__ELK1,4_GABP{A,B1}.p3'; q-value = 0.000563)","frozenset({'top50perTarget', 'activating', 'mm10_500bp_up_100bp_down_full_tx_v10_clust.genes_vs_motifs.rankings'})","[('Naa50', 0.1669088519320553), ('Ica1l', 0.3746751249916256), ('Dip2c', 0.17085514396541), ('Prkd1', 0.3337292441680112), ('Phax', 0.3275239111607392), ('Creb3l1', 0.2175114592014054), ('Gja1', 0.1932189494628815), ('Fgf9', 0.2148100594508788), ('Sav1', 0.2361940196267551), ('Pigu', 0.4471965668930692), ('Ero1l', 0.34299471969943), ('Polr1d', 0.2389682411121933), ('Atg5', 0.1959643712364798), ('Avpr1a', 0.2466988681289318), ('Nfe2l1', 0.2122851365257606), ('Nipa2', 0.2321767353734191), ('Ptprs', 0.174388648968902), ('Rnf149', 0.2422357623962093), ('Zfp524', 2.1319990145223104), ('Fbxl5', 0.3801211159305757), ('Utp3', 0.2283731554434396), ('Cpne3', 1.0289359525652375), ('Mybbp1a', 1.6610364101009425), ('E130309D02Rik', 0.2670643428812805), ('Mon2', 0.211188857679193), ('Piwil2', 0.2063673387584298), ('Ergic1', 0.5192409284468956), ('Ift140', 0.002983336698458), ('Mcoln1', 0.1199162102970264), ('Tpbg', 0.5657638016231136), ('Myof', 0.1666959020529692), ('Ascc1', 0.1697008396883671), ('Tnfrsf12a', 0.1878952377089485), ('Tardbp', 1.3513314179354872), ('Lactb2', 0.2454079249939763), ('Tug1', 0.1992150222118665), ('Ssbp1', 0.2301447323743447), ('Zfp169', 0.2589544716296613), ('Tvp23b', 0.3469476999590908), ('Zfp623', 0.0843838043255196), ('Liph', 0.5193615343969713), ('Slc25a22', 0.1055851554217072), ('Ccdc181', 0.0633343109668728), ('Glmn', 1.885870507147759), ('Heatr3', 0.6449411415708591), ('Pet100', 0.8822048479376927), ('Prpf40b', 0.729733878106406), ('Phactr3', 0.1254904296031996), ('Phpt1', 0.5987066038134327), ('2510039O18Rik', 0.2418412376420176), ('Tnfrsf11b', 0.2361724778131201), ('Slc29a1', 0.191092938885965), ('Cep120', 0.6608245034658342), ('Atf1', 0.6410035787657985), ('Dbx2', 0.3199410575197433), ('Clcn3', 0.1735722203584938), ('Rnf26', 0.1119926307368426), ('Slfn9', 0.0738282100948563), ('Swap70', 0.2201698947129239), ('As3mt', 0.0594532251592756), ('Ttc12', 0.1253112404638914), ('Bcas3os1', 0.2522242345869176), ('Cp', 0.7409158067086159), ('Sema3d', 0.2282790911378282), ('Ncoa6', 0.4476198121633377), ('Psmb7', 0.1876577880289364), ('Slc10a3', 0.1144217104541497), ('Pex14', 0.2533810390912915), ('Gpn3', 0.3324516619936824), ('Aen', 1.095772154508138), ('0610009B22Rik', 0.0195778095534357), ('Luzp2', 0.0373257087587753), ('Hivep3', 0.5567894222460438), ('Tm7sf2', 0.8583142946277831), ('Asb8', 0.1667273206988704), ('Itpkb', 0.1858706653145062), ('Stox2', 0.188457592332542), ('Pnpt1', 1.2507877346760172), ('Scx', 0.3622603864325003), ('Dpy30', 0.287160880778173), ('Ccna2', 0.1754634068879351), ('Pdk2', 0.115609639718039), ('Smarca5', 0.2241391381038226), ('Ercc6', 0.4694554036470411), ('Rpl28', 0.0084503292073121), ('Epha3', 1.1676826130370102e-06), ('Slc25a21', 0.1921403735779175), ('Pcbp1', 0.1804811417509465), ('Cd82', 0.1427664359420178), ('Pex12', 0.138138795084763), ('Eps8l1', 0.0827473901465123), ('Ythdf2', 1.7772485650992036), ('Faf1', 0.453859163076627), ('Srek1ip1', 0.5335246366678484), ('Vps13d', 0.7581900424171837)]",3349
Gata2,tfdimers__MD00046,0.09545580493211415,3.699764528977944,0.0,0.979167,gene is orthologous to ENSG00000179348 in H. sapiens (identity = 97%) which is directly annotated for motif,"frozenset({'top50perTarget', 'activating', 'mm10_500bp_up_100bp_down_full_tx_v10_clust.genes_vs_motifs.rankings'})","[('Ube2j2', 1.5274204581699136), ('Fbxo42', 0.2407348451279249), ('Phf12', 0.1552534038597683), ('Ids', 0.5180965787046714)]",396
Gata2,tfdimers__MD00168,0.11078784520181029,4.471129489430347,0.0,0.979167,gene is orthologous to ENSG00000179348 in H. sapiens (identity = 97%) which is directly annotated for motif,"frozenset({'top50perTarget', 'activating', 'mm10_500bp_up_100bp_down_full_tx_v10_clust.genes_vs_motifs.rankings'})","[('Fbxo42', 0.2407348451279249), ('Ids', 0.5180965787046714), ('Dot1l', 1.6905361654642153), ('Phf14', 0.2142652299298924)]",489
Gata6,transfac_pro__M02861,0.12893205582534892,3.6899447412398576,0.0,1.0,gene is directly annotated,"frozenset({'top50perTarget', 'activating', 'mm10_500bp_up_100bp_down_full_tx_v10_clust.genes_vs_motifs.rankings'})","[('Nipa1', 0.3848003397052136), ('Alpk1', 0.1033382944661909), ('Tmx4', 0.5905048969072303), ('Atp23', 0.3453262061748401)]",501
Ncald,hdpi__NCALD,0.05697985252695599,3.164480986910835,0.0,1.0,gene is orthologous to ENSG00000104490 in H. sapiens (identity = 100%) which is directly annotated for motif,"frozenset({'top50perTarget', 'activating', 'mm10_500bp_up_100bp_down_full_tx_v10_clust.genes_vs_motifs.rankings'})","[('Pum2', 0.4051945300744079), ('Utp14b', 0.1039441296250909), ('Cep120', 0.3011596021396052), ('Sec23a', 0.4732277084015098), ('Glrx2', 1.3053387228788795), ('Rnf145', 0.425881390058574), ('Gfod1', 0.2433316354655598), ('Clec3b', 0.1588859386180126), ('Prkd1', 0.1901690930054319), ('Stard4', 0.1365533870651316), ('Aig1', 0.181405364217891), ('Map2', 1.0430444940683787), ('Egln1', 0.2773396853807576), ('Fam98a', 0.1506648971390251), ('Gng4', 0.5914174092271958), ('Igf1r', 0.1850577681983635), ('Ncald', 1.0), ('Vamp7', 0.1672932154219501), ('Dyrk1b', 0.0176953198921674), ('Gins4', 7.393242946564792e-05), ('Prrg4', 0.0592102667288393), ('Zfp358', 0.45760096927685), ('Phf3', 0.2256822608911688), ('Cirbp', 2.2653135310827017), ('Tcea1', 0.3446932764232784), ('Raph1', 0.272282068339772), ('Ptprk', 0.165092390176464), ('Klf5', 0.3930671117257532), ('G3bp1', 0.1858926399070721), ('Cep131', 0.0611492600907944), ('Akap1', 0.3397220794943542)]",551
Prrx2,transfac_pro__M02115,0.0488367635631056,3.36036650313869,0.0,1.0,gene is directly annotated,"frozenset({'top50perTarget', 'activating', 'mm10_500bp_up_100bp_down_full_tx_v10_clust.genes_vs_motifs.rankings'})","[('Tigd2', 0.3160396303040842), ('Bub3', 0.2257625710270631), ('Mvb12a', 0.2197646661585809), ('Hist1h4i', 0.0999888087214567), ('Osbpl1a', 0.2432113447657369), ('Ufm1', 0.1552481227964071), ('Ropn1l', 0.0599454055507302), ('Nfe2l1', 0.2626335596623815), ('Rnf113a2', 0.2721657766485773), ('Ubxn2b', 0.171096368534321), ('Mtif3', 1.047319294635806), ('Spg7', 0.1871115025758307), ('Eif4a1', 0.6208895903809722), ('Pnpla2', 0.6815773967291598), ('Sdhaf3', 1.3242433104582032), ('Tjp2', 0.1341990739952874), ('Rrp36', 0.0017384153070531), ('Slc7a8', 0.0981189575742546), ('Echs1', 0.2304821392585341), ('Coa6', 1.1574028657899924), ('Pot1b', 0.2234361507479916), ('Gstp1', 0.0027274612838081), ('Taf2', 0.2017604316104905), ('Wdr89', 0.2972289989323907), ('Nploc4', 2.1880997095334616), ('Wdr37', 0.1744409805207855), ('Cd34', 0.101569764684722), ('Tbc1d4', 0.3221316041050398), ('Copg1', 0.1125752329948578), ('Rab5c', 0.1675233645117642), ('Snrnp48', 0.2764851293249574), ('Sphk2', 0.1061790465361345), ('Mtx2', 0.2727883168866323), ('Fam76a', 0.3088795979220644), ('Prkcz', 0.1642404276774431), ('Ankrd35', 0.2022704777363876), ('Jade1', 0.9061719806597066), ('Zfp979', 0.3712251677032553), ('Fam53c', 0.1099010891083604), ('Rtn4', 0.1785267672544368), ('Nmb', 0.3805902520096225), ('Pck2', 0.0001870493427508), ('D930007P13Rik', 0.2973977989623175), ('Tmem214', 0.1929122927794882), ('Fdx1', 0.2601405759026243), ('Copb1', 0.1765787544946823), ('Vac14', 0.4775108882202178), ('Ect2', 0.3037496134554137), ('Tars', 1.5755059592486644), ('Nid2', 0.2558199169882021), ('Fam178b', 0.9742038777877936), ('Vcl', 0.2639309562924104), ('Mapk12', 0.8379168920736823), ('Ubap2l', 0.2024160662602649), ('Dcps', 0.2129284629710182), ('Atxn7l3b', 1.6681435973268872), ('Flot2', 0.1701246841666309), ('Fahd2a', 0.6440870404468385), ('Uhrf1', 0.3338586003441059), ('Itgbl1', 0.6298487063241331)]",866
Sin3a,hdpi__ELF2,0.053070036548839544,3.3831899648771944,0.000749,0.978074,"gene is orthologous to ENSG00000169375 in H. sapiens (identity = 97%) which is annotated for similar motif dbcorrdb__SIN3A__ENCSR000BGL_1__m1 ('SIN3A (ENCSR000BGL-1, motif 1)'; q-value = 0.000749)","frozenset({'top50perTarget', 'activating', 'mm10_500bp_up_100bp_down_full_tx_v10_clust.genes_vs_motifs.rankings'})","[('Itpa', 0.7602900138265696), ('Rapgef6', 1.7155440372824369), ('Sf3a3', 0.5228315455447751), ('Ino80c', 0.2134350641544092), ('Gpr137b', 1.7597909427373584), ('Rer1', 0.3391004158091972), ('Nt5c', 0.850578217991191), ('Pus3', 0.0721944800848123), ('Vta1', 0.2269738371783464), ('Ddx18', 0.2351261885613838), ('Zfp512', 0.6204260167119809), ('Eya3', 0.2533827402246089), ('Uqcrh', 0.1968429944444317), ('Nat10', 0.3291396078062924), ('Utp14a', 0.390035276789878), ('Trip11', 0.7305772909853346), ('Icam1', 0.2199983945156758), ('Fuz', 0.1967729999654495), ('Cyb561a3', 0.3660078369738788), ('Zfp58', 0.7947168723142446), ('Nup35', 0.4570071900954876), ('Lrrfip1', 0.1517369196208375), ('Samd15', 0.69292900025281), ('Gm6712', 0.3049291782888071), ('Mrpl3', 0.1951136497783542), ('Snrpd1', 0.2509175344825031), ('Mtif2', 0.2032086674041666), ('Nrd1', 1.445509669891225), ('Sh3glb2', 1.2944397298944077), ('Slc39a6', 0.2553145900142013), ('Ccdc77', 0.2724279540139225), ('Hacd2', 0.1933353807670853), ('Sh3kbp1', 0.5708373561340911), ('Scnm1', 0.199714666042663), ('Ly6e', 0.1766021975646551), ('Ppil2', 0.7140534083211669), ('Xiap', 0.2219149411263475), ('Cuedc2', 0.2020352885726487), ('Ipo4', 0.7268381378492103), ('Kctd5', 0.0861406639169826), ('Ppan', 0.3304958782710673), ('Cptp', 0.3166728657836926), ('Mdm4', 0.200091978835546), ('Nek9', 0.1635756900903949), ('Thap4', 0.2119112360453079), ('Rmnd5b', 0.6342059815809822), ('Ncs1', 0.0037907780053066), ('Snapc1', 0.7051352250360813), ('Ankrd13b', 0.3361344934930567), ('4931406C07Rik', 0.3591060482452045), ('Adam15', 0.2432263359165408), ('Arrb1', 0.4825403702195618), ('Ppdpf', 0.1583306015425507), ('Gpatch2l', 2.4186121583972944), ('Ammecr1l', 0.488105784614165), ('Itgb3bp', 0.2149557605342257), ('Mcph1', 0.1967591462415545), ('Zcchc9', 0.5040205270910131), ('Phka2', 0.9098361270667464), ('Cep164', 0.3388802923184807), ('Ltn1', 1.3330269913896315), ('Tead1', 0.3450647370879147)]",1558
Spi1,transfac_pro__M00746,0.05159636120965193,3.0432586038433564,0.000898,1.0,gene is annotated for similar motif transfac_pro__M01172 ('V$PU1_Q4: PU.1'; q-value = 0.000898),"frozenset({'top50perTarget', 'activating', 'mm10_500bp_up_100bp_down_full_tx_v10_clust.genes_vs_motifs.rankings'})","[('Cenpe', 0.4807593373060863), ('Cdkn2a', 2.0399636179714244), ('Hnrnpa3', 0.7517946631827443), ('Dhrs3', 0.2228058439067348), ('Wipf1', 0.6029297725471446), ('Ubald2', 0.2027851928648458), ('Agpat3', 0.4573059164418709), ('Actr2', 0.9984143138090484), ('Akap10', 0.174512785317136), ('Mapkapk2', 0.2593233887444829), ('Mef2c', 1.9972302845176215), ('Hp1bp3', 0.2363385562811627), ('Mrpl45', 1.0886454687844616), ('Zdhhc5', 0.4188668155409234), ('Hnrnph3', 0.5335970555907619), ('Mnd1', 0.3431239524779642), ('Clock', 0.2426324818862048), ('Plxnc1', 0.2804396459922771), ('D6Wsu163e', 0.2430295561821411), ('Zcwpw1', 0.7611194477349958), ('Tusc1', 0.2161681990331131), ('Capza2', 0.2122363668969454), ('Smc2', 0.4768596655242152), ('Nsun6', 0.3510141032223325), ('Zeb2', 0.2481380947363574), ('Mtss1', 1.0630218653866017), ('Selenop', 0.4610154799797624), ('Ube2e3', 1.0132041456964915), ('Zfp710', 0.3154516932528626), ('Zbtb7c', 0.2665717123240138), ('Baz1a', 0.212672018942535), ('Fbxw7', 1.0280575258306155), ('Tnfaip8', 0.958793968692958), ('Srgn', 2.954024807164282), ('Plec', 0.2424732496429945), ('Ube2d2a', 0.2404886230947678), ('Sft2d1', 1.1013413264002694), ('Cdk2', 0.7969334084864402), ('Rangap1', 1.64843219767637), ('Mmd', 2.201555584473927), ('Rnf149', 1.6576918339654114)]",813
Spi1,tfdimers__MD00018,0.05893381904059435,4.046930616011312,0.0,0.870849,motif is annotated for orthologous gene ENSG00000066336 in H. sapiens (identity = 87%),"frozenset({'top50perTarget', 'activating', 'mm10_500bp_up_100bp_down_full_tx_v10_clust.genes_vs_motifs.rankings'})","[('Cenpe', 0.4807593373060863), ('Mnd1', 0.3431239524779642), ('Cdkn2a', 2.0399636179714244), ('Dhrs3', 0.2228058439067348), ('Ubald2', 0.2027851928648458), ('Zdhhc5', 0.4188668155409234), ('Zfp710', 0.3154516932528626), ('Hnrnpa3', 0.7517946631827443), ('Wipf1', 0.6029297725471446), ('Selenop', 0.4610154799797624), ('Cdk2', 0.7969334084864402), ('Set', 0.2430373648933605), ('Hp1bp3', 0.2363385562811627), ('Akap10', 0.174512785317136), ('Mapkapk2', 0.2593233887444829), ('Hnrnph3', 0.5335970555907619), ('Mmd', 2.201555584473927), ('Actr2', 0.9984143138090484), ('Ube2e3', 1.0132041456964915), ('Mrpl45', 1.0886454687844616), ('Agpat3', 0.4573059164418709), ('Baz1a', 0.212672018942535), ('Mef2c', 1.9972302845176215), ('Tmem248', 0.2922349653230516), ('Calm3', 0.2745593686775425), ('Fbxw7', 1.0280575258306155), ('Rnf149', 1.6576918339654114), ('Zbtb7c', 0.2665717123240138), ('Iqgap2', 1.2242699224678035), ('Fn1', 0.6672308284123125), ('Dcps', 0.1434809236973874), ('Adcy7', 0.1482599493494482), ('Tnfaip8', 0.958793968692958), ('Zeb2', 0.2481380947363574), ('Pgm2l1', 0.1938477938157446), ('Tusc1', 0.2161681990331131), ('D6Wsu163e', 0.2430295561821411), ('Plec', 0.2424732496429945), ('Nol11', 0.1960599979559966), ('Mtss1', 1.0630218653866017), ('Gnb2', 0.5562448256425143), ('Ptrh2', 0.2088343162533126), ('Szrd1', 0.3105137766406134), ('Clock', 0.2426324818862048), ('Cep83', 0.3646742117753445), ('Ccdc106', 0.4139390347309308), ('Arhgap9', 2.187803169687143), ('Armcx3', 0.2083908655920544), ('Cdk4', 2.793479322095349), ('Sft2d1', 1.1013413264002694), ('Rttn', 0.2586510359393334), ('Capza2', 0.2122363668969454), ('Vmp1', 0.6485315509468508), ('Ube2d2a', 0.2404886230947678), ('Ctsc', 1.2621289963627893), ('Mboat1', 0.2371574061533436), ('Hmgn5', 2.706813081250498), ('Srgn', 2.954024807164282), ('Smc2', 0.4768596655242152), ('Cd48', 0.1654158188549611), ('Dag1', 0.1877067197750163), ('Pgrmc2', 0.1383739296153562), ('Alg8', 2.1071690027384373), ('Slc38a1', 0.8574398570243204), ('Cd83', 2.6151891274600594), ('Nsun6', 0.3510141032223325), ('Acyp1', 0.244701520463218), ('Etfb', 1.5796523080306035), ('Ifih1', 0.2858912875530233), ('Gtf3a', 0.328514243411074), ('Lrrfip2', 0.8968659460002958), ('Ccl12', 0.5800932475852024), ('Mad2l2', 0.2056254511968406), ('Ndufb8', 0.1902542918105533), ('Hipk1', 0.257246613544034), ('Cyth4', 2.928996810202869), ('Rangap1', 1.64843219767637), ('Sbf1', 0.5675184752190509), ('Mapre2', 0.1655025234766422), ('Aamdc', 1.0152658055450277), ('Rassf5', 0.2033884164287118), ('Rad21', 0.899739146612451), ('Dab2', 1.3144588509653008), ('St6gal1', 0.4987311698253492), ('Reps2', 0.1844820646635904), ('Clec4a2', 0.1977681613712335), ('Ube2f', 0.7237173495706324), ('Snx4', 0.3413753420884008), ('Rbm47', 0.4253406296988135), ('Plxnc1', 0.2804396459922771), ('Apoe', 1.4279222012322716), ('Cybb', 1.6385825483308496), ('Acer3', 0.2911556775029996), ('Reep4', 0.1888247991960623), ('Slc15a4', 0.8942227546451221), ('Fyb', 0.6906264957946936), ('Dnajc8', 2.4043473442778063), ('Cd163', 4.034456816472984), ('Elmo1', 0.2106674543226258), ('Fcgr2b', 1.532369906951342), ('Chka', 0.1616066929693586), ('Lmo1', 0.7793900801736967), ('Ift22', 1.408010440375153), ('Cfl1', 0.2169582462446471), ('Abcb4', 0.3481139170060739), ('Poc5', 0.2050864594479203), ('Cnot2', 1.135951145228398), ('Itpa', 0.9669081327630916), ('Pltp', 0.3849072986032694), ('Ppwd1', 0.4063579865695695), ('Ap2s1', 0.1910457857361764), ('Slc16a10', 1.467370757031316), ('Oas1a', 3.1131793718516154), ('Rps17', 0.1989803672889162), ('Twf2', 1.2319077787862962), ('St8sia4', 0.0685012477961929), ('Ssh1', 0.0001107243039616), ('Birc5', 0.5257870882094715), ('Zfand6', 0.1859844027263472), ('Pcbd2', 0.4608097746014085), ('Gmfg', 2.1795922042747624), ('Zxdc', 1.1925407448018148), ('Sema4a', 1.2976744458527751), ('Dgkg', 0.5254725280860879), ('Zcwpw1', 0.7611194477349958), ('Litaf', 0.3416930321853013), ('H2afz', 0.2970869587289342), ('Racgap1', 0.1394921074626977), ('Ifitm3', 0.1789400716128262), ('Polr2a', 0.2045950032748598), ('Atp11b', 0.3144187367668754), ('Fam204a', 0.3081611308837334), ('Sptssa', 0.2860018535866269), ('Mef2a', 2.3740181018596185), ('Itga6', 0.0584013251460395), ('Smagp', 0.7973931866594944), ('Fcer1g', 2.33856708638666), ('Ptpro', 0.8907485485626925), ('Dapp1', 0.115938705089229), ('Slc12a6', 0.9615675135153092), ('Rpl17', 9.021307492071615e-08), ('Amer1', 0.5117581631694189), ('Dmap1', 0.138759591831156), ('Cbr2', 0.2489666163241039), ('Ctss', 0.6238778832860953), ('Faim', 1.1611959282722868), ('H2-D1', 0.2257034628756141), ('Tnf', 1.362868251382468), ('Mcfd2', 2.7571122327016107), ('Ly6c1', 0.2085734118655645), ('Entpd1', 0.1585191036052578), ('Frmd4b', 0.1285012493224994), ('Srp19', 0.2346778119255119), ('Fndc3a', 0.8592493663644916), ('Hk3', 0.964572565354311), ('Rab5c', 0.8455104161158492), ('Psat1', 0.2133330679302547), ('Vamp7', 0.1957773507435881)]",4961
Taf1,transfac_pro__M04893,0.051945781303199566,3.236050233155733,0.0,0.957739,gene is orthologous to ENSG00000147133 in H. sapiens (identity = 95%) which is directly annotated for motif,"frozenset({'top50perTarget', 'activating', 'mm10_500bp_up_100bp_down_full_tx_v10_clust.genes_vs_motifs.rankings'})","[('Itpa', 0.2482565731459962), ('Exosc4', 0.5613350886146032), ('Ubr1', 0.8623097491720216), ('Cd2bp2', 0.9901718178796028), ('Pus3', 0.0391994483609882), ('Usp38', 0.7224812437598563), ('Trappc11', 0.1779457432041044), ('Aaas', 0.2422301144277277), ('Zfp384', 1.1271538117762263), ('Tssc4', 0.031794205511314), ('Clta', 0.181939339307602), ('Rpsa', 0.0828044869424811), ('Cdc16', 0.2852268462013589), ('Adprm', 0.3441278858274713), ('Ccdc30', 0.2562964004799616), ('Gid8', 0.6682780129629764), ('Icam1', 0.0770853419669307), ('Phf5a', 0.2319413422624203), ('Dido1', 0.6655310493281695), ('Fbxw11', 0.2706362742632038), ('Tsc22d1', 0.1714505505967447), ('Lyar', 0.2358025135724347), ('Tmem87a', 0.2271194312387519), ('Mrpl3', 0.2973088707161303), ('Nubpl', 0.3284814122685245), ('Gpatch2', 0.8037301498202852), ('Slc39a6', 1.2121895075538998), ('Slc25a35', 0.015350411220041), ('Pacs1', 0.4637302298211365), ('Mta2', 0.5912512747861589), ('Serp1', 0.30316583212687), ('Hacd2', 0.3322162357780135), ('Setdb1', 0.7811338835357584), ('Rps21', 0.1438581921192241), ('Gtf2a2', 0.2239859615503305), ('Banf1', 0.2067046568115261), ('Ankrd11', 0.5017513811587283), ('Car7', 0.319073646862419), ('Orc5', 0.2109396832678682), ('Ube2i', 0.2471434194103053), ('Rnf126', 0.1745446736545285), ('Tmem56', 0.1019668485934947), ('Cfap43', 0.3613777368152829), ('Zscan12', 0.472759301282974), ('Ccdc91', 0.3821637618907595), ('Zfp825', 0.1559307940252795), ('Lsm6', 0.2201325893893464), ('Acin1', 0.169252106571506), ('Rad51', 0.1084001711610759), ('Tex10', 0.3254012046544086), ('Plekha2', 2.563582863035654), ('Ankrd54', 0.2859724366845209), ('Tnks', 0.2917192705482933), ('Snapc1', 0.3494552415852081), ('4931406C07Rik', 1.978403684511046), ('Adam15', 0.17743687441931), ('Sema4c', 0.3432015369191397), ('Clip4', 0.2001690275153213), ('Umad1', 0.752920051912284), ('Zbtb8os', 0.3159354134434202), ('Rhoq', 0.1828513132515992), ('Dand5', 0.4723275058381122), ('Bcl7b', 0.6369531513646779), ('Miat', 0.233429420340897), ('Pced1a', 0.1742027434906585), ('Polg2', 0.5178989045700837), ('Lancl2', 0.1619981141033496), ('Plec', 0.2769806864528666), ('Map3k7', 0.5884649422147331), ('Supt7l', 0.412879459795779), ('Tmem138', 0.7003547902959161), ('Mrps17', 0.2995148108073069), ('Gabpb2', 0.5426282521715105), ('Scarf1', 0.3277673380687428), ('Gar1', 0.2837720855467586), ('Sgpl1', 0.318311634285374), ('H1f0', 0.3282966172115452), ('Ece1', 0.2797796586623962), ('Jade1', 0.005809807894914), ('Mnt', 0.2005066690726341), ('Paip2', 0.2248936484456661), ('Psmb1', 0.1839595650922613), ('Bloc1s4', 0.788143254539077), ('Ranbp1', 0.1931880642172175), ('Prkacb', 1.4302045283211933), ('Zmat5', 0.1949302202035682), ('Acan', 1.376539791830964), ('Setd2', 0.34157720844517), ('P2rx4', 0.2173550739069631), ('Dguok', 1.1892928509337222), ('Eif4a2', 0.2824027064103473), ('Pdcd6', 0.2560356988034797), ('Mkrn1', 0.7788735574861528), ('Rpl11', 0.2778067468802115), ('Lrrc8e', 0.1292040060093719), ('Ubiad1', 0.2092998617933404), ('Zfp790', 0.1375958240652993), ('Os9', 0.4362441650202346), ('Lpar6', 0.1184580418889115), ('Zfp473', 1.0369796063895302), ('Timm21', 1.4504811752321332), ('Ubl7', 0.2458455052251641), ('Rpia', 0.1477316284527364), ('Slc52a2', 0.6386911148111223), ('Tbrg4', 0.9743252546535236), ('Tle3', 0.4727360974431425), ('Hnrnpf', 1.491514154617292), ('Usp3', 0.6070769944183221), ('Reep5', 0.1702916298049637), ('Mylpf', 0.0838625797900583), ('Ptpra', 0.6191289517125301), ('Zbp1', 0.4010917577444054), ('Tfb1m', 0.0993669716364674), ('Mrps34', 0.2218816212689266), ('Ap3d1', 0.2722235156044126), ('Rab35', 0.5229029766390968), ('Myl6b', 1.4684658893367035), ('Atp6v0d1', 0.2107868390215528), ('Mef2b', 0.3425008553506874), ('Rtca', 0.3626791899851544), ('Slc38a10', 0.362678546223965), ('Dnajc6', 0.0300719671763027), ('Gdi2', 0.1902411705925851), ('Senp5', 1.5393428812342922), ('Hspd1', 0.1654743748281665), ('Cd48', 0.1414601516053348), ('Ccdc28b', 0.5703918743378155), ('Flna', 0.4509040727837545), ('Zfp740', 0.8991805660093156), ('Ado', 0.3528870009360011), ('Nudt19', 0.2868295864700992), ('Clasp1', 0.4674320904640815), ('Fuom', 0.293120779454331), ('Gba', 0.0032349379634485), ('Pafah2', 0.7488972106968576), ('Taf1', 1.0), ('Cep89', 1.86183410194324), ('Tor1aip1', 0.3392285109018222), ('Rhpn2', 0.9971813073893336), ('Sorbs2', 0.3545164323331039), ('Sbno1', 0.9557960221425424), ('Phka1', 0.2805008361987032), ('Zfp568', 0.1908154275379551), ('Dmkn', 2.47807244764548), ('Eno2', 0.1470477048511059), ('Traf4', 0.5961125452296755), ('Ankrd28', 0.4979493587258959), ('Crls1', 0.1889707547360356)]",3932
Tfdp1,transfac_pro__M00803,0.051732518095679955,3.169289437987662,0.0,1.0,gene is directly annotated,"frozenset({'top50perTarget', 'activating', 'mm10_500bp_up_100bp_down_full_tx_v10_clust.genes_vs_motifs.rankings'})","[('Srbd1', 1.5073008479975396), ('Cops7a', 0.5985471436339688), ('Exosc4', 1.0662164770878757), ('Med7', 0.2797711307338531), ('Cdk7', 0.2187449451939604), ('Ncstn', 0.1913157209146252), ('Lrrc47', 0.2296495957290154), ('Shq1', 0.1684925941252752), ('Dnajc5', 0.2126583908646374), ('Pigt', 0.4695841729056733), ('1810024B03Rik', 0.96373508963238), ('Cdc123', 0.1973503972759148), ('Haus6', 0.7640783017219982), ('Topbp1', 0.266278481481941), ('Nudc', 0.1635309822748602), ('C87436', 1.0856119475414985), ('Trmt6', 0.1428186319456315), ('Mtx2', 0.2226649343518139), ('Cyb561a3', 0.3039332994764224), ('Serp1', 0.3207325520542825), ('Ddx39b', 0.184691777030617), ('Tmem173', 0.116520643618504), ('Umps', 0.4018010693257373), ('Rpl27a', 0.1907250508089815), ('Kif22', 0.2575171630550086), ('Rexo1', 0.441801805592427), ('5430416N02Rik', 0.2334080789487606), ('Sf3b4', 0.3651236743719462), ('Hsp90aa1', 0.7056916138269719), ('Mlycd', 0.2233323389463274), ('Faf2', 0.2735964187749365), ('Rsl24d1', 2.311755091467095), ('Mphosph10', 1.1770768138850074), ('Dnajc14', 0.2233877820627929), ('Atp5k', 0.279007163478713), ('Selenok', 0.3299067853491912), ('Rbm28', 0.1788214335771147), ('Olfml3', 0.1917987183847132), ('Ddx24', 0.5634686112374789), ('Zfp579', 0.2854612568533277), ('Nfs1', 0.1456454300549538), ('Clns1a', 0.64818326793276), ('D8Ertd738e', 0.8182102113981344), ('Mki67', 0.5621551106565454), ('Sde2', 0.1980612524532648), ('Mars2', 0.020190556133545), ('Ncbp2', 0.8758258675489926), ('Srp14', 0.2533664842962225), ('Tsc2', 0.1496399278163329), ('Slc9a8', 1.2366115785595395), ('Stk19', 1.416122748061749), ('Pld3', 0.3262071232764696), ('Rgs19', 0.4250308595165248), ('Coro1a', 0.1545997316731272), ('Lrrc8a', 0.2882309466720236), ('Ing5', 0.1123783114873447), ('Hnrnpll', 0.2483637621719623), ('D430042O09Rik', 0.3688484981645276), ('Mapk12', 0.3944915862448059), ('2200002D01Rik', 0.2430244186226109), ('Edem3', 0.9098832511145504), ('Slc25a25', 1.9521827469456403), ('Dnajb1', 1.5871566078729682), ('Fem1a', 0.2157109209403096), ('Recql', 0.8735478184727357), ('Rprd1b', 0.1743761138350761), ('Cd47', 0.4007641964916195), ('Ttc9c', 0.7050256349192464), ('Kdelr3', 0.2515965924727636), ('Ube2d3', 0.2969363710873848), ('Map2k5', 0.4008080774639379), ('Mrps34', 0.2440849632801401), ('Vcpip1', 0.3514349212734852), ('Anapc1', 0.2460784135661322), ('Nsun6', 0.1314939946932521), ('Rheb', 0.3511472869705815), ('Dnaja4', 0.5806635090350013), ('Plxnb1', 0.0344188054101614), ('Bmp2k', 0.9562354172709886), ('Myo9b', 0.0213271779624394), ('Pop7', 0.1460517056606507), ('Seh1l', 0.2912968667319223), ('Fam118a', 0.3859377843233112), ('Txndc5', 0.2292792019730297), ('Dnpep', 0.0263066276987947), ('Thg1l', 0.4082792898750532), ('Zranb2', 0.2236609819927414), ('Lztr1', 2.094981133013772), ('Eif3k', 0.1501577517511732), ('Nmnat1', 0.3778799874516559), ('Tomm34', 0.252252577567752), ('Mfsd5', 0.3534430048063115), ('Dnajb11', 1.5054539823835646), ('2500004C02Rik', 0.6104236778177244), ('E2f4', 0.2455681084674945), ('Cox10', 0.6959449915377173), ('Ppcdc', 0.7467930542796783), ('Pfkp', 0.1699644685845198), ('Noc2l', 0.2013776477043632), ('Abhd4', 0.2863450064071334), ('Mylk', 0.1708040747840211), ('Pradc1', 1.0670659857870233), ('Mad2l1bp', 0.295122562937171), ('Mrpl16', 0.9628188699780812), ('Bloc1s3', 0.3457968305671014), ('Fam149b', 0.1774155349138712), ('Rnf220', 0.5383357885275482), ('Bud31', 0.2109078964865228), ('Zscan20', 0.12286894104037), ('Zfp653', 0.2780942483231888), ('Apba3', 0.4263701601613154), ('Ebi3', 0.0349358817042878), ('2210016L21Rik', 0.3489846159030193), ('Fiz1', 0.5987248397014331), ('Suclg1', 0.2399205810318909), ('Oscp1', 0.7660847910594576), ('Hspbap1', 0.656308115311284), ('Nipbl', 0.1656030541451618), ('Abtb1', 0.2711127562991428), ('Emg1', 0.2848768120955225), ('Ube2v2', 0.6473293354494852), ('Mrpl42', 0.7357187274221018), ('Eloc', 0.2063621920494773), ('Dpp3', 0.2903023635950136), ('Hdac10', 0.4044505643537713), ('Zswim4', 0.363415453996628), ('2900026A02Rik', 0.6552500056122897), ('Nqo2', 0.6072161419348208), ('Polr1e', 0.431939800937039), ('C1qbp', 0.1825979390289313), ('Snrpc', 0.3382575644051616), ('Rubcn', 1.1442170393421496), ('Sumo3', 0.3252666133785762), ('Cfap77', 0.0198977220683537), ('Plekhg2', 0.7587275503111653), ('Cdca3', 0.9772080907915148), ('Mis18a', 0.704845958500976), ('Cir1', 0.7215929770383963), ('Znfx1', 0.2217913281422392), ('Srsf1', 0.199323911947655), ('2410131K14Rik', 0.2132190232194842), ('Bub3', 1.5981748880919615), ('Mad2l1', 0.4271095329895453), ('Erp44', 0.2775248778986771), ('Ncl', 0.1931861080226172), ('Scamp3', 0.4114180127063988), ('E2f8', 0.2652718470372311), ('Cep128', 0.0093074422832879), ('Pde1c', 0.0899761241887172), ('Ccdc47', 1.7277557575828355), ('Rnf216', 0.1958617484344913), ('Nars', 0.1962177530824219), ('2810002D19Rik', 0.0168348332285411), ('Pld1', 0.2295883312743515), ('Taf13', 0.5902802923285144), ('Psmc2', 0.2137153117050617), ('Plec', 0.3024220640106449), ('Xrn2', 0.1596797396451967), ('Tepsin', 0.0819615864803113), ('Tcaim', 0.0479498925527709), ('Nudt14', 0.2812212786936215), ('Zfp512b', 0.2659476727954926), ('Tnfrsf12a', 0.1295623621506571), ('Smndc1', 0.2611526297272111), ('Shc1', 1.1104962954389035), ('Ddx42', 0.2044898211674966), ('Tmem167b', 1.0558821320907208), ('Ereg', 0.2065519949375004), ('Ddx23', 0.3914502602259004), ('Fastkd1', 0.2879335657918745), ('Spen', 0.7019743693060405), ('Pawr', 0.040337713839167), ('Mybl1', 0.1700844067281128), ('Carf', 0.1300330995561936), ('Cdc20', 0.1455489629444361), ('Ralgapb', 0.2592293307850702), ('Rab5c', 0.1770339176940767), ('Acbd6', 0.3518298589232409), ('Hist1h2be', 0.4063190129164868), ('Smc6', 0.4396074253615535), ('Nptx2', 0.6478715599494655), ('Fmr1', 0.2421034384939137), ('R3hcc1l', 0.622326583885603), ('Gm15787', 0.5264178422345686), ('Pdcd6', 0.7024060202087923), ('Cfap45', 0.1449799915791745), ('Cnbp', 0.2898905920538854), ('Pxylp1', 1.988727412614837), ('Bivm', 0.5348947644590171), ('Ankhd1', 0.2039425569266896), ('Vps16', 0.0017564895744609), ('Dnm1l', 0.5028985012642285), ('Pdss2', 0.1543080632722173), ('Mlx', 1.0270712340505983), ('Aftph', 0.1537107812870437), ('Piwil2', 0.4322983169819783), ('Dab2ip', 0.3121368070376608), ('Zwilch', 0.3572984721058516), ('Mrrf', 0.1768626983379308), ('Gprasp1', 0.245592705071633), ('Ppib', 0.3839220552949704), ('Map3k20', 0.7853905449845913), ('Wee1', 0.2366063279911333), ('Zfp654', 0.0248347235814639), ('Morc3', 0.9854911765240356)]",4475
Tgif1,transfac_public__M00039,0.0522445161306723,3.377059850374186,0.00078,0.152174,"motif similar to cisbp__M1136 ('TOS8[gene ID: ""YGL096W"" species: ""Saccharomyces cerevisiae"" TF status: ""direct"" TF family: ""Homeodomain"" DBDs: ""Homeobox""]'; q-value = 0.00078) which is annotated for orthologous gene YGL096W in S. cerevisiae (identity = 15%)","frozenset({'top50perTarget', 'activating', 'mm10_500bp_up_100bp_down_full_tx_v10_clust.genes_vs_motifs.rankings'})","[('Nars2', 2.153316922911801), ('1700066M21Rik', 2.026674876875375), ('Clasp2', 0.4398580675367094), ('Rpp14', 0.2941331496184496), ('Smdt1', 0.4400839974242323), ('Ubn1', 0.2945199588439124), ('Stard3nl', 0.1666605820255411), ('Ppp1r12c', 0.0405204320685662), ('2310033P09Rik', 0.0006991250307314), ('Pdpr', 0.1756477231316222), ('Shcbp1', 0.1979758334904734), ('Adnp2', 1.5037661275203242), ('Zdhhc8', 0.0016115264885655), ('Osbpl9', 0.8940691714963098), ('Med21', 0.6669426789350156), ('Zcrb1', 0.1575474229160955), ('Troap', 1.6232389660553572), ('Fam220a', 0.0453739835872916), ('Srsf5', 0.1839535732640306), ('Magohb', 0.236554062750601), ('Map3k7', 2.1090042615339524), ('Hnrnpa2b1', 0.2434497035618426), ('Gtf2h5', 0.231457848082518), ('Srsf6', 0.5066581366471737), ('Homer2', 0.6460289076138604), ('Pcna', 0.1443170887672816), ('Atf1', 0.2049954367290324), ('Eef2', 0.3632941889991341), ('Kif11', 0.4388153362706843), ('Tmem219', 0.2407055608787618), ('Zfp598', 2.4885461850382), ('Rab10os', 0.876506029131887), ('Cln8', 0.1972357010614315), ('Eif3a', 0.2131615151148131), ('Nudt21', 0.4816657773760066), ('Cript', 3.2056570990931323), ('Pced1a', 0.3213994573420435), ('Ociad1', 0.3094884022034577), ('Phactr3', 0.0969682200951113), ('Ralgapb', 0.001928371298112), ('Washc1', 0.2711679543954641), ('Slc25a33', 0.4346456905267414), ('Rce1', 0.1823911627033258), ('Habp4', 0.5168096532816605), ('Kdm5b', 0.2458907615498893), ('Btg1', 0.1826594132985618), ('Snrnp35', 0.2482490231011612), ('Pvt1', 0.1641458785528567), ('Ube2j2', 3.1019377384230014), ('Cxxc1', 0.8159472612960847), ('Mtfmt', 0.4461847168526224), ('Gins4', 0.0013263034312524), ('Tarbp2', 0.6551256844500732), ('Zbtb46', 0.3028054464810417), ('Ddx5', 0.183469660383888), ('Oma1', 0.9852751907068692), ('Gng2', 0.2947718759528144), ('Cacybp', 0.2735250985436036), ('Aplf', 0.694295644669087), ('Tmem14c', 0.2055657127520463), ('Thada', 0.1983921784566686), ('Psme3', 0.1537933603907874), ('Cebpb', 0.626261737455915), ('Zhx2', 0.1883923503217241), ('Knl1', 0.902277674936474)]",964
Zfp369,transfac_pro__M04916,0.0703732550190903,4.399061794709881,1e-06,0.416568,"gene is orthologous to ENSG00000171606 in H. sapiens (identity = 41%) which is annotated for similar motif dbcorrdb__ZNF274__ENCSR000EVG_1__m3 ('ZNF274 (ENCSR000EVG-1, motif 3)'; q-value = 5.94e-07)","frozenset({'top50perTarget', 'activating', 'mm10_500bp_up_100bp_down_full_tx_v10_clust.genes_vs_motifs.rankings'})","[('Ptpn21', 0.6385023127849484), ('Ugcg', 0.9535309254620606), ('Ppp4r2', 1.3327847568276725), ('Dennd6a', 0.3193165378108525), ('Nipa1', 0.1143541172289104), ('Ammecr1', 3.918943636674793), ('Add3', 0.2684576091196885), ('Morc3', 0.425206692148769), ('Larp4b', 0.2766650549425646), ('Abi2', 0.7174848864324525), ('Mrm3', 0.0393853163346141), ('Nhs', 0.5606719205714904), ('Adamtsl3', 0.6541483811329538), ('Prkce', 0.1780161384062578), ('Galm', 0.2222746524940109), ('Dip2a', 0.2844852660174097), ('Eif3b', 0.1499892292953984), ('Tex2', 0.2480025443451504), ('Ampd3', 0.2425846898965838), ('Penk', 0.1681848587757165), ('Inip', 0.7123252408029727), ('Phip', 0.2642955955416352), ('B3glct', 1.2059178876720615), ('Cc2d1b', 0.3352067653529161), ('Pgap2', 0.224141824677786), ('Poc1b', 0.2505500526872572), ('Xrcc1', 0.6763069811822868), ('Dlg1', 0.8197850637000655), ('Fam234b', 0.0756963059166788), ('Dctd', 1.5583550940149375), ('Gmeb1', 1.4612355729305964), ('Tle1', 0.5728892393164754), ('Zmym4', 0.250813182922006)]",937
Zfp846,transfac_pro__M06163,0.06109725685785536,3.174663050112576,0.0,0.423077,motif is annotated for orthologous gene ENSG00000197961 in H. sapiens (identity = 42%),"frozenset({'top50perTarget', 'activating', 'mm10_500bp_up_100bp_down_full_tx_v10_clust.genes_vs_motifs.rankings'})","[('Ubap2l', 0.2716238915757412), ('Snrpa', 0.2594407891271535), ('Polr3b', 0.1292117540177902), ('Jmy', 0.1516602787933578), ('Tef', 0.2990063000349593), ('Gns', 0.2117927922349911), ('Gga2', 0.2746173738700062), ('Nmral1', 0.0614433735928224), ('Tsga10', 0.5721185841231261), ('Ttll1', 0.8823026714610931), ('Ddah1', 0.9567618637542802), ('Cdk20', 0.3188057463472962), ('Phb', 0.6233833191365982), ('Ccnh', 1.966009945366968), ('Eps15l1', 0.2465937808201454), ('Mettl2', 0.4788716096695469), ('Fam214a', 0.7637855088817643), ('Abcc5', 0.159237615292391), ('Rev1', 0.249783659013726), ('Ino80', 0.3301211099317373), ('2610002M06Rik', 1.5381112595393818), ('Exosc5', 0.2868000543646537), ('Ncbp2', 0.2717108324545293), ('Poglut1', 1.0623785917673276), ('Srd5a3', 0.3629179234555115), ('Acadl', 0.4695415814291888), ('Cul5', 0.5831589520199602), ('Pcyox1', 1.8290136742361327), ('Tek', 0.1859863316958146), ('Trappc10', 0.3400259456888509), ('Clk4', 0.2341613710641319), ('Pfdn6', 0.2166456139759656), ('Sirt1', 0.1527745391872803), ('Grb2', 0.6466255659543769), ('Fbxo25', 0.1160468045545201), ('Mgll', 0.1747866294807826), ('Atrn', 0.4574138285870869), ('Homer1', 0.9221168822520434), ('Mturn', 1.2917851252056152), ('Unkl', 0.4324151966897987), ('Rabep1', 0.3033027268006402), ('Zfp740', 0.3854796533819459), ('Faap20', 0.8013644954478295), ('Osbpl8', 0.1649387189303798), ('Abca8b', 0.2109725207809085), ('Znfx1', 0.2183386409632511)]",1985
Zfp961,transfac_pro__M05990,0.06116891678848855,3.0547826079438476,0.0,0.275168,motif is annotated for orthologous gene ENSG00000198429 in H. sapiens (identity = 27%),"frozenset({'top50perTarget', 'activating', 'mm10_500bp_up_100bp_down_full_tx_v10_clust.genes_vs_motifs.rankings'})","[('Ilf3', 0.2264838814303764), ('Dpp7', 2.4724137686771166), ('Ubap2l', 0.3148352466905624), ('B430010I23Rik', 1.8546720034690585), ('Fbxo7', 0.8845066727674628), ('4933434E20Rik', 0.1920163041877203), ('Map3k10', 0.4135974008825067), ('1810013L24Rik', 0.3560405437350492), ('Vps16', 0.2820987235703212), ('Ube4b', 0.7306587706835594), ('Osbpl1a', 0.3597945468364641), ('Tbcd', 0.3184575619386024), ('Tcn2', 0.2762545029120659), ('Plgrkt', 0.4715104985801313), ('Ccl19', 0.2881786809368096), ('Porcn', 1.2749056814313668), ('Nek1', 0.2534393108300176), ('Mpdz', 0.2097320631169798), ('Mark1', 0.4809125686349237), ('Slc7a6', 0.8974098679668934), ('Usp28', 0.318364088959597), ('Rreb1', 1.145415494452308), ('Tecr', 0.2066840587807875), ('Tor1a', 0.2509584001538756), ('Cdyl', 0.0103873679722731), ('Kcnip4', 0.1295238943587839), ('Rab5b', 0.2647031508825423), ('Vipas39', 0.2913120848033374), ('Map6', 1.669475616007852), ('Txnl4a', 0.9016301102676793), ('Rara', 0.3083000050180816), ('Lonp2', 0.575372008512509), ('Fbl', 0.4773894292906209), ('Ltv1', 0.1015336953771037), ('Cdkn2aip', 0.1403796640085308), ('Rexo1', 0.2525618583535137), ('Nsg1', 2.313532368981315), ('Bcl7b', 0.9861447026865224), ('Arhgef1', 0.4372910224332154), ('Kif5a', 0.0282913165438591), ('Washc4', 1.110993559967567), ('Pfkfb2', 0.4703144465748278), ('Ipo8', 0.2035477836431102), ('Ppt1', 0.2197643036691341), ('Net1', 0.2932233123773352), ('Fam76a', 0.5901909118879949), ('Tef', 0.1924081423324772), ('R3hcc1l', 0.1895054372558899), ('Tcirg1', 0.5720003321996464), ('Usp45', 0.1738786222870655), ('Repin1', 0.3677348852399743), ('Adm', 0.239634482207752), ('Plod3', 0.2540893007194967), ('Zfp280c', 0.1428973790646284), ('Glmp', 0.2147907314527179), ('Efr3a', 0.2669880321626734), ('Synpo', 0.2726974680655246), ('Map2k3os', 0.9062554486365888), ('Psmb4', 0.4532080710622905), ('Epdr1', 0.3635596079755909), ('Atad3a', 1.621573056690676), ('Apoo', 0.1490616539567846), ('Rassf2', 0.2705416457448589), ('Grb10', 0.4068448928710841)]",4617
Zfp966,transfac_pro__M06039,0.11203174858552543,3.2794025969913827,0.0,0.540206,gene is orthologous to ENSG00000257446 in H. sapiens (identity = 54%) which is directly annotated for motif,"frozenset({'top50perTarget', 'activating', 'mm10_500bp_up_100bp_down_full_tx_v10_clust.genes_vs_motifs.rankings'})","[('Per3', 1.1639280855856404), ('Sun1', 0.2009710965229672), ('Rif1', 0.7749928000006499), ('Rab7b', 0.3651201199912091)]",375
Batf3,transfac_pro__M08803,0.07442397939381108,3.4713879685685405,0.000808,0.755906,motif similar to taipale_cyt_meth__BATF3_NRTGAYGTCAYN_eDBD ('BATF3 [bZIP]'; q-value = 0.000808) which is annotated for orthologous gene ENSG00000123685 in H. sapiens (identity = 75%),"frozenset({'weight>75.0%', 'activating', 'mm10_10kbp_up_10kbp_down_full_tx_v10_clust.genes_vs_motifs.rankings'})","[('Ctsc', 1.4171599256944705), ('H2-Eb1', 0.7676021030272879), ('Tm6sf1', 0.8363688426005264), ('Arpc3', 2.1925355439224545), ('H2-Aa', 0.914590114555116), ('Pex2', 2.2172678635699885), ('Ccdc88b', 2.173897038073154), ('Epsti1', 0.6814184789630017), ('Pkn1', 0.9077994155933644)]",459
Bhlhe41,homer__RTCATGTGAC_MITF,0.06756048190420447,3.0336436426513247,0.000377,0.756098,"gene is orthologous to ENSG00000123095 in H. sapiens (identity = 75%) which is annotated for similar motif cisbp__M5309 ('BHLHE41[gene ID: ""ENSG00000123095"" species: ""Homo sapiens"" TF status: ""direct"" TF family: ""bHLH"" DBDs: ""HLH""]'; q-value = 0.000377)","frozenset({'weight>75.0%', 'activating', 'mm10_10kbp_up_10kbp_down_full_tx_v10_clust.genes_vs_motifs.rankings'})","[('Tasp1', 0.5982382017196892), ('Ptpn4', 0.7096637088709878), ('Haus6', 0.9943221275020072), ('Fbxo8', 1.4963157354829155), ('Stk38l', 0.5750830026700203), ('Fastkd1', 0.4344783605005427), ('Clip1', 1.1456533267910345), ('Siah1a', 0.4822166772686935), ('Atg4b', 1.5073095281880944), ('Zfp644', 0.4809805260168983), ('Commd3', 0.4112931830946404), ('Atp5g2', 0.4365158187066654), ('Smpdl3a', 0.5445075759449123), ('Arfgef2', 0.9021376668894956), ('Elavl1', 0.53961569084238), ('Slc20a2', 1.665778775114245), ('Rbm18', 1.3958690292010645), ('Ndufb2', 0.6066259812130271), ('Tmem106b', 0.4660536750054972), ('Acot2', 1.4971255265736407), ('Ywhae', 0.5106944576838658), ('Fibin', 0.7138943304579155), ('Mien1', 1.3248487889772798), ('Tmem192', 0.7073100986450748), ('Sdhaf3', 0.5742018725940787), ('Npm3', 1.256023657512745), ('Chka', 0.5794138325650576), ('Usp16', 1.2238588820593246), ('Lig4', 0.4965774269228501), ('Oscp1', 0.5768090514559467), ('Ndc1', 1.0640427713550722)]",2420
Egr1,transfac_pro__M02281,0.05775614220233231,3.6015017289105185,0.00097,1.0,gene is annotated for similar motif hocomoco__EGR1_MOUSE.H11MO.0.A ('EGR1_MOUSE'; q-value = 0.00097),"frozenset({'weight>75.0%', 'activating', 'mm10_10kbp_up_10kbp_down_full_tx_v10_clust.genes_vs_motifs.rankings'})","[('Mbd5', 0.4833747336328176), ('Setd5', 0.4396938215000574), ('Adnp', 0.9373326479354336), ('Sbno1', 0.6797000542851701), ('Tiparp', 0.8743085228519055), ('Pabpc4l', 1.9763740188800003), ('Plxdc2', 0.5157696061639718), ('Chd4', 0.871413989144064), ('Has2', 2.2049070358405363), ('Smarca1', 0.4483508645710714), ('Sytl4', 0.4773570536539883), ('Smarca2', 0.9468342992437218), ('Lrfn1', 0.6051261871931147), ('Man1a', 0.4104214856232336), ('0610040F04Rik', 2.6255878358473077), ('Erf', 0.4673014659494465), ('Tcf3', 0.4885726628091282), ('Fndc3b', 0.4621293997722682), ('Ephb6', 0.4880653191808721), ('Dap3', 0.7449771507529297), ('Mpdz', 0.4655003927994134), ('Ggn', 0.6470531625923023), ('Fgfr1', 0.4343325659549131), ('Ncoa2', 0.9378539282513052), ('Olfm2', 0.481616466729213), ('Klf6', 2.3355470805562417), ('Gli1', 0.5254123144028261), ('1700008J07Rik', 0.4342140305683986), ('C430049B03Rik', 2.2916133395662155), ('Stat3', 2.7325719605223906), ('Yap1', 0.4548365183254269), ('Rab28', 1.226819466653544), ('Zfp36l1', 1.6853834488567592), ('Ptpn12', 0.5183257098777052), ('Pabpc1', 2.4881832539473674), ('Igdcc4', 0.5072161908239621), ('Maf', 1.0368322412776023), ('Txlng', 0.4708254444962605), ('Ccdc71l', 0.4501277267226862), ('Mettl15', 2.7532351514457543), ('Ilf3', 1.2244732982241977), ('Gria3', 0.6568845302517625), ('Tra2b', 0.8945408473007935), ('Tmem263', 0.4676482706213364), ('Picalm', 1.1524745056962369), ('Lrp1', 0.465273215839536), ('Fst', 0.778807169413177), ('Ptprt', 0.4608500587732467), ('Sash1', 1.326704427445378), ('Pcdh7', 0.932637383634127), ('Col1a2', 0.455304726079405), ('Egflam', 1.4578902286428663), ('Fah', 0.6810580759002011), ('Ccdc33', 0.5648006796372077), ('Dcun1d3', 0.5581789378723362), ('Adamts1', 1.715086452261951), ('Gas5', 1.195063785048859), ('Nfib', 1.5612903152142898), ('Tmem246', 0.4338404434497818), ('Arid3b', 1.0665434552062512), ('Unc5a', 2.4751752441399453), ('Cltc', 0.8269910293766775), ('Ryr1', 0.4907400273015292), ('Gli3', 1.3019161755568662), ('Klf4', 2.431567776604968), ('Msl1', 1.0537755760372616), ('Pdgfra', 0.4927168414614146), ('Ints6', 1.005548137151378), ('Nrep', 2.7527824826969898), ('Tmem200a', 1.5370147272589123), ('Twist1', 0.4114820218478216), ('Fos', 2.970393223034381), ('Paqr8', 0.4388318946279013), ('Tmtc3', 0.5206175922253949), ('B3glct', 1.147478278056813), ('Ank2', 1.4808735758682734), ('Zfp62', 2.848590786096834), ('Fhl2', 0.4671667409830961), ('Gon4l', 0.6511484894430398), ('Arhgap6', 1.022056488312748), ('Tnfaip8l3', 1.3405734188508494), ('Shf', 0.4136354405056475), ('Aplp2', 0.6669971204709095), ('Slfn5', 2.055352195825962), ('Ccni', 0.5446212202012628), ('Ppp1r18', 1.0371960043247674), ('Adam12', 0.9383405619117768), ('Hmgcs1', 1.205241432572296), ('Pcdh18', 3.7785193909285386), ('Cul2', 2.423338920593099), ('Ldb2', 1.0542154017993477), ('Adgrg2', 1.4115848595876073), ('Lsamp', 1.1535791961095103), ('Pbld2', 0.5002307805405943), ('Gls', 0.9779276041566932), ('Ar', 1.130096328695983), ('Ksr2', 1.0632721078028682), ('Top1', 1.3653296737163965), ('Abat', 1.4701995564040298), ('Zfp202', 0.5672540154934536), ('Zfp1', 0.9165797185386536), ('Nfkbiz', 0.9651011045330634), ('Idh1', 0.9181664742811438), ('Ddx3x', 1.2025880909016156), ('Cnot1', 1.3491551019545325), ('Cxxc5', 1.0746900511092248), ('AW549877', 1.7981981785448955), ('Arl13b', 0.5676042083267985), ('Prkacb', 0.5111847131997178), ('Ghr', 0.5036329172553154), ('Ttll7', 0.4218416868434042), ('Dlc1', 1.597481108833976), ('Mei4', 0.9281061449387218), ('Ube4b', 0.6904812577444677), ('Ankib1', 0.6733595449462275), ('Gpr27', 0.7148240162128086), ('Klf9', 1.236587866797715), ('Eef1a1', 1.5411595068276496), ('Sppl3', 1.1837934260948382), ('Abca1', 0.4597423221232277), ('Bcar3', 1.2420828871197322), ('Zfp523', 1.7470668444279869), ('Itga5', 0.8977796955690559), ('Dcaf6', 0.5353728243862965), ('Mfng', 0.9979136250795756), ('Stac2', 0.496112976789732), ('Stxbp1', 0.4188111761208102), ('Naga', 1.0977812485150371), ('Tnfaip3', 1.3377126641462278), ('Btg1', 2.714388324066818), ('Ptgs2', 0.4988788672100829), ('Frmd6', 1.2333508170272078), ('Slc2a9', 0.6285199693749216), ('Cxcl1', 1.2150436482200646), ('Dusp1', 4.098817755212398), ('Fnbp1', 0.4593469094959251), ('Zmynd11', 1.027835857667725), ('Smim13', 0.5836993745858989)]",2540
Etv3,hdpi__ETV4,0.0815741114248577,3.240171877880746,0.000214,0.146199,gene is orthologous to FBgn0005660 in D. melanogaster (identity = 14%) which is annotated for similar motif jaspar__MA0916.1 ('Ets21C'; q-value = 0.000214),"frozenset({'weight>75.0%', 'activating', 'mm10_10kbp_up_10kbp_down_full_tx_v10_clust.genes_vs_motifs.rankings'})","[('Kcmf1', 1.6742756856111136), ('Tsc22d2', 0.8239070655918365), ('Cul1', 1.4740813709858354), ('Fmr1', 0.8766932202862603), ('Syne2', 0.6259831934652832), ('Socs4', 1.3777360211868808), ('Polq', 0.9270806663459336), ('Ppp4c', 0.9792034193883016), ('Polr2m', 0.7426464631331893), ('Jade1', 0.5882222416629947), ('Ankib1', 0.5053968571571354), ('Casp8ap2', 1.822396678035036), ('Ccdc88a', 0.5109720680356955), ('Fancc', 0.7263097940743521), ('Etv3', 1.0), ('Srpr', 0.5348714946109392), ('Cask', 0.4488660599796244), ('Dpp8', 0.6435285051551016), ('Usp16', 0.4563284626802795), ('Mob1b', 0.5826280470929941), ('Rpf2', 1.060187209381793), ('Eif4ebp2', 0.6795757725809277), ('Tollip', 0.6254852235438629), ('Cpeb4', 0.5039783674813696), ('Pigq', 1.0108994072171968), ('Etfrf1', 1.2884366275365695), ('Trim37', 0.6378017837547258), ('Polk', 2.668619329491112), ('Vmp1', 1.2139831445212057), ('Mrps9', 1.2156510795049322), ('Igsf8', 1.310284420070528), ('Sept6', 1.3469903418069544), ('Ttc1', 1.6248611557336723), ('Dph5', 2.105019653828456), ('Ccnt1', 0.5055599748516505), ('Tssc4', 1.0062950451685089), ('Gtf2a1', 0.602839912615317), ('Tomm70a', 1.968871517609046), ('Shisa4', 0.505019555457919), ('Gtf3c2', 0.5666205214413189), ('Dhx16', 1.8488050180392668), ('Zbtb43', 1.6548382447972851), ('Ppp4r3b', 1.0335437758383692), ('Ldb1', 1.631034270056695), ('Tbce', 0.6117832279404055), ('Relt', 0.6901542912381758), ('Crispld1', 0.9528965021446176), ('Rmdn1', 1.6411445815741357), ('Gga2', 1.0313193657271902), ('Stk35', 1.4157140160559114), ('Trmt2a', 0.5429294063486048), ('Klhl7', 1.1266734714918507)]",3863
Etv3,hdpi__ELF2,0.08731679440634664,3.6074988111964243,0.000145,0.146199,gene is orthologous to FBgn0005660 in D. melanogaster (identity = 14%) which is annotated for similar motif jaspar__MA0916.1 ('Ets21C'; q-value = 0.000145),"frozenset({'weight>75.0%', 'activating', 'mm10_10kbp_up_10kbp_down_full_tx_v10_clust.genes_vs_motifs.rankings'})","[('Cul1', 1.4740813709858354), ('Ankib1', 0.5053968571571354), ('Vmp1', 1.2139831445212057), ('Ccdc88a', 0.5109720680356955), ('Tbce', 0.6117832279404055), ('Kcmf1', 1.6742756856111136), ('Rpf2', 1.060187209381793), ('Tsc22d2', 0.8239070655918365), ('Ppp4c', 0.9792034193883016), ('Atxn7', 1.1456597161668545), ('Socs4', 1.3777360211868808), ('Gtf2a1', 0.602839912615317), ('Dph5', 2.105019653828456), ('Rmdn1', 1.6411445815741357), ('Gtf3c2', 0.5666205214413189), ('Dpp8', 0.6435285051551016), ('Polq', 0.9270806663459336), ('Cpeb4', 0.5039783674813696), ('Gpr85', 0.4816753593773523), ('Man2c1', 1.356722990764405), ('Fmr1', 0.8766932202862603), ('Dhx16', 1.8488050180392668), ('Polr2m', 0.7426464631331893), ('Ppp4r3b', 1.0335437758383692), ('Polk', 2.668619329491112), ('Sdhaf2', 0.5789628247404935), ('Etv3', 1.0), ('Tomm70a', 1.968871517609046), ('Mob1b', 0.5826280470929941), ('Etfrf1', 1.2884366275365695), ('Casp8ap2', 1.822396678035036), ('Zbtb43', 1.6548382447972851), ('Mrps9', 1.2156510795049322), ('Usp16', 0.4563284626802795), ('Ccnt1', 0.5055599748516505), ('Tollip', 0.6254852235438629), ('Borcs6', 1.0446137639152115), ('Tmem260', 1.657190319190896), ('Gtf2e2', 0.6099507662374823), ('Isca1', 0.4455170080690218), ('Eif4ebp2', 0.6795757725809277), ('Rev1', 0.633309465734494), ('1110051M20Rik', 1.5668786558183925), ('Asnsd1', 1.1072745008952234), ('Cept1', 0.895224946286537), ('Ints6', 0.5647964610912025), ('Ccdc115', 0.5634442649074012), ('Aldh16a1', 2.393136866006959), ('Ubl3', 0.5706763871431267), ('Srpr', 0.5348714946109392), ('Ttc1', 1.6248611557336723), ('Rnf182', 0.8958798390998867), ('Mex3d', 0.5281940055025022), ('Csrp1', 0.5274120769693552), ('Apeh', 1.993322536830664), ('Crispld1', 0.9528965021446176), ('Fam53a', 0.5340921580246942), ('Dcaf4', 0.5935860856552925), ('Shisa4', 0.505019555457919), ('Cask', 0.4488660599796244), ('BC005561', 1.418455110529142), ('Fancc', 0.7263097940743521)]",4744
Etv4,taipale_tf_pairs__HOXB2_ETV4_ACCGGAAATGAN_CAP,0.07480314960629922,3.250439558558421,0.0,0.92562,motif is annotated for orthologous gene ENSG00000175832 in H. sapiens (identity = 92%),"frozenset({'weight>75.0%', 'activating', 'mm10_10kbp_up_10kbp_down_full_tx_v10_clust.genes_vs_motifs.rankings'})","[('Appl1', 0.5560659781372168), ('Mios', 1.5211473302271667), ('Hbegf', 1.00483059809462), ('Rae1', 0.5960400456102547), ('Atp11b', 0.81405111758659), ('Ndnf', 1.3188393078306433), ('Cds2', 0.4860886349105742), ('Klhl23', 1.0605638267465738), ('Ankib1', 0.4984897379034542), ('Akirin2', 1.2914383112604022), ('Rcc1', 0.4688916972044359), ('Snhg20', 0.7119746643444713), ('Cacnb2', 1.7603492694759637), ('Eif2ak4', 1.4065076845865832), ('Camsap2', 0.8369086266039973), ('Dab2', 0.7623649665802137), ('Satb1', 0.4161574998343441), ('Snx8', 1.6899218593982512), ('Psma1', 0.7995188781978213)]",1313
Etv5,hdpi__ELF2,0.0584937630687144,3.0088860666852937,8.4e-05,1.0,"gene is annotated for similar motif cisbp__M0698 ('ENSMUSG00000044690[gene ID: ""ENSMUSG00000044690"" species: ""Mus musculus"" TF status: ""inferred"" TF family: ""Ets"" DBDs: ""Ets""]; Ets2[gene ID: ""ENSMUSG00000022895"" species: ""Mus musculus"" TF status: ""inferred"" TF family: ""Ets"" DBDs: ""Ets""]; Etv2[gene ID: ""ENSMUSG00000006311"" species: ""Mus musculus"" TF status: ""inferred"" TF family: ""Ets"" DBDs: ""Ets""]; Etv5[gene ID: ""ENSMUSG00000013089"" species: ""Mus musculus"" TF status: ""direct"" TF family: ""Ets"" DBDs: ""Ets""]; Fev[gene ID: ""ENSMUSG00000055197"" species: ""Mus musculus"" TF status: ""inferred"" TF family: ""Ets"" DBDs: ""Ets""]'; q-value = 8.37e-05)","frozenset({'weight>75.0%', 'activating', 'mm10_10kbp_up_10kbp_down_full_tx_v10_clust.genes_vs_motifs.rankings'})","[('Rbbp8', 0.983418283857752), ('Atg16l1', 0.902457838461092), ('Thumpd3', 0.4518125155499468), ('Csnk1g3', 2.455719337968821), ('Zbtb2', 0.9389436682608342), ('Zfp709', 0.4327254333269276), ('Mief1', 1.538859745347832), ('Gtf2a1', 0.55094462426359), ('Pcyt1a', 2.697896416994475), ('Lonp2', 0.4468407578573979), ('Baz1a', 0.4389290853178521), ('Ccdc91', 0.6717191781346334), ('Utp14a', 0.9047159461772308), ('Hccs', 0.5021234381102518), ('Ddx24', 1.39219372745895), ('Vps13a', 0.8493942797543804), ('Dock8', 0.6012722277544612), ('Vps4b', 0.4769374766056424), ('Emc4', 2.1809887247275275), ('Polr3h', 0.7366939337557211), ('Kpna4', 0.4363410831017594), ('Syf2', 0.8490868136830667), ('Rbm27', 0.4395668603708829), ('Prorsd1', 0.991775575110912), ('Timm10', 0.4921979302875072), ('Gspt1', 0.8002240419564597), ('Lsm5', 0.7432654415480072), ('Magi1', 0.4427373228199785), ('Galk2', 1.6275498634680858), ('Psmf1', 0.6557669366055592), ('Atp1b3', 0.4258842894535101), ('Zfp131', 0.7181597567243356), ('Hnrnph3', 0.4373130331119017), ('Gapvd1', 1.0663454094077331), ('Enox2', 0.51901875407812), ('Atg16l2', 2.256722295586852), ('Tomm22', 0.4667718304426942), ('Ada', 0.8250447141199485), ('Fbxl12', 0.5822059418333387), ('Reps1', 0.5641708882511106), ('Hmgn5', 0.523476253019984), ('D8Ertd738e', 0.4789190710545027), ('Ncbp1', 1.015853095599661), ('Nifk', 0.9339384232584946), ('Htatsf1', 1.9703889097343976), ('Fbxl3', 0.9103158331415062), ('Commd2', 0.4989706225899956), ('Dlst', 0.4439009277053847), ('Zfp119b', 0.6828167159834445), ('Gnb1', 0.4877640354562689), ('Gtf2b', 1.269767781673088), ('Tcaim', 3.7903230182996657)]",3346
Etv5,taipale_tf_pairs__ETV5_EOMES_TNRCACCGGAWN_CAP,0.06698842742807701,3.8533826122109964,0.0,0.954902,gene is orthologous to ENSG00000244405 in H. sapiens (identity = 95%) which is directly annotated for motif,"frozenset({'weight>75.0%', 'activating', 'mm10_10kbp_up_10kbp_down_full_tx_v10_clust.genes_vs_motifs.rankings'})","[('Gsc', 1.004993632437304), ('Ada', 0.8250447141199485), ('Etv5', 1.0), ('Ptbp2', 0.6505012110787991), ('Dlst', 0.4439009277053847), ('Fbxl14', 0.4301994558992049), ('Dolpp1', 1.4527579863423823), ('Zfpm1', 0.7462982850120791), ('Fbxl12', 0.5822059418333387), ('Bean1', 0.9011075208134154)]",365
Fli1,hdpi__ETV4,0.07740121447898353,3.265246565460963,0.000406,1.0,gene is annotated for similar motif homer__NRYTTCCGGH_Fli1 ('Fli1(ETS)/CD8-FLI-ChIP-Seq(GSE20898)/Homer'; q-value = 0.000406),"frozenset({'weight>75.0%', 'activating', 'mm10_10kbp_up_10kbp_down_full_tx_v10_clust.genes_vs_motifs.rankings'})","[('Fndc3a', 0.5967611630238802), ('Fnip1', 0.4353779500954384), ('Prrc2c', 0.671799154566038), ('Sypl', 0.7525484293983193), ('Ube2n', 0.5604172078883635), ('Sacm1l', 0.5724969159555947), ('Zfand5', 0.5882893665450146), ('Abi2', 2.2569265557500877), ('Hnrnpc', 0.7225052901067006), ('Fgd4', 0.5105509505054748), ('Bicd1', 1.0473459913004657), ('Insig2', 0.5897230633695125), ('Ssbp1', 0.6867436627176596), ('Pak2', 0.447956150104266), ('Abcb1b', 0.7944422810901647), ('Dnm1l', 0.6055796263177466), ('Pno1', 0.8612559086484133), ('Spice1', 1.092855037667117), ('Ero1l', 1.4933626463107672), ('Pgm2l1', 0.423005050083341), ('Lpxn', 0.7123458003756485), ('Blcap', 0.7654175312467997), ('Psma6', 1.4351729258654935), ('Nmd3', 1.1114298247561971), ('Oma1', 0.906333926936553), ('Ppargc1b', 0.7033143547111695), ('Bcas2', 0.4726575297987079), ('Chd6', 0.8323885696908861), ('Lamtor3', 1.3505341091438254), ('Vezf1', 0.440762768639293), ('Frmd5', 1.1377103690895396), ('Topbp1', 1.0616808289840935), ('Yars2', 0.6265262458503622), ('Zc3h7b', 0.5211469268435357), ('Ppp1r18', 0.6759734333477265), ('Bnip2', 0.5999384215460825)]",2293
Fli1,hdpi__ELF2,0.07914687215551316,3.3916326103348284,8.2e-05,1.0,gene is annotated for similar motif homer__NRYTTCCGGH_Fli1 ('Fli1(ETS)/CD8-FLI-ChIP-Seq(GSE20898)/Homer'; q-value = 8.21e-05),"frozenset({'weight>75.0%', 'activating', 'mm10_10kbp_up_10kbp_down_full_tx_v10_clust.genes_vs_motifs.rankings'})","[('Zfand5', 0.5882893665450146), ('Chd6', 0.8323885696908861), ('Ube2n', 0.5604172078883635), ('Pak2', 0.447956150104266), ('Lpin2', 1.5330379630826734), ('Smo', 0.4596964762455485), ('Dnm1l', 0.6055796263177466), ('Bnip2', 0.5999384215460825), ('Prdm5', 0.5246558416536418), ('Sacm1l', 0.5724969159555947), ('Fnip1', 0.4353779500954384), ('Hnrnpc', 0.7225052901067006), ('Vezf1', 0.440762768639293), ('Bicd1', 1.0473459913004657), ('Pno1', 0.8612559086484133), ('Psma6', 1.4351729258654935), ('Topbp1', 1.0616808289840935), ('Por', 0.5911545327549454), ('Sypl', 0.7525484293983193), ('Senp1', 0.93083913734419), ('Dcaf8', 0.4453392146617744), ('Ptges3', 1.0939538759669267), ('Kmt2a', 0.4946168660470515), ('Stip1', 0.5822861579465028), ('Nmd3', 1.1114298247561971), ('Prrc2c', 0.671799154566038), ('Fgd4', 0.5105509505054748), ('Ankrd40', 1.042436188827096), ('Fem1b', 0.7248223089009811), ('Ctnnb1', 0.7757222394490721), ('Nedd1', 0.6389810222019067), ('Nrbf2', 1.360673273891324)]",2021
Hdac2,transfac_pro__M04866,0.0646311819895954,3.0716413279370856,0.0,0.995902,gene is orthologous to ENSG00000196591 in H. sapiens (identity = 99%) which is directly annotated for motif,"frozenset({'weight>75.0%', 'activating', 'mm10_10kbp_up_10kbp_down_full_tx_v10_clust.genes_vs_motifs.rankings'})","[('Mb21d2', 1.575110671595105), ('Pacsin1', 0.5573115664234924), ('Dedd', 1.5419084687652402), ('Cln8', 1.146310605612746), ('Clcf1', 0.4774319706086818), ('Gli1', 0.6088911116544928), ('Pym1', 0.7525340696662695), ('Slc45a4', 0.4441982071959214), ('Dgka', 3.790380827265776), ('Lrfn1', 0.5466662069109788), ('Efhb', 0.8224707881221741), ('Dhrs3', 1.5536417094069368), ('Fam219b', 1.259431475512606), ('Msrb3', 1.1196559413897302), ('Ints13', 1.6418862235076876), ('Sfxn5', 0.4695796203821891)]",771
Hmga1,tfdimers__MD00229,0.14277969128715398,4.049290955967043,0.0,0.962617,gene is orthologous to ENSG00000137309 in H. sapiens (identity = 96%) which is directly annotated for motif,"frozenset({'weight>75.0%', 'activating', 'mm10_10kbp_up_10kbp_down_full_tx_v10_clust.genes_vs_motifs.rankings'})","[('Myo18a', 0.5987362868611024), ('Rnf44', 1.021177699924609), ('Ephb3', 0.8410825893193898), ('Hmga1', 1.0), ('Jade1', 1.1752608513423437)]",564
Hoxc8,transfac_pro__M07421,0.06200839378526363,3.0007450026744853,0.0,1.0,gene is directly annotated,"frozenset({'weight>75.0%', 'activating', 'mm10_10kbp_up_10kbp_down_full_tx_v10_clust.genes_vs_motifs.rankings'})","[('Peg10', 0.6121933607244369), ('Ptbp2', 0.7834901607287137), ('Jag1', 0.4420264315998524), ('Lbp', 0.8539865752590451), ('Dab1', 0.6583280824397927), ('Tmem229b', 0.457327914196338), ('Tbk1', 0.5712835199856016), ('Alx4', 1.5444438411611654), ('C1qtnf1', 1.658318314469445), ('Cbx8', 0.453727378214505), ('Tshz1', 0.4423943007200211), ('Ing1', 0.5353550709292563), ('Wasf3', 2.7548307932245804)]",564
Klf9,transfac_pro__M07461,0.06683035041243997,3.059164147326903,0.0,0.967213,gene is orthologous to ENSG00000119138 in H. sapiens (identity = 96%) which is directly annotated for motif,"frozenset({'weight>75.0%', 'activating', 'mm10_10kbp_up_10kbp_down_full_tx_v10_clust.genes_vs_motifs.rankings'})","[('Kat6b', 0.4357259653584777), ('Gphn', 0.6067118944574973), ('Ino80d', 0.5285560153525924), ('Pigp', 0.443839940501513), ('Atxn1', 0.5113786462506699), ('Dleu2', 0.6861823347520903), ('Zfr', 0.860128261299032), ('Ubap2l', 2.1005568723042995), ('Pabpc4l', 0.447477687998592), ('Nemp1', 0.6047115080313301), ('Spaca6', 0.8713875402713823), ('Lncpint', 0.7688920985487251), ('Cnot6', 1.0935124645093603), ('Ube2r2', 1.2993345061688402), ('Ppfibp1', 0.8109948703580792), ('Hivep2', 0.4693966482366495), ('Rbpj', 1.5986817074466189), ('Pura', 1.2723193693497064), ('Nckap5l', 1.1627480031278905), ('Ezh2', 0.4314512140915028), ('Dap3', 1.6747304076303364), ('Sertad2', 0.4911176156821886), ('Ifi44', 0.7940309799696236), ('Usp24', 0.4194802705086933), ('Klf6', 1.14112899818781), ('Hipk3', 0.4533730502712955), ('Ehbp1', 0.5313763455236427), ('Jade3', 0.6250187881978392), ('Stat3', 1.8669444501871808), ('Tcf4', 0.4632057452170146), ('P4ha1', 0.719699340984154), ('Mgat1', 0.988901382082104), ('Enox1', 0.6012850598427882), ('Ywhag', 1.1000163692107945), ('Nufip2', 0.9036443823995072), ('Nfx1', 1.9401109508588223), ('Picalm', 0.5629149479723848), ('G3bp2', 0.4542003193255434), ('2610002M06Rik', 0.4677252776132636), ('Dedd', 0.5984173059745833), ('Arhgef9', 1.2948878793157306), ('Larp4', 1.5286906607336352), ('Pbx1', 0.5317587477236702), ('Kmt2d', 1.2986758783649366), ('Spred1', 1.1310425572854357), ('Zfp91', 0.5703182704383831), ('Zbtb7a', 0.4845052642866077), ('Rap2c', 0.9197216240398663), ('Tmem28', 0.4666171567725148), ('Arid5b', 0.9397850835725852), ('Arhgap21', 0.867182331988081)]",878
Max,taipale_tf_pairs__GCM1_MAX_CACGTGNNNGCGGGY_CAP,0.06685979385771564,3.586848132648605,0.0,0.99375,gene is orthologous to ENSG00000125952 in H. sapiens (identity = 99%) which is directly annotated for motif,"frozenset({'weight>75.0%', 'activating', 'mm10_10kbp_up_10kbp_down_full_tx_v10_clust.genes_vs_motifs.rankings'})","[('Supt16', 1.1025861356705264), ('Cwc15', 2.0399123222224773), ('Manbal', 0.7244268331987563), ('Zfp947', 0.67673265325803), ('Insig2', 0.4629782287718694), ('1810058I24Rik', 1.2925755890579265), ('Saraf', 0.9678485221646668), ('Slc7a7', 0.439151582511179), ('Dhx8', 1.650796511655637), ('Zfp672', 1.709230049538509), ('Ddit3', 0.8768628988004088), ('Snw1', 1.4129580629381917), ('Mien1', 1.455753039768362)]",729
Max,taipale_tf_pairs__TFAP2C_MAX_TNSCCNNNGGSNNNCACGTGN_CAP_repr,0.06940508428322523,3.820374162499613,0.0,0.99375,gene is orthologous to ENSG00000125952 in H. sapiens (identity = 99%) which is directly annotated for motif,"frozenset({'weight>75.0%', 'activating', 'mm10_10kbp_up_10kbp_down_full_tx_v10_clust.genes_vs_motifs.rankings'})","[('Cpeb2', 1.0081357347873223), ('Gpi1', 0.7303093132241237), ('Vapa', 0.4569968550430002), ('Cops7a', 1.9094977588974773), ('Sh3rf1', 0.6609647554063318), ('Ppp4r2', 0.808769108920531), ('Tet2', 0.784228287481298), ('Aatf', 0.6734098648396143), ('Adam32', 0.499269423771119), ('Anp32b', 0.482354232081839), ('Rfx3', 0.8959797629280357), ('Upf3b', 0.4393419070480283), ('Tmed5', 1.6388928494850443)]",539
Meis1,taipale_tf_pairs__MEIS1_ELF1_NTGCCGGAAGTN_CAP_repr,0.0779064874631816,4.540784628495878,0.0,0.971795,motif is annotated for orthologous gene ENSG00000143995 in H. sapiens (identity = 97%),"frozenset({'weight>75.0%', 'activating', 'mm10_10kbp_up_10kbp_down_full_tx_v10_clust.genes_vs_motifs.rankings'})","[('Mmachc', 0.9333052484674688), ('Atg101', 0.7063194678945208), ('Ncdn', 1.7678043303447888), ('6030443J06Rik', 1.5069154320243257), ('Tmem91', 0.4308800467257287), ('Prickle2', 0.9651634615394532), ('Dysf', 2.3375884242306486), ('Atxn7l3', 2.0993819261966453), ('C1qtnf2', 0.4225507775098626), ('Meis1', 1.0), ('Tnfrsf1b', 0.9852060592681174), ('Cln5', 1.1938605504349056), ('Dennd5a', 0.4869595340731475), ('Nbas', 1.0528490539628326), ('Apbb1ip', 0.4337492867058977), ('Sec22a', 0.5949924182006879), ('Eml1', 0.6758926323163378), ('Psmg3', 0.5115804556687763), ('Rin3', 1.0564821704947522), ('Rpgr', 0.728212749783045), ('B230354K17Rik', 0.5183456489405244), ('Tbccd1', 0.7937931457331393), ('Parp4', 0.9027738326234916), ('Apex2', 0.6353578846473246), ('Clns1a', 0.5524944786219629), ('Tmem208', 0.6838958664859287), ('Clybl', 4.611686381070887)]",1870
Prdm16,transfac_pro__M05962,0.06652174562622323,3.4697790777829955,0.0,0.880784,gene is orthologous to ENSG00000142611 in H. sapiens (identity = 88%) which is directly annotated for motif,"frozenset({'weight>75.0%', 'activating', 'mm10_10kbp_up_10kbp_down_full_tx_v10_clust.genes_vs_motifs.rankings'})","[('Bcorl1', 1.098029325456891), ('Per1', 0.5777048774630826), ('Tnip1', 0.6703285765640111), ('Tceal8', 0.6966807503869619), ('Zfas1', 0.5946825841475406), ('Plxna2', 0.5704847636963343), ('Fgd4', 0.4704622442523834), ('Birc3', 0.6974470647779875)]",376
Sp3,hocomoco__KLF13_HUMAN.H11MO.0.D,0.06861709153348303,3.5850096029864424,0.000213,0.966709,motif similar to taipale_cyt_meth__SP3_NRCCMCGCCCMYN_eDBD ('SP3 [Znf_C2H2]'; q-value = 0.000213) which is annotated for orthologous gene ENSG00000172845 in H. sapiens (identity = 96%),"frozenset({'weight>75.0%', 'activating', 'mm10_10kbp_up_10kbp_down_full_tx_v10_clust.genes_vs_motifs.rankings'})","[('4732471J01Rik', 2.3221813073118964), ('S100pbp', 1.881346768120645), ('Ddhd1', 1.4150391236477355), ('Ano10', 0.4104410786593327), ('Nrg4', 0.7163264960762509), ('Lamtor5', 1.105861842214085), ('Pfn2', 1.0427347425620628), ('Psen2', 0.8888610266897166), ('Zhx1', 0.4640462243550837), ('Lrrc42', 1.106155469999078), ('Prkar2b', 0.6393926687989847), ('Ppfibp1', 0.6437076267179608), ('Rnf7', 0.4542384639753176), ('Rere', 0.4241908802050356), ('Gnl3l', 0.5480280902376872), ('Per3', 1.199012159100436), ('Txnl4a', 0.7894832407539223), ('Gas5', 0.8945896907368038), ('Kdm4c', 0.6784835179546773), ('Ggnbp2', 1.2654913898660396), ('Erf', 1.773790875720022), ('Atp23', 0.8317791863488395), ('Ints13', 0.4104928734157795), ('Zfp91', 0.4104253941444637), ('Rnf152', 1.699527139434838), ('Rap1gap', 0.9605148477348504), ('Cand1', 0.5308038754574377), ('Zdhhc5', 0.9239781564918008), ('Rab2b', 1.0294474210242788), ('Tmem135', 1.0706663033174872), ('Spata6', 0.4723429542519115), ('Drp2', 3.4827610242426426), ('Kdm3a', 1.0511112958515063), ('Ncam1', 0.4560613450446591), ('Wipf2', 0.7588760196166917), ('Clk2', 0.8139092561395632), ('Dlg4', 0.8682802298024386), ('Zbtb1', 1.0473687638633784), ('Txndc5', 1.8455814461018023), ('Nectin3', 3.0005846476781843), ('Slc25a20', 0.6877808026409405), ('Rrp8', 0.6642775925765813), ('Rictor', 0.4582006335857489), ('Nop10', 0.5473957064356322), ('Fzd5', 0.5092523687390234), ('Mcm2', 0.9633348146036184), ('Kpnb1', 0.4281343214406048), ('Rbbp6', 0.4912158734976958), ('Fancl', 1.8003098210568127), ('Prpf8', 0.509567391716231), ('Nxf1', 1.0439434954578934), ('Sept5', 0.8321135056851551), ('Zfp606', 0.4410245716371341), ('Tnpo1', 0.454134606122563), ('Samd9l', 0.5224979947400328), ('Mcm6', 1.2752442954421), ('Chchd6', 0.5657628510803812), ('Arglu1', 1.192636033271972), ('Slc25a13', 0.4133580508212922), ('Dpy19l1', 1.787216901659278), ('Grid1', 0.4109450799165096), ('Rgl3', 0.510633226810456), ('Mdm1', 0.4862864245482767), ('2810021J22Rik', 0.8979440984554621), ('Nfyb', 0.55379675431367), ('Nap1l1', 1.13971488182653), ('Trip13', 0.4749034057703634), ('Srsf3', 0.5084611598871621), ('Tgfbrap1', 1.6600391168012854), ('Smap1', 0.7227062983246298), ('Sfxn2', 0.4918412082330295), ('Tsta3', 0.508975235516779), ('Ooep', 0.7306705517528681), ('Nfxl1', 1.726790765679867), ('Echdc3', 1.2015143026833834), ('Aftph', 0.4732105234598069), ('Plekha3', 0.65314626697545), ('Cdc5l', 0.5532870933101316), ('Naa30', 1.2115092236808105), ('Slc10a3', 0.8192066731371489), ('Spc24', 0.4845257348547037), ('Sertad4', 0.6948553936227257)]",4999
Spi1,tfdimers__MD00186,0.05756448111744799,3.0553098237720557,0.0,0.870849,motif is annotated for orthologous gene ENSG00000066336 in H. sapiens (identity = 87%),"frozenset({'weight>75.0%', 'activating', 'mm10_10kbp_up_10kbp_down_full_tx_v10_clust.genes_vs_motifs.rankings'})","[('Plbd1', 0.6550474528054283), ('Ube2q1', 0.69686806852619), ('Cdk4', 2.793479322095349), ('Mcfd2', 2.7571122327016107), ('Ly86', 0.6686847780571619), ('Lrrc58', 0.5221235168900165), ('Cd83', 2.6151891274600594), ('Csf1r', 3.134035457168654), ('Smoc1', 0.5469705835027291), ('Mrc1', 1.8241071072079744), ('Slc15a4', 0.8942227546451221), ('Mcm3', 0.4497386509576406), ('Cd300a', 1.132842274098132), ('Commd8', 0.6564541436309375), ('Tank', 0.6183593908343701), ('Sirpa', 0.5355750861363784), ('Yipf6', 1.304830321066824), ('Tcf25', 0.4972325844988554), ('Patz1', 0.5974111422346268), ('Ube2e3', 1.0132041456964915), ('Vwf', 1.217966396914466), ('Hacd4', 0.7718868534340837), ('Rangap1', 1.64843219767637), ('Stard3nl', 0.9776906940059832), ('Lgmn', 0.6877218803731839), ('Slc38a1', 0.8574398570243204), ('Rbm28', 0.7094776203224351), ('C3ar1', 0.4211956374520398), ('Sec11c', 2.031759319266744), ('Lair1', 0.839644643592347), ('Susd3', 0.8558665578391852), ('C1qa', 2.835465024220328), ('Ptpro', 0.8907485485626925), ('Unc93b1', 1.6859327374907571), ('Wipf1', 0.6029297725471446), ('Cdkn2a', 2.0399636179714244), ('Mef2c', 1.9972302845176215), ('Pak2', 3.390055359173605), ('Serpinb6a', 0.4881856396482332), ('Mef2a', 2.3740181018596185), ('Lat2', 0.5549898681078989), ('Iqgap2', 1.2242699224678035), ('Cln6', 0.5767465412882062), ('Ccl12', 0.5800932475852024), ('Lcp2', 1.1964880508102689)]",1995
Taf7,tfdimers__MD00018,0.06735003145193573,3.332741364995302,0.0,0.950147,gene is orthologous to ENSG00000178913 in H. sapiens (identity = 95%) which is directly annotated for motif,"frozenset({'weight>75.0%', 'activating', 'mm10_10kbp_up_10kbp_down_full_tx_v10_clust.genes_vs_motifs.rankings'})","[('Med14', 0.4894179488902984), ('Zfyve9', 0.5328358444989487), ('Oser1', 0.9385206366705376), ('Zfp592', 0.5511595327380274), ('Rer1', 0.7382758584206792), ('Gtpbp4', 0.462102733166455), ('Cnst', 0.6032883903534232), ('Sp2', 0.8473396324284175), ('Cdc27', 0.4175243735227602), ('Disp1', 0.5258681684343596)]",514
Tbx15,homer__GGGGGGGG_Maz,0.08145413284454918,3.458496172720261,0.000713,0.986711,gene is orthologous to ENSG00000092607 in H. sapiens (identity = 98%) which is annotated for similar motif hocomoco__TBX15_HUMAN.H11MO.0.D ('TBX15_HUMAN'; q-value = 0.000713),"frozenset({'weight>75.0%', 'activating', 'mm10_10kbp_up_10kbp_down_full_tx_v10_clust.genes_vs_motifs.rankings'})","[('Phf21a', 0.612234751232339), ('Auts2', 0.8132619825990799), ('Usp32', 0.4986540876028889), ('Xpo7', 0.4282535082366278), ('Hmbox1', 2.1702330980910087), ('Kmt2a', 2.3212688521385063), ('Kcnt2', 1.0150681853308212), ('Ube2r2', 1.6831330465300434), ('Tceal9', 2.2081369605772645), ('Rsf1', 2.180158767033255), ('Magi3', 0.7532341588891326), ('Pkn2', 0.5698192460239297), ('Trip12', 0.4522486644588633), ('Asxl1', 0.81232165990402), ('Mast4', 0.6293778438660373), ('Mrpl3', 0.4508764802485696), ('Acvr2a', 1.012395374825913), ('Vps54', 1.044111110009787), ('Cdyl2', 1.3934180355314658), ('Ndfip2', 0.5313440977126673), ('Stag1', 0.4138214591133538), ('Amotl1', 0.6603601624554354), ('Setbp1', 0.4900358418175394), ('Chd2', 0.592116056725981), ('Ldb2', 0.6924851931761917), ('Ammecr1', 0.9210531225321076), ('Ebf1', 0.5460586381075814), ('Fmn1', 2.05412101682894), ('Fam135a', 1.218142644694813), ('Irs1', 0.7349108517658188), ('Ppfia3', 0.6231463982040669), ('Slit3', 0.510722530022197), ('Atxn1', 0.8606133117823158), ('Diaph2', 0.4215170903981449), ('Zfpm2', 0.769572087146605), ('Sash1', 0.8011216781005928), ('Arid5b', 0.4563031722638495), ('Trabd2b', 1.209854239066147), ('Peli2', 1.0069857257479486), ('Ptpn12', 0.826492686012337), ('Zfp652os', 0.5583760797422276), ('Lnpep', 0.468344958493764)]",577
Tead4,taipale_tf_pairs__TEAD4_FOXI1_GGWATGYGTMAACA_CAP_repr,0.1414455500276396,3.9122284843483763,0.0,0.9274,gene is orthologous to ENSG00000197905 in H. sapiens (identity = 92%) which is directly annotated for motif,"frozenset({'weight>75.0%', 'activating', 'mm10_10kbp_up_10kbp_down_full_tx_v10_clust.genes_vs_motifs.rankings'})","[('Pde11a', 0.8636142029978527), ('Mmd', 1.7737946271687677), ('Bcor', 0.7992763396366416), ('Ksr1', 0.4947468079205252), ('Tpbgl', 1.4699616299470433)]",812
Zfp513,transfac_pro__M05535,0.061148890655205235,3.1469667375058794,0.0,0.950092,gene is orthologous to ENSG00000163795 in H. sapiens (identity = 95%) which is directly annotated for motif,"frozenset({'weight>75.0%', 'activating', 'mm10_10kbp_up_10kbp_down_full_tx_v10_clust.genes_vs_motifs.rankings'})","[('Casd1', 0.6100249487285), ('Slc25a16', 0.9782620944684168), ('Spg20', 1.0985900149954564), ('Tgif1', 0.4866872265167342), ('Map1a', 0.7058506714548924), ('Rprd2', 0.7735542821428717), ('Prmt7', 0.6016878124628975), ('Pde4b', 0.5394663355492907), ('Zswim6', 1.2311176373406647)]",311
Zfp568,transfac_pro__M06896,0.08901515151515152,4.254199561741111,0.000255,0.428279,motif similar to transfac_pro__M06258 ('V$ZNF345_03: ZNF345'; q-value = 0.000255) which is annotated for orthologous gene ENSG00000251247 in H. sapiens (identity = 42%),"frozenset({'weight>75.0%', 'activating', 'mm10_10kbp_up_10kbp_down_full_tx_v10_clust.genes_vs_motifs.rankings'})","[('Syde2', 0.5616080701401931), ('Traf6', 0.7404268883535321), ('Mrps27', 0.5942936875754943), ('Arhgef18', 0.5274988769070322), ('Xab2', 0.5204654081182274), ('Map3k1', 0.6153751754704085), ('Brox', 2.188636699330983), ('Zbtb41', 0.4521748814541189), ('Ubfd1', 0.5686101013273698), ('Dlg2', 0.7877956925591347)]",616
Zfp568,transfac_pro__M06258,0.0743441881501583,3.2106019476818144,0.0,0.428279,motif is annotated for orthologous gene ENSG00000251247 in H. sapiens (identity = 42%),"frozenset({'weight>75.0%', 'activating', 'mm10_10kbp_up_10kbp_down_full_tx_v10_clust.genes_vs_motifs.rankings'})","[('Bicdl1', 0.9779879961457252), ('Dnmt3b', 1.4132735078745704), ('Ptger2', 1.452936143439666), ('Aars', 0.5961588862156513), ('Mapk9', 0.625776047270129), ('Vwa5a', 1.710992467506955), ('Stard10', 0.5498293510499426), ('Scai', 2.1306657901025243)]",400
Atf1,tfdimers__MD00119,0.08058740115845892,3.0485572685125084,0.0,0.918216,gene is orthologous to ENSG00000123268 in H. sapiens (identity = 91%) which is directly annotated for motif,"frozenset({'weight>90.0%', 'activating', 'mm10_10kbp_up_10kbp_down_full_tx_v10_clust.genes_vs_motifs.rankings'})","[('Tbcel', 0.917510344945006), ('Synj1', 0.9598061736017264), ('Apmap', 1.4662204732731656), ('Agap1', 1.0487817211729256), ('Sgf29', 1.0250508148435669), ('Hoxd3os1', 1.018608841407157), ('Chpt1', 1.069887654701799), ('Bcat1', 2.1535815211051843), ('Zfp808', 0.888986893812355), ('Rfk', 1.156703386599943), ('Akr1b8', 0.8899858543293553), ('Gm14322', 0.9517071489626658)]",1194
Batf3,transfac_pro__M08803,0.1209025793020712,4.861000218678157,0.000808,0.755906,motif similar to taipale_cyt_meth__BATF3_NRTGAYGTCAYN_eDBD ('BATF3 [bZIP]'; q-value = 0.000808) which is annotated for orthologous gene ENSG00000123685 in H. sapiens (identity = 75%),"frozenset({'weight>90.0%', 'activating', 'mm10_10kbp_up_10kbp_down_full_tx_v10_clust.genes_vs_motifs.rankings'})","[('Batf3', 1.0), ('Aif1', 2.084824216688143), ('Stxbp2', 1.2600517921555592), ('Fcgr3', 2.0446590018712283), ('Slc6a6', 1.8427790261331267), ('Ube2e3', 1.1667967190261574)]",773
Bhlhe40,homer__NCCACGTG_c-Myc,0.0777146015951986,3.4190244322241203,0.000533,1.0,gene is annotated for similar motif swissregulon__mm__ARNT_ARNT2_BHLHB2_MAX_MYC_USF1.p2 ('mm__ARNT_ARNT2_BHLHB2_MAX_MYC_USF1.p2'; q-value = 0.000533),"frozenset({'weight>90.0%', 'activating', 'mm10_10kbp_up_10kbp_down_full_tx_v10_clust.genes_vs_motifs.rankings'})","[('Amd1', 2.733858964150306), ('Mmgt1', 1.6906398355227374), ('Hacd3', 1.3605632515667292), ('Ldlrad3', 1.0707396260479116), ('Samd4', 0.8784515431657687), ('Dubr', 0.9561853341533898), ('Tor3a', 1.3727300675250944), ('Axin1', 1.0637547962249227), ('Secisbp2', 0.987541113030391), ('Bcar3', 1.6223117974013066)]",588
Creb3l2,transfac_pro__M08803,0.08186448708836769,3.3639231827910434,0.000896,1.0,"motif similar to cisbp__M5996 ('CREB3L2[gene ID: ""ENSG00000182158"" species: ""Homo sapiens"" TF status: ""inferred"" TF family: ""bZIP"" DBDs: ""bZIP_1""]; CREB3L3[gene ID: ""ENSG00000060566"" species: ""Homo sapiens"" TF status: ""inferred"" TF family: ""bZIP"" DBDs: ""bZIP_1""]; Creb3l2[gene ID: ""ENSMUSG00000038648"" species: ""Mus musculus"" TF status: ""direct"" TF family: ""bZIP"" DBDs: ""bZIP_1""]; Creb3l3[gene ID: ""ENSMUSG00000035041"" species: ""Mus musculus"" TF status: ""inferred"" TF family: ""bZIP"" DBDs: ""bZIP_1""]'; q-value = 0.000896) which is directly annotated","frozenset({'weight>90.0%', 'activating', 'mm10_10kbp_up_10kbp_down_full_tx_v10_clust.genes_vs_motifs.rankings'})","[('4931423N10Rik', 1.9311014195655885), ('3425401B19Rik', 0.9232487521133153), ('Gpat4', 0.995401924583756), ('Tjap1', 1.3168442938874625), ('Camsap2', 1.2083185730699688), ('Gzf1', 1.1850071804439708), ('Ipo5', 0.9435407311029888), ('Ahcyl2', 1.642888335865851), ('Gm16740', 1.2161497127992686), ('Dpf3', 0.9165906716220894), ('Cenpu', 0.9088379589592642)]",1110
Crebl2,transfac_public__M00039,0.08885061870136497,3.1854395607476933,0.000252,0.422764,gene is orthologous to FBgn0032202 in D. melanogaster (identity = 42%) which is annotated for similar motif transfac_pro__M07667 ('I$REPTORBP_01: REPTOR-BP'; q-value = 0.000252),"frozenset({'weight>90.0%', 'activating', 'mm10_10kbp_up_10kbp_down_full_tx_v10_clust.genes_vs_motifs.rankings'})","[('Prr5l', 2.054566122726218), ('Mdh1', 0.8686539271812084), ('Rorb', 1.872204742756716), ('Wiz', 0.8756722692550101), ('Rpp40', 1.9225003341601443)]",246
E2f2,taipale_cyt_meth__E2F2_GCGCGCGCGYW_eDBD_repr,0.09755044223327805,3.4834529231156126,0.0,0.832952,motif is annotated for orthologous gene ENSG00000007968 in H. sapiens (identity = 83%),"frozenset({'weight>90.0%', 'activating', 'mm10_10kbp_up_10kbp_down_full_tx_v10_clust.genes_vs_motifs.rankings'})","[('Sin3a', 4.837328144770329), ('Kbtbd2', 1.1004206936774654), ('Usp37', 1.109404789704722), ('Derl2', 1.0210444394258007), ('Bms1', 1.3257425349962586), ('Txnl1', 1.499993878587615), ('Fbxo5', 1.0685022140482667)]",888
Egr1,transfac_pro__M02281,0.06624704759033118,3.192248803916496,0.00097,1.0,gene is annotated for similar motif hocomoco__EGR1_MOUSE.H11MO.0.A ('EGR1_MOUSE'; q-value = 0.00097),"frozenset({'weight>90.0%', 'activating', 'mm10_10kbp_up_10kbp_down_full_tx_v10_clust.genes_vs_motifs.rankings'})","[('Smarca2', 0.9468342992437218), ('C430049B03Rik', 2.2916133395662155), ('Pcdh7', 0.932637383634127), ('Gli3', 1.3019161755568662), ('Tiparp', 0.8743085228519055), ('Lsamp', 1.1535791961095103), ('Chd4', 0.871413989144064), ('Ppp1r18', 1.0371960043247674), ('Adamts1', 1.715086452261951), ('0610040F04Rik', 2.6255878358473077), ('Nfib', 1.5612903152142898), ('Ncoa2', 0.9378539282513052), ('Pabpc1', 2.4881832539473674), ('Top1', 1.3653296737163965), ('Zfp62', 2.848590786096834), ('Rhoj', 0.9045200616654834), ('Cul2', 2.423338920593099), ('Zfp36l1', 1.6853834488567592), ('Itga5', 0.8977796955690559), ('Rab28', 1.226819466653544), ('Klhl28', 1.1701823804456786), ('Ints6', 1.005548137151378), ('Slfn5', 2.055352195825962), ('Fos', 2.970393223034381), ('Zbtb5', 0.865109009236682), ('Sash1', 1.326704427445378), ('Adnp', 0.9373326479354336), ('Cxxc5', 1.0746900511092248), ('Irf2bpl', 2.2218078663889163), ('Col4a5', 2.432298074478221), ('Ar', 1.130096328695983), ('Egflam', 1.4578902286428663), ('Matn2', 1.1045991603721463), ('Pcdh18', 3.7785193909285386), ('Socs3', 2.1582680556394416), ('Marcks', 1.1133033851767296), ('Nrip3', 1.0296770492493337), ('Igf1', 0.9182539364572664), ('Zfp704', 2.0669961701023616), ('Arhgap6', 1.022056488312748), ('Bcl3', 1.0056526920228317), ('Maf', 1.0368322412776023), ('Dlc1', 1.597481108833976), ('Ilf3', 1.2244732982241977), ('Ephb3', 2.2144327835195123), ('Adam12', 0.9383405619117768), ('Cpeb2', 1.2363723381856098), ('Shox2', 1.6892543255794392), ('Map2k5', 1.408103034978755), ('Id3', 2.082391737403185), ('Amotl2', 1.2196007723366435), ('Eef1a1', 1.5411595068276496), ('Ier5', 1.074591893364223), ('Bcar3', 1.2420828871197322), ('Prickle2', 1.0488129205650627), ('Jund', 3.9537162960285066), ('Shank2', 2.6135226235282496), ('Gls', 0.9779276041566932), ('Pcx', 2.0054632581840024), ('Pabpc4l', 1.9763740188800003), ('Ksr2', 1.0632721078028682), ('Tra2b', 0.8945408473007935), ('Zfp105', 1.4720045821402192), ('Myom1', 1.38292458840858), ('Angpt2', 1.4518835453144436), ('Lifr', 1.6738393346691642), ('Jun', 6.650837845290732), ('Frmd6', 1.2333508170272078), ('Btg2', 4.829440832869382), ('Mettl15', 2.7532351514457543), ('Klf6', 2.3355470805562417), ('Msl1', 1.0537755760372616), ('Cfd', 0.880498950167056), ('Ddx3x', 1.2025880909016156), ('Lpar4', 1.1593812899565523), ('Arhgap24', 1.5478490733013053), ('Stat3', 2.7325719605223906), ('Ckap4', 1.263410522883868), ('Gem', 2.954608808369529), ('Tnfaip3', 1.3377126641462278)]",3207
Elf4,hdpi__ETV4,0.0733086703235957,3.223885879849952,0.000538,1.0,"gene is annotated for similar motif cisbp__M0706 ('Elf1[gene ID: ""ENSMUSG00000036461"" species: ""Mus musculus"" TF status: ""inferred"" TF family: ""Ets"" DBDs: ""Ets""]; Elf4[gene ID: ""ENSMUSG00000031103"" species: ""Mus musculus"" TF status: ""direct"" TF family: ""Ets"" DBDs: ""Ets""]'; q-value = 0.000538)","frozenset({'weight>90.0%', 'activating', 'mm10_10kbp_up_10kbp_down_full_tx_v10_clust.genes_vs_motifs.rankings'})","[('Ing4', 0.9773333087054163), ('Usp38', 1.1093896828184298), ('Rbm34', 1.7496940411953914), ('Cog3', 4.493162998402464), ('Xrcc5', 0.9513411825827924), ('Ssu72', 1.2848420775734806), ('Rbm7', 1.654433475508291), ('Lactb', 1.6004664032000224), ('Mterf3', 0.949907202524656), ('Sdad1', 0.8880876972158039), ('Nol12', 1.2822606154792937), ('Robo1', 1.7612445892785322), ('Cog4', 1.107120714779936), ('Mnt', 1.5586900262112675), ('Ndufa13', 1.267966064182578), ('Sod2', 1.045263191630707), ('Gar1', 1.075176657332242), ('Sntg1', 0.8868316680158936), ('Ppil2', 1.07170276721476)]",2420
Elf4,hdpi__FLI1,0.07767785006590977,3.5279857628429014,0.000311,1.0,"gene is annotated for similar motif cisbp__M0706 ('Elf1[gene ID: ""ENSMUSG00000036461"" species: ""Mus musculus"" TF status: ""inferred"" TF family: ""Ets"" DBDs: ""Ets""]; Elf4[gene ID: ""ENSMUSG00000031103"" species: ""Mus musculus"" TF status: ""direct"" TF family: ""Ets"" DBDs: ""Ets""]'; q-value = 0.000311)","frozenset({'weight>90.0%', 'activating', 'mm10_10kbp_up_10kbp_down_full_tx_v10_clust.genes_vs_motifs.rankings'})","[('Usp38', 1.1093896828184298), ('Galnt11', 2.8614895584723863), ('Mrpl36', 1.280369723955295), ('Uty', 1.019179500091183), ('Mapkapk5', 1.260271064740243)]",174
Elk1,hdpi__ELF2,0.08391864208369915,3.033312288590903,0.000676,1.0,"gene is annotated for similar motif cisbp__M0695 ('ENSMUSG00000044690[gene ID: ""ENSMUSG00000044690"" species: ""Mus musculus"" TF status: ""inferred"" TF family: ""Ets"" DBDs: ""Ets""]; Elk1[gene ID: ""ENSMUSG00000009406"" species: ""Mus musculus"" TF status: ""direct"" TF family: ""Ets"" DBDs: ""Ets""]; Erf[gene ID: ""ENSMUSG00000040857"" species: ""Mus musculus"" TF status: ""inferred"" TF family: ""Ets"" DBDs: ""Ets""]; Ets2[gene ID: ""ENSMUSG00000022895"" species: ""Mus musculus"" TF status: ""inferred"" TF family: ""Ets"" DBDs: ""Ets""]; Etv2[gene ID: ""ENSMUSG00000006311"" species: ""Mus musculus"" TF status: ""inferred"" TF family: ""Ets"" DBDs: ""Ets""]; Fev[gene ID: ""ENSMUSG00000055197"" species: ""Mus musculus"" TF status: ""inferred"" TF family: ""Ets"" DBDs: ""Ets""]'; q-value = 0.000676)","frozenset({'weight>90.0%', 'activating', 'mm10_10kbp_up_10kbp_down_full_tx_v10_clust.genes_vs_motifs.rankings'})","[('Stat1', 2.203517755917196), ('AW549877', 0.9423409654036186), ('4930453N24Rik', 0.9144778716655544), ('Atg16l1', 1.2125942521598427), ('D16Ertd472e', 2.941858332884368), ('Mrpl48', 1.791207270362305), ('Carnmt1', 1.0263806576404264), ('Pygl', 1.4313011214025702), ('Aftph', 0.9713108333612974), ('Zmynd8', 2.796568000273889), ('Dexi', 1.5445408496248798), ('Jmjd8', 0.864305476528799), ('2310022B05Rik', 1.3360284237935676), ('Tmem167', 1.0694087448910237), ('Bub3', 2.072004733799841), ('Sema4c', 1.0024308853541757), ('Ap1ar', 1.6997192776110053)]",1909
Elk1,taipale_tf_pairs__ELK1_TBX21_TNRCACCGGAAGNN_CAP_repr,0.08368695737001268,3.0197216151198174,0.0,0.85514,motif is annotated for orthologous gene ENSG00000126767 in H. sapiens (identity = 85%),"frozenset({'weight>90.0%', 'activating', 'mm10_10kbp_up_10kbp_down_full_tx_v10_clust.genes_vs_motifs.rankings'})","[('Atg16l1', 1.2125942521598427), ('Aftph', 0.9713108333612974), ('Azi2', 2.6233079475255177), ('Dbnl', 1.07846236666315), ('Ergic2', 1.2971462009050607), ('4930453N24Rik', 0.9144778716655544), ('Arl14ep', 1.1683502175505496), ('Ap1ar', 1.6997192776110053), ('D16Ertd472e', 2.941858332884368)]",836
Elk1,taipale_tf_pairs__FOXO1_ELK1_TGTTGCCGGANNN_CAP,0.08621110135596527,3.1677884260942775,0.0,0.85514,motif is annotated for orthologous gene ENSG00000126767 in H. sapiens (identity = 85%),"frozenset({'weight>90.0%', 'activating', 'mm10_10kbp_up_10kbp_down_full_tx_v10_clust.genes_vs_motifs.rankings'})","[('Panx1', 0.8944601035067791), ('Atg16l1', 1.2125942521598427), ('Dbnl', 1.07846236666315), ('Aftph', 0.9713108333612974), ('Phyhd1', 1.0368166998114992), ('Ergic2', 1.2971462009050607), ('Azi2', 2.6233079475255177), ('4930453N24Rik', 0.9144778716655544), ('Ap1ar', 1.6997192776110053)]",614
Elk4,hocomoco__FEV_HUMAN.H11MO.0.B,0.10449689536812064,3.391943899024024,0.000604,1.0,"gene is annotated for similar motif swissregulon__mm__ELK1_4_GABP_A_B1_.p3 ('mm__ELK1,4_GABP{A,B1}.p3'; q-value = 0.000604)","frozenset({'weight>90.0%', 'activating', 'mm10_10kbp_up_10kbp_down_full_tx_v10_clust.genes_vs_motifs.rankings'})","[('Rfx3', 1.2870684132680534), ('Dhx32', 2.567950198679827), ('Peli1', 0.8988093174238992), ('Elk4', 1.0), ('Lipo3', 1.6316997187387254), ('Cpt1a', 1.0255923067731778), ('Nr4a2', 1.0641829811604135), ('5430402O13Rik', 2.0057853875462075), ('Zc3h7a', 1.276854826601412), ('Mpc1', 1.2208876523369436), ('Tcea1', 0.9621197019909588)]",1519
Erf,taipale_tf_pairs__ERF_ETV7_NSMGGACGGAYNTCCKSN_CAP_repr,0.07182478412535026,3.2931829819848746,0.0,0.968978,motif is annotated for orthologous gene ENSG00000105722 in H. sapiens (identity = 96%),"frozenset({'weight>90.0%', 'activating', 'mm10_10kbp_up_10kbp_down_full_tx_v10_clust.genes_vs_motifs.rankings'})","[('Mrps18a', 0.9494263885747564), ('Flcn', 0.947937318486204), ('Dnah1', 1.3019412293669657), ('Coq5', 2.056149097468525), ('Cdc37', 1.4791336606609589), ('Jam2', 1.0358235399638325), ('Fhl3', 0.9583831703558694), ('Brms1l', 1.0823564746777412), ('Ykt6', 0.959499950854719), ('2310022A10Rik', 1.77368523993546), ('Elmod3', 1.3149587519649748), ('Dbndd2', 1.0998277123969382), ('Stx7', 1.2270852754513064), ('Parp11', 1.4323584978950783)]",1174
Erf,taipale_tf_pairs__ERF_HOXA3_RSCGGAWNNNNNNNYMATTA_CAP_repr,0.07572291797716399,3.5762547737673827,0.0,0.968978,motif is annotated for orthologous gene ENSG00000105722 in H. sapiens (identity = 96%),"frozenset({'weight>90.0%', 'activating', 'mm10_10kbp_up_10kbp_down_full_tx_v10_clust.genes_vs_motifs.rankings'})","[('Galnt5', 1.1718263274469365), ('AW209491', 1.7800608567973812), ('Sorbs1', 1.1440153359699718), ('Fam20c', 1.5816056130012246), ('Nop2', 1.1607555845358613), ('0610009L18Rik', 2.0243197244156272), ('Mrps18a', 0.9494263885747564)]",332
Ets1,transfac_pro__M04748,0.07696591668523056,3.2266352722095832,0.000195,1.0,"gene is annotated for similar motif cisbp__M0707 ('ENSG00000235187[gene ID: ""ENSG00000235187"" species: ""Homo sapiens"" TF status: ""inferred"" TF family: ""Ets"" DBDs: ""Ets""]; ENSMUSG00000044690[gene ID: ""ENSMUSG00000044690"" species: ""Mus musculus"" TF status: ""inferred"" TF family: ""Ets"" DBDs: ""Ets""]; Erf[gene ID: ""ENSMUSG00000040857"" species: ""Mus musculus"" TF status: ""inferred"" TF family: ""Ets"" DBDs: ""Ets""]; Ets1[gene ID: ""ENSMUSG00000032035"" species: ""Mus musculus"" TF status: ""direct"" TF family: ""Ets"" DBDs: ""Ets""]; Ets2[gene ID: ""ENSMUSG00000022895"" species: ""Mus musculus"" TF status: ""inferred"" TF family: ""Ets"" DBDs: ""Ets""]; Etv2[gene ID: ""ENSMUSG00000006311"" species: ""Mus musculus"" TF status: ""inferred"" TF family: ""Ets"" DBDs: ""Ets""]; Fev[gene ID: ""ENSMUSG00000055197"" species: ""Mus musculus"" TF status: ""inferred"" TF family: ""Ets"" DBDs: ""Ets""]'; q-value = 0.000195)","frozenset({'weight>90.0%', 'activating', 'mm10_10kbp_up_10kbp_down_full_tx_v10_clust.genes_vs_motifs.rankings'})","[('Tfam', 2.093899749807656), ('Lrrc28', 2.848731437841843), ('Smco4', 3.864293088409355), ('Ndufv2', 2.416602164998464), ('Qsox2', 1.2930862182631746), ('Exoc2', 1.4643312786154348), ('Ets1', 1.0)]",649
Etv3,hdpi__ETV4,0.09143173023770039,3.1954851351755726,0.000214,0.146199,gene is orthologous to FBgn0005660 in D. melanogaster (identity = 14%) which is annotated for similar motif jaspar__MA0916.1 ('Ets21C'; q-value = 0.000214),"frozenset({'weight>90.0%', 'activating', 'mm10_10kbp_up_10kbp_down_full_tx_v10_clust.genes_vs_motifs.rankings'})","[('Esrrg', 1.145562701118081), ('Nacc2', 0.928790214031382), ('Casp8ap2', 1.822396678035036), ('Zbtb43', 1.6548382447972851), ('Ldb1', 1.631034270056695), ('Klhl7', 1.1266734714918507), ('BC005561', 1.418455110529142), ('Sept6', 1.3469903418069544), ('Lonp1', 1.9199610180039697)]",627
Etv3,hdpi__ELF2,0.09965726920950801,3.6325168591714987,0.000145,0.146199,gene is orthologous to FBgn0005660 in D. melanogaster (identity = 14%) which is annotated for similar motif jaspar__MA0916.1 ('Ets21C'; q-value = 0.000145),"frozenset({'weight>90.0%', 'activating', 'mm10_10kbp_up_10kbp_down_full_tx_v10_clust.genes_vs_motifs.rankings'})","[('Rpf2', 1.060187209381793), ('Vmp1', 1.2139831445212057), ('Tmem167b', 2.236090632509347), ('Polk', 2.668619329491112), ('Cul1', 1.4740813709858354), ('Fmr1', 0.8766932202862603), ('Casp8ap2', 1.822396678035036), ('Mrps9', 1.2156510795049322), ('Dhx16', 1.8488050180392668), ('Cdc42ep1', 2.867727959959032), ('Tmem260', 1.657190319190896)]",818
Etv5,hdpi__ETV4,0.06925213290974845,3.084599988705077,8.4e-05,1.0,"gene is annotated for similar motif cisbp__M0698 ('ENSMUSG00000044690[gene ID: ""ENSMUSG00000044690"" species: ""Mus musculus"" TF status: ""inferred"" TF family: ""Ets"" DBDs: ""Ets""]; Ets2[gene ID: ""ENSMUSG00000022895"" species: ""Mus musculus"" TF status: ""inferred"" TF family: ""Ets"" DBDs: ""Ets""]; Etv2[gene ID: ""ENSMUSG00000006311"" species: ""Mus musculus"" TF status: ""inferred"" TF family: ""Ets"" DBDs: ""Ets""]; Etv5[gene ID: ""ENSMUSG00000013089"" species: ""Mus musculus"" TF status: ""direct"" TF family: ""Ets"" DBDs: ""Ets""]; Fev[gene ID: ""ENSMUSG00000055197"" species: ""Mus musculus"" TF status: ""inferred"" TF family: ""Ets"" DBDs: ""Ets""]'; q-value = 8.37e-05)","frozenset({'weight>90.0%', 'activating', 'mm10_10kbp_up_10kbp_down_full_tx_v10_clust.genes_vs_motifs.rankings'})","[('Btk', 1.2666844521563991), ('Rgl1', 0.8988495642574772), ('Vdac2', 1.5413800705891263), ('Sord', 0.9170510412991149), ('Trim59', 1.845479347801451), ('Notch1', 0.9027080975103402), ('Wrb', 1.466447648669008)]",379
Etv5,taipale_tf_pairs__ETV5_EOMES_TNRCACCGGAWN_CAP,0.07796359567623729,3.7122624033598797,0.0,0.954902,gene is orthologous to ENSG00000244405 in H. sapiens (identity = 95%) which is directly annotated for motif,"frozenset({'weight>90.0%', 'activating', 'mm10_10kbp_up_10kbp_down_full_tx_v10_clust.genes_vs_motifs.rankings'})","[('Ammecr1l', 1.0160631313609514), ('Notch1', 0.9027080975103402), ('Rbbp8', 0.983418283857752), ('Slc16a7', 1.0619291608397503), ('Cd33', 1.2510031068785803), ('Gapvd1', 1.0663454094077331), ('Scai', 0.9752356958640702)]",538
Fli1,taipale_tf_pairs__FLI1_ETV7_NSMGGACGGAYNTCCKSN_CAP,0.10580078331745528,3.1414329474685077,0.0,0.966814,gene is orthologous to ENSG00000151702 in H. sapiens (identity = 96%) which is directly annotated for motif,"frozenset({'weight>90.0%', 'activating', 'mm10_10kbp_up_10kbp_down_full_tx_v10_clust.genes_vs_motifs.rankings'})","[('Topbp1', 1.0616808289840935), ('Lrig1', 0.9144345111291104), ('Nmt1', 1.8370136071492664), ('C1qtnf9', 2.2203632118916814), ('Senp1', 0.93083913734419), ('Ubl4a', 3.405335704174312), ('Cd36', 1.8291941889832133), ('Isoc1', 0.9134964043062292)]",931
Fos,transfac_pro__M02281,0.07631894726907468,3.051765041204314,0.000819,0.936842,"gene is orthologous to ENSG00000170345 in H. sapiens (identity = 93%) which is annotated for similar motif dbcorrdb__FOS__ENCSR000FAI_1__m2 ('FOS (ENCSR000FAI-1, motif 2)'; q-value = 0.000819)","frozenset({'weight>90.0%', 'activating', 'mm10_10kbp_up_10kbp_down_full_tx_v10_clust.genes_vs_motifs.rankings'})","[('Nrep', 0.9611222279184064), ('Pdgfra', 2.0929299738631326), ('Junb', 2.817694336928069), ('Ifrd1', 1.2321054337598196), ('Gm266', 1.0008205542800557), ('Klhl13', 1.163681599588352), ('Tle2', 2.2235559723215044), ('Pparg', 1.6388548389727595), ('Dusp1', 1.8346773280492623), ('Mycbp2', 0.9239518728676048), ('Sned1', 1.3560288803693084), ('Cend1', 0.945917589075102)]",646
Hif1a,transfac_pro__M00976,0.07426409618573798,3.5218259551626994,0.0,1.0,gene is directly annotated,"frozenset({'weight>90.0%', 'activating', 'mm10_10kbp_up_10kbp_down_full_tx_v10_clust.genes_vs_motifs.rankings'})","[('Bcl7b', 1.8074791754292856), ('Zdhhc4', 0.9639687812227108), ('Tspan6', 1.8551165248347588), ('Dnajc24', 1.4647595153651003), ('Hnrnpc', 1.6421355286764003), ('Coa4', 1.1731058232724867), ('Hif1a', 1.0), ('8430429K09Rik', 0.8897292373678388), ('Tbcel', 0.946100343848478), ('Mrpl16', 0.957692483829966), ('Immt', 0.8919826215812207), ('Orc4', 0.9944716852026948), ('Amz2', 3.609673912520461), ('Nup35', 0.9527400474929724), ('Pou2f1', 1.879058021638345)]",765
Hoxc10,taipale_tf_pairs__HOXC10_TBX21_TMRCACYTMATWAA_CAP_repr,0.08395182557159557,3.1792414522320693,0.0,0.973684,gene is orthologous to ENSG00000180818 in H. sapiens (identity = 97%) which is directly annotated for motif,"frozenset({'weight>90.0%', 'activating', 'mm10_10kbp_up_10kbp_down_full_tx_v10_clust.genes_vs_motifs.rankings'})","[('Ptprs', 1.6109961448855972), ('Hnrnpu', 0.9126073366359228), ('Sept9', 1.547636264978295), ('Plcl1', 2.626868412934241), ('Fam83h', 1.1204358999583264), ('Rsrc2', 1.765125490299084), ('Tmem45a', 0.9253186970508684), ('Sema4a', 1.1482474152426088), ('Lrrc8a', 1.5421080709638868)]",880
Irf1,transfac_pro__M00747,0.08373100483974684,3.6029255517077026,0.0,1.0,gene is directly annotated,"frozenset({'weight>90.0%', 'activating', 'mm10_10kbp_up_10kbp_down_full_tx_v10_clust.genes_vs_motifs.rankings'})","[('Hoxc6', 1.151578052250328), ('Gli1', 1.4407744949120305), ('A830082K12Rik', 0.9468090548948218), ('Cald1', 0.9129322710020904), ('Gphn', 0.9666031808776632), ('Meg3', 0.8924057297388744), ('Sema6d', 0.9031501294825238), ('Maml3', 1.3551035170622836), ('Steap4', 1.529585288442628), ('Pdgfra', 2.8186067278187754), ('Vegfa', 0.9722911416016182), ('Timp3', 0.864327343001903), ('Zfp618', 1.1012436014752742), ('Mid1', 1.423892918561724), ('Bcl6', 1.298875322169722), ('Nfib', 1.911179785713878), ('Prkg1', 0.8849677888407177), ('Klf9', 1.579309809112481), ('Lsamp', 0.962834177422514), ('Ppp1r10', 1.6222909072249652), ('Slit3', 2.601478051971296), ('Thbs2', 1.6727537693521988), ('Zfp36l1', 2.728719642681818), ('Lpl', 1.3290035419014192), ('Creb3l1', 1.2005459564558767), ('Zfp423', 1.1398328039023855), ('Sparcl1', 1.2080501385206424), ('Hpgd', 1.8633715963501465), ('Dlc1', 1.6486491249007833), ('Arhgef3', 0.9921468893535548), ('Rhoj', 2.714604069834713), ('Maml2', 1.070003255708195), ('Birc3', 1.5165846753874157), ('Spaca6', 1.132137709946157), ('Igf1', 1.3668816111557678), ('Prickle1', 1.500425835008597), ('Csf1', 1.087786702877793), ('Btg2', 2.269804642698817), ('Rlim', 0.9199799163558248), ('Ddr2', 1.9809141157450767), ('Dkk2', 1.617257812147787), ('Gem', 5.428395561893579), ('Crybg3', 1.4566359954453512), ('Tc2n', 2.37656658057823), ('Dclk1', 2.133995150629854), ('Tmcc3', 1.1737483470081864), ('Gadd45g', 1.1888934171677366), ('Rbm20', 1.890249996328132), ('Adamts4', 0.9401835602940304), ('Ccl7', 1.8823279075661503), ('Arhgap24', 1.1652897798778292), ('Uhrf2', 0.9644015885352876), ('Tmsb10', 0.9229158581546668), ('Il11ra1', 1.7811449039363825), ('Svep1', 0.9482027452932102), ('Dcaf6', 1.3914585950792984), ('Socs3', 3.1645745533505507), ('Nfkbiz', 1.916213333966903), ('Jak2', 1.1601568125125636), ('Arfgap3', 0.9241563636213056), ('Ifi205', 1.0366711354381608), ('Gpx3', 2.363169194292956), ('Tnfaip2', 2.2486621872812984), ('Id3', 1.1288014812976424), ('Shox2', 1.5413833350475028), ('Atf3', 1.0618955735602302), ('Cd302', 1.6224977080166938), ('Kcnq1ot1', 0.9060762642680612), ('Itm2a', 1.059263228418143), ('Jun', 2.1300219563962)]",4025
Irf7,transfac_pro__M01884,0.08381940870360839,3.09880210964639,0.0,1.0,gene is directly annotated,"frozenset({'weight>90.0%', 'activating', 'mm10_10kbp_up_10kbp_down_full_tx_v10_clust.genes_vs_motifs.rankings'})","[('Ldb1', 1.0080246861485362), ('Mef2a', 1.0698086742502293), ('Ephb4', 1.2073355936195964), ('Gtf3c2', 1.7437180673790107), ('Zfp385a', 1.9010079727651288), ('Ntrk3', 1.3462710245231335), ('Prdm16', 1.7418629389715767), ('Fam118b', 2.017319257149694)]",809
Irx5,taipale_cyt_meth__IRX5_NCGCGWNNNWCGCGN_eDBD_meth_repr,0.11200939745715865,3.4398515492870065,0.0,0.931677,motif is annotated for orthologous gene ENSG00000176842 in H. sapiens (identity = 93%),"frozenset({'weight>90.0%', 'activating', 'mm10_10kbp_up_10kbp_down_full_tx_v10_clust.genes_vs_motifs.rankings'})","[('Irx5', 1.0), ('Jag1', 0.945880612187689), ('Fcho2', 1.8959684010288755), ('Zfp644', 0.9443822328711836), ('Casd1', 1.7262504226356916), ('Mageh1', 1.8532408714510855)]",834
Klf4,transfac_pro__M07040,0.07785957599390435,3.3563414327873033,0.0,1.0,gene is directly annotated,"frozenset({'weight>90.0%', 'activating', 'mm10_10kbp_up_10kbp_down_full_tx_v10_clust.genes_vs_motifs.rankings'})","[('Sik2', 0.9867953216237376), ('Tiparp', 2.3966497091670926), ('Sestd1', 1.4834585820869146), ('Eif4e', 1.5744413085722688), ('Abi1', 1.2086234084959533), ('Zfp62', 1.6813195763223197), ('Pabpc4l', 3.756276833726914), ('Msl3', 1.225162716661674), ('Macrod2', 3.1971324461960355), ('Ugdh', 4.898615743289135), ('Steap2', 1.1045096689113287), ('Snx10', 0.9913778332345838), ('0610040F04Rik', 1.0167235536708632), ('Hivep2', 1.3744317899696517), ('Itpr1', 1.1133897543910012), ('Srrm1', 1.147330706109893), ('Camk2n1', 1.376646439398404), ('Klf4', 1.0), ('Hey1', 1.0205833112461766), ('Slc4a4', 1.053025789054212), ('Rnf14', 1.302405858498346), ('Klf6', 1.3309520308480385), ('2610507B11Rik', 1.4320366205679074), ('Has2', 0.8953356688934985), ('Shroom3', 1.2343233976836965), ('Atp8a1', 1.2973628564230106), ('Procr', 1.131149092851653), ('Adgrv1', 1.6996391505311683), ('Cited2', 1.5200905512294), ('Mpp7', 1.519696480916212), ('Pcdhgc3', 1.0191707486187254), ('Pygb', 2.505986228658036), ('Whrn', 0.883310419118824), ('Glul', 1.025439269810729), ('Uap1', 4.930221792394243), ('Sv2c', 1.64453683676884), ('Errfi1', 1.4021188195661904), ('Gm15867', 0.8711207224276626), ('Wnt11', 2.3770679370744805), ('Usp2', 1.7516183482961982), ('Prox1', 0.8647051782797329), ('Zfp523', 1.2143248234366617), ('Atg16l2', 1.4801263553425934), ('Gm16793', 1.1464783754054138)]",3002
Klf4,transfac_pro__M07289,0.08112029940388149,3.6063944116168907,0.0,1.0,gene is directly annotated,"frozenset({'weight>90.0%', 'activating', 'mm10_10kbp_up_10kbp_down_full_tx_v10_clust.genes_vs_motifs.rankings'})","[('Hivep2', 1.3744317899696517), ('Tiparp', 2.3966497091670926), ('Steap2', 1.1045096689113287), ('Errfi1', 1.4021188195661904), ('Glis2', 1.330451015387322), ('Has2', 0.8953356688934985), ('Basp1', 1.2629736207315672), ('Sv2c', 1.64453683676884), ('Sik2', 0.9867953216237376), ('Zfp62', 1.6813195763223197), ('Ugdh', 4.898615743289135), ('Slc4a4', 1.053025789054212), ('Itpr1', 1.1133897543910012), ('Eif4e', 1.5744413085722688), ('0610040F04Rik', 1.0167235536708632), ('Nr4a3', 0.9087811845310512), ('Zfp523', 1.2143248234366617), ('Prox1', 0.8647051782797329)]",824
Klf4,transfac_pro__M07461,0.07821814351665098,3.3838386675726877,0.0,1.0,gene is directly annotated,"frozenset({'weight>90.0%', 'activating', 'mm10_10kbp_up_10kbp_down_full_tx_v10_clust.genes_vs_motifs.rankings'})","[('Tiparp', 2.3966497091670926), ('Hivep2', 1.3744317899696517), ('Prox1', 0.8647051782797329), ('Has2', 0.8953356688934985), ('Sv2c', 1.64453683676884), ('Nr4a3', 0.9087811845310512), ('Steap2', 1.1045096689113287), ('Basp1', 1.2629736207315672), ('Errfi1', 1.4021188195661904), ('0610040F04Rik', 1.0167235536708632), ('Slc4a4', 1.053025789054212), ('Eif4e', 1.5744413085722688), ('Glul', 1.025439269810729), ('Sik2', 0.9867953216237376), ('Bmpr2', 1.2408558982089113), ('Ugdh', 4.898615743289135), ('Abi1', 1.2086234084959533), ('Zfp62', 1.6813195763223197), ('Zfp36l1', 1.3048750104790745), ('Cited2', 1.5200905512294), ('Fras1', 1.1600566201040474), ('Klf4', 1.0), ('March3', 2.243890066729326), ('Pabpc4l', 3.756276833726914), ('Msl3', 1.225162716661674), ('Mpp7', 1.519696480916212), ('Hey1', 1.0205833112461766), ('Macrod2', 3.1971324461960355), ('Carhsp1', 1.9261349869363376), ('Itpr1', 1.1133897543910012), ('Zfp523', 1.2143248234366617), ('Camk2n1', 1.376646439398404), ('Uap1', 4.930221792394243), ('Srrm1', 1.147330706109893), ('Litaf', 1.1640839790512103), ('Klf6', 1.3309520308480385), ('Shroom3', 1.2343233976836965), ('Rad54l2', 0.9054360869627224), ('Atf3', 0.9562409129164768), ('Rnf14', 1.302405858498346), ('Glis2', 1.330451015387322), ('Snx10', 0.9913778332345838), ('Tspan14', 0.888129114475009), ('Ptgs2', 2.153784828404802), ('Arid5a', 1.7052140427959237), ('Whrn', 0.883310419118824), ('Ptchd4', 0.8836913080078729), ('Rabepk', 1.4856958154397943), ('Fosl2', 2.1525219184262334), ('Fosb', 1.0228390560222562), ('Junb', 1.1806919860115446), ('Pygb', 2.505986228658036), ('Gnal', 0.881327751927268), ('Cdh18', 1.5903801004279738), ('Wnt11', 2.3770679370744805), ('Sestd1', 1.4834585820869146), ('Rhoq', 1.4512887567271278), ('Gtf2ird2', 1.2950792818229286), ('Ptgs2os', 1.158021717945818)]",4985
Klf6,transfac_pro__M07461,0.08434859821626774,3.231818769154514,0.0,1.0,gene is directly annotated,"frozenset({'weight>90.0%', 'activating', 'mm10_10kbp_up_10kbp_down_full_tx_v10_clust.genes_vs_motifs.rankings'})","[('Atxn2', 1.6138026645709174), ('Ube2g1', 0.9039890698744204), ('Rsf1', 1.4843035961509718), ('Kdm6b', 2.082142524456942), ('Add3', 0.9916957615707512), ('Usp32', 1.355258259782087), ('Rdx', 1.5234492660805523), ('Tab3', 1.1511336778622798), ('Elf2', 2.340896256077373), ('Zfyve1', 4.843761796085072), ('Klf6', 1.0), ('Ywhag', 0.86985361871458), ('Lonrf1', 1.6037633704974532), ('Dse', 0.8827487173838007), ('Zfp516', 0.9078852827782125)]",796
Nfatc2,tfdimers__MD00352,0.09528858440040236,3.1969835181771216,0.0,0.899459,motif is annotated for orthologous gene ENSG00000101096 in H. sapiens (identity = 89%),"frozenset({'weight>90.0%', 'activating', 'mm10_10kbp_up_10kbp_down_full_tx_v10_clust.genes_vs_motifs.rankings'})","[('Pfn2', 0.8900718450302861), ('Ube2v2', 1.49492762225155), ('Ndrg3', 0.9797298948435004), ('B4galt4', 2.0015840357968973), ('Mtpap', 2.759582629243264), ('Arhgef7', 1.9365556465237987), ('Piezo1', 1.4359662878493915), ('Nars2', 1.0732285894363514), ('Ctbp2', 1.350301670444228), ('Dpysl2', 1.2175838916675192), ('Kif16b', 0.9675616775387982), ('Phtf2', 1.1198115629209722), ('Ppp3r1', 1.6652981458963756), ('Sept5', 1.2154830621566706), ('Dlgap1', 1.2633021694110491)]",1833
Pou2f1,taipale_tf_pairs__POU2F1_ETV1_NCCGGATATGCAN_CAP_repr,0.08117974940114243,3.382848157003733,0.0,0.938642,motif is annotated for orthologous gene ENSG00000143190 in H. sapiens (identity = 93%),"frozenset({'weight>90.0%', 'activating', 'mm10_10kbp_up_10kbp_down_full_tx_v10_clust.genes_vs_motifs.rankings'})","[('Gtpbp4', 1.17236092971655), ('Usf1', 1.745380310131564), ('Zfp780b', 2.2823891135008703), ('Nip7', 0.9716940341704068), ('Mrps24', 1.137244826799556), ('Syf2', 1.0415654390844689), ('Mfap1b', 0.9479830707887684), ('Litaf', 1.0183271619560492), ('AI504432', 6.578052880385973), ('Phb2', 1.9247890886900385), ('Ndufv1', 1.2840234468167582), ('Ocrl', 1.3090131318977076), ('Llph', 1.5979227953321111), ('B3gntl1', 1.8282581559021271), ('Plbd1', 1.1149379573767708), ('Lyz1', 1.1102019600965436), ('Eif3d', 1.0048166566079555), ('Agpat1', 1.3682319253434063), ('Nfkbie', 2.0260079479396227), ('Zfp984', 1.2657920565161171), ('Srrt', 1.459890317540344), ('Dohh', 0.932424896547058), ('Lnx1', 1.0689707628005412), ('Lsm1', 2.050872700157525)]",2680
Rfxap,transfac_pro__M00626,0.0821917808219178,3.470031644366729,0.0,0.766234,gene is orthologous to ENSG00000133111 in H. sapiens (identity = 76%) which is directly annotated for motif,"frozenset({'weight>90.0%', 'activating', 'mm10_10kbp_up_10kbp_down_full_tx_v10_clust.genes_vs_motifs.rankings'})","[('Gak', 1.1639613450568362), ('Wdsub1', 1.6606674376833102), ('Hddc2', 1.59912051576007), ('Katna1', 3.1525177206468813), ('Pelo', 2.566911630473814), ('Ergic2', 1.408254039798489), ('Atm', 1.0474219923456909)]",337
Runx1,transfac_pro__M01658,0.06943457316591645,3.066585942663275,0.0,1.0,gene is directly annotated,"frozenset({'weight>90.0%', 'activating', 'mm10_10kbp_up_10kbp_down_full_tx_v10_clust.genes_vs_motifs.rankings'})","[('Runx1', 1.0), ('Ppih', 1.2135617214724452), ('Pon2', 1.0229614114393246), ('Kbtbd11', 1.2750924328126536), ('Mef2c', 1.1738295273757116), ('Set', 1.5717189976323065), ('Msantd3', 1.2762386694853347), ('Ogdh', 1.0867652585905097), ('Rbm27', 0.8983383777906855), ('Polr3c', 2.599293887924878), ('Samd14', 1.6130379637639076), ('Arl6', 1.6569305588141117), ('Fbxw11', 1.30700575324418), ('F13a1', 0.8896048831474783), ('Paip2b', 2.6238428597111416), ('Pinx1', 2.5782734672498435), ('Cstb', 1.2116508996138249), ('Cdk10', 3.020712076844564), ('Etaa1os', 1.150760968356608), ('Foxc1', 1.6167146739024187), ('Fzd1', 0.9323833023301018), ('Nek10', 1.8701841072506544), ('Pex10', 1.8036336149126664)]",2649
Smarca4,transfac_pro__M04916,0.10228427753704596,3.503976533688593,0.000297,0.990724,"gene is orthologous to ENSG00000127616 in H. sapiens (identity = 99%) which is annotated for similar motif dbcorrdb__SMARCA4__ENCSR000EZC_1__m10 ('SMARCA4 (ENCSR000EZC-1, motif 10)'; q-value = 0.000297)","frozenset({'weight>90.0%', 'activating', 'mm10_10kbp_up_10kbp_down_full_tx_v10_clust.genes_vs_motifs.rankings'})","[('Stag1', 0.9568476316813188), ('Ap1s2', 1.4146044981722146), ('Btbd10', 0.8654216428680127), ('Zfyve16', 0.9019717279908984), ('8030462N17Rik', 1.0674816659712216), ('Cyfip1', 1.17023305588278), ('Psip1', 0.8779841064681196), ('Jade1', 1.254317175677628), ('Osgin2', 1.6587606393871457), ('Bmp2k', 1.1195926525356534), ('Rad23b', 1.0498348711715584), ('Ralgapa2', 1.393198520156497), ('Lhfpl2', 0.8812471970799204)]",1390
Sp3,hocomoco__KLF13_HUMAN.H11MO.0.D,0.0892879922730669,3.5250801246099304,0.000213,0.966709,motif similar to taipale_cyt_meth__SP3_NRCCMCGCCCMYN_eDBD ('SP3 [Znf_C2H2]'; q-value = 0.000213) which is annotated for orthologous gene ENSG00000172845 in H. sapiens (identity = 96%),"frozenset({'weight>90.0%', 'activating', 'mm10_10kbp_up_10kbp_down_full_tx_v10_clust.genes_vs_motifs.rankings'})","[('Blvra', 1.1452925110682202), ('Txndc5', 1.8455814461018023), ('Ddx23', 1.6697371033304955), ('Armcx3', 2.452602639647286), ('Nsrp1', 1.258983481946654), ('Zbtb46', 1.215991542035139), ('1110065P20Rik', 2.299078335418266), ('Scrt2', 1.1781027200223595), ('Rap1gap', 0.9605148477348504), ('Nap1l1', 1.13971488182653)]",594
Spi1,tfdimers__MD00186,0.06913814014504592,3.1998545590032004,0.0,0.870849,motif is annotated for orthologous gene ENSG00000066336 in H. sapiens (identity = 87%),"frozenset({'weight>90.0%', 'activating', 'mm10_10kbp_up_10kbp_down_full_tx_v10_clust.genes_vs_motifs.rankings'})","[('Csf1r', 3.134035457168654), ('Arpc3', 1.414096541757096), ('Cdkn2a', 2.0399636179714244), ('Slc16a10', 1.467370757031316), ('Umps', 1.7913958231956877), ('Derl2', 1.017573367094161), ('Mmd', 2.201555584473927), ('Rassf4', 1.4619656365111038), ('Bik', 1.0597167222365376), ('Ap2b1', 0.9739954140030048), ('Cmc2', 1.749700938743224), ('Hk3', 0.964572565354311), ('Pbx3', 1.6834589048501394)]",528
Stat5a,transfac_pro__M00777,0.09543193125282677,3.144083795292322,0.0,1.0,gene is directly annotated,"frozenset({'weight>90.0%', 'activating', 'mm10_10kbp_up_10kbp_down_full_tx_v10_clust.genes_vs_motifs.rankings'})","[('Agpat3', 2.3071757060536364), ('Pear1', 2.288418561998291), ('Ptcd1', 0.977645332097719), ('4430402I18Rik', 1.497555814960906), ('A630089N07Rik', 1.36481545718353), ('Atp11a', 0.975270387523442)]",205
Tbx15,homer__GGGGGGGG_Maz,0.09574221913687377,3.446075957184034,0.000713,0.986711,gene is orthologous to ENSG00000092607 in H. sapiens (identity = 98%) which is annotated for similar motif hocomoco__TBX15_HUMAN.H11MO.0.D ('TBX15_HUMAN'; q-value = 0.000713),"frozenset({'weight>90.0%', 'activating', 'mm10_10kbp_up_10kbp_down_full_tx_v10_clust.genes_vs_motifs.rankings'})","[('Zbtb7b', 3.674583851299038), ('Bbx', 1.3883881619413343), ('Fam135a', 1.218142644694813), ('Ptpn4', 1.048013564010246), ('Vps54', 1.044111110009787), ('Jak2', 0.8796302022660087), ('Rsf1', 2.180158767033255), ('Arhgap12', 1.2961760541647167), ('Fndc3b', 1.0267221711400154), ('Tcf12', 1.9076450269888467), ('Zmym5', 1.5199451871847105), ('Camk2d', 1.2203890649825817), ('Kcnt2', 1.0150681853308212), ('Flrt2', 1.0428048121931937), ('Hmbox1', 2.1702330980910087), ('Celf1', 1.6935262728122271), ('Rbm27', 1.0345610810134098), ('Kmt2a', 2.3212688521385063), ('Strn3', 1.5401924380479608), ('Kmt5b', 1.51555222388225), ('Dok6', 1.018283283952787), ('Nfib', 2.7802640707115054), ('Lrp1', 1.2099809619397113), ('Stat3', 1.0034880912759694), ('Zbtb37', 1.2683939574932863), ('Ammecr1', 0.9210531225321076), ('Dmtf1', 1.1074362885363065), ('Ppp3ca', 1.3443741896791654), ('Chd4', 2.1275231181499388), ('Tceal9', 2.2081369605772645), ('Phldb1', 1.9375911972768112), ('Fgf10', 1.4495037915942155), ('Abca1', 0.9951708144136232), ('Magi2', 0.9459999057784836), ('Stam', 1.5896303926746354), ('Dclk1', 1.5580921612281555), ('Trabd2b', 1.209854239066147), ('Prkacb', 1.198097162824712), ('Ube2r2', 1.6831330465300434), ('Bmper', 1.4917742315835962)]",1277
Tcf3,tfdimers__MD00262,0.08301235756700369,3.296981568068386,0.0,0.820827,gene is orthologous to ENSG00000071564 in H. sapiens (identity = 82%) which is directly annotated for motif,"frozenset({'weight>90.0%', 'activating', 'mm10_10kbp_up_10kbp_down_full_tx_v10_clust.genes_vs_motifs.rankings'})","[('Lhx8', 1.153887250007375), ('Med16', 0.8959206269313088), ('Cited1', 0.9817150476064892), ('Otud6b', 1.2507850235037896), ('Hdac2', 1.243205939480703), ('Naxd', 1.0318334039015076), ('Slc35d2', 1.8336158797630608), ('Atrx', 0.9170632944907772), ('Sorl1', 1.1710861141090632)]",795
Zbtb14,tfdimers__MD00511,0.08782015846692463,3.100160648534867,0.0,0.993318,gene is orthologous to ENSG00000198081 in H. sapiens (identity = 99%) which is directly annotated for motif,"frozenset({'weight>90.0%', 'activating', 'mm10_10kbp_up_10kbp_down_full_tx_v10_clust.genes_vs_motifs.rankings'})","[('Ddx10', 1.1351683599243367), ('Sf1', 1.0905843573221532), ('Alg10b', 1.4367092500049174), ('Siah1a', 1.1198485652219934), ('Soat1', 1.9741506455745252), ('Ddx27', 0.897071304969877), ('Cops4', 2.282717242592115), ('Spryd7', 1.0667528089151923)]",1058
Zbtb37,taipale_cyt_meth__ZBTB37_NTGCCGNNTTRGCCGWN_eDBD_repr,0.11713259101318803,3.9258398852473686,0.0,0.950298,motif is annotated for orthologous gene ENSG00000185278 in H. sapiens (identity = 95%),"frozenset({'weight>90.0%', 'activating', 'mm10_10kbp_up_10kbp_down_full_tx_v10_clust.genes_vs_motifs.rankings'})","[('Fam117b', 1.4454039537032), ('Per2', 0.9776588169761014), ('Abr', 1.544353803330458), ('Mtus1', 1.5268373743356496), ('Pgghg', 1.1050506760224108)]",426
Zfp105,transfac_pro__M05613,0.09016030956329464,3.0223051136963406,0.0,0.814885,gene is orthologous to ENSG00000169981 in H. sapiens (identity = 81%) which is directly annotated for motif,"frozenset({'weight>90.0%', 'activating', 'mm10_10kbp_up_10kbp_down_full_tx_v10_clust.genes_vs_motifs.rankings'})","[('Eif4ebp1', 1.1964305273787308), ('Ctdsp1', 1.5828875827743962), ('Aifm2', 1.568651735215091), ('Lig4', 1.5947265574582628), ('Gas8', 1.7349692026536088)]",646
Zfp119a,transfac_pro__M06078,0.13821046283732852,3.906984745030524,0.0,0.403013,motif is annotated for orthologous gene ENSG00000257446 in H. sapiens (identity = 40%),"frozenset({'weight>90.0%', 'activating', 'mm10_10kbp_up_10kbp_down_full_tx_v10_clust.genes_vs_motifs.rankings'})","[('Amfr', 2.431429074169582), ('Ppm1b', 2.518230337140912), ('Ube2q2', 1.5266707357195008), ('Fbxo34', 2.337022431843643), ('Prpf18', 3.353853220348783), ('H6pd', 1.3102778529991888), ('Adss', 0.8671022420078927), ('C1qtnf1', 1.57344899650208), ('Ece1', 0.9901179644300426), ('Ttpal', 0.9106335325064142)]",3825
Zfp513,transfac_pro__M05518,0.0863717939980463,4.09233338756526,0.0,0.950092,gene is orthologous to ENSG00000163795 in H. sapiens (identity = 95%) which is directly annotated for motif,"frozenset({'weight>90.0%', 'activating', 'mm10_10kbp_up_10kbp_down_full_tx_v10_clust.genes_vs_motifs.rankings'})","[('Xxylt1', 0.8813786643908671), ('Gm15867', 1.9718145516506185), ('Efcab14', 1.1871592943814675), ('Osbpl6', 2.1295624430994926), ('Rab35', 1.321783381979734)]",271
Zfp568,transfac_pro__M06896,0.11505603296648073,3.972255776128694,0.000255,0.428279,motif similar to transfac_pro__M06258 ('V$ZNF345_03: ZNF345'; q-value = 0.000255) which is annotated for orthologous gene ENSG00000251247 in H. sapiens (identity = 42%),"frozenset({'weight>90.0%', 'activating', 'mm10_10kbp_up_10kbp_down_full_tx_v10_clust.genes_vs_motifs.rankings'})","[('Sertad4', 3.671911477057836), ('Tns2', 3.2900752361842347), ('Pex14', 1.2355998663083725)]",292
Zfp568,transfac_pro__M06258,0.10156289260766872,3.3586676408426195,0.0,0.428279,motif is annotated for orthologous gene ENSG00000251247 in H. sapiens (identity = 42%),"frozenset({'weight>90.0%', 'activating', 'mm10_10kbp_up_10kbp_down_full_tx_v10_clust.genes_vs_motifs.rankings'})","[('Sema6c', 1.184921974189289), ('Zcchc2', 0.9762868372506154), ('Tns2', 3.2900752361842347), ('Ldb1', 0.886176185740708)]",346
Arnt2,transfac_pro__M00976,0.0971841472907571,3.0579680017165067,0.0,1.0,gene is directly annotated,"frozenset({'activating', 'mm10_10kbp_up_10kbp_down_full_tx_v10_clust.genes_vs_motifs.rankings', 'top50'})","[('Enpp1', 1.142183338106666), ('Ntn1', 1.5900342980427942), ('Serpinb7', 1.6203464650325383), ('Anxa11', 1.856380709885838), ('Zbtb1', 2.329748878666887), ('Bpifc', 1.4395937699291492), ('Tecr', 1.4628400322944366)]",569
Batf3,transfac_pro__M08803,0.12627602727105214,5.019296104125399,0.000808,0.755906,motif similar to taipale_cyt_meth__BATF3_NRTGAYGTCAYN_eDBD ('BATF3 [bZIP]'; q-value = 0.000808) which is annotated for orthologous gene ENSG00000123685 in H. sapiens (identity = 75%),"frozenset({'activating', 'mm10_10kbp_up_10kbp_down_full_tx_v10_clust.genes_vs_motifs.rankings', 'top50'})","[('Batf3', 1.0), ('Aif1', 2.084824216688143), ('Stxbp2', 1.2600517921555592), ('Fcgr3', 2.0446590018712283), ('Slc6a6', 1.8427790261331267), ('Ube2e3', 1.1667967190261574)]",773
Bhlhe40,homer__NCCACGTG_c-Myc,0.10700202690252442,3.595694708440188,0.000533,1.0,gene is annotated for similar motif swissregulon__mm__ARNT_ARNT2_BHLHB2_MAX_MYC_USF1.p2 ('mm__ARNT_ARNT2_BHLHB2_MAX_MYC_USF1.p2'; q-value = 0.000533),"frozenset({'activating', 'mm10_10kbp_up_10kbp_down_full_tx_v10_clust.genes_vs_motifs.rankings', 'top50'})","[('Amd1', 2.733858964150306), ('Rxra', 1.9765827375807452), ('Synj2', 1.774090278577341), ('Bhlhe40', 1.0), ('Cpeb4', 1.811698746434624), ('Bcar3', 1.6223117974013066), ('Sgms2', 3.3196534482216977), ('Xylt1', 1.7788760984820284), ('Tada2a', 1.9079464973356348), ('Eif2ak1', 1.602763008667187), ('Tsen15', 1.6870713582857095)]",1778
Creb3l2,transfac_pro__M08803,0.10726977358107422,4.1525256100704695,0.000896,1.0,"motif similar to cisbp__M5996 ('CREB3L2[gene ID: ""ENSG00000182158"" species: ""Homo sapiens"" TF status: ""inferred"" TF family: ""bZIP"" DBDs: ""bZIP_1""]; CREB3L3[gene ID: ""ENSG00000060566"" species: ""Homo sapiens"" TF status: ""inferred"" TF family: ""bZIP"" DBDs: ""bZIP_1""]; Creb3l2[gene ID: ""ENSMUSG00000038648"" species: ""Mus musculus"" TF status: ""direct"" TF family: ""bZIP"" DBDs: ""bZIP_1""]; Creb3l3[gene ID: ""ENSMUSG00000035041"" species: ""Mus musculus"" TF status: ""inferred"" TF family: ""bZIP"" DBDs: ""bZIP_1""]'; q-value = 0.000896) which is directly annotated","frozenset({'activating', 'mm10_10kbp_up_10kbp_down_full_tx_v10_clust.genes_vs_motifs.rankings', 'top50'})","[('Camsap2', 1.2083185730699688), ('Mtx2', 1.5466238328653137), ('4921504A21Rik', 1.66195867255091), ('Camk1d', 1.324899682216217), ('Pld2', 1.552946798124495)]",340
Crem,transfac_pro__M01861,0.09830845771144278,3.7529601618401767,0.000883,1.0,"gene is annotated for similar motif transfac_pro__M00981 ('V$CREBATF_Q6: CREB, ATF'; q-value = 0.000883)","frozenset({'activating', 'mm10_10kbp_up_10kbp_down_full_tx_v10_clust.genes_vs_motifs.rankings', 'top50'})","[('Tsc22d2', 1.3428729911833637), ('B4galt6', 0.7898635796976956), ('Crem', 1.0), ('Zdhhc21', 1.569040288943418), ('Mib1', 0.9438335366765456), ('Smad1', 0.9685220678773452)]",631
Crem,transfac_pro__M04746,0.08711442786069652,3.15897398560014,0.000725,1.0,gene is annotated for similar motif transfac_pro__M00917 ('V$CREB_Q4_01: CREB'; q-value = 0.000725),"frozenset({'activating', 'mm10_10kbp_up_10kbp_down_full_tx_v10_clust.genes_vs_motifs.rankings', 'top50'})","[('Zfp580', 0.7710574580813155), ('Crem', 1.0), ('Rbm27', 0.8712712578998252), ('Bbof1', 0.795319504314123), ('Tmem33', 1.929274759826838)]",305
E2f1,transfac_pro__M01251,0.09726875824956849,3.311506015336112,0.0,1.0,gene is directly annotated,"frozenset({'activating', 'mm10_10kbp_up_10kbp_down_full_tx_v10_clust.genes_vs_motifs.rankings', 'top50'})","[('Arid2', 1.8357298422379265), ('Alg13', 4.249774995032993), ('Cobll1', 1.9954775643495533), ('N4bp2', 2.085069372180272), ('1810062O18Rik', 3.295681943588785), ('Cobl', 1.5195210465294955), ('Krt80', 1.5755436504131666), ('Hcfc2', 1.5618184517120397)]",987
E2f2,taipale_cyt_meth__E2F2_GCGCGCGCGYW_eDBD_repr,0.09916728414664268,3.521205661221421,0.0,0.832952,motif is annotated for orthologous gene ENSG00000007968 in H. sapiens (identity = 83%),"frozenset({'activating', 'mm10_10kbp_up_10kbp_down_full_tx_v10_clust.genes_vs_motifs.rankings', 'top50'})","[('Sin3a', 4.837328144770329), ('Kbtbd2', 1.1004206936774654), ('Usp37', 1.109404789704722), ('Derl2', 1.0210444394258007), ('Bms1', 1.3257425349962586), ('Txnl1', 1.499993878587615), ('Fbxo5', 1.0685022140482667)]",888
Elf1,transfac_pro__M04748,0.1140593329648056,4.028006508087501,0.00079,0.897059,gene is orthologous to ENSG00000120690 in H. sapiens (identity = 89%) which is annotated for similar motif homer__AACCGGAAGT_ELF1 ('ELF1(ETS)/Jurkat-ELF1-ChIP-Seq(SRA014231)/Homer'; q-value = 0.00079),"frozenset({'activating', 'mm10_10kbp_up_10kbp_down_full_tx_v10_clust.genes_vs_motifs.rankings', 'top50'})","[('Pip4k2c', 2.2662299788042963), ('Gja5', 4.306431337993811), ('Prorsd1', 3.387412639398101), ('Trappc5', 1.6400966746468264), ('Eprs', 1.7489837169753613)]",229
Elk1,taipale_tf_pairs__ELK1_EOMES_TNRCACCGGAAGN_CAP,0.09622178960271108,3.1830850322140125,0.0,0.85514,motif is annotated for orthologous gene ENSG00000126767 in H. sapiens (identity = 85%),"frozenset({'activating', 'mm10_10kbp_up_10kbp_down_full_tx_v10_clust.genes_vs_motifs.rankings', 'top50'})","[('D16Ertd472e', 2.941858332884368), ('Tecpr2', 1.3448939428593212), ('Azi2', 2.6233079475255177), ('Tmem38b', 1.1221223515831515), ('Atg16l1', 1.2125942521598427), ('Usp53', 2.4160710473271485), ('Bub3', 2.072004733799841), ('Sclt1', 2.115266514198158), ('Mrpl48', 1.791207270362305), ('Pcgf1', 2.483087059525001)]",1502
Elk1,taipale_tf_pairs__ELK1_TBX21_TNRCACCGGAAGNN_CAP_repr,0.09436513086740211,3.0909118699737053,0.0,0.85514,motif is annotated for orthologous gene ENSG00000126767 in H. sapiens (identity = 85%),"frozenset({'activating', 'mm10_10kbp_up_10kbp_down_full_tx_v10_clust.genes_vs_motifs.rankings', 'top50'})","[('Smad3', 1.686922388066474), ('Adh7', 1.115233621283625), ('Arl14ep', 1.1683502175505496), ('Lrig3', 1.4147024859013362), ('Bub3', 2.072004733799841), ('Nhsl1', 1.492065998334788), ('Efnb1', 1.960727659719232), ('D16Ertd472e', 2.941858332884368), ('Pygl', 1.4313011214025702), ('Aox1', 1.7141399091202123), ('Mrpl48', 1.791207270362305), ('Osbpl2', 2.0073979576840943), ('Bdh2', 3.7699604551044734), ('2310022B05Rik', 1.3360284237935676), ('Zfp931', 2.187603698307151), ('Zfp946', 2.234817445365926), ('Zmynd8', 2.796568000273889), ('Atg16l1', 1.2125942521598427)]",3637
Elk4,hocomoco__FEV_HUMAN.H11MO.0.B,0.09985258890731527,3.305858904559291,0.000604,1.0,"gene is annotated for similar motif swissregulon__mm__ELK1_4_GABP_A_B1_.p3 ('mm__ELK1,4_GABP{A,B1}.p3'; q-value = 0.000604)","frozenset({'activating', 'mm10_10kbp_up_10kbp_down_full_tx_v10_clust.genes_vs_motifs.rankings', 'top50'})","[('Rfx3', 1.2870684132680534), ('Dhx32', 2.567950198679827), ('Peli1', 0.8988093174238992), ('Elk4', 1.0), ('Lipo3', 1.6316997187387254), ('Cpt1a', 1.0255923067731778), ('Nr4a2', 1.0641829811604135), ('5430402O13Rik', 2.0057853875462075), ('Zc3h7a', 1.276854826601412), ('Mpc1', 1.2208876523369436), ('Tcea1', 0.9621197019909588)]",1519
Erf,taipale_tf_pairs__ERF_HOXA3_RSCGGAWNNNNNNNYMATTA_CAP_repr,0.0831951354339414,3.047997708956187,0.0,0.968978,motif is annotated for orthologous gene ENSG00000105722 in H. sapiens (identity = 96%),"frozenset({'activating', 'mm10_10kbp_up_10kbp_down_full_tx_v10_clust.genes_vs_motifs.rankings', 'top50'})","[('Ano10', 1.320178253496092), ('Stx7', 1.2270852754513064), ('Usp42', 1.2069281489332622), ('Ptpn2', 2.8153033316697145)]",266
Etv3,hdpi__ELF2,0.09527363184079601,3.3397357294986665,0.000145,0.146199,gene is orthologous to FBgn0005660 in D. melanogaster (identity = 14%) which is annotated for similar motif jaspar__MA0916.1 ('Ets21C'; q-value = 0.000145),"frozenset({'activating', 'mm10_10kbp_up_10kbp_down_full_tx_v10_clust.genes_vs_motifs.rankings', 'top50'})","[('Dph5', 2.105019653828456), ('Casp8ap2', 1.822396678035036), ('Cndp2', 1.8602883739823508), ('Tmem126b', 1.3767462897316636), ('Lonp1', 1.9199610180039697), ('Dtwd2', 2.761789963720678), ('BC005561', 1.418455110529142)]",832
Fli1,taipale_tf_pairs__FLI1_ETV7_NSMGGACGGAYNTCCKSN_CAP,0.10148238399837547,3.050010066528465,0.0,0.966814,gene is orthologous to ENSG00000151702 in H. sapiens (identity = 96%) which is directly annotated for motif,"frozenset({'activating', 'mm10_10kbp_up_10kbp_down_full_tx_v10_clust.genes_vs_motifs.rankings', 'top50'})","[('Topbp1', 1.0616808289840935), ('Lrig1', 0.9144345111291104), ('Nmt1', 1.8370136071492664), ('C1qtnf9', 2.2203632118916814), ('Senp1', 0.93083913734419), ('Ubl4a', 3.405335704174312), ('Cd36', 1.8291941889832133)]",695
Hif1a,transfac_pro__M00976,0.13679899820624766,4.4876715996414775,0.0,1.0,gene is directly annotated,"frozenset({'activating', 'mm10_10kbp_up_10kbp_down_full_tx_v10_clust.genes_vs_motifs.rankings', 'top50'})","[('Pou2f1', 1.879058021638345), ('Hif1a', 1.0), ('Pgrmc2', 1.9222446453039537), ('Gigyf2', 1.664656912236713), ('Susd6', 1.6649013529923544), ('Bcl7b', 1.8074791754292856), ('Snx4', 2.7798217003971954), ('Afg3l2', 2.83858365660281), ('Rwdd4a', 1.6057967118383647), ('2810408I11Rik', 1.55544866991334), ('Phf2', 1.9598147155069183), ('Klf8', 1.8361241332852336), ('Myo1e', 1.850451985882579), ('Heatr3', 1.914261817760632), ('Slc17a5', 2.157694696047208), ('Fyttd1', 2.20183586420393)]",3187
Hif1a,transfac_pro__M02012,0.1255118963008089,3.988944341526206,0.0,1.0,gene is directly annotated,"frozenset({'activating', 'mm10_10kbp_up_10kbp_down_full_tx_v10_clust.genes_vs_motifs.rankings', 'top50'})","[('Pou2f1', 1.879058021638345), ('Hif1a', 1.0), ('Pgrmc2', 1.9222446453039537), ('Bcl7b', 1.8074791754292856), ('Gigyf2', 1.664656912236713), ('Susd6', 1.6649013529923544), ('Snx4', 2.7798217003971954)]",714
Hif1a,transfac_pro__M07043,0.128388668900396,4.1160562363981645,0.0,1.0,gene is directly annotated,"frozenset({'activating', 'mm10_10kbp_up_10kbp_down_full_tx_v10_clust.genes_vs_motifs.rankings', 'top50'})","[('Hif1a', 1.0), ('Pou2f1', 1.879058021638345), ('Susd6', 1.6649013529923544), ('Snx4', 2.7798217003971954), ('Gigyf2', 1.664656912236713), ('Mien1', 1.6390676331397402), ('Afg3l2', 2.83858365660281), ('Amz2', 3.609673912520461), ('Mapre2', 1.6424005941250626), ('Fyttd1', 2.20183586420393)]",1008
Hif1a,transfac_pro__M07384,0.11828612041831658,3.669669170288993,0.0,1.0,gene is directly annotated,"frozenset({'activating', 'mm10_10kbp_up_10kbp_down_full_tx_v10_clust.genes_vs_motifs.rankings', 'top50'})","[('Afg3l2', 2.83858365660281), ('Hif1a', 1.0), ('Pgrmc2', 1.9222446453039537), ('Amz2', 3.609673912520461), ('Pou2f1', 1.879058021638345), ('Slc17a5', 2.157694696047208), ('Eif4ebp2', 2.7397134186201155), ('Mapre2', 1.6424005941250626), ('Fyttd1', 2.20183586420393), ('Snx4', 2.7798217003971954), ('Slc39a3', 1.570795924491612), ('Susd6', 1.6649013529923544), ('Klf8', 1.8361241332852336), ('Luzp1', 2.403477351130532), ('Fbxo17', 1.5678579399827093), ('Hoxb3', 1.8774265001185284), ('Psmd10', 4.056525946445228), ('Gigyf2', 1.664656912236713), ('Otud3', 1.506842859351826), ('Heatr3', 1.914261817760632), ('Fam219b', 2.3830374827527825), ('Kmt2a', 3.434472346983021), ('Isca2', 2.6544226220737075), ('Mien1', 1.6390676331397402)]",4582
Hif3a,transfac_pro__M06950,0.12741846323935876,3.097292112780105,0.0,1.0,gene is directly annotated,"frozenset({'activating', 'mm10_10kbp_up_10kbp_down_full_tx_v10_clust.genes_vs_motifs.rankings', 'top50'})","[('Spaca6', 0.0039581115010488), ('Plekhf2', 0.205659872980749), ('Rfng', 0.5928904457347548)]",186
Hoxb2,taipale_tf_pairs__HOXB2_HOXB13_NNCGTAAAATTA_CAP_repr,0.10117744610281924,3.256828560210759,0.0,0.80791,gene is orthologous to ENSG00000173917 in H. sapiens (identity = 80%) which is directly annotated for motif,"frozenset({'activating', 'mm10_10kbp_up_10kbp_down_full_tx_v10_clust.genes_vs_motifs.rankings', 'top50'})","[('Ahi1', 0.758404571179041), ('Iqcb1', 1.7411806624883317), ('Bach2', 1.3206387972199294), ('Zbtb43', 0.645915225985373), ('Il33', 0.6435683453019224), ('Mon2', 1.032691172370275), ('Npepl1', 2.2521193129452644), ('Lmbrd1', 1.9931674638997143)]",668
Hoxc10,taipale_tf_pairs__HOXC10_TBX21_TMRCACYTMATWAA_CAP_repr,0.09331963371548056,3.476105336230989,0.0,0.973684,gene is orthologous to ENSG00000180818 in H. sapiens (identity = 97%) which is directly annotated for motif,"frozenset({'activating', 'mm10_10kbp_up_10kbp_down_full_tx_v10_clust.genes_vs_motifs.rankings', 'top50'})","[('Ptprs', 1.6109961448855972), ('Sept9', 1.547636264978295), ('Plcl1', 2.626868412934241), ('Fam83h', 1.1204358999583264), ('Rsrc2', 1.765125490299084), ('Sema4a', 1.1482474152426088), ('Lrrc8a', 1.5421080709638868)]",880
Irf7,transfac_pro__M01884,0.09098126389329945,3.021947130340888,0.0,1.0,gene is directly annotated,"frozenset({'activating', 'mm10_10kbp_up_10kbp_down_full_tx_v10_clust.genes_vs_motifs.rankings', 'top50'})","[('Epha1', 1.369558701103491), ('Ston2', 1.419572825549562), ('Ntrk3', 1.3462710245231335), ('Prdm16', 1.7418629389715767)]",205
Junb,transfac_pro__M02095,0.12880044223327805,4.82179808045994,0.000334,1.0,gene is annotated for similar motif transfac_public__M00517 ('V$AP1_01: AP-1'; q-value = 0.000334),"frozenset({'activating', 'mm10_10kbp_up_10kbp_down_full_tx_v10_clust.genes_vs_motifs.rankings', 'top50'})","[('Id3', 2.7874147949703745), ('Adamts1', 2.612796462063838), ('Prkch', 3.0173275815922187), ('Irf1', 7.242210485885634), ('Myc', 3.0502058522888467), ('Mt2', 2.26929142590943), ('Ifrd1', 3.856673575568709), ('Nfkbiz', 4.1340827379081535), ('Epc1', 2.304737364059151), ('Errfi1', 2.634489423809759), ('Fosb', 2.17763833923754), ('Junb', 1.0), ('Kdm6b', 2.3140329172063776), ('Ier2', 3.0384050991469005), ('Nr4a1', 2.8247205777958886)]",1977
Klf13,hocomoco__KLF13_HUMAN.H11MO.0.D,0.08809214795587281,3.195670117254876,0.0,0.9375,motif is annotated for orthologous gene ENSG00000169926 in H. sapiens (identity = 93%),"frozenset({'activating', 'mm10_10kbp_up_10kbp_down_full_tx_v10_clust.genes_vs_motifs.rankings', 'top50'})","[('Rnf126', 1.9835820800255384), ('Nrn1', 1.697331583300374), ('Rnf44', 1.3924612403646386)]",136
Mef2c,transfac_pro__M02025,0.08421227197346601,3.4017382946994426,0.0,1.0,gene is directly annotated,"frozenset({'activating', 'mm10_10kbp_up_10kbp_down_full_tx_v10_clust.genes_vs_motifs.rankings', 'top50'})","[('Psph', 1.3668934096937626), ('Ccl3', 1.5180825160716824), ('Ccl4', 2.698151696472019), ('Ercc2', 2.0766258917194205), ('Nek7', 1.6599833363802592), ('Tomm7', 1.4223372998300958)]",783
Nfkb1,homer__GGAAATTCCC_NFkB-p65-Rel,0.1269209508015478,3.751724418528576,9.9e-05,1.0,gene is annotated for similar motif hocomoco__NFKB1_MOUSE.H11MO.0.A ('NFKB1_MOUSE'; q-value = 9.89e-05),"frozenset({'activating', 'mm10_10kbp_up_10kbp_down_full_tx_v10_clust.genes_vs_motifs.rankings', 'top50'})","[('Nr4a1', 2.9836612094260118), ('9530052E02Rik', 2.6699973757318545), ('Rasa3', 2.014058461868865), ('Nfkbia', 2.0629335800258097), ('Has2', 3.5745363244076827)]",213
Nfkb1,transfac_pro__M08891,0.11791044776119403,3.3754521441493903,0.0,0.872033,motif is annotated for orthologous gene ENSG00000109320 in H. sapiens (identity = 87%),"frozenset({'activating', 'mm10_10kbp_up_10kbp_down_full_tx_v10_clust.genes_vs_motifs.rankings', 'top50'})","[('9530052E02Rik', 2.6699973757318545), ('Tiparp', 3.6180902206277294), ('Eif4e', 2.650148803484271), ('Has2', 3.5745363244076827), ('March3', 1.9076942927572695), ('Nfkb1', 1.0)]",451
Rarg,hdpi__RARG,0.09303122070805393,3.108973669745559,0.0,0.982379,motif is annotated for orthologous gene ENSG00000172819 in H. sapiens (identity = 98%),"frozenset({'activating', 'mm10_10kbp_up_10kbp_down_full_tx_v10_clust.genes_vs_motifs.rankings', 'top50'})","[('Wdr73', 1.2949255770041497), ('5730409E04Rik', 3.754271842776776), ('Cdk20', 2.803706474597859), ('Cyp4f18', 2.255437366564079), ('Zfp697', 1.5505042936191962), ('Rab38', 1.2999337624782688), ('Acad8', 1.988895155871421), ('Slc2a9', 1.4059051170163293), ('Lrig2', 1.413261117583547)]",1037
Runx1,transfac_pro__M01759,0.09238805970149254,3.6061297168863615,0.000982,0.290323,gene is orthologous to FBgn0002576 in D. melanogaster (identity = 29%) which is annotated for similar motif transfac_pro__M07890 ('I$LZ_02: Lz'; q-value = 0.000982),"frozenset({'activating', 'mm10_10kbp_up_10kbp_down_full_tx_v10_clust.genes_vs_motifs.rankings', 'top50'})","[('Runx1', 1.0), ('Ppih', 1.2135617214724452), ('Kbtbd11', 1.2750924328126536), ('Set', 1.5717189976323065), ('Msantd3', 1.2762386694853347), ('Polr3c', 2.599293887924878), ('Samd14', 1.6130379637639076), ('Arl6', 1.6569305588141117), ('Fbxw11', 1.30700575324418), ('Paip2b', 2.6238428597111416), ('Pinx1', 2.5782734672498435), ('Cdk10', 3.020712076844564), ('Foxc1', 1.6167146739024187), ('Nek10', 1.8701841072506544), ('Pex10', 1.8036336149126664)]",2649
Runx1,transfac_pro__M01658,0.0982089552238806,3.9263314332717725,0.0,1.0,gene is directly annotated,"frozenset({'activating', 'mm10_10kbp_up_10kbp_down_full_tx_v10_clust.genes_vs_motifs.rankings', 'top50'})","[('Ppih', 1.2135617214724452), ('Kbtbd11', 1.2750924328126536), ('Polr3c', 2.599293887924878), ('Runx1', 1.0), ('Set', 1.5717189976323065), ('Paip2b', 2.6238428597111416), ('Pinx1', 2.5782734672498435), ('Msantd3', 1.2762386694853347)]",718
Shox2,taipale__POU6F2_DBD_WTAATKAGCTMATTAW,0.09634797029346023,3.1941028647518555,0.000224,0.981873,gene is orthologous to ENSG00000168779 in H. sapiens (identity = 98%) which is annotated for similar motif hocomoco__SHOX2_HUMAN.H11MO.0.D ('SHOX2_HUMAN'; q-value = 0.000224),"frozenset({'activating', 'mm10_10kbp_up_10kbp_down_full_tx_v10_clust.genes_vs_motifs.rankings', 'top50'})","[('Pld1', 1.6122796008046671), ('Shox2', 1.0), ('Ttyh3', 2.156042634482321), ('Iglon5', 2.003731347023105), ('Tgoln1', 1.2371741178755506), ('Zc3h11a', 1.431571407589424), ('Kcnk2', 1.527425962593073), ('Wdr86', 1.587032481434206), ('Adamts3', 1.6449860828488645), ('Pfkp', 1.127161710807482), ('Dab2ip', 1.693831111659511)]",1758
Stat5a,transfac_pro__M00777,0.0976512784912646,3.259928409788944,0.0,1.0,gene is directly annotated,"frozenset({'activating', 'mm10_10kbp_up_10kbp_down_full_tx_v10_clust.genes_vs_motifs.rankings', 'top50'})","[('Agpat3', 2.3071757060536364), ('Pear1', 2.288418561998291), ('Ptcd1', 0.977645332097719), ('4430402I18Rik', 1.497555814960906), ('A630089N07Rik', 1.36481545718353), ('Atp11a', 0.975270387523442)]",205
Tbx15,homer__GGGGGGGG_Maz,0.12887689213506934,3.8611444872300633,0.000713,0.986711,gene is orthologous to ENSG00000092607 in H. sapiens (identity = 98%) which is annotated for similar motif hocomoco__TBX15_HUMAN.H11MO.0.D ('TBX15_HUMAN'; q-value = 0.000713),"frozenset({'activating', 'mm10_10kbp_up_10kbp_down_full_tx_v10_clust.genes_vs_motifs.rankings', 'top50'})","[('Hmbox1', 2.1702330980910087), ('Kmt2a', 2.3212688521385063), ('Ube2r2', 1.6831330465300434), ('Tceal9', 2.2081369605772645), ('Rsf1', 2.180158767033255)]",124
Tcf12,transfac_pro__M03831,0.10177793204520036,3.1420905689284666,0.000997,0.956091,"gene is orthologous to ENSG00000140262 in H. sapiens (identity = 95%) which is annotated for similar motif cisbp__M6288 ('TCF12[gene ID: ""ENSG00000140262"" species: ""Homo sapiens"" TF status: ""direct"" TF family: ""bHLH"" DBDs: ""HLH""]'; q-value = 0.000997)","frozenset({'activating', 'mm10_10kbp_up_10kbp_down_full_tx_v10_clust.genes_vs_motifs.rankings', 'top50'})","[('Cnnm2', 1.4065444971398686), ('Tln2', 1.6231448557165469), ('Cdk14', 1.4429030370559164), ('Tfeb', 1.7556583750923798), ('Tbc1d8', 1.4782446905189397), ('Tcf12', 1.0)]",483
Tcf12,transfac_pro__M07477,0.10438119480118786,3.2597904616597657,0.000318,0.249296,"motif similar to cisbp__M4725 ('da[gene ID: ""FBgn0000413"" species: ""Drosophila melanogaster"" TF status: ""direct"" TF family: ""bHLH"" DBDs: ""HLH""]'; q-value = 0.000318) which is annotated for orthologous gene FBgn0000413 in D. melanogaster (identity = 24%)","frozenset({'activating', 'mm10_10kbp_up_10kbp_down_full_tx_v10_clust.genes_vs_motifs.rankings', 'top50'})","[('Impact', 1.705905778485488), ('Tfeb', 1.7556583750923798), ('Zfp609', 1.4154446841723258), ('Cnnm2', 1.4065444971398686), ('Gm14305', 1.3989930158466504), ('Zfp507', 1.810456158930806), ('Peg3', 1.7098192882561627), ('Usp4', 2.7905787061695824), ('Wdsub1', 1.7614483925237776)]",1172
Tead4,taipale_tf_pairs__TEAD4_FOXI1_GGWATGYGTMAACA_CAP_repr,0.12286087294026322,4.867212454777083,0.0,0.9274,gene is orthologous to ENSG00000197905 in H. sapiens (identity = 92%) which is directly annotated for motif,"frozenset({'activating', 'mm10_10kbp_up_10kbp_down_full_tx_v10_clust.genes_vs_motifs.rankings', 'top50'})","[('Dtnb', 0.2583970579526116), ('Cep126', 2.068532632438388), ('Pde11a', 0.8636142029978527), ('Ift122', 0.8786634691625177), ('Mier2', 0.2163397803747674), ('Rtn4rl1', 0.1912006857760019), ('Ythdf1', 0.2603315763752516), ('Gnb4', 0.2049313644734263), ('Tsta3', 1.4605706242475571), ('Ryk', 1.0940784627117324), ('Ube3c', 0.1871849763705067), ('Kctd16', 3.2711064949904163), ('Amy1', 0.1798389936710959), ('Ei24', 0.4213404339671102), ('Mlkl', 0.2362737306730258), ('Gm4951', 0.1716058072259615), ('Actr1b', 0.7521895433480085), ('Armcx2', 0.1696928658684108), ('Bcor', 0.7992763396366416)]",3709
Zbtb37,taipale_cyt_meth__ZBTB37_NTGCCGNNTTRGCCGWN_eDBD_repr,0.10249101713653952,3.371455482025585,0.0,0.950298,motif is annotated for orthologous gene ENSG00000185278 in H. sapiens (identity = 95%),"frozenset({'activating', 'mm10_10kbp_up_10kbp_down_full_tx_v10_clust.genes_vs_motifs.rankings', 'top50'})","[('Spock2', 0.8644781257157412), ('Abr', 1.544353803330458), ('Snx25', 0.9150251866634598), ('Rida', 1.0077811077490098), ('Ablim2', 2.190703954097292), ('Ift57', 1.7078321810306885), ('Cdc42ep2', 1.6492735753362158), ('Prmt2', 1.964483637384464)]",742
Zbtb7b,transfac_pro__M02023,0.09540837479270316,3.1950865131461184,0.000888,0.891544,"gene is orthologous to ENSG00000160685 in H. sapiens (identity = 89%) which is annotated for similar motif cisbp__M6539 ('ZBTB7B[gene ID: ""ENSG00000160685"" species: ""Homo sapiens"" TF status: ""direct"" TF family: ""C2H2 ZF"" DBDs: ""zf-C2H2""]'; q-value = 0.000888)","frozenset({'activating', 'mm10_10kbp_up_10kbp_down_full_tx_v10_clust.genes_vs_motifs.rankings', 'top50'})","[('Bnip2', 2.92120476429707), ('Dusp3', 1.049235441918711), ('Gm14305', 2.3341164403426684), ('Limk2', 1.129675868941498), ('Fbxo28', 1.2696202455329544), ('Zfp516', 1.525215878284176), ('Hmgxb4', 1.362685089325396)]",795
Zbtb7b,transfac_pro__M01175,0.09364635157545605,3.110010427473198,0.0,1.0,gene is directly annotated,"frozenset({'activating', 'mm10_10kbp_up_10kbp_down_full_tx_v10_clust.genes_vs_motifs.rankings', 'top50'})","[('Ppig', 0.980191327373911), ('Gtf3c2', 1.077885390212821), ('Dnajb6', 1.6492826324939216), ('Zbtb7b', 1.0), ('Gm15417', 1.0193630300751262), ('Lonp2', 2.453726897522865), ('Fermt3', 1.6364652301808629), ('Bnip2', 2.92120476429707)]",664
Zfp169,transfac_pro__M06218,0.08772802653399668,3.492822134673021,0.0,0.507463,motif is annotated for orthologous gene ENSG00000175787 in H. sapiens (identity = 50%),"frozenset({'activating', 'mm10_10kbp_up_10kbp_down_full_tx_v10_clust.genes_vs_motifs.rankings', 'top50'})","[('Sfxn2', 0.3534338750294978), ('Rbsn', 0.3999698970583436), ('Tmem209', 0.5518050537396508), ('Tmco4', 0.1363959394414572), ('Atxn7l3', 0.3061397791242107), ('Mss51', 0.1768287900790102), ('Nuak1', 0.3043168921025798), ('5930430L01Rik', 1.3351900176075058), ('Arhgef9', 0.2677156818943328), ('Gne', 0.168359250134035)]",1407
Zfp513,transfac_pro__M05518,0.07885917634051963,3.153103298217437,0.0,0.950092,gene is orthologous to ENSG00000163795 in H. sapiens (identity = 95%) which is directly annotated for motif,"frozenset({'activating', 'mm10_10kbp_up_10kbp_down_full_tx_v10_clust.genes_vs_motifs.rankings', 'top50'})","[('Gm15867', 1.9718145516506185), ('Efcab14', 1.1871592943814675), ('Osbpl6', 2.1295624430994926), ('Rab35', 1.321783381979734), ('St6galnac6', 1.1996641079656738)]",475
Zfp568,transfac_pro__M06896,0.11444550298154617,4.6355824768141725,0.000255,0.428279,motif similar to transfac_pro__M06258 ('V$ZNF345_03: ZNF345'; q-value = 0.000255) which is annotated for orthologous gene ENSG00000251247 in H. sapiens (identity = 42%),"frozenset({'activating', 'mm10_10kbp_up_10kbp_down_full_tx_v10_clust.genes_vs_motifs.rankings', 'top50'})","[('Bicdl1', 0.9779879961457252), ('Dnmt3b', 1.4132735078745704), ('Ptger2', 1.452936143439666), ('Vwa5a', 1.710992467506955), ('Scai', 2.1306657901025243)]",400
Zfp568,transfac_pro__M06258,0.08570622066970114,3.102183600792477,0.0,0.428279,motif is annotated for orthologous gene ENSG00000251247 in H. sapiens (identity = 42%),"frozenset({'activating', 'mm10_10kbp_up_10kbp_down_full_tx_v10_clust.genes_vs_motifs.rankings', 'top50'})","[('Igip', 2.1653623729155083), ('Arl8b', 1.3287862703402218), ('Mid2', 0.8383563604232541), ('Ldb1', 0.886176185740708), ('Tns2', 3.2900752361842347), ('Paxip1', 1.165294668020343), ('Sertad4', 3.671911477057836)]",752
Zfp82,transfac_pro__M06880,0.09673224785165084,3.383452663927706,0.0,1.0,gene is directly annotated,"frozenset({'activating', 'mm10_10kbp_up_10kbp_down_full_tx_v10_clust.genes_vs_motifs.rankings', 'top50'})","[('Fam53b', 0.4742038904722477), ('P4ha2', 0.0455830891102464), ('Dmkn', 0.1670919242285851), ('Idh1', 0.1482244989947973), ('Cep41', 0.3046699563081047), ('Unkl', 0.1263594359468655), ('Ercc3', 0.2202707863773972), ('Dcn', 0.1695529696674923), ('Ptp4a3', 1.2742222869401183), ('Ucp2', 0.0029578884208825)]",1272
Zfp963,transfac_pro__M06078,0.09295719981652023,4.051880910963693,0.0,0.45953,gene is orthologous to ENSG00000257446 in H. sapiens (identity = 45%) which is directly annotated for motif,"frozenset({'activating', 'mm10_10kbp_up_10kbp_down_full_tx_v10_clust.genes_vs_motifs.rankings', 'top50'})","[('2310022B05Rik', 0.4470296379563977), ('Tcp11l2', 0.536533246712912), ('Wdr34', 0.5439074987113686), ('Synm', 0.378889604668338), ('Paqr7', 3.686397766573545), ('Zfp444', 1.4895653389460342)]",546
Arid3a,tfdimers__MD00380,0.1351289529364671,4.120235250353595,0.0,0.809444,motif is annotated for orthologous gene ENSG00000116017 in H. sapiens (identity = 80%),"frozenset({'activating', 'top5perTarget', 'mm10_10kbp_up_10kbp_down_full_tx_v10_clust.genes_vs_motifs.rankings'})","[('Fam117b', 0.8940663894652647), ('Ppp6r1', 1.5680194995160563), ('Bmpr1b', 1.7085708401030408)]",162
Batf3,transfac_pro__M08803,0.12627602727105214,4.853978557149983,0.000808,0.755906,motif similar to taipale_cyt_meth__BATF3_NRTGAYGTCAYN_eDBD ('BATF3 [bZIP]'; q-value = 0.000808) which is annotated for orthologous gene ENSG00000123685 in H. sapiens (identity = 75%),"frozenset({'activating', 'top5perTarget', 'mm10_10kbp_up_10kbp_down_full_tx_v10_clust.genes_vs_motifs.rankings'})","[('Batf3', 1.0), ('Aif1', 2.084824216688143), ('Stxbp2', 1.2600517921555592), ('Fcgr3', 2.0446590018712283), ('Slc6a6', 1.8427790261331267), ('Ube2e3', 1.1667967190261574)]",773
Creb3l2,transfac_pro__M08803,0.0784510284398901,3.232863964148922,0.000896,1.0,"motif similar to cisbp__M5996 ('CREB3L2[gene ID: ""ENSG00000182158"" species: ""Homo sapiens"" TF status: ""inferred"" TF family: ""bZIP"" DBDs: ""bZIP_1""]; CREB3L3[gene ID: ""ENSG00000060566"" species: ""Homo sapiens"" TF status: ""inferred"" TF family: ""bZIP"" DBDs: ""bZIP_1""]; Creb3l2[gene ID: ""ENSMUSG00000038648"" species: ""Mus musculus"" TF status: ""direct"" TF family: ""bZIP"" DBDs: ""bZIP_1""]; Creb3l3[gene ID: ""ENSMUSG00000035041"" species: ""Mus musculus"" TF status: ""inferred"" TF family: ""bZIP"" DBDs: ""bZIP_1""]'; q-value = 0.000896) which is directly annotated","frozenset({'activating', 'top5perTarget', 'mm10_10kbp_up_10kbp_down_full_tx_v10_clust.genes_vs_motifs.rankings'})","[('Chpf2', 1.58256316176928), ('Zfp775', 0.8548964256947252), ('Camk1d', 1.324899682216217), ('Ahcyl2', 1.642888335865851), ('Cep70', 1.1480305521890393), ('Tmem167', 1.3416500745398467), ('Mapk12', 1.5641719711037112), ('Gtf2h3', 2.4620355083483942), ('Abl1', 1.1406731011623945), ('Slc12a2', 1.1588255952721649), ('Zfp563', 0.4981483682801454), ('Copb1', 1.081311867102234), ('Cetn3', 3.1051312761083696), ('Patz1', 0.5333666798399839), ('Csk', 1.2249179648297317)]",2069
Crebl2,transfac_public__M00039,0.09735873478137766,3.1336748868657027,0.000252,0.422764,gene is orthologous to FBgn0032202 in D. melanogaster (identity = 42%) which is annotated for similar motif transfac_pro__M07667 ('I$REPTORBP_01: REPTOR-BP'; q-value = 0.000252),"frozenset({'activating', 'top5perTarget', 'mm10_10kbp_up_10kbp_down_full_tx_v10_clust.genes_vs_motifs.rankings'})","[('Plekhm2', 1.95838413196995), ('Smim13', 1.5738662022339505), ('Dmrt2', 1.1657059392289806), ('Crebzf', 1.4308396231357), ('Hmgxb4', 1.742436319566114), ('Rpp30', 2.285297504533552)]",563
Elf4,hdpi__FLI1,0.07757508752533628,3.014503349177577,0.000311,1.0,"gene is annotated for similar motif cisbp__M0706 ('Elf1[gene ID: ""ENSMUSG00000036461"" species: ""Mus musculus"" TF status: ""inferred"" TF family: ""Ets"" DBDs: ""Ets""]; Elf4[gene ID: ""ENSMUSG00000031103"" species: ""Mus musculus"" TF status: ""direct"" TF family: ""Ets"" DBDs: ""Ets""]'; q-value = 0.000311)","frozenset({'activating', 'top5perTarget', 'mm10_10kbp_up_10kbp_down_full_tx_v10_clust.genes_vs_motifs.rankings'})","[('Usp38', 1.1093896828184298), ('Galnt11', 2.8614895584723863), ('Mrpl36', 1.280369723955295), ('Mapkapk5', 1.260271064740243)]",174
Elk1,tfdimers__MD00408,0.1000344190994712,3.5652219743305453,0.0,0.85514,motif is annotated for orthologous gene ENSG00000126767 in H. sapiens (identity = 85%),"frozenset({'activating', 'top5perTarget', 'mm10_10kbp_up_10kbp_down_full_tx_v10_clust.genes_vs_motifs.rankings'})","[('Pkdcc', 0.8405124338967117), ('Smad3', 1.686922388066474), ('Sclt1', 2.115266514198158), ('Lrig3', 1.4147024859013362), ('Osbpl2', 2.0073979576840943), ('Tecpr2', 1.3448939428593212), ('Mrpl48', 1.791207270362305), ('Zmynd8', 2.796568000273889), ('Tmlhe', 1.7639966037329462), ('Phyhd1', 1.0368166998114992), ('Khdrbs3', 1.0968819168191328), ('Nhsl1', 1.492065998334788), ('Hint3', 3.407241486957327), ('Dexi', 1.5445408496248798), ('Usp53', 2.4160710473271485), ('Ap1ar', 1.6997192776110053), ('Zc3h3', 2.4942868279318398), ('1110012L19Rik', 2.562619347181272), ('Chmp6', 1.0993014791788671)]",3920
Erf,taipale_tf_pairs__ERF_HOXA3_RSCGGAWNNNNNNNYMATTA_CAP_repr,0.07184472374967268,3.149903589688812,0.0,0.968978,motif is annotated for orthologous gene ENSG00000105722 in H. sapiens (identity = 96%),"frozenset({'activating', 'top5perTarget', 'mm10_10kbp_up_10kbp_down_full_tx_v10_clust.genes_vs_motifs.rankings'})","[('Galnt5', 1.1718263274469365), ('AW209491', 1.7800608567973812), ('Sorbs1', 1.1440153359699718), ('Fam20c', 1.5816056130012246), ('Nop2', 1.1607555845358613), ('0610009L18Rik', 2.0243197244156272)]",302
Etv3,hdpi__ELF2,0.08999274461028192,3.4364416018894994,0.000145,0.146199,gene is orthologous to FBgn0005660 in D. melanogaster (identity = 14%) which is annotated for similar motif jaspar__MA0916.1 ('Ets21C'; q-value = 0.000145),"frozenset({'activating', 'top5perTarget', 'mm10_10kbp_up_10kbp_down_full_tx_v10_clust.genes_vs_motifs.rankings'})","[('Esrrg', 1.145562701118081), ('Casp8ap2', 1.822396678035036), ('Fanca', 0.4250285518760879), ('Zbtb43', 1.6548382447972851), ('Ldb1', 1.631034270056695), ('BC005561', 1.418455110529142), ('Lonp1', 1.9199610180039697), ('Banp', 1.497597191897017), ('Camsap3', 1.4093394279954816), ('Dnajc27', 1.1280176759621594), ('Socs4', 1.3777360211868808), ('Cdc42ep1', 2.867727959959032), ('Spsb3', 0.9955163540967368), ('Igsf8', 1.310284420070528), ('Ddit4l', 1.1899089073442033), ('Dhx16', 1.8488050180392668)]",2504
Hoxc10,taipale_tf_pairs__HOXC10_TBX21_TMRCACYTMATWAA_CAP_repr,0.08367644535940985,3.0562427460075763,0.0,0.973684,gene is orthologous to ENSG00000180818 in H. sapiens (identity = 97%) which is directly annotated for motif,"frozenset({'activating', 'top5perTarget', 'mm10_10kbp_up_10kbp_down_full_tx_v10_clust.genes_vs_motifs.rankings'})","[('Neu3', 0.7766381954273127), ('Ptprs', 1.6109961448855972), ('Hnrnpu', 0.9126073366359228), ('Sept9', 1.547636264978295), ('Plcl1', 2.626868412934241), ('Fam83h', 1.1204358999583264), ('Rsrc2', 1.765125490299084), ('Tmem45a', 0.9253186970508684), ('Lrrc8a', 1.5421080709638868)]",880
Irf1,transfac_pro__M00747,0.07819744813348224,3.7620988418610164,0.0,1.0,gene is directly annotated,"frozenset({'activating', 'top5perTarget', 'mm10_10kbp_up_10kbp_down_full_tx_v10_clust.genes_vs_motifs.rankings'})","[('Vegfa', 0.9722911416016182), ('Jak2', 1.1601568125125636), ('Zfp618', 1.1012436014752742), ('Rbm20', 1.890249996328132), ('Dok6', 0.5519888780594481), ('Hpgd', 1.8633715963501465), ('Arhgef3', 0.9921468893535548), ('Sema6d', 0.9031501294825238), ('Dtnbp1', 1.1826018490049113), ('Fbxl17', 1.033254898308645), ('Pdgfra', 2.8186067278187754), ('Zfp36l1', 2.728719642681818), ('Fchsd2', 1.1243517033988844), ('Brd2', 1.6377236124336347), ('Fosb', 3.3588088350616108), ('Cep126', 1.3578695556214004), ('Plcxd3', 0.5970431803882958), ('Gli3', 2.525209535837427), ('Nfkbia', 1.5004598048700333), ('Cyct', 0.0854177296098047), ('Lpp', 1.33572447079699), ('Litaf', 1.582014180398617), ('Prkg1', 0.8849677888407177), ('Thbs2', 1.6727537693521988), ('Prickle1', 1.500425835008597), ('Spaca6', 1.132137709946157), ('Gprc5b', 1.6205663139798954), ('Rfx7', 0.6084303302052749), ('Rbfox1', 1.49697082556986), ('Gadd45g', 1.1888934171677366), ('Socs3', 3.1645745533505507), ('Bcl6', 1.298875322169722)]",1540
Irx5,taipale_cyt_meth__IRX5_NCGCGWNNNWCGCGN_eDBD_meth_repr,0.10425146992311171,3.29535131016375,0.0,0.931677,motif is annotated for orthologous gene ENSG00000176842 in H. sapiens (identity = 93%),"frozenset({'activating', 'top5perTarget', 'mm10_10kbp_up_10kbp_down_full_tx_v10_clust.genes_vs_motifs.rankings'})","[('Mageh1', 1.8532408714510855), ('D130009I18Rik', 0.8175800356697571), ('Rdh10', 1.055784883535081), ('Fam160b1', 1.2608646622232624), ('Dmap1', 1.2184668725870895), ('Hsd11b1', 1.6231526974259185), ('Hebp2', 1.3962593732766209)]",1080
Jund,transfac_pro__M03870,0.06594284893223414,3.1580998470782364,0.000287,0.741936,"gene is orthologous to ENSG00000130522 in H. sapiens (identity = 74%) which is annotated for similar motif cisbp__M4570 ('JUND[gene ID: ""ENSG00000130522"" species: ""Homo sapiens"" TF status: ""direct"" TF family: ""bZIP"" DBDs: ""bZIP_1""]'; q-value = 0.000287)","frozenset({'activating', 'top5perTarget', 'mm10_10kbp_up_10kbp_down_full_tx_v10_clust.genes_vs_motifs.rankings'})","[('Neto2', 1.0300215046313388), ('Scyl2', 2.6898834663176148), ('Tsc22d2', 0.967131629795824), ('Hmgcs1', 1.879253743851627), ('Podn', 1.805837469639587), ('Rev3l', 1.640556971671178), ('Mei4', 2.4777706287462635), ('Celf2', 1.920637782971809), ('Fgfr2', 1.922335594349472), ('Zmynd11', 1.331701351838658), ('Svep1', 1.568210847617282), ('Hdlbp', 2.216085923047318), ('Fndc3b', 1.8889592320633948), ('Rbms1', 1.5688537577836108), ('Enpp2', 1.6263993903813434), ('Kitl', 2.0971128080623016), ('Frmd6', 2.269572082481177), ('Steap4', 3.574378488452296), ('Gm19303', 0.6006429141611517), ('Pear1', 2.167833698603728), ('Frmd4b', 4.633029620726844), ('Il1r1', 3.0458891771830103), ('Mme', 1.326823278168636), ('Id2', 1.696429793346488), ('Lpl', 2.1053208594051718), ('Prkg1', 2.4782353795769527), ('Ctsh', 1.2303348554744058), ('Nrip1', 2.0330592705251527), ('Zfp810', 0.6485377863743483), ('Lhpp', 0.5919311235566178), ('Runx1t1', 1.1049134249854249), ('Ulk3', 1.4902709138500203), ('Acvr2a', 1.2830109752185397), ('Angpt1', 1.3117146889576592), ('Aff1', 3.2206641990760447), ('Kcnj6', 1.7947046950450454)]",1235
Klf4,transfac_pro__M07289,0.07317974881431484,3.1808367272779683,0.0,1.0,gene is directly annotated,"frozenset({'activating', 'top5perTarget', 'mm10_10kbp_up_10kbp_down_full_tx_v10_clust.genes_vs_motifs.rankings'})","[('Tiparp', 2.3966497091670926), ('Frmd5', 0.1871124098734513), ('Nsd3', 0.808739222702507), ('Sestd1', 1.4834585820869146), ('Eif4e', 1.5744413085722688), ('Abi1', 1.2086234084959533), ('Zfp62', 1.6813195763223197), ('Pabpc4l', 3.756276833726914), ('Msl3', 1.225162716661674), ('Macrod2', 3.1971324461960355), ('Ugdh', 4.898615743289135), ('Phyhipl', 0.6232744869871312), ('Steap2', 1.1045096689113287), ('Snx10', 0.9913778332345838), ('0610040F04Rik', 1.0167235536708632), ('Hivep2', 1.3744317899696517), ('Itpr1', 1.1133897543910012), ('Srrm1', 1.147330706109893), ('Sh3gl2', 0.3046808440259076), ('Camk2n1', 1.376646439398404), ('Klf4', 1.0), ('Hey1', 1.0205833112461766), ('Slc4a4', 1.053025789054212), ('Rnf14', 1.302405858498346), ('Ryr2', 0.7673409767696086), ('Klf6', 1.3309520308480385), ('March1', 0.7057850302435076), ('2610507B11Rik', 1.4320366205679074), ('Shroom3', 1.2343233976836965), ('Atp8a1', 1.2973628564230106), ('Sulf1', 0.7218268688116298), ('Sema3e', 0.7525053969044062), ('Adgrv1', 1.6996391505311683), ('Cited2', 1.5200905512294), ('Mpp7', 1.519696480916212), ('Flnb', 0.8276525137003261), ('Pcdhgc3', 1.0191707486187254), ('Pygb', 2.505986228658036), ('Tox3', 0.8427563852046318), ('Tmod1', 0.8466042486661912), ('Uap1', 4.930221792394243), ('Sv2c', 1.64453683676884), ('Errfi1', 1.4021188195661904), ('Wnt11', 2.3770679370744805), ('Usp2', 1.7516183482961982), ('Prox1', 0.8647051782797329), ('Zfp523', 1.2143248234366617), ('Atg16l2', 1.4801263553425934), ('Gm16793', 1.1464783754054138)]",3002
Klf6,hocomoco__PURA_HUMAN.H11MO.0.D,0.08279468797743565,3.117524672992624,0.000732,0.845912,gene is orthologous to ENSG00000067082 in H. sapiens (identity = 84%) which is annotated for similar motif hocomoco__KLF6_HUMAN.H11MO.0.A ('KLF6_HUMAN'; q-value = 0.000732),"frozenset({'activating', 'top5perTarget', 'mm10_10kbp_up_10kbp_down_full_tx_v10_clust.genes_vs_motifs.rankings'})","[('Atxn2', 1.6138026645709174), ('Rsf1', 1.4843035961509718), ('Usp32', 1.355258259782087), ('Rdx', 1.5234492660805523), ('Elf2', 2.340896256077373), ('Tab3', 1.1511336778622798), ('Add3', 0.9916957615707512), ('Klf6', 1.0), ('Map7d2', 1.2972316104965391), ('Zfyve1', 4.843761796085072), ('Lonrf1', 1.6037633704974532), ('Ssr3', 0.855448390276757), ('Foxp2', 0.650591529038709), ('Kdm6b', 2.082142524456942), ('Phyhipl', 0.9806291912604764), ('Sox12', 6.137164682627259e-06), ('Ube2b', 1.40186777583232), ('Oaz2', 1.9216607718769925), ('Prrc2a', 0.8796648092887795), ('Ywhag', 0.86985361871458), ('Dse', 0.8827487173838007), ('Elf1', 1.342927580559663)]",1308
Myc,transfac_pro__M06039,0.07346205480533839,3.061884999245472,6e-05,0.898678,"gene is orthologous to ENSG00000136997 in H. sapiens (identity = 89%) which is annotated for similar motif dbcorrdb__MYC__ENCSR000FAG_1__m1 ('MYC (ENCSR000FAG-1, motif 1)'; q-value = 6.01e-05)","frozenset({'activating', 'top5perTarget', 'mm10_10kbp_up_10kbp_down_full_tx_v10_clust.genes_vs_motifs.rankings'})","[('Wipi1', 1.1745768984427296), ('Ints6', 1.3690001259581146), ('Kdm3a', 1.160985405879509), ('Hif1a', 2.08687443499502), ('Atp13a3', 1.0231014841675314), ('Gm20753', 1.2941549912787995), ('1700096K18Rik', 1.064355596153002), ('Pim1', 1.0854886095805625)]",464
Smarca4,transfac_pro__M04916,0.09495854063018243,3.327434313875464,0.000297,0.990724,"gene is orthologous to ENSG00000127616 in H. sapiens (identity = 99%) which is annotated for similar motif dbcorrdb__SMARCA4__ENCSR000EZC_1__m10 ('SMARCA4 (ENCSR000EZC-1, motif 10)'; q-value = 0.000297)","frozenset({'activating', 'top5perTarget', 'mm10_10kbp_up_10kbp_down_full_tx_v10_clust.genes_vs_motifs.rankings'})","[('Stag1', 0.9568476316813188), ('Ap1s2', 1.4146044981722146), ('Btbd10', 0.8654216428680127), ('Cyfip1', 1.17023305588278), ('Psip1', 0.8779841064681196), ('Jade1', 1.254317175677628)]",571
Sp3,hocomoco__KLF13_HUMAN.H11MO.0.D,0.09237349836184928,3.694708981610751,0.000213,0.966709,motif similar to taipale_cyt_meth__SP3_NRCCMCGCCCMYN_eDBD ('SP3 [Znf_C2H2]'; q-value = 0.000213) which is annotated for orthologous gene ENSG00000172845 in H. sapiens (identity = 96%),"frozenset({'activating', 'top5perTarget', 'mm10_10kbp_up_10kbp_down_full_tx_v10_clust.genes_vs_motifs.rankings'})","[('4732471J01Rik', 2.3221813073118964), ('S100pbp', 1.881346768120645), ('Ddhd1', 1.4150391236477355), ('Nrg4', 0.7163264960762509), ('Lamtor5', 1.105861842214085), ('Pfn2', 1.0427347425620628), ('Lrrc42', 1.106155469999078), ('Gas5', 0.8945896907368038), ('Ggnbp2', 1.2654913898660396), ('Erf', 1.773790875720022), ('Rnf152', 1.699527139434838), ('Rap1gap', 0.9605148477348504)]",959
Spi1,tfdimers__MD00186,0.07341843752812166,3.8256517742560465,0.0,0.870849,motif is annotated for orthologous gene ENSG00000066336 in H. sapiens (identity = 87%),"frozenset({'activating', 'top5perTarget', 'mm10_10kbp_up_10kbp_down_full_tx_v10_clust.genes_vs_motifs.rankings'})","[('Ctsc', 1.2621289963627893), ('Gfra2', 0.8527602341797306), ('Prdm1', 1.7457240042480031), ('Mef2c', 1.9972302845176215), ('Mtss1', 1.0630218653866017), ('Blnk', 1.128643081404487), ('Cybb', 1.6385825483308496), ('Tnfaip8', 0.958793968692958), ('Mafb', 1.0624130692893037), ('Stard8', 1.564200631391669), ('Ptpre', 1.3736262359835347)]",589
Tbx15,homer__GGGGGGGG_Maz,0.09716258888207364,3.417420953006131,0.000713,0.986711,gene is orthologous to ENSG00000092607 in H. sapiens (identity = 98%) which is annotated for similar motif hocomoco__TBX15_HUMAN.H11MO.0.D ('TBX15_HUMAN'; q-value = 0.000713),"frozenset({'activating', 'top5perTarget', 'mm10_10kbp_up_10kbp_down_full_tx_v10_clust.genes_vs_motifs.rankings'})","[('Zbtb7b', 3.674583851299038), ('Atxn1', 0.8606133117823158), ('Bbx', 1.3883881619413343), ('Fam135a', 1.218142644694813), ('Ptpn4', 1.048013564010246), ('Rsf1', 2.180158767033255), ('Arhgap12', 1.2961760541647167), ('Tcf12', 1.9076450269888467), ('Zmym5', 1.5199451871847105), ('Ppara', 0.5776909781058996), ('Camk2d', 1.2203890649825817), ('Flrt2', 1.0428048121931937), ('Hmbox1', 2.1702330980910087), ('Celf1', 1.6935262728122271), ('Yy1', 0.7397191801852127), ('Rbm27', 1.0345610810134098), ('Kmt2a', 2.3212688521385063), ('Strn3', 1.5401924380479608), ('Kmt5b', 1.51555222388225), ('Dok6', 1.018283283952787), ('Nfib', 2.7802640707115054), ('Zbtb37', 1.2683939574932863), ('Ppp3ca', 1.3443741896791654), ('Tax1bp1', 0.6832474412674185), ('Chd4', 2.1275231181499388), ('Tceal9', 2.2081369605772645), ('Phldb1', 1.9375911972768112), ('Fgf10', 1.4495037915942155), ('Abca1', 0.9951708144136232), ('Stam', 1.5896303926746354), ('Dclk1', 1.5580921612281555), ('Trabd2b', 1.209854239066147), ('Prkacb', 1.198097162824712), ('Ube2r2', 1.6831330465300434), ('Bmper', 1.4917742315835962)]",1277
Thra,tfdimers__MD00319,0.06712237133659434,3.2407890516395716,0.0,0.97551,motif is annotated for orthologous gene ENSG00000126351 in H. sapiens (identity = 97%),"frozenset({'activating', 'top5perTarget', 'mm10_10kbp_up_10kbp_down_full_tx_v10_clust.genes_vs_motifs.rankings'})","[('Rmdn2', 1.6361804307181445), ('Sfxn1', 1.1613210690335736), ('Oxr1', 0.8782408158677778), ('Pja1', 1.6496161646354497), ('M1ap', 0.6985407218209629), ('Rbfox1', 0.828619487003406), ('Osbpl10', 1.9392357504892197), ('Rbm39', 1.365059542958433), ('4833420G17Rik', 1.5067214839423082), ('Flt1', 1.8342242277798904), ('Fam167b', 2.44809912360672), ('Atrnl1', 1.2079201103639887)]",699
Usf1,tfdimers__MD00222,0.0870286249909871,3.3787731147103157,0.0,0.983871,gene is orthologous to ENSG00000158773 in H. sapiens (identity = 98%) which is directly annotated for motif,"frozenset({'activating', 'top5perTarget', 'mm10_10kbp_up_10kbp_down_full_tx_v10_clust.genes_vs_motifs.rankings'})","[('Atp6v0c', 1.666608946057282), ('Kdm3b', 1.129605128511101), ('Fbxo38', 1.4144518419960517), ('Ctnnd2', 1.137197213654518), ('Ppp2r2d', 1.4721148904297476)]",406
Zbtb37,taipale_cyt_meth__ZBTB37_NTGCCGNNTTRGCCGWN_eDBD_repr,0.11628133840600917,3.23294673299099,0.0,0.950298,motif is annotated for orthologous gene ENSG00000185278 in H. sapiens (identity = 95%),"frozenset({'activating', 'top5perTarget', 'mm10_10kbp_up_10kbp_down_full_tx_v10_clust.genes_vs_motifs.rankings'})","[('Mtus1', 1.5268373743356496), ('Ino80d', 0.7841980084201948), ('Gtf2ird1', 2.6118970244680524), ('Abr', 1.544353803330458), ('Zmym2', 3.06484113940512), ('Zbtb37', 1.0)]",529
Zfp105,transfac_pro__M05613,0.08725191248060771,3.0611351993461393,0.0,0.814885,gene is orthologous to ENSG00000169981 in H. sapiens (identity = 81%) which is directly annotated for motif,"frozenset({'activating', 'top5perTarget', 'mm10_10kbp_up_10kbp_down_full_tx_v10_clust.genes_vs_motifs.rankings'})","[('Eif4ebp1', 1.1964305273787308), ('Ctdsp1', 1.5828875827743962), ('Aifm2', 1.568651735215091), ('Lig4', 1.5947265574582628), ('Gas8', 1.7349692026536088)]",646
Zfp335,transfac_pro__M05910,0.10182421227197347,3.123399769679321,0.0,0.872102,gene is orthologous to ENSG00000198026 in H. sapiens (identity = 87%) which is directly annotated for motif,"frozenset({'activating', 'top5perTarget', 'mm10_10kbp_up_10kbp_down_full_tx_v10_clust.genes_vs_motifs.rankings'})","[('3010001F23Rik', 1.8065318590235344), ('Ccbe1', 0.6686780527191549), ('Qpctl', 1.539267960010643), ('Cyc1', 1.169249008813117), ('Gon4l', 0.8328138562892063)]",633
Zfp354c,tfdimers__MD00053,0.08024847513843213,3.1633681482988485,0.0,0.736462,motif is annotated for orthologous gene ENSG00000177932 in H. sapiens (identity = 73%),"frozenset({'activating', 'top5perTarget', 'mm10_10kbp_up_10kbp_down_full_tx_v10_clust.genes_vs_motifs.rankings'})","[('Chpf2', 3.17454575087571), ('Accs', 1.6039328348282555), ('Nr1h4', 1.4667746986373444), ('Zbtb17', 1.3194530495605694), ('Spock3', 1.4394968147814269), ('Grhl2', 0.8324906320359439), ('Carf', 1.073210662369999), ('Ddx1', 1.10658220369819), ('Fmn2', 2.629743247275645), ('Traf6', 0.8139523659330652)]",1571
Zfp513,transfac_pro__M05518,0.08050391318262488,3.6239680203967213,0.0,0.950092,gene is orthologous to ENSG00000163795 in H. sapiens (identity = 95%) which is directly annotated for motif,"frozenset({'activating', 'top5perTarget', 'mm10_10kbp_up_10kbp_down_full_tx_v10_clust.genes_vs_motifs.rankings'})","[('Spg20', 1.0985900149954564), ('Themis2', 0.694907397130398), ('Parp3', 0.9472770858307802), ('Ifi30', 1.5553853060289018), ('Rspo3', 1.085026082688274), ('Bnip3', 1.879741457570224), ('Eif3b', 2.9369064630794544), ('St6galnac6', 1.1996641079656738)]",838
Zfp568,transfac_pro__M06896,0.09426824212271974,3.190207597748015,0.000255,0.428279,motif similar to transfac_pro__M06258 ('V$ZNF345_03: ZNF345'; q-value = 0.000255) which is annotated for orthologous gene ENSG00000251247 in H. sapiens (identity = 42%),"frozenset({'activating', 'top5perTarget', 'mm10_10kbp_up_10kbp_down_full_tx_v10_clust.genes_vs_motifs.rankings'})","[('Sertad4', 3.671911477057836), ('Tns2', 3.2900752361842347), ('Pex14', 1.2355998663083725), ('Zfat', 0.754085793297431), ('Vwa5a', 1.710992467506955), ('Igip', 2.1653623729155083), ('Sox7', 0.635839874338909)]",1027
Zfp740,transfac_pro__M02938,0.11595667495854063,3.485797751138655,0.0,1.0,gene is directly annotated,"frozenset({'activating', 'top5perTarget', 'mm10_10kbp_up_10kbp_down_full_tx_v10_clust.genes_vs_motifs.rankings'})","[('Mfsd14b', 2.7491539543475163), ('Stag2', 1.4361781958948274), ('Fastkd1', 1.017430236372526), ('Soat1', 1.3674609086909482), ('Zfp644', 1.070339198652609), ('Plscr4', 0.8634868141337728)]",769
Arid3a,tfdimers__MD00380,0.09146068598804917,3.663946878644759,0.0,0.809444,motif is annotated for orthologous gene ENSG00000116017 in H. sapiens (identity = 80%),"frozenset({'top10perTarget', 'activating', 'mm10_10kbp_up_10kbp_down_full_tx_v10_clust.genes_vs_motifs.rankings'})","[('H2afy', 0.7995574221942199), ('Atg5', 0.5943626187279476), ('Agpat3', 1.1480586442178662), ('Azi2', 0.7217115382907593), ('Polr3h', 0.7022157475089673), ('Bcorl1', 0.8789118465642687), ('Zfp407', 0.6704160429497834), ('Ccdc33', 1.1912976930408972), ('Kdelr3', 0.7948136664675145), ('Golgb1', 1.2635451320019655), ('Med16', 1.6471678052821002), ('Slc29a1', 0.7489277822368987), ('Tm9sf1', 0.8911750352903385), ('Haghl', 1.8975129938850708), ('Arid3a', 1.0), ('Hspa2', 0.7441009652183036), ('Zdhhc13', 3.237413928890564), ('Atp9b', 0.6341564144313157), ('Ptprk', 1.6891004645446788), ('Mrps33', 1.3297740336691002), ('Echdc3', 0.608418686850951), ('Fam214a', 0.8578562620306669), ('Ntrk3', 0.8753451283563167), ('Sox17', 1.2541637471325395)]",4417
Batf3,transfac_pro__M08803,0.08796596726512365,3.620403467510253,0.000808,0.755906,motif similar to taipale_cyt_meth__BATF3_NRTGAYGTCAYN_eDBD ('BATF3 [bZIP]'; q-value = 0.000808) which is annotated for orthologous gene ENSG00000123685 in H. sapiens (identity = 75%),"frozenset({'top10perTarget', 'activating', 'mm10_10kbp_up_10kbp_down_full_tx_v10_clust.genes_vs_motifs.rankings'})","[('Slfn2', 1.3419685056650854), ('Hist1h2af', 0.919817995330729), ('Pid1', 0.5977533382565449), ('Clec12a', 3.1170565658333924), ('4930581F22Rik', 0.607821414768513), ('Ccr2', 3.9336016081322343), ('Tpd52', 1.545768901821528), ('Spi1', 1.6360938271879517), ('Art3', 1.1111772710186891), ('Haus7', 1.1871582790473287), ('Man1b1', 0.7355690289405725), ('Ube2e3', 1.1667967190261574), ('Lpxn', 2.50166687840218), ('Ctss', 1.988202865777596), ('Ctsc', 1.4171599256944705)]",2095
Creb3l1,hocomoco__XBP1_HUMAN.H11MO.0.D,0.061364373783257625,3.010379409287674,0.000282,0.921154,gene is orthologous to ENSG00000157613 in H. sapiens (identity = 92%) which is annotated for similar motif taipale_cyt_meth__CREB3L1_TGCCACGTCAYN_eDBD ('CREB3L1 [bZIP]'; q-value = 0.000282),"frozenset({'top10perTarget', 'activating', 'mm10_10kbp_up_10kbp_down_full_tx_v10_clust.genes_vs_motifs.rankings'})","[('Lamp1', 0.6961052846213415), ('March9', 0.1540621542160663), ('Sec61a1', 0.7401823684833595), ('Ctif', 0.7986496786921929), ('Bcat1', 0.4323279930425472), ('Zfp809', 0.8460994856163714), ('Kctd17', 0.6719045106131092), ('Eif4g1', 0.7055374943847071), ('Lsm12', 1.4837964012381513), ('Lncppara', 0.7530803176042855), ('Col1a2', 1.5173676621728185)]",361
Crebl2,transfac_public__M00039,0.0748968336611516,3.393030557927471,0.000252,0.422764,gene is orthologous to FBgn0032202 in D. melanogaster (identity = 42%) which is annotated for similar motif transfac_pro__M07667 ('I$REPTORBP_01: REPTOR-BP'; q-value = 0.000252),"frozenset({'top10perTarget', 'activating', 'mm10_10kbp_up_10kbp_down_full_tx_v10_clust.genes_vs_motifs.rankings'})","[('Katna1', 1.2193927873599173), ('Sema4c', 1.3234319746595156), ('Ppp2r2a', 0.6359858808604584), ('Ubr1', 0.8329194007249984), ('Atp11a', 0.8722284903411488), ('Mdh1', 0.8686539271812084), ('Rsbn1', 0.6874803279891124), ('Kif13b', 0.91961644892427), ('Lars', 0.760292891941603), ('March9', 0.0063037284427676)]",737
E2f2,taipale_cyt_meth__E2F2_GCGCGCGCGYW_eDBD_repr,0.08166911919276855,3.265694028257422,0.0,0.832952,motif is annotated for orthologous gene ENSG00000007968 in H. sapiens (identity = 83%),"frozenset({'top10perTarget', 'activating', 'mm10_10kbp_up_10kbp_down_full_tx_v10_clust.genes_vs_motifs.rankings'})","[('Sin3a', 4.837328144770329), ('Kbtbd2', 1.1004206936774654), ('Vps13b', 0.8312268292527598), ('Usp37', 1.109404789704722), ('Derl2', 1.0210444394258007), ('Bms1', 1.3257425349962586), ('Txnl1', 1.499993878587615), ('Fbxo5', 1.0685022140482667), ('Tmed8', 2.8504869642477235), ('Smarca4', 0.81770450170702), ('Dusp6', 0.8396175960074734), ('Ankra2', 1.482469148044963), ('Pole4', 0.9501678634916886), ('Atp1b3', 1.6803174730990065), ('Brpf3', 1.065259324710835), ('Rab33b', 1.2895512005892318), ('Emsy', 1.32109562028038), ('Aebp2', 0.7245544958489958), ('Rbl1', 1.4215413540418926), ('Rad54l', 0.8710473800216183), ('Osr1', 0.7686890787972693), ('Tmpo', 0.9397261414725826), ('Ccnh', 0.7647386750219899), ('Abl1', 1.9320670248931893), ('U2af1', 0.7706785364939046), ('Psrc1', 0.5822629414578328), ('Sestd1', 0.6920799515364747), ('Yars', 1.059560237793668), ('Gpsm2', 1.1463253450316422)]",4942
Egr1,transfac_pro__M02281,0.05521917121626486,3.470065653303997,0.00097,1.0,gene is annotated for similar motif hocomoco__EGR1_MOUSE.H11MO.0.A ('EGR1_MOUSE'; q-value = 0.00097),"frozenset({'top10perTarget', 'activating', 'mm10_10kbp_up_10kbp_down_full_tx_v10_clust.genes_vs_motifs.rankings'})","[('Smarca2', 0.9468342992437218), ('Mbd5', 0.4833747336328176), ('0610040F04Rik', 2.6255878358473077), ('Ncoa2', 0.9378539282513052), ('Tiparp', 0.8743085228519055), ('Adnp', 0.9373326479354336), ('Zfp78', 0.3696505081546244), ('Ints6', 1.005548137151378), ('Chd4', 0.871413989144064), ('Sbno1', 0.6797000542851701), ('Pcdh7', 0.932637383634127), ('Nrep', 2.7527824826969898), ('C430049B03Rik', 2.2916133395662155), ('Dap3', 0.7449771507529297), ('Pabpc1', 2.4881832539473674), ('Gli3', 1.3019161755568662), ('Gas5', 1.195063785048859), ('Arid3b', 1.0665434552062512), ('Eef1a1', 1.5411595068276496), ('Rab28', 1.226819466653544), ('Cxxc5', 1.0746900511092248), ('Maf', 1.0368322412776023), ('Lrfn1', 0.6051261871931147), ('Lrrc3', 0.045889377731907), ('Fah', 0.6810580759002011), ('Klf4', 2.431567776604968), ('Gli1', 0.5254123144028261), ('Ggn', 0.6470531625923023), ('Fst', 0.778807169413177), ('Cltc', 0.8269910293766775), ('Zfp36l1', 1.6853834488567592), ('Gon4l', 0.6511484894430398), ('Ccdc33', 0.5648006796372077), ('Tmem246', 0.4338404434497818), ('Irf2bpl', 2.2218078663889163), ('Meg3', 0.3700266011788707), ('B3glct', 1.147478278056813), ('Socs3', 2.1582680556394416), ('Hmgcs1', 1.205241432572296), ('Cul2', 2.423338920593099), ('Sytl4', 0.4773570536539883), ('Picalm', 1.1524745056962369), ('Sash1', 1.326704427445378), ('Smarca1', 0.4483508645710714), ('Has2', 2.2049070358405363), ('Adamts1', 1.715086452261951), ('Zfp62', 2.848590786096834), ('Crebbp', 0.7482534226312123), ('Pabpc4l', 1.9763740188800003), ('Cnot1', 1.3491551019545325), ('Elf1', 0.7105705220833933), ('Egflam', 1.4578902286428663), ('Zfp202', 0.5672540154934536), ('Ddx3x', 1.2025880909016156), ('Ptprt', 0.4608500587732467), ('Map2k5', 1.408103034978755), ('Mettl15', 2.7532351514457543), ('Tra2b', 0.8945408473007935), ('Nsd3', 0.7744610603089341), ('Atxn2l', 0.7623981475924175), ('Dcakd', 0.6760507277800052), ('Gpr27', 0.7148240162128086), ('Tob2', 0.6135460430312765), ('Hes1', 0.6551278881931255), ('Arih1', 3.070951621432402), ('Col1a2', 0.455304726079405), ('Tmem200a', 1.5370147272589123), ('Rfx1', 0.5327546242987848), ('Ttc28', 0.7399652800241855), ('Gria3', 0.6568845302517625), ('2810410L24Rik', 0.6794654728993194), ('Jdp2', 0.7331733961546107), ('Ckap4', 1.263410522883868), ('Zmynd11', 1.027835857667725), ('Slc4a3', 0.6714415483387448), ('Ryr1', 0.4907400273015292), ('Gdf11', 0.3350060041092606), ('Thsd7a', 1.003732321371707), ('Ilf3', 1.2244732982241977), ('Ar', 1.130096328695983), ('Errfi1', 0.7311768435425134), ('Gls', 0.9779276041566932), ('Sox12', 3.5968074836431243e-06), ('Rassf9', 0.3819591103408105), ('Asap2', 1.478752918126526), ('Bcl3', 1.0056526920228317), ('Msl1', 1.0537755760372616), ('Arhgap6', 1.022056488312748), ('Tnfaip3', 1.3377126641462278), ('Osmr', 1.8348519028997856), ('Igdcc4', 0.5072161908239621), ('AW549877', 1.7981981785448955), ('Idh1', 0.9181664742811438), ('Abat', 1.4701995564040298)]",2099
Elf4,hdpi__FLI1,0.07133543478536072,3.6629698421869437,0.000311,1.0,"gene is annotated for similar motif cisbp__M0706 ('Elf1[gene ID: ""ENSMUSG00000036461"" species: ""Mus musculus"" TF status: ""inferred"" TF family: ""Ets"" DBDs: ""Ets""]; Elf4[gene ID: ""ENSMUSG00000031103"" species: ""Mus musculus"" TF status: ""direct"" TF family: ""Ets"" DBDs: ""Ets""]'; q-value = 0.000311)","frozenset({'top10perTarget', 'activating', 'mm10_10kbp_up_10kbp_down_full_tx_v10_clust.genes_vs_motifs.rankings'})","[('Zfp112', 0.4574067256762809), ('Ndufa13', 1.267966064182578), ('Ing4', 0.9773333087054163), ('Usp38', 1.1093896828184298), ('Gar1', 1.075176657332242), ('6430562O15Rik', 0.0772688367673829), ('Ncf4', 1.632133275420829), ('Eme1', 0.4660352409976805), ('Ssu72', 1.2848420775734806), ('Stx2', 0.5564703471547393), ('Cog3', 4.493162998402464), ('F630028O10Rik', 0.582409262040838), ('Mnt', 1.5586900262112675)]",746
Erf,taipale_tf_pairs__ERF_SREBF2_NNCACGTGACMGGAARNN_CAP_repr,0.06350193477059149,3.2060175920413494,0.0,0.968978,motif is annotated for orthologous gene ENSG00000105722 in H. sapiens (identity = 96%),"frozenset({'top10perTarget', 'activating', 'mm10_10kbp_up_10kbp_down_full_tx_v10_clust.genes_vs_motifs.rankings'})","[('Eid2b', 0.5977920995000111), ('Lipo3', 1.195231988793378), ('Stx7', 1.2270852754513064), ('Elovl6', 0.7042424841278903), ('Ppp1r14c', 1.927948821294284), ('Ephb6', 0.6782370330900006), ('Rspry1', 0.9303348013056144), ('Nkain2', 3.4346490154139704), ('Moxd1', 0.7694729888211763), ('Satb1', 0.5046403728716585), ('Mettl9', 0.9608383567055844), ('Mob4', 1.6483557852486794), ('Ppfia3', 0.051168643664478), ('Ano10', 1.320178253496092), ('Utrn', 0.7242625162774953), ('Lclat1', 0.7139370922786363), ('Dnah1', 1.3019412293669657), ('Mical3', 1.3446533639511216), ('Pfkfb4', 2.070998682080364)]",1348
Etv3,hdpi__ELF2,0.08865466482022875,3.5943407330307924,0.000145,0.146199,gene is orthologous to FBgn0005660 in D. melanogaster (identity = 14%) which is annotated for similar motif jaspar__MA0916.1 ('Ets21C'; q-value = 0.000145),"frozenset({'top10perTarget', 'activating', 'mm10_10kbp_up_10kbp_down_full_tx_v10_clust.genes_vs_motifs.rankings'})","[('Kcmf1', 1.6742756856111136), ('Tsc22d2', 0.8239070655918365), ('Cul1', 1.4740813709858354), ('Fmr1', 0.8766932202862603), ('Socs4', 1.3777360211868808), ('Polq', 0.9270806663459336), ('Ppp4c', 0.9792034193883016), ('Polr2m', 0.7426464631331893), ('Casp8ap2', 1.822396678035036), ('Fancc', 0.7263097940743521), ('Etv3', 1.0), ('Rpf2', 1.060187209381793), ('Eif4ebp2', 0.6795757725809277), ('Pigq', 1.0108994072171968), ('Etfrf1', 1.2884366275365695), ('Polk', 2.668619329491112), ('Vmp1', 1.2139831445212057), ('Mrps9', 1.2156510795049322), ('Igsf8', 1.310284420070528), ('Sept6', 1.3469903418069544), ('Ttc1', 1.6248611557336723), ('Dph5', 2.105019653828456), ('Tssc4', 1.0062950451685089), ('Tomm70a', 1.968871517609046), ('Dhx16', 1.8488050180392668), ('Zbtb43', 1.6548382447972851), ('Ppp4r3b', 1.0335437758383692), ('Ldb1', 1.631034270056695), ('Relt', 0.6901542912381758), ('Rmdn1', 1.6411445815741357), ('Gga2', 1.0313193657271902), ('Stk35', 1.4157140160559114), ('Klhl7', 1.1266734714918507)]",3863
Etv5,hdpi__FLI1,0.06460422753955092,3.1692062571538844,0.000723,0.954902,"gene is orthologous to ENSG00000244405 in H. sapiens (identity = 95%) which is annotated for similar motif taipale_cyt_meth__ETV5_NRCMGGAAGTN_eDBD_meth ('ETV5 [ETS, CpG-meth]'; q-value = 0.000723)","frozenset({'top10perTarget', 'activating', 'mm10_10kbp_up_10kbp_down_full_tx_v10_clust.genes_vs_motifs.rankings'})","[('Btk', 1.2666844521563991), ('Rgl1', 0.8988495642574772), ('Vdac2', 1.5413800705891263), ('Vps13a', 0.8493942797543804), ('Sord', 0.9170510412991149), ('Trim59', 1.845479347801451), ('Notch1', 0.9027080975103402), ('Wrb', 1.466447648669008), ('Rps4x', 0.310494947102073), ('Itgav', 0.6887346128598766)]",447
Fosl1,tfdimers__MD00353,0.06752621867189872,3.4711387359748507,0.0,0.885609,motif is annotated for orthologous gene ENSG00000175592 in H. sapiens (identity = 88%),"frozenset({'top10perTarget', 'activating', 'mm10_10kbp_up_10kbp_down_full_tx_v10_clust.genes_vs_motifs.rankings'})","[('Pfdn4', 2.100109850654489), ('Dtna', 0.4629172814025559), ('Heph', 2.9318350105605884), ('Tmem167', 0.8342679948003282), ('Rfc1', 1.804038991695812), ('Tmem80', 0.4929210372887326), ('Rwdd1', 0.7124885384681914), ('Ptprk', 1.500888360925513), ('Raf1', 1.4111858413648433), ('BC052040', 0.9115936168985252)]",256
Irf7,transfac_pro__M01884,0.07182555690018376,3.243008633157287,0.0,1.0,gene is directly annotated,"frozenset({'top10perTarget', 'activating', 'mm10_10kbp_up_10kbp_down_full_tx_v10_clust.genes_vs_motifs.rankings'})","[('Pacs2', 0.7493518962513445), ('Tspan14', 1.7111165782047697), ('Gtf2h2', 1.0877529540490367), ('Crtc1', 1.8185559488585572), ('Ighmbp2', 1.9063840497955584), ('Dyrk2', 0.92255901899446), ('Dgcr6', 1.7020216066917415), ('Emx2', 0.7278426893503199), ('Nudt4', 1.709078249874282), ('Ldb1', 1.0080246861485362), ('Draxin', 0.8307120522404869), ('Dgat1', 1.0229489915751355)]",623
Meis1,taipale_tf_pairs__MEIS1_ELF1_NTGCCGGAAGTN_CAP_repr,0.07548497820972656,3.4601266581790364,0.0,0.971795,motif is annotated for orthologous gene ENSG00000143995 in H. sapiens (identity = 97%),"frozenset({'top10perTarget', 'activating', 'mm10_10kbp_up_10kbp_down_full_tx_v10_clust.genes_vs_motifs.rankings'})","[('Mmachc', 0.9333052484674688), ('Ncdn', 1.7678043303447888), ('6030443J06Rik', 1.5069154320243257), ('Prickle2', 0.9651634615394532), ('Dysf', 2.3375884242306486), ('Atxn7l3', 2.0993819261966453), ('Meis1', 1.0), ('Tnfrsf1b', 0.9852060592681174), ('Cln5', 1.1938605504349056), ('Nbas', 1.0528490539628326), ('Eml1', 0.6758926323163378), ('Rin3', 1.0564821704947522), ('Rpgr', 0.728212749783045), ('Tbccd1', 0.7937931457331393), ('Parp4', 0.9027738326234916), ('Tmem208', 0.6838958664859287), ('Clybl', 4.611686381070887)]",1870
Smarca4,transfac_pro__M04916,0.06965882836529602,3.2689405837911645,0.000297,0.990724,"gene is orthologous to ENSG00000127616 in H. sapiens (identity = 99%) which is annotated for similar motif dbcorrdb__SMARCA4__ENCSR000EZC_1__m10 ('SMARCA4 (ENCSR000EZC-1, motif 10)'; q-value = 0.000297)","frozenset({'top10perTarget', 'activating', 'mm10_10kbp_up_10kbp_down_full_tx_v10_clust.genes_vs_motifs.rankings'})","[('Stag1', 0.9568476316813188), ('8030462N17Rik', 1.0674816659712216), ('Psip1', 0.8779841064681196), ('Jade1', 1.254317175677628), ('Ap1s2', 1.4146044981722146), ('Ran', 0.4565636145720445), ('Myrip', 0.3815799780211241), ('Dleu2', 0.4713897446768439), ('Bmp2k', 1.1195926525356534), ('Acvr1c', 0.5952307364967762), ('Zfyve16', 0.9019717279908984), ('Tpbg', 0.6181081436774799), ('Osgin2', 1.6587606393871457), ('Ralgapa2', 1.393198520156497), ('Mapre1', 0.6628864600664219), ('Gm7854', 0.0491888522874041), ('Mfhas1', 2.3038271438338813), ('Tfdp1', 1.7623067069748095), ('Cyfip1', 1.17023305588278), ('Btbd10', 0.8654216428680127)]",1526
Sp3,hocomoco__KLF13_HUMAN.H11MO.0.D,0.07887001772745468,4.031308754828814,0.000213,0.966709,motif similar to taipale_cyt_meth__SP3_NRCCMCGCCCMYN_eDBD ('SP3 [Znf_C2H2]'; q-value = 0.000213) which is annotated for orthologous gene ENSG00000172845 in H. sapiens (identity = 96%),"frozenset({'top10perTarget', 'activating', 'mm10_10kbp_up_10kbp_down_full_tx_v10_clust.genes_vs_motifs.rankings'})","[('4732471J01Rik', 2.3221813073118964), ('S100pbp', 1.881346768120645), ('Ddhd1', 1.4150391236477355), ('Nrg4', 0.7163264960762509), ('Lamtor5', 1.105861842214085), ('Pfn2', 1.0427347425620628), ('Psen2', 0.8888610266897166), ('Lrrc42', 1.106155469999078), ('Prkar2b', 0.6393926687989847), ('Per3', 1.199012159100436), ('Txnl4a', 0.7894832407539223), ('Gas5', 0.8945896907368038), ('Kdm4c', 0.6784835179546773), ('Ggnbp2', 1.2654913898660396), ('Gnas', 0.0093560292255492), ('Erf', 1.773790875720022), ('Atp23', 0.8317791863488395), ('Ints13', 0.4104928734157795), ('Rnf152', 1.699527139434838), ('Rap1gap', 0.9605148477348504), ('Zdhhc5', 0.9239781564918008), ('Zfp7', 0.3450257843539295), ('Rab2b', 1.0294474210242788), ('Tmem135', 1.0706663033174872)]",1287
Spi1,tfdimers__MD00186,0.0637680392364419,3.308737727674642,0.0,0.870849,motif is annotated for orthologous gene ENSG00000066336 in H. sapiens (identity = 87%),"frozenset({'top10perTarget', 'activating', 'mm10_10kbp_up_10kbp_down_full_tx_v10_clust.genes_vs_motifs.rankings'})","[('Plbd1', 0.6550474528054283), ('Cdk4', 2.793479322095349), ('Mcfd2', 2.7571122327016107), ('Ly86', 0.6686847780571619), ('Lrrc58', 0.5221235168900165), ('Cd83', 2.6151891274600594), ('Csf1r', 3.134035457168654), ('Smoc1', 0.5469705835027291), ('Mrc1', 1.8241071072079744), ('Slc15a4', 0.8942227546451221), ('Cd300a', 1.132842274098132), ('Tank', 0.6183593908343701), ('Yipf6', 1.304830321066824), ('Patz1', 0.5974111422346268), ('Ube2e3', 1.0132041456964915), ('Vwf', 1.217966396914466), ('Hacd4', 0.7718868534340837), ('Rangap1', 1.64843219767637), ('Stard3nl', 0.9776906940059832), ('Lgmn', 0.6877218803731839), ('Slc38a1', 0.8574398570243204), ('Rbm28', 0.7094776203224351), ('Sec11c', 2.031759319266744), ('Lair1', 0.839644643592347), ('Susd3', 0.8558665578391852), ('C1qa', 2.835465024220328), ('Ptpro', 0.8907485485626925), ('Unc93b1', 1.6859327374907571), ('Cdkn2a', 2.0399636179714244), ('Mef2c', 1.9972302845176215), ('Pak2', 3.390055359173605), ('Serpinb6a', 0.4881856396482332), ('Mef2a', 2.3740181018596185), ('Lat2', 0.5549898681078989), ('Iqgap2', 1.2242699224678035), ('Ccl12', 0.5800932475852024), ('Lcp2', 1.1964880508102689)]",1995
Srebf2,taipale_tf_pairs__ERF_SREBF2_NNCACGTGACMGGAARNN_CAP_repr,0.06495301271420674,3.283554268214,0.0,0.922124,gene is orthologous to ENSG00000198911 in H. sapiens (identity = 92%) which is directly annotated for motif,"frozenset({'top10perTarget', 'activating', 'mm10_10kbp_up_10kbp_down_full_tx_v10_clust.genes_vs_motifs.rankings'})","[('Doc2b', 0.8272080985794884), ('Gpr183', 0.7565380937687691), ('Ccrl2', 0.4832005552299482), ('Mapk10', 0.7749293894519695), ('9030624G23Rik', 1.17585351308602), ('Med24', 0.9985238288194735), ('Zranb1', 1.5901598104676518), ('Dusp2', 0.4251593250093693), ('Dnajc18', 1.6754589645072266), ('Gba2', 0.6865474630068503), ('Ldlr', 0.9105309810069508), ('Pzp', 0.0297856686857931), ('Fgf20', 0.5713350680037803), ('Vash2', 0.5813602363760032), ('Meis2', 0.6112738727448446), ('Has2os', 0.7843064770150295), ('1700034P13Rik', 0.5957467854445821), ('Hs3st3a1', 0.8646704567936401), ('2610035D17Rik', 1.6179600298449928), ('Lman2', 1.1393938488013735), ('Psmc2', 0.808485965259213), ('Naa25', 0.912755362477415), ('Vps41', 3.079232670599207), ('Ppp1r12a', 0.651563636387529), ('Clec4a2', 1.0825664806478583), ('Actr3b', 0.7341232099871209), ('Tpte', 0.8560703185725365), ('Klhl36', 0.6156996594459379), ('Col4a6', 0.6776929462756119), ('Bloc1s6', 2.9708309244882667), ('Aldh9a1', 1.0262048547656186), ('Nxpe2', 0.8669907270214613), ('Decr2', 0.7663264441163372), ('Srebf2', 1.0)]",2961
Srf,taipale_cyt_meth__SRF_CCWTGTWNGG_eDBD_meth,0.0798117844512378,3.6749847554915553,0.0,0.972222,gene is orthologous to ENSG00000112658 in H. sapiens (identity = 97%) which is directly annotated for motif,"frozenset({'top10perTarget', 'activating', 'mm10_10kbp_up_10kbp_down_full_tx_v10_clust.genes_vs_motifs.rankings'})","[('Zfas1', 1.128335070783527), ('9430078K24Rik', 1.440573134520064), ('Mnt', 1.8894593438152936), ('Srf', 1.0), ('Trappc13', 0.993636727846248), ('Hcfc1', 0.7733371272848834), ('Aaas', 4.128941732914641), ('Zfp580', 1.05041198417677), ('Phf6', 1.575478789396113), ('Entpd6', 0.4807799455925623)]",660
Tbx15,homer__GGGGGGGG_Maz,0.07631383313318466,3.1611397017059155,0.000713,0.986711,gene is orthologous to ENSG00000092607 in H. sapiens (identity = 98%) which is annotated for similar motif hocomoco__TBX15_HUMAN.H11MO.0.D ('TBX15_HUMAN'; q-value = 0.000713),"frozenset({'top10perTarget', 'activating', 'mm10_10kbp_up_10kbp_down_full_tx_v10_clust.genes_vs_motifs.rankings'})","[('Auts2', 0.8132619825990799), ('Hmbox1', 2.1702330980910087), ('Kmt2a', 2.3212688521385063), ('Kcnt2', 1.0150681853308212), ('Ube2r2', 1.6831330465300434), ('Tceal9', 2.2081369605772645), ('Rsf1', 2.180158767033255), ('Magi3', 0.7532341588891326), ('Pkn2', 0.5698192460239297), ('Asxl1', 0.81232165990402), ('Mast4', 0.6293778438660373), ('Acvr2a', 1.012395374825913), ('Vps54', 1.044111110009787), ('Cdyl2', 1.3934180355314658), ('Amotl1', 0.6603601624554354), ('Ldb2', 0.6924851931761917), ('Ammecr1', 0.9210531225321076), ('Ebf1', 0.5460586381075814), ('Fmn1', 2.05412101682894), ('Fam135a', 1.218142644694813), ('Pde4a', 0.4023962093808857), ('Irs1', 0.7349108517658188), ('Ppfia3', 0.6231463982040669), ('Atxn1', 0.8606133117823158), ('Sash1', 0.8011216781005928), ('Trabd2b', 1.209854239066147), ('Peli2', 1.0069857257479486), ('Ptpn12', 0.826492686012337), ('Zfp652os', 0.5583760797422276)]",570
Tead4,taipale_tf_pairs__TEAD4_FOXI1_GGWATGYGTMAACA_CAP_repr,0.1697346600331675,4.239982501594601,0.0,0.9274,gene is orthologous to ENSG00000197905 in H. sapiens (identity = 92%) which is directly annotated for motif,"frozenset({'top10perTarget', 'activating', 'mm10_10kbp_up_10kbp_down_full_tx_v10_clust.genes_vs_motifs.rankings'})","[('Slc27a1', 1.1251608783516018), ('Actr1b', 0.7521895433480085), ('Kctd16', 3.2711064949904163), ('Tpbgl', 1.4699616299470433)]",685
Zfp119a,transfac_pro__M06078,0.12669292426755113,3.5223479090225753,0.0,0.403013,motif is annotated for orthologous gene ENSG00000257446 in H. sapiens (identity = 40%),"frozenset({'top10perTarget', 'activating', 'mm10_10kbp_up_10kbp_down_full_tx_v10_clust.genes_vs_motifs.rankings'})","[('Amfr', 2.431429074169582), ('Ppm1b', 2.518230337140912), ('Ube2q2', 1.5266707357195008), ('Tmem126b', 0.8548499465406318), ('Fbxo34', 2.337022431843643), ('Prpf18', 3.353853220348783), ('H6pd', 1.3102778529991888), ('Adss', 0.8671022420078927), ('C1qtnf1', 1.57344899650208), ('Ece1', 0.9901179644300426), ('Ttpal', 0.9106335325064142)]",3826
Zfp513,transfac_pro__M05518,0.07265452671915504,3.870075144789169,0.0,0.950092,gene is orthologous to ENSG00000163795 in H. sapiens (identity = 95%) which is directly annotated for motif,"frozenset({'top10perTarget', 'activating', 'mm10_10kbp_up_10kbp_down_full_tx_v10_clust.genes_vs_motifs.rankings'})","[('Sf3b6', 3.668637272239873), ('Cherp', 1.061475380317178), ('Synm', 1.1806730607854148), ('Id2', 0.7553129920847723), ('Creg1', 2.025330906114672), ('Mphosph6', 0.9793312178941634), ('Osbpl6', 2.1295624430994926), ('Cenpl', 2.048003722864668), ('Ubqln4', 1.8340315508526757), ('Nfyc', 1.5581969393761166)]",869
Zfp568,transfac_pro__M06896,0.08668777325493743,3.331795924182478,0.000255,0.428279,motif similar to transfac_pro__M06258 ('V$ZNF345_03: ZNF345'; q-value = 0.000255) which is annotated for orthologous gene ENSG00000251247 in H. sapiens (identity = 42%),"frozenset({'top10perTarget', 'activating', 'mm10_10kbp_up_10kbp_down_full_tx_v10_clust.genes_vs_motifs.rankings'})","[('Stox2', 0.7358473613036552), ('Ptger2', 1.452936143439666), ('Bicdl1', 0.9779879961457252), ('Gemin7', 1.2382669772365271), ('A330009N23Rik', 1.510476204640371), ('Shisa6', 0.4965151391769893)]",450
Atf3,transfac_public__M00039,0.045026297085998576,3.044599126488209,5.2e-05,1.0,"gene is annotated for similar motif transfac_pro__M00981 ('V$CREBATF_Q6: CREB, ATF'; q-value = 5.19e-05)","frozenset({'top50perTarget', 'activating', 'mm10_10kbp_up_10kbp_down_full_tx_v10_clust.genes_vs_motifs.rankings'})","[('Satb1', 0.1708851999186008), ('Txlng', 0.6859362358256997), ('Gramd4', 2.115710772664703), ('March6', 0.1819460189957912), ('Tmem200a', 0.2125351417882186), ('Azin1', 1.3198292515338588), ('Pias1', 0.2376940840922161), ('Zeb2', 0.169402204806101), ('Ptchd1', 0.2951092318328207), ('Tox', 0.3264808863297928), ('Fbxl19', 0.0239259057236469), ('Socs6', 0.6277905432921099), ('Cenpj', 0.4991341617655077), ('Zfp217', 1.3833009535401877), ('Sumo1', 0.7741110817934618), ('Stat5b', 0.1541276953198037), ('Utp14b', 0.2329232472879845), ('Acsl3', 0.198935012355255), ('Smarca1', 0.2336856856226936), ('P4ha1', 0.1825392093022924), ('Man1a', 0.3590314418794543), ('Rsf1', 2.2715354837862085), ('Cept1', 0.2138653520638692), ('Mctp1', 0.1367180688165605), ('Osbpl6', 0.1817393207897432), ('Ppie', 2.075805428247944), ('Klf4', 0.7029782931732826), ('Sbno1', 0.2279443391927061), ('Echdc1', 0.1860145761605734), ('Dennd4a', 0.2934524287986118), ('Usp3', 0.1872394752672698), ('Ino80', 0.2234122886646452), ('Wac', 0.376490791587909), ('Wwc2', 0.3290019553946965), ('Hsf2', 0.5438967514962619), ('H1f0', 1.7735477737457872), ('Epb41l5', 0.2188860730631059), ('Pdp1', 0.4276892734229864), ('Abracl', 0.1961796921344317), ('Mybl1', 0.1345853244847151), ('Peli2', 0.1876190558243422), ('Gigyf1', 0.8959114329324261), ('Irs1', 0.2614835040413277), ('Lrch3', 0.2149266853954994), ('Gnpda2', 0.1634479542011457), ('Col4a3bp', 0.1908013986025933), ('Pcbp2', 0.2156885338811106), ('Rbm26', 0.1682247903210084), ('Arid5b', 0.3091471457318796), ('Nfkb1', 0.1615416552564115), ('Irs2', 0.3252876761018831), ('Vps54', 0.1428412623493054), ('Rabgap1l', 0.1920567541495257), ('Ift81', 0.0051470202153337), ('Dtx3', 0.0054815351038906), ('Ablim3', 0.3464424635611942), ('Abl2', 0.261795062089051), ('Gnal', 0.1550032614901519), ('Arpc1b', 0.2088258240088862), ('Eloa', 0.2598242925594259), ('Tnks', 0.2462966577182033), ('Fam135a', 0.0133359125377002), ('Tra2b', 0.2213307312025872), ('Gap43', 0.0879583983444428), ('Pcmtd2', 0.4870806648419234), ('Map3k6', 1.7378283391750713), ('Eif4a3', 0.1883263593626973), ('Chic2', 0.3681626841387866), ('Tmpo', 0.1530869384950445), ('Grk5', 0.3127087916806753), ('Cbfa2t2', 1.202148405935769), ('Raf1', 0.1901328114341107), ('Lcp1', 1.0664125739872918), ('Huwe1', 0.3324455817570553), ('Abi1', 0.1735545306726636), ('Zfp61', 0.8103182562382913), ('Nrg1', 0.1748692783949897), ('Jph4', 0.0865473702017846), ('Ccng2', 0.5478016158058733), ('Gabra2', 0.3854747244419522), ('Id3', 0.8692628030968177), ('Ncam2', 0.0813748633408487), ('Homer1', 0.4762668804136615), ('Foxn2', 0.4534068853461285), ('Tnk2', 0.0006882351685706), ('Dcbld1', 0.3695087427108135), ('Stat3', 0.4960737370555376), ('Fosb', 0.1492441336505568), ('Dap', 0.217314118258638), ('Hnrnpa0', 0.2255206976656273), ('Sik1', 0.637492211260193), ('Tra2a', 0.1569892510000273), ('Zc3h7b', 0.1231689383911269), ('Map3k7', 1.700695267533654), ('Dedd', 0.2674390715254643), ('Mab21l1', 0.1422884231799912), ('Tmtc2', 0.3397166840889909), ('Klhl8', 0.3206152091761101), ('Jund', 0.0630827442659716), ('Itgb3bp', 0.149445899342562), ('Phf2', 1.1442905586309375), ('Zfp770', 0.4449725174452147), ('Rsbn1l', 0.4151577110402062), ('Npl', 0.1223709296025326), ('C1qtnf4', 5.415267377844137e-07), ('Ric8b', 1.2421732989610057), ('Erp44', 1.187009714820657), ('Zmym5', 0.2460328792719478), ('Clip1', 0.6085373977760492), ('Rsl24d1', 0.3484109517522926), ('Smad4', 0.1869881430020587), ('Slc25a21', 0.2032154902798043), ('BC005537', 0.2082861115989771), ('Elf1', 0.2613551461210509), ('Apbb1ip', 0.1668448089699512), ('Nbl1', 0.1376540898610306), ('Trim33', 0.5072197617755908), ('Stx16', 0.2041638994188785), ('Syt8', 0.2443342454522768), ('Vdac2', 0.2154013285218727), ('Pbld2', 0.4820081438693127), ('Syn1', 0.2776031739432265), ('Dars', 0.3626877917520928), ('Ubr5', 0.1579411707846305), ('L3mbtl3', 0.4398124332323203), ('Junb', 0.1475250690708141), ('Acadm', 0.463318475712871), ('Cgrrf1', 0.6669534695535788), ('Cab39', 0.506729213929371), ('Clic4', 0.756811222923355), ('Tmem167', 0.1681061168219498), ('Foxo4', 0.3542293804655984), ('Zbtb12', 0.6549137804334774), ('Lhfp', 0.8568840225699403), ('Efcab2', 0.1524260586921922), ('Bivm', 0.0087824636814607), ('Uso1', 0.1740094884363935), ('Ptpn12', 0.3414397393118216), ('Tex26', 0.5363081248463563), ('Reck', 0.4035874033943157), ('Sbk1', 5.11495556258136e-06), ('Dram1', 1.6718691625858282), ('Trp53rkb', 0.4338284052117293), ('Vsig10', 0.3085730612530785), ('Olfm2', 0.1478357972431857), ('Sox4', 0.3593435633489169), ('Fads1', 0.2712663028074415), ('Diaph1', 0.2013744969037924), ('Msantd4', 0.2552341587101612), ('Stx3', 0.2424273009327415), ('Dnajc13', 0.500713542271634), ('Baiap2l1', 1.170612378486687), ('Acvrl1', 0.5412129289331623), ('Plxnc1', 0.6174377153311211)]",2685
Atf5,transfac_pro__M01861,0.041216304100412965,3.187075404718617,0.000883,1.0,"gene is annotated for similar motif transfac_pro__M00981 ('V$CREBATF_Q6: CREB, ATF'; q-value = 0.000883)","frozenset({'top50perTarget', 'activating', 'mm10_10kbp_up_10kbp_down_full_tx_v10_clust.genes_vs_motifs.rankings'})","[('Tlr5', 0.9558791912203598), ('Rab14', 0.2613455048821523), ('Eif2b5', 0.097315282433874), ('Papss2', 0.6912190422970972), ('Ipo5', 0.3446299563105982), ('Eci2', 0.5625905628363844), ('Bcr', 0.2366577844725617), ('Clec14a', 0.293315278020729), ('3425401B19Rik', 0.2043441430605695), ('Vcpkmt', 0.0801903079756927), ('Ptpra', 0.4520638801739802), ('Med18', 0.2207662324364471), ('Gcnt2', 0.1672927405738846), ('Csnk2a2', 0.2477991560790947), ('Yipf6', 0.4591002100455522), ('Mbtps2', 0.1838009930163557), ('Ufm1', 0.1951828904703142), ('Trim2', 0.2720178733466984), ('Fam98a', 0.2176971566411549), ('3300005D01Rik', 0.0830561474374515), ('Phactr1', 0.2228917031399182), ('Cald1', 0.1553872662933463), ('Cndp2', 0.4029624400505984), ('Srpr', 0.1777406362116632), ('Lrrc17', 0.1520503943484191), ('Pex12', 0.4545574337491941), ('Tamm41', 0.5161918355302889), ('Atxn1l', 0.0881538708212212), ('Rnf5', 0.1865785508730229), ('Bcl3', 0.202843635162315), ('Pex5l', 0.104350676316486), ('Tada3', 0.2562834069555463), ('S100a16', 0.4131874497831851), ('Get4', 1.069606226675598), ('Chst1', 0.3396421639054496), ('Creb3l3', 0.1562026304810241), ('Zdhhc18', 0.1924443283993895), ('Nfatc1', 0.17954871742538), ('Nfic', 0.4152864439029294), ('Wrb', 1.4647590828943269), ('Slc45a4', 0.2711106211411259), ('Irx3', 0.2156719224392794), ('Klhl26', 0.107806997657344), ('Fosb', 0.06085333767943), ('Cnpy2', 0.1967415604515767), ('Fbln2', 0.1803176111925189), ('Acaa1a', 0.2150157214548207), ('Amotl2', 0.173591266321152), ('Ctsd', 0.5691080490727372), ('Ccnd1', 0.158783330327689), ('Prodh', 0.2664239127009968), ('Tmem121', 0.8090306654533421), ('Gjb4', 0.2407685927015399), ('Lrrc15', 0.0802935443808227), ('Cog1', 0.2274461005764371), ('Alkbh6', 3.873738458329002), ('Hemk1', 0.4219528095070917), ('Scyl1', 0.1305916425772964), ('Rfx2', 0.2368885321653177), ('Cpt1a', 0.2269729666568146), ('Acap3', 0.2419544283634782), ('Ikbke', 0.27463807466895), ('Rusc2', 0.97488251362746), ('Sec14l2', 9.4659130543502e-11), ('Stra6', 1.943012162984729), ('Cx3cl1', 0.7691858690231708), ('Smad6', 0.3216753654105993), ('Ttc19', 0.2126616178793992), ('Klc1', 0.2025154583556521), ('Mmgt2', 0.2949223685472986), ('Mapt', 0.3662260399136056), ('2700081O15Rik', 0.5007154117113097), ('Dolpp1', 0.0002565313777063), ('Nkd1', 0.4129929062869786), ('P3h4', 0.2317099318934304), ('Ephx1', 0.5126181541006142), ('Wdr83os', 0.2331842541893728), ('Usp36', 0.1588125705134696), ('Rassf2', 0.2757442341171457), ('Cep170b', 0.3916124897996783), ('Trip11', 0.2016785304444226), ('Dnajc8', 0.2698928378099484), ('Prepl', 0.250666097788815), ('Armc7', 0.9438724302898316), ('Cdyl2', 1.2396407220266898), ('Cgnl1', 0.2188326515063729), ('Dab2ip', 0.0262332538493232), ('Zcchc14', 0.1694536560616468), ('Rasip1', 0.1978261193613169), ('Hhex', 0.3051434866471829), ('Troap', 2.2060382584272448e-08), ('Acsl1', 0.1231655400325215), ('Parva', 0.1865817537953456), ('Skil', 0.1833017006381966), ('Ube3b', 0.1824958195708677), ('Myo1c', 0.1723309500882266), ('Mvb12a', 0.2832289322058707), ('Trrap', 0.2102780644238926), ('Clcn6', 0.8577518858674011), ('Ttll1', 0.5257753705731372), ('Adora3', 0.2430690585770494), ('Oas1a', 0.1812548975818648), ('Aff3', 0.3881366067458859), ('Igsf9b', 0.734420394552304), ('Pigt', 0.165179852592145), ('Kifc1', 0.1159362574307199), ('Prr14', 0.1343368471615439), ('Ift43', 0.184439715447835), ('Anxa8', 0.1124081073129266), ('Pask', 0.3464321254033823), ('Alox12', 0.0508973811784734), ('Hnrnpdl', 0.2154420585118275), ('P4ha2', 0.2364441525997559), ('Ppp1ca', 0.1922900534474745), ('Adipoq', 0.3462515053270907), ('Ak4', 0.4227658669284937), ('Slc25a33', 0.2720349935453247), ('Ass1', 0.1581467483151785), ('Sp3', 0.3105008355685297), ('Kcnip4', 0.3739990645866354), ('Ppt1', 2.846182184714208), ('Dlx4', 0.4936638811996346), ('Fam118a', 1.116754422716709), ('Usp4', 0.1754651533624255), ('Slc25a26', 0.8760196040151802), ('Ntan1', 0.432927524573773), ('Sec61b', 0.534081737656156), ('Dgke', 0.4230781531097076), ('Adipor1', 0.220303527193905), ('Tsc22d3', 0.1777906515817943), ('Pank3', 0.14525833111932), ('Mfsd11', 0.198687820891459), ('Rbm39', 0.1267722653156264), ('Zfp12', 0.4112949702971004), ('Slc25a15', 0.6038218865920556), ('Pitpna', 0.2105916581098211), ('B4galnt3', 0.1074750622475393), ('Slc25a28', 0.5872025232611209), ('Sema6a', 0.2358573118234368), ('Pik3c3', 0.2979009031525609), ('Ndor1', 0.6303488728791385), ('Elk3', 2.260823126544228), ('Tmem229b', 0.2419794204943085), ('Mkrn2', 0.3882967024817937), ('Ttc9', 0.1654416371439282), ('Slc35b4', 0.2590410456205226), ('Ccdc120', 0.8859495071410775), ('Kmt2b', 0.0005023931274297), ('Mapk9', 0.3012218628064994), ('Cd47', 0.177374853485539), ('Fancb', 0.1756796580131656), ('Alg12', 1.5404824759021905), ('Otud3', 0.4064173219377199), ('Ube2e3', 0.1931382840181947), ('Mmp28', 0.1491607439861028), ('Ube2n', 0.1963141585961614), ('Cct2', 0.1840998701822983), ('Zfp593', 0.2988802079146043), ('Kctd2', 0.572536284404003), ('Bcat1', 3.148601576828728), ('Rnf144a', 0.2240593058416597), ('Tcof1', 0.2441297296629397), ('Irgq', 0.6508709340251027), ('Bmp6', 0.1878762337476436), ('Kank3', 2.234200454681818), ('Tmem204', 0.639242609088923), ('Cobll1', 0.7129853573120347), ('Ctdsp2', 0.4527303136639503), ('Usp53', 0.1586243699289657), ('Araf', 0.1229052280200567), ('Akap6', 0.100352685969131), ('Haus3', 0.0816633185937468), ('Nup160', 0.1591402508607511), ('Akna', 0.3258863814987086), ('Sdr42e1', 0.124908778672128), ('Ighmbp2', 0.1522431280364782), ('Atf5', 1.0), ('Itga6', 0.6456016802849821), ('Retn', 0.238862404503676), ('Adcy1', 0.1509309154582493), ('Miat', 3.475087009581248), ('Bnip1', 0.2031794969523544), ('Tram2', 0.1485712166754799), ('Eif4b', 0.2897934050929883), ('Ahnak', 0.1967072267738391), ('Gm15787', 1.540420376857061e-07), ('4932441J04Rik', 2.9684356390834017), ('Arhgef7', 0.1545730333188566), ('Rtca', 0.3466326344134092), ('Trpm6', 1.713038776131079), ('Glrx5', 0.2801618080036423), ('Col14a1', 0.0936737420775434), ('Il1r2', 0.1616041253352156), ('Tbx5', 0.2282047295635906), ('Tbp', 0.2269129374803576), ('Lipg', 0.1450181499344439), ('Akap8', 0.004311879238112), ('C1qtnf1', 0.2429153560069152), ('Aldh7a1', 0.3080085695346329), ('Pofut2', 0.2354576038029936), ('AI597479', 0.3701411189169081), ('Mier2', 0.8745685104285408), ('Tnpo3', 1.615643442277224), ('Htr2a', 0.3180250217540369), ('Ccdc12', 0.1996263837627252), ('Slk', 0.2361646059392162), ('Hsdl1', 0.2137477160386333), ('7530416G11Rik', 0.030037857585225), ('Ccdc18', 0.082512006323305), ('Borcs8', 0.1617310483003355), ('Cds2', 0.1638347756791648), ('Srsf1', 0.4365137321576512), ('Ap1ar', 0.2410378712884968), ('Impa1', 1.693027806886198), ('Vopp1', 0.150296771048767), ('Usp18', 0.0051419478820403), ('Tmem132c', 0.3971788296933317), ('Stx7', 0.3657362058854247), ('Deptor', 0.1370754689496642), ('Kidins220', 0.5164637697925631), ('Rfesd', 0.1407613341719702), ('Pfkm', 0.6507592057715995), ('Luc7l2', 0.2608197162117635), ('Cwf19l1', 1.0915769184019817), ('Rapgef4', 0.1512004586445436), ('Nr2f1', 0.2692901780890256), ('Nme7', 0.6378498487095194), ('Mgll', 0.4221114322326811), ('A930007I19Rik', 1.1451684911852429), ('Mapk13', 0.3174073956667947), ('Ggct', 0.2257461548773872), ('Men1', 0.178330051919229), ('Anks1b', 0.1381630065420508), ('Recql', 0.1384051742182886), ('Smg5', 0.3293082193547184), ('Pak3', 0.4118534050114944), ('Colgalt2', 0.0016399491030759), ('Hbs1l', 0.4500879733204382), ('Exoc8', 0.3638462545695631), ('Ppp1r15b', 0.3272192753181775), ('Ntrk2', 0.1770435457705101), ('Ccl25', 0.0007254290332327), ('Marf1', 0.205772964269106), ('Inhba', 0.2130694862542596), ('Nr3c2', 0.3028417373686409), ('Polr3f', 0.1584253558416401), ('Parp11', 0.2362390535953025), ('Zfp131', 0.2271621248382831), ('Fam117a', 0.118889773158326), ('Vstm2b', 0.714392133716507), ('Nat2', 0.3832124201392181), ('Traf3', 0.2021206900735891), ('Mapk14', 0.1962609809363581)]",4269
Atf6,hocomoco__XBP1_HUMAN.H11MO.0.D,0.058086229740954384,3.0583177654714104,9e-05,0.186235,"motif similar to cisbp__M4748 ('Atf6[gene ID: ""FBgn0033010"" species: ""Drosophila melanogaster"" TF status: ""direct"" TF family: ""bZIP"" DBDs: ""bZIP_1""]'; q-value = 8.98e-05) which is annotated for orthologous gene FBgn0033010 in D. melanogaster (identity = 18%)","frozenset({'top50perTarget', 'activating', 'mm10_10kbp_up_10kbp_down_full_tx_v10_clust.genes_vs_motifs.rankings'})","[('Zfand5', 0.8128481485693719), ('Mbnl1', 0.4136384653049392), ('Larp4b', 0.3533206404858724), ('Thrap3', 0.5072632137758859), ('Cep83', 0.547919137382182), ('Map4', 0.183522068656442), ('Zfp704', 0.2198064527384242), ('Atxn7', 0.1989595371319198), ('Creb1', 0.3682942920710009), ('Jade3', 0.0142689254618202), ('Mctp1', 0.6604366990094263), ('Kmt2c', 0.749382823433394), ('Erbin', 0.6805665241433884), ('Atf2', 0.0526016624056169), ('Fryl', 0.5767143426084376), ('Gigyf2', 0.2827859154368554), ('Tbc1d5', 0.4509188545925085), ('Ptk2', 0.5284968723705372), ('Usp34', 0.3496533008637611), ('Camsap2', 0.2193051089789372), ('Rnf19a', 0.4955174613083367), ('Smad2', 0.240376519831125), ('Evi5', 0.1830302626719284), ('Efcab2', 0.1080248729697651), ('Zfp385b', 0.1201976325261272), ('Tusc1', 0.9017692537377036), ('Dzip3', 0.1145156142025347), ('Snx13', 0.708432938517894), ('Tanc1', 0.1490756409401602), ('Rap2c', 1.3478389761022074), ('Psip1', 0.1709561208152156), ('Slc35a3', 0.4277193637979923), ('Zfp148', 0.2345869170130058), ('Abhd18', 0.6975417513604556), ('Amd2', 0.1235775064809343), ('Rtf1', 0.8260008311185575), ('Vdac3', 0.2758487040647473), ('Gls', 0.2500680150785612), ('Aplp2', 0.620412948600297), ('Ccser1', 0.2256819875624581), ('Gm10516', 0.0123469966230915), ('Fndc3a', 0.2331388618258173), ('Commd3', 0.2469402456702346), ('Phip', 0.8559048939796202), ('Crebrf', 0.2006094219549275), ('Aco1', 0.0158623134042913), ('Kdm3b', 0.1604810295769655), ('Cep192', 0.635619435876487), ('Rnf141', 0.3758324176731995), ('Acer3', 0.501109542986455), ('Sumo1', 0.2340786366029451), ('Dis3l2', 0.1976959892019882), ('Hipk1', 0.5581653399759787), ('Eif4enif1', 0.266364110933081), ('Sf3b1', 0.7654332103374516), ('Klf3', 0.6664845045333407), ('Zmym4', 0.5380307433216456), ('Tfrc', 0.1297516261269687), ('Kpna6', 0.2503373209996866), ('Bmt2', 1.260120261699688), ('Rsrc1', 0.2959429630238694), ('Rnf14', 0.215256127208144), ('Nsd1', 0.6049111601108565), ('Stk3', 0.2697604058315395), ('Ift52', 0.8588078959112315), ('Ttbk2', 0.091058659862932), ('Cltc', 0.4201446442919062), ('Atp11b', 0.3342709716215518), ('Sdccag8', 0.5303305252685601), ('Ccm2', 0.3122773777313081), ('Lss', 0.3804033886084277), ('Was', 0.1173235795770906), ('Npat', 0.376569159296983), ('Zbtb1', 0.3807008075313265), ('Ahcyl1', 0.2870756068804229), ('Spcs1', 0.653591895778098), ('Fbxw4', 0.4542695596973415), ('Tmod3', 0.2396929540864202), ('Ywhab', 0.8221269550700933), ('Pign', 0.2181257185319043), ('Jmy', 0.2911492778461089), ('Glrx3', 0.1970772758228195), ('Asph', 0.2723200312328132), ('Stam', 0.2158942608867739), ('2300009A05Rik', 0.4121790990872371), ('Eif4b', 0.5053357349846861), ('Peak1', 0.6608929565417313), ('Smndc1', 0.3253968396414694), ('Tjp1', 0.0831870489919951), ('Tbx15', 0.1164427653602617), ('Suz12', 0.2857723218735766), ('Rnf11', 0.2320973092857106), ('Ints6l', 0.6652357069352726), ('Wbp11', 0.5867862802592312), ('Dph6', 0.1595811420021907), ('Tcea1', 0.8928845065542766), ('Arrdc3', 0.7753000753052337), ('Cdk19', 0.534761675492934), ('Abcd2', 0.4593146843498134), ('Ptger3', 0.3841428558152597), ('Vav3', 0.6947257991422782), ('Mrrf', 0.4151758958583469), ('Frmd4b', 0.5412838640843327), ('Rangap1', 0.4621192280208768), ('Zfp518b', 3.982026099324048e-05), ('Lyn', 0.2239157220902929), ('Dhx40', 1.482611047152714e-05), ('Tmem62', 0.0452800829550956), ('Tmem123', 0.2264560544306793), ('Kif13a', 0.2330964191505634), ('Ckap5', 0.8158768414215759), ('Thnsl1', 0.5027225328079468), ('Dpy30', 0.2052997790401887), ('Setd7', 0.182701703244656), ('Myo5a', 0.3270852119228789), ('Fgf18', 0.1200300647747877), ('Zbtb34', 0.1751202040540047), ('Pak1', 0.6618275421690608), ('Sgms1', 0.1782391127076165), ('Fam193a', 0.9001825936114147), ('Nnt', 0.2997685369023475), ('Zc3h13', 0.3204342329328662), ('4933406I18Rik', 0.5509577252157939), ('Chd2', 1.5426299676955506), ('Fam122b', 0.4185535112804173), ('C2cd2', 0.3185403059210095), ('Naa16', 0.3418137344796838), ('Inip', 0.9892350604743168), ('Eml4', 0.4716975294068721), ('3300002I08Rik', 0.2968055380402928), ('Micu1', 0.3353449293175764), ('Gnl2', 0.4372535738716115), ('Ptpn12', 0.2110642503658659), ('Plekhh2', 0.1952099286034063), ('B3glct', 0.6099408936945547), ('Fktn', 0.0024644990573919), ('Reps2', 0.2815988000548184), ('Glg1', 0.595736265574908), ('Tfe3', 0.2926357166205914), ('Gmeb1', 0.2418481921119897), ('Kbtbd7', 0.8867862771153194), ('Mfn2', 0.0084213574796515), ('Focad', 0.2913678995470732), ('Tox', 0.5726776584493707), ('Zfp964', 0.3234946162028111), ('Mamld1', 0.4042930465254041), ('Ank2', 0.0856214542802382), ('Syn3', 0.3805684356832766), ('Trim30d', 3.8287527193967463), ('Tln1', 0.3154010365666442), ('Tspan14', 0.298561834023577), ('Penk', 0.144369221956667), ('Pcdh11x', 0.074827529927395), ('Afap1', 0.1872501632548323), ('Inpp5f', 1.514229296548674), ('Zfp53', 0.1610357793595883), ('Morf4l2', 0.2040395882888605), ('Snx4', 0.5145292732550328), ('Zfp334', 0.3656941258062324), ('Fkbp4', 0.2923223439843388), ('Rpl27', 0.0714909315687296), ('Man2a2', 0.7215296907925026), ('Rnf149', 0.2539070810055264), ('Zfand2b', 0.293006415036827), ('Nrk', 0.4409466907987606), ('Cnn3', 0.171566863744393), ('Chtop', 1.309403851613038), ('Ttc28', 0.2801164311916879), ('Ints8', 0.7322987805881884), ('Sec16a', 0.5089071859615993), ('Ino80dos', 0.1350938976933517), ('Fam83f', 0.0854599055951122), ('Csgalnact1', 0.3016400251182947), ('Mmp16', 0.5475123611220379), ('Mgmt', 0.8825079074323401), ('Stk11', 0.5566665919212471), ('Wipi1', 0.9021889554455276), ('Klhl8', 0.6541298981190283), ('Hcfc2', 0.4415677360927409), ('Kpna3', 0.1715966478809781), ('Ccdc30', 0.0436025542797601), ('Rgs16', 0.682052116293713), ('Dgkz', 0.0199919848126359), ('Trnt1', 0.08534803450974), ('Nynrin', 0.1789855357774238), ('Tigd2', 0.2870743445294858), ('Syk', 0.5064987015793492), ('Relt', 2.478639201831911), ('Eif1a', 0.2209013405690619), ('Ubr1', 1.7032790507535616), ('Unc93b1', 0.7930386831771918), ('Mthfd2', 0.4090329318332618), ('Mfn1', 0.1661104838903052), ('E2f3', 0.526427661788298), ('Senp2', 1.1148111232715268), ('Gm6277', 0.3144041803173577), ('Cables1', 1.1048721555920045), ('Rreb1', 0.383373164221195), ('Tmem260', 0.312711678320464), ('Ank', 0.4083441509794367), ('Hace1', 0.2664897548091898), ('Zfp420', 0.4818859860392918)]",4968
Crebl2,transfac_public__M00039,0.05027032857393251,3.137386780490492,0.000252,0.422764,gene is orthologous to FBgn0032202 in D. melanogaster (identity = 42%) which is annotated for similar motif transfac_pro__M07667 ('I$REPTORBP_01: REPTOR-BP'; q-value = 0.000252),"frozenset({'top50perTarget', 'activating', 'mm10_10kbp_up_10kbp_down_full_tx_v10_clust.genes_vs_motifs.rankings'})","[('Katna1', 1.2193927873599173), ('Ubr1', 0.8329194007249984), ('Umad1', 0.2481834471679868), ('Ahi1', 0.6925760202138939), ('Sf3b6', 0.2518948355366314), ('Zfp384', 0.7232617929701268), ('Gabpb2', 1.1561154674375351), ('Ndufb3', 0.2321941758309716), ('Cct2', 0.4522331897851239), ('Exosc4', 0.517545277710972), ('Zbtb2', 0.2241140625595697), ('Phax', 0.2327483911430035), ('Gar1', 0.2285036152943458), ('Rtca', 0.9061842223246016), ('Ergic2', 0.4276816323083341), ('Ubl7', 0.2301242181815808), ('Bcl7b', 0.3083195916552964), ('Rala', 0.4116782448706113), ('Rsbn1', 0.6874803279891124), ('Mettl9', 0.6854265128764514), ('Cdc16', 1.1567742053588077), ('Mfsd14a', 1.8277315839754296), ('Ing4', 0.3245197158821641), ('Zdhhc7', 0.362021430910394), ('Arfgap1', 0.2099830662016366), ('Gpatch2', 0.5100620340712644), ('Dpp8', 0.1717412255040064), ('Rab35', 0.2948333698562718), ('Hmgxb4', 1.742436319566114), ('Fgfr1op2', 0.2023938898041145), ('Larp4b', 0.3310013545592134), ('Zfp410', 0.7180345066908262), ('Clip4', 0.2302644827229077), ('Sft2d3', 0.1892844401543384), ('Habp4', 0.1857212497331127), ('Birc2', 0.3851118165711344), ('Piga', 0.4377210480085704), ('Antxr2', 0.1033247090266086), ('Sf3b1', 0.435091645773218), ('Adprm', 0.3942929461367158), ('Rbm12b2', 0.0915990348292928), ('Gnai2', 0.1566805073533179), ('Hsd17b12', 0.007094040559816), ('Letm2', 0.3841566555828534), ('Asb8', 0.1409976884601108), ('Det1', 0.2991414313280854), ('Mef2a', 0.2184093590647605), ('Usp19', 0.2765734257744415), ('Wdfy2', 0.1829032375999465), ('Tbc1d13', 0.8006591586335099), ('Mta2', 0.3436050671224148), ('Gulp1', 0.1508155950375203), ('Tmem138', 0.2914721600019459), ('Cd209b', 0.0007674284994146), ('Ppp1r10', 0.2473383295661128), ('Grin3a', 0.123696081923901), ('Me1', 0.157318037088891), ('Bloc1s4', 1.464681585934844), ('Tspan12', 0.5745939262527658), ('Cetn2', 0.2009743072214872), ('Slc22a15', 1.66528586469093), ('Enox2', 0.50135960350982), ('Atg14', 0.1736148259599665), ('Csrp2', 0.564204624659281), ('Cul3', 0.4039929409916705), ('Tmem173', 0.2752494208006423), ('Tomm22', 0.2424223996848307), ('Senp7', 0.9511726769375262), ('Tra2a', 0.3417874803404135), ('Samhd1', 0.2608730796794032), ('Jpx', 0.4770968455665452), ('Reps1', 0.7300661095099369), ('Fam168a', 0.4076369781263598), ('4930430F08Rik', 0.0634749008635464), ('Htatsf1', 0.2050801634183206), ('Ehbp1', 0.3190333443313768), ('Isca1', 0.2207822148906237), ('Fsd1l', 0.164582464897204), ('Wars2', 2.61746061594795e-16), ('Brms1l', 0.2178331543960102), ('Rdh14', 1.1000200404726617), ('Hsf2', 1.118811596419424), ('Gmeb2', 0.3212343160482706), ('Wsb1', 0.4808298223760139), ('Ext2', 0.5074884180808314), ('Ostc', 0.1915348530388821), ('Taf1', 0.7887838445187669), ('Uqcr11', 0.1482639296799296), ('Aff4', 0.3812472019643201), ('Lars', 0.760292891941603), ('Fuz', 0.173620734938274), ('Plpp1', 0.1706563343228028), ('Tmc7', 0.1858836924522777), ('Cd80', 0.1652994394759449), ('Mkrn1', 0.811218466778982), ('Arhgef40', 0.6751610630640588), ('Crebzf', 1.4308396231357), ('Dph3', 0.6804306896334107), ('D11Wsu47e', 1.4213448806315463), ('Sharpin', 0.3642011036885917), ('Myl6b', 1.206547334611657), ('Psmd12', 0.2142334942403947), ('Slc35e1', 0.218175265138164), ('Wdr27', 0.3115069352763372), ('Tm9sf1', 0.1549874294140903), ('Cep112', 0.248709304703296), ('Nkain1', 0.2884733763926801), ('Pgam5', 0.5333503167036828), ('Ugcg', 0.8311219606063776), ('Parm1', 0.1670139735200022), ('Fyttd1', 0.2265274391651777), ('Stk11', 0.2479709046658289), ('Ctnnbl1', 0.2773044215725623), ('Zbtb8os', 0.9247369039274778), ('Pgrmc1', 0.7195651906735706), ('Zkscan3', 0.2095403349402002)]",3960
Ebf1,transfac_pro__M04924,0.05681750446846679,3.0192839081606215,0.0,1.0,motif is annotated for orthologous gene ENSG00000164330 in H. sapiens (identity = 100%),"frozenset({'top50perTarget', 'activating', 'mm10_10kbp_up_10kbp_down_full_tx_v10_clust.genes_vs_motifs.rankings'})","[('Stag2', 0.3656841219755592), ('Usp9x', 0.4450937305142656), ('Cdk17', 0.1756472760292669), ('Nipbl', 0.8766279190211927), ('Galnt13', 0.1646152791984405), ('Nr3c1', 0.140230529619134), ('Hivep2', 0.2325054306597336), ('Smarca2', 1.9946454736199808), ('Taok1', 0.2728164316381853), ('Man1a', 5.855269915278105), ('Eya4', 0.4306543461434787), ('Ncoa2', 0.2367688242775302), ('Tanc2', 0.2044743298670109), ('Zfp518a', 4.0488994529394716e-08), ('Phf21a', 1.7016422100134672), ('Gphn', 1.0182479672154383), ('Rps6ka3', 0.1731813642295366), ('Arhgap12', 0.5219385632038582), ('Ttc3', 0.8259571176657777), ('Tcte2', 0.6201480960045327), ('Creb1', 0.1716040495593297), ('Qser1', 0.1634379872629677), ('Xpo7', 0.2466226234352382), ('Aftph', 0.2209501814247344), ('Add3', 3.159152050198988), ('Mpp5', 0.2146348210659593), ('Rev1', 0.2337456532177327), ('Zfp638', 0.7428357258551395), ('Tbl1x', 1.9302662709674816), ('Jade3', 0.2355513141582084), ('Bclaf1', 2.243432666225666), ('Slc4a4', 0.8167258818538821), ('Bbx', 0.2043248183296295), ('Runx1t1', 2.7118197227218164), ('Mtmr3', 0.7189531976154848), ('Pja2', 0.1981382280352373), ('Hnrnpf', 0.4769512021377962), ('Mpdz', 1.2486205882593604), ('Zfr', 1.0165116493910835), ('Ppp3cb', 0.2258888979540973), ('Tab3', 0.1329596351871706), ('Dse', 0.1931367442512094), ('Jak2', 0.2290874435525222), ('Usf3', 0.4241967517127822), ('Fndc3b', 1.3527526774890426), ('Bend3', 0.592748743383058), ('Ncoa7', 1.891270825772043), ('Ap1s2', 0.2691026713949455), ('Greb1l', 0.4637995345008737), ('Pura', 0.4402964391282976), ('Ccnd2', 0.3551342386735684), ('Fam168a', 0.1687636919204776), ('Dab1', 5.604520601325841e-10), ('Xiap', 0.1994143193602309), ('Nlgn1', 0.8237965903211372), ('Msi2', 0.162091509425989), ('Epb41l2', 0.8054809769380138), ('Nrip1', 1.2760395749620033), ('Pdcd10', 0.186113246460577), ('Far1', 0.1909483010987633), ('Gtf2i', 0.1966422741499318), ('Usp32', 0.2397553049769358), ('Gulp1', 1.484533097973709), ('Rc3h2', 0.1832462520987897), ('Rora', 1.0412547422302336), ('Rev3l', 1.2933382149658894), ('R3hdm1', 0.2152786172956751), ('E130308A19Rik', 0.3200954310593703), ('Dcaf5', 1.7054752050423787), ('Nbea', 1.2221827135523344), ('Camk2d', 3.0287017891707904), ('Ralyl', 0.0804900610938787), ('Asb7', 0.1397965880610647), ('Anks1b', 0.2665679326270705), ('Picalm', 0.1610920181138245), ('Plscr4', 0.2817563262649331), ('Foxp1', 0.2347904941075622), ('Scmh1', 0.4554899877772888), ('Akap13', 1.370942393914775), ('Wdfy3', 0.197524832912069), ('Lnpep', 3.110602166406694), ('Naa15', 0.4411852763434262), ('Kcnt2', 0.1870707414343753), ('Kdm5b', 0.1846078794611847), ('Ncam1', 3.3424996556325763), ('Arl4a', 0.3278175618408458), ('Rab11fip2', 0.4000694670121926), ('Rb1cc1', 0.7331011512229808), ('Ssbp2', 0.4652526512530777), ('Fyn', 0.4480768740562976), ('Cblb', 2.2580221656953), ('App', 0.5305318727069748), ('Nox4', 0.9140001354691796), ('Cpne1', 0.2787999952014322), ('Peak1', 0.2950167380230625), ('Nfia', 0.4651676198715861), ('Hecw2', 0.8534997653520343), ('Gm11266', 0.185134409964133), ('Klhl13', 0.3559284920990462), ('Zeb2', 2.42915157398834), ('Kdm7a', 1.413923257119296), ('Baz2b', 0.3252892268794769), ('Nectin3', 0.1560377384783517), ('Arl15', 3.0848324053175205), ('Tmtc3', 0.4362126263171743), ('5430419D17Rik', 5.4337774663370416e-05), ('Rock1', 0.8402897318667425), ('Zeb1', 0.6496304439788992), ('Ccng2', 0.1799381425888824), ('4933434E20Rik', 0.8329608179779119), ('Alcam', 0.2488597442227988), ('Diaph2', 0.6270781360129105), ('Nalcn', 0.3538720364885271), ('Atp11c', 0.2433041992454128), ('Zmynd11', 0.8006694318915077), ('Rnf152', 0.9333046021405184), ('Lpar1', 2.930207736316391), ('0610040F04Rik', 0.0685329713771051), ('Rbms1', 0.2666237127190062), ('Nsd3', 0.906046821477086), ('Hectd1', 0.0958480472471963), ('Pik3r1', 0.2543677162972707), ('Tmeff2', 2.649074584947961), ('Bend7', 0.4147672550585554), ('Gabra2', 0.7180779511891209), ('Ubtd2', 1.4215604867108205), ('Arhgap29', 1.1351168708592678), ('Pawr', 0.1744983251576111), ('Cav2', 0.2426035582265545), ('Cadm3', 0.8558795074192435), ('Plxdc2', 2.1535992236509327), ('Mmaa', 0.0004664634099399), ('Rock2', 1.3285250155166224), ('Zfp644', 0.644981952530668), ('Lrba', 0.2354810493802918), ('Flrt2', 0.9982344999863304), ('Abi1', 0.7722586659916842), ('Neo1', 0.1837360716469813), ('Canx', 0.220419600493168), ('Golim4', 1.2857235337059365), ('Rere', 0.5105202256431123), ('Ercc6l2', 7.506983123273082e-05), ('Col11a1', 0.2223405706748046), ('Fli1', 0.1905433980338394), ('Lamc1', 1.6128242894980078), ('Jak1', 0.3837140701891263), ('Rbm6', 2.2931834721034745), ('Gng12', 0.1816385496327274), ('Abi2', 0.240272034704361), ('Clip1', 0.682290722997436), ('Fam13b', 1.526671774682289), ('Nfyc', 0.6254920051700147), ('Slf1', 0.3128259141500913), ('Fgf9', 1.0484181761578737), ('Efcab2', 0.0411510949717836), ('Bmper', 0.9206554795150912), ('Usp3', 0.2765267018877255), ('Ube2e2', 3.6164543035139753), ('Rcan2', 1.2705888682978634), ('Zfpm2', 3.057073185907045), ('Hdac2', 0.4612303048942894), ('Galnt1', 0.5223212347385948), ('Tdrkh', 0.1195065327823455), ('Prkg1', 1.1439226458593483), ('Kpna4', 0.2699003673751416), ('Zfp521', 0.9901150079188082), ('Ccdc171', 0.5926007889586307), ('Ahr', 0.4979435117569006), ('Rnf217', 0.1873784955710634), ('Prickle1', 0.2216705121884809), ('Arhgap24', 3.810539168718427), ('Cep83os', 0.3428879186398118), ('Strn3', 0.8212918167482027), ('Atf7', 0.3645293153558514), ('Stat3', 0.2554929119706671), ('Large1', 1.5220992753990803), ('Ism1', 1.103199204848309), ('Ntng2', 0.1558565872978925), ('Usp45', 0.2881055934377616), ('Map3k2', 0.9049597342179772), ('Snx13', 0.8608085028544493), ('Ypel2', 0.1714893144228422), ('Cand1', 1.4534161842834583), ('Epn2', 0.256464335373386), ('Thsd7a', 2.569565226262059), ('Thoc2', 1.2803104151346665), ('Vgll3', 0.8471720652998419), ('Dhx9', 0.4077862501361143), ('Rsrc1', 0.3786330637606066), ('Ttll7', 0.8479808309117156), ('Cnot4', 0.2172108442712061), ('Pcdh9', 0.3836265213354093), ('Map1b', 0.2232125978664713), ('Dock7', 1.135494749524778), ('Fnbp1l', 0.2362746492524694), ('Nr4a2', 0.1691365308221327), ('Zmym4', 0.2407965926926688), ('Wdr43', 0.731621387766389), ('Nfib', 0.5396355611180943), ('Gab2', 0.2532593147860803), ('Kcmf1', 0.3748890271965993), ('Pum1', 0.2573825368541337), ('Arhgap35', 1.0660468840898134), ('Yipf5', 0.2023096834881281), ('Trerf1', 0.8964996755690428), ('Atrnl1', 1.3872069202203796), ('Ptpn9', 1.030580853214796), ('Cd2ap', 0.4782222800883545), ('Ints6', 0.1739076783520294), ('Spin1', 0.6044626220044077), ('Ypel5', 0.1928729274984809), ('Ptchd4', 2.05975285193916e-12), ('Kmt2c', 1.550569945550602), ('Zfp62', 0.1627179704529202), ('Ssh2', 1.32211771524279), ('Gpc6', 4.619467452968363), ('Sestd1', 0.6145714796418511), ('Baz1a', 0.5230902183946171), ('Tspan7', 0.2570180743946396), ('Pcf11', 0.1821060364949125), ('March1', 0.691992758666712), ('Chrdl1', 0.2240066400074068), ('Ghr', 0.4618742144826144), ('Zfp52', 0.2225588154328571), ('Cask', 0.2029857199419682), ('Igf1r', 0.5316883480421354), ('Atf7ip', 0.2016561451676638), ('Auts2', 0.4511754186912702), ('Tspan9', 0.1047031030322848), ('Golgb1', 0.5188933453186124), ('Letm2', 0.3629699113396697), ('Tgfbr3', 0.7114859939431933), ('Rhobtb3', 1.6987165682301786), ('Frmd6', 0.982730575421648), ('Lrrc8c', 2.0523901349522213), ('Jag1', 0.2182672034458839), ('Zc3h7b', 0.0082704094195975), ('Dcaf6', 0.3083547708235628), ('Slc38a2', 0.1093646730806843), ('Fbxl7', 3.6874235195311), ('Stard3nl', 0.6995886355284642), ('Ugdh', 1.1553642830977129), ('Nfe2l2', 2.120354713265814), ('Ehbp1', 1.4141348300421164), ('Srp54a', 0.2462490112623539), ('Cpne8', 3.3281642940543508), ('Rel', 0.4457949617486991), ('Scml2', 0.4153831524108778), ('Gsc', 0.1718490385875397), ('Map3k5', 0.4811528893158364), ('Tra2a', 0.2987891219723766), ('Rims1', 3.01614530333848e-06), ('Ubap1', 0.2220508926840291), ('Nckap5', 1.5106819456755634), ('Snrk', 0.489292370988349), ('Klf4', 0.4003816256428992), ('Vegfd', 0.8256478304757539), ('Fbxl17', 0.5007546414208569), ('Lncpint', 0.2376741786849829), ('Utrn', 0.313157574575224), ('Kmt2a', 0.6737672476604317), ('Dclk1', 0.466684393376788), ('Sema3c', 0.721798473519452), ('Braf', 0.2398104797292995), ('Kcnq5', 0.143476304676563), ('Tmsb10', 0.4177439429241418), ('Elf1', 0.3731921984451812), ('Setbp1', 0.94629305800494), ('Gpr27', 0.1490538217142518), ('Shroom4', 0.1985734637492184), ('Msl2', 0.1619844115796237), ('Top1', 1.0925918617620975), ('Nmd3', 0.1494742577943122), ('Eif5b', 0.3588027707998725), ('Sash1', 0.7049847027219572), ('A4galt', 0.2114284492228116), ('Lrrc4c', 2.8913963652905897e-11), ('Grb10', 0.7440074389255189), ('G3bp1', 0.1372250352238027), ('Ubr3', 0.2600524881673022), ('Itm2a', 2.347826393998543), ('Cdk12', 0.5311799479401653), ('Pcdh19', 1.0440123130673948), ('Maea', 0.2994019544403324), ('B4galt4', 0.0897364920579235), ('Sp3', 0.164377308879155), ('Matn2', 2.6222891395900203), ('Nova1', 3.0610091368959416), ('Ntn4', 0.2605851684952008), ('Srrm2', 1.2876627357790018), ('Hs6st3', 0.6981795206142969), ('Apbb2', 0.8993700997536438), ('Magi2', 1.343933028098536), ('Rgs6', 0.4428707278404715), ('1700019D03Rik', 0.6550021697869866), ('Ppp2r5a', 0.1941621463625734), ('Phldb1', 0.8371288853509867), ('Meg3', 1.1399472890191915), ('Ammecr1l', 0.0101488864833243), ('Epha7', 0.4480352797247338), ('Pard3', 1.160651795157818), ('Hmgn3', 0.3200057301430039), ('Zfp266', 0.2493053863890273), ('Edil3', 0.7450347929820746), ('Vldlr', 1.2604908242006685), ('Phlpp1', 0.2075856449263555), ('Cdyl2', 0.2462230846710943), ('Fam171a1', 0.2444545040762557), ('Hnrnpd', 0.3017909370539498), ('Stat5b', 0.1690793226352464), ('Lrrc58', 0.4371406210921066), ('Arhgap6', 1.7041866025245778), ('Tnrc6c', 0.1799547805686637), ('Napb', 2.2803538504491785e-07), ('Bnc2', 0.67124664927137), ('Npepps', 0.2659314311942915), ('Klhl23', 1.7810642745758594e-06), ('Anln', 0.4147177508652264), ('Idh1', 0.2343135730610129), ('Sox6', 0.1431751638834189), ('Etv6', 0.3280392848003761), ('Socs2', 0.320649985513472), ('Mtus2', 0.3125390445959195), ('Gnaq', 2.0751218230882458), ('Sbf2', 0.2017471271663153), ('Ist1', 0.2303593614272157), ('Pou6f1', 0.1273871560045037), ('Slc39a8', 0.0877066828488691), ('Vcl', 0.4376689478644033), ('Intu', 0.6047882834717472), ('Adgra3', 0.1200209444588145), ('Sos2', 0.2274394246882468), ('Ube2f', 0.2492428948571733), ('Smurf2', 1.7625584753328911), ('Pard3b', 2.160447803005565), ('Fgfr1', 2.6179467480673275), ('Twsg1', 0.95572805130121), ('Dr1', 0.0001570958055183), ('Stx16', 1.7561642042283965), ('Sdk1', 1.096966593346076), ('Crebzf', 0.1292294938283727), ('Ncoa1', 1.7194288528381323), ('Dennd1a', 0.5754588092936535), ('Ophn1', 0.4212660640212922), ('Itga4', 0.5688881912786486), ('Magi3', 0.5062433604829295), ('Lrp1', 1.4866571493724134), ('Abhd5', 1.989747287072661e-06), ('Aff3', 0.3346391513074889), ('Herc3', 0.2087685950331006), ('Senp6', 0.3978095675736076), ('Mtdh', 0.1745673650716039), ('Zcchc7', 0.5575486321076286), ('Dusp22', 1.256069433518), ('Tshz3', 0.2587795534316012), ('Ap3m1', 0.0897114930193218), ('Ifrd1', 0.1305397128696493), ('Dhx15', 0.0162130962114474), ('Mfsd14a', 0.4766533684397374), ('Mfn1', 0.2313109299610321), ('Fam160a2', 0.121957332693365), ('Ube2l3', 0.2947701158766599), ('Cenpf', 0.155935668300181), ('Gpr85', 0.2804435994190551), ('Tet3', 0.1955675436542775), ('Ar', 1.9749059566837623), ('Kat6a', 0.2082065912161998), ('Hmox2', 0.0365714505239263), ('Ctsl', 2.677333367715949), ('Dcbld2', 0.72612991649924), ('Srebf2', 0.2376780653097192), ('Ppp2ca', 0.2623181156933591), ('Abca1', 1.1791209126514606), ('Adcy2', 0.5652614886539922), ('Prdm2', 0.3650284555948574), ('Ube2j1', 0.2170061875759867), ('Asap1', 3.3104262313365385), ('Sept2', 5.111286430106052e-10), ('9930021J03Rik', 0.9009448793871284), ('Ncam2', 4.96690981722504e-07), ('Metap1', 0.1946387673203335), ('Diaph1', 0.4564314476529727), ('Grin3a', 0.167012735291417), ('Robo1', 0.5744060859194354), ('Fbn1', 1.5800233074404757), ('Pcsk5', 1.4998302528973957), ('Usp6nl', 0.4548454619143054), ('Fstl1', 1.9739894425290991), ('Nfatc4', 0.2771361050283223), ('Srgap1', 2.0769970465639447), ('Foxo1', 1.142029756804389), ('Ppara', 0.2683833400756908), ('Airn', 2.1800049803107817), ('Tpp2', 0.2996905823774857), ('Rnf34', 0.0066531273050562), ('Ociad1', 0.1443306487157255), ('Fmnl2', 1.4852962625251849), ('Bbs12', 0.6502199234309782), ('Setd2', 0.2075738045864894), ('Cdk8', 0.2393254945975242), ('Rpl21', 0.4554238034859937), ('Son', 0.4844930152854932), ('Ss18', 0.4384202853731545), ('C030034I22Rik', 1.0507650061973235), ('Sdcbp', 0.5758066783458243), ('Ggact', 0.298255922979465), ('Foxd1', 0.2843209517603102), ('Cpq', 3.343908285796667), ('Tmtc2', 0.2481183033260074), ('Arhgap20', 1.2798735951089464), ('Pan3', 1.0973837331313856), ('Dcaf8', 0.2129138211659281), ('Adarb1', 0.5252675957585959), ('Fkbp5', 1.6113764752392803), ('Slc20a2', 0.14988528713407), ('Ank2', 0.2489539653227569), ('Zfp36l1', 0.8790387586912305), ('Prkar2b', 2.651493635166553e-12), ('Reck', 2.866395230309124), ('Tbc1d12', 0.7379356719091673), ('Sec22a', 0.2124869893976164), ('Nos1ap', 0.180901417795985), ('Arhgap42', 0.5192796805808422), ('Oat', 0.2417775895313671), ('Scaf8', 0.5891616489345124), ('Lmod1', 0.3517083589724398), ('Smpd3', 1.73878474944062), ('Nol4l', 0.1784053521889736), ('Ipo8', 0.1702873074462942), ('Ermp1', 0.1228497606607421), ('Ust', 2.807273065706742), ('Wnk1', 0.2277714098413359), ('Elac1', 0.3681882531378869), ('Efr3a', 0.2338057527777718), ('Med30', 0.2864878781006032), ('Nipal2', 0.3838831759276183), ('Dctd', 0.3751429303834253), ('Entpd5', 0.1616021282505651), ('Dapk1', 4.427301205496244), ('Mocs2', 0.2146309146784238), ('Celf2', 7.126496297392391), ('Nedd4', 0.4700301844966644), ('Ppp4r1', 0.2094976076171996), ('Dgkh', 0.3462775066827913), ('Cndp2', 0.3726966188927426), ('Rorb', 0.3773386778778596), ('Rassf2', 0.700660381146249), ('Huwe1', 0.6442123894442614), ('Hook3', 0.8841975864290345), ('Fbxo4', 0.0142782737023941), ('Gnpnat1', 0.2479336692239345), ('Sec31a', 0.7100541151171157), ('Slc16a9', 1.3030667456209408), ('Gabpb2', 0.9784859850419054), ('Maf', 0.4372963176542211), ('Phka2', 0.1886298370342851), ('Prss23', 6.621623995453568), ('Ppp1cb', 0.2359581003714448), ('Rapgef6', 0.4005319747789371), ('Tpst1', 1.3672185432948605), ('Wdr26', 0.2669941952723323), ('2500004C02Rik', 2.130706461245654e-07), ('Mast4', 3.4234399930529347), ('Scai', 0.698606996147194), ('Ldb1', 0.5867389624817402), ('Fzd6', 1.1247801351390998e-05), ('Atg13', 0.408087084927706), ('Map2', 0.213726946952151), ('Egfr', 2.4576523235153998), ('Ldah', 3.066188590032335), ('Antxr2', 2.8465502426720155), ('Runx1', 0.1449035963440554), ('Ttc14', 0.2304162435412491), ('Abcc5', 0.2087255582831666), ('Col14a1', 4.003358383601916), ('Etf1', 1.6512954900778785), ('Cdc73', 0.3439857724289765), ('Tgfbrap1', 0.20361217327487), ('Trpm7', 0.3006228821679712), ('Rap2a', 0.1389429765560614), ('Agpat3', 0.0370573814774361), ('Gyg', 0.0014372831301002), ('Spg21', 0.4632222196033529), ('Fzd2', 0.115713795827198), ('Zyx', 1.752865337746648), ('Ntf3', 0.177131541166794), ('Usp47', 0.667959423908461), ('1700108J01Rik', 0.5305465713004438), ('Arhgef26', 0.5224298034723882), ('Ywhab', 0.3740300883808659), ('Sppl3', 0.209436255149653), ('Fbxo42', 0.2359593228771259), ('Klhl29', 0.2931197873656805), ('Samd4b', 0.4083415809639775), ('Uba6', 0.2623517779879075), ('Fbxw11', 0.2085941574503079), ('Bnip3l', 0.2666857225610654), ('Rab5b', 0.1836543018788054), ('Exoc4', 0.2016217223336074), ('Mid1', 3.910665628776752), ('Med21', 0.1547704673606598), ('Slc37a4', 0.2100690137376855), ('Rpl17', 0.3492866966869533), ('Phip', 0.4310512056681478), ('Slc2a13', 0.1843733196099389), ('Cdc42se1', 0.1987290927734046), ('Deptor', 0.4819688254146324), ('Trim39', 1.2238258212068225), ('Tcf4', 2.179154904567508), ('Rnf14', 0.2510659733285896), ('Gpatch2l', 0.1563788318709254), ('Oser1', 0.1487338655179227), ('Yipf4', 0.1887794057002155), ('Plekha5', 0.3031998981869871), ('Gas1', 0.7109390425529596), ('Pspc1', 0.2703252021109482), ('Tcf7l1', 1.443804609351229), ('Npy', 0.2528756457402211), ('Tcfl5', 0.0481819971204561), ('Siah2', 0.3182898152088958), ('Ccdc68', 0.0248520428596774), ('Slco3a1', 0.7705381842787704), ('Megf9', 0.5140296468793872), ('Hoxd3os1', 0.2739273204356265), ('Rbms3', 4.642709227924379), ('Mbip', 0.0290296643230166), ('Hdac4', 0.2671971734357018), ('Ccl25', 2.342481743227053), ('Pnisr', 0.7452138099338136), ('Lsp1', 0.9267441146495912), ('Col8a1', 1.052992488091813), ('Sytl2', 0.1833093871229064), ('Ttll4', 6.0661403133978125e-05), ('Abhd12', 0.2139037570314358), ('Dock4', 1.4181244575256495), ('Fgd4', 1.3122140618832103), ('Dlc1', 4.060696412882915), ('Kcnj8', 0.4135710729906161), ('Sik3', 0.3620314877347474), ('Tmtc1', 0.2101294399791621), ('Mest', 0.3167363300334821), ('Zbtb16', 1.0064732145983606), ('Chd9', 1.789841744840568), ('Mtmr9', 0.1616433802645486), ('Tmx4', 0.3890004212968524), ('Irak3', 0.5512694400268094), ('Mtmr2', 0.2985700296896205), ('Kcnn4', 0.9438562852253656), ('Sfrp2', 1.0455770145595236), ('Rnf150', 0.3146593799738517), ('Card6', 0.3047131396131409), ('Ttc9', 0.206757410843181), ('Pcolce2', 0.3245359890713676), ('Dnaja2', 0.1923793066960322), ('Lmx1a', 2.995469662532761), ('Pid1', 0.6295160791531417), ('Parp6', 0.3344874618719518), ('Smarcc2', 0.2602942821719319), ('Nrp2', 0.1761025532851339), ('Rgs12', 0.2890484592767484), ('Ddx50', 0.3561189029084535), ('Adcy7', 0.2089286120780734), ('Pus10', 0.7122427244835352), ('Ildr2', 1.220501224501223), ('Adamts1', 0.3398722063281219), ('Tcf7l2', 0.362288593451768), ('Nsf', 0.5125643284383404), ('Fabp5', 0.0086379756836078), ('Pxdn', 0.1821995026969868), ('Dnal1', 0.8902673895660289), ('Capn7', 0.0345428185204015), ('Ptprm', 0.1359546345121597), ('4930503L19Rik', 0.366689113241324), ('Fkbp14', 0.2333171914262231), ('Lcp1', 0.1794009901220638), ('Spidr', 0.1781760663237863), ('Slc16a12', 0.3397246909008108), ('Srpx', 1.2528994547417331), ('Rbm5', 0.1945979675150693), ('Ccdc186', 0.2653351769163271), ('Jam2', 0.0008375337149833), ('Myo1e', 1.2662039339269513), ('Ulk2', 0.3847321791047121), ('Ezh1', 0.2455705068250885), ('Zbtb12', 7.182995684840081e-08), ('Papss2', 0.2085678440614488), ('Trio', 0.4078543208910631), ('Ror2', 0.1866127699388969), ('Trpm3', 0.1264959922732005), ('Igf2', 0.2230791349082613), ('Inhba', 0.687449213096253), ('Nipsnap3b', 0.2031655651470729), ('Tmem28', 0.8041492229014805), ('Gdf10', 0.6554791916492189), ('Cdk14', 0.1906895638898559), ('Hacd1', 0.5740230146262408), ('Gpatch8', 0.3165209618207697), ('Dkk2', 1.171472031361332), ('Dtx3', 0.7868479199606414), ('Adam17', 0.2104532362415699), ('Bend6', 0.1757876054868802), ('Acvr2a', 1.2468275104359), ('Mcm9', 0.664996701073266), ('Cachd1', 1.081705689061901), ('Apba1', 1.163320998251869), ('Pde8a', 0.2445025502197525), ('Akt2', 0.4256031346829872), ('Ltbp1', 3.3680614257475616), ('Rftn1', 0.8961329821700662), ('Atxn2l', 0.2999592105000462), ('Ect2', 0.2157881236830734), ('Fktn', 0.0032771677695025), ('Rnf216', 0.4971826957998824), ('Fhit', 0.2077600443407625), ('Ubr1', 0.2625343679227828), ('Brip1', 0.2834507726619402), ('Mcc', 3.061614916543941), ('Ntn1', 1.2929745752154782), ('Ip6k1', 0.286431542936773), ('Dgke', 0.3120022815804051), ('Tes', 0.184819602315516), ('Ezr', 1.7282846653697868), ('Slc35g1', 0.1315006545688284), ('Slc35d1', 0.2020142963090361), ('Paip2b', 0.5526913362871166), ('Creb5', 4.355109137355145), ('Nup188', 0.1856077343478651), ('Lrrk1', 0.4939975143640674), ('Pdgfd', 1.740272426984066), ('Tmem26', 0.6518674075118669), ('Prdm5', 0.2314735660484392), ('Thra', 1.092633666123341), ('Cyth3', 0.3129122671368272), ('Nfe2l1', 0.590810428849872), ('Cd164', 1.5862979365986405), ('5730420D15Rik', 1.1343770847979613), ('Cep41', 0.4140541795564858), ('Vti1a', 0.5532793897998024), ('Amotl1', 0.547326126374661), ('Slc35e3', 0.1617727855146456), ('Zscan21', 0.6261039900587118), ('Hspbp1', 0.5785350103738645), ('Npr1', 1.1677818138396372), ('Arrdc3', 0.5717668107500559), ('Prr14', 0.7922897856518883), ('B3galnt1', 0.0176517354219352), ('Tspan2', 0.2247594316845688), ('Ctnnal1', 0.2708886004608635), ('Prpf38b', 0.2469573171242827), ('Dcun1d3', 0.2042943300330832), ('Itch', 0.3385433203292714), ('Hells', 0.2760662607237604), ('Pbx1', 2.8980456312306107), ('Rsph3a', 0.4510010511201813), ('Crebbp', 0.6964036897877178), ('Xrn1', 1.1873280661029393), ('Fubp1', 0.9904570500600036), ('Pcdh7', 1.6761840785094086), ('Abhd17c', 0.4719373050954915), ('Rhoj', 3.192161900436448), ('Rad50', 0.3908486134884928), ('Zcchc24', 0.4089070622156282)]",4365
Egr1,transfac_pro__M02281,0.04971014284963272,3.070097643267799,0.00097,1.0,gene is annotated for similar motif hocomoco__EGR1_MOUSE.H11MO.0.A ('EGR1_MOUSE'; q-value = 0.00097),"frozenset({'top50perTarget', 'activating', 'mm10_10kbp_up_10kbp_down_full_tx_v10_clust.genes_vs_motifs.rankings'})","[('Ncoa2', 0.9378539282513052), ('Slc16a1', 0.1752899813717168), ('Fndc3b', 0.4621293997722682), ('Mpdz', 0.4655003927994134), ('Gphn', 0.1924786961249788), ('Setd5', 0.4396938215000574), ('Mbd5', 0.4833747336328176), ('Tbc1d5', 0.4019790144511798), ('Ints6', 1.005548137151378), ('Tiparp', 0.8743085228519055), ('Tmem263', 0.4676482706213364), ('Mme', 0.3838686992763743), ('Baz1a', 0.1853538030194126), ('Map3k2', 0.9444413420937152), ('Camk2d', 0.3330507032138067), ('Nampt', 0.3633588145848221), ('Sh3rf1', 0.387871238203269), ('Cul2', 2.423338920593099), ('Phf20l1', 0.3179411264490195), ('Tbc1d12', 0.2619893617459466), ('Nsd3', 0.7744610603089341), ('Tanc1', 0.2140137173069599), ('Col5a1', 1.1488454428432782), ('Fam168a', 0.2254521843547066), ('Tet2', 0.1716209016101404), ('Hsf2', 0.256857463057055), ('Eif4e', 0.1678898916242733), ('Abi1', 0.2008249922844852), ('Usp9x', 0.3196238891918395), ('Ppp3cb', 0.2069318662439135), ('Man1a', 0.4104214856232336), ('Wasf1', 0.1880103595976369), ('Gli3', 1.3019161755568662), ('Exd2', 0.3157747018959586), ('Zfp664', 0.4187986139522934), ('Naa50', 0.3093518788255444), ('Greb1l', 0.2186225972250643), ('Xpr1', 0.1802942498410624), ('Ahr', 0.1790549291311819), ('Apc', 0.2382822620542418), ('Rab28', 1.226819466653544), ('Lyst', 0.408574855013689), ('Cpsf6', 0.3830183787039168), ('Yes1', 0.1842077681192718), ('Nr6a1', 0.1591153661916329), ('Cltc', 0.8269910293766775), ('Zfp62', 2.848590786096834), ('Ibtk', 0.2847083359350426), ('Med13', 0.3190482075243632), ('Chd4', 0.871413989144064), ('Ppm1l', 0.2159822654190868), ('Ptpdc1', 0.2351927873339594), ('Pabpc4l', 1.9763740188800003), ('Txlng', 0.4708254444962605), ('Arnt2', 0.3414015876170064), ('Socs3', 2.1582680556394416), ('Ism1', 0.329814457237606), ('Nek7', 0.5266280806249409), ('Mcm3', 0.3308083839824882), ('Fst', 0.778807169413177), ('Zmynd11', 1.027835857667725), ('Myo6', 0.0162014045778717), ('Ugdh', 0.0912166801968558), ('Rnf217', 0.0072379701209419), ('2610206C17Rik', 0.3116616173250653), ('Zfp131', 0.6693158308719651), ('Prrc2b', 0.369356816406253), ('Usp34', 0.3289548693223569), ('Metap1', 0.1975451836385417), ('Arid4a', 0.1718510514943285), ('Picalm', 1.1524745056962369), ('Rtf1', 0.5338251357537984), ('4921504A21Rik', 0.0525321743223452), ('Agl', 0.1788683563027377), ('Ank2', 1.4808735758682734), ('Tab3', 0.1050842100754408), ('Zfp202', 0.5672540154934536), ('Nalcn', 0.227311298355021), ('Thrb', 0.2349034104506842), ('Vegfd', 0.3409043797595621), ('Pxdc1', 0.153689517374026), ('Ccser2', 0.3329413592266579), ('Ptprt', 0.4608500587732467), ('Asap1', 0.1884866189599754), ('Cep83', 0.2566762078851085), ('Rbms1', 0.2197310124540501), ('Arhgap21', 0.3604827736670736), ('Fbxl17', 0.1804425410790258), ('Rasa1', 0.197860844925625), ('Bex3', 0.1928701863762433), ('Rab11a', 0.2391812473946392), ('Ssbp2', 0.1762056613416614), ('Hdlbp', 0.1972848018184893), ('Mei4', 0.9281061449387218), ('Arih1', 3.070951621432402), ('Bhlhe40', 0.1681437040234019), ('Eif4g1', 0.1931168309045199), ('0610040F04Rik', 2.6255878358473077), ('Zfp384', 0.1449286784536087), ('Nfia', 0.2761210442929843), ('Prickle1', 0.1780097836632533), ('Bmper', 0.5829373109750365), ('Actr2', 0.1551988957793724), ('Aqp11', 0.3765803503793177), ('Spata1', 0.2002067248609759), ('Ntrk2', 1.791451448824804), ('Hmgcs1', 1.205241432572296), ('Osmr', 1.8348519028997856), ('Hus1', 0.2237888577519425), ('C430049B03Rik', 2.2916133395662155), ('Tmem246', 0.4338404434497818), ('Pnrc1', 2.496554865282893), ('Klhl23', 0.2396366372295965), ('Smim15', 0.0036287990861917), ('Prrc1', 0.7486745550468821), ('Senp1', 0.3412777691179977), ('Rmdn2', 0.3028238278647234), ('Pfkm', 0.0815333565142392), ('Rgl1', 0.2477317140800773), ('Dcun1d5', 0.3974917502513661), ('Zfp105', 1.4720045821402192), ('Rerg', 0.336323168322623), ('Chrm3', 0.2032429216061643), ('Arf6', 0.1705261822546493), ('Atxn2l', 0.7623981475924175), ('Otud1', 0.0582084932994565), ('Runx2', 0.3616207810935014), ('Dhx35', 0.3375612821010474), ('Zbtb41', 0.6858587587053147), ('Dcun1d1', 0.6592873613304684), ('Ctnna1', 0.19285780200472), ('Itgav', 0.5700543511661259), ('Eef1a1', 1.5411595068276496), ('Tmem136', 0.3944024432864407), ('Ankrd40', 0.2067334484107977), ('Hes1', 0.6551278881931255), ('Fam117b', 0.1745145545463545), ('Col1a2', 0.455304726079405), ('Pabpc1', 2.4881832539473674), ('Myo10', 0.3353938234450576), ('Ltbp3', 0.2651102246178568), ('Tbc1d23', 0.1985243495338002), ('Fam53b', 0.2642180451723573), ('Klhdc10', 0.3073040405058918), ('Klf4', 2.431567776604968), ('Clvs1', 0.6587009195623662), ('Eps15', 0.2271561332226357), ('Trio', 0.2421163694385571), ('Ammecr1l', 0.1669015914732537), ('Daam1', 0.4917912426886642), ('Lnpep', 0.1698287167322166), ('Fam102b', 0.586038900103574), ('Dmtf1', 0.1919454205062016), ('Atxn1', 0.1649846959481282), ('Ptpn12', 0.5183257098777052), ('Slc4a4', 0.3782564993423702), ('Pdcd10', 0.1858792201674918), ('Gng12', 0.3600343096722366), ('Ccni', 0.5446212202012628), ('Setd2', 0.2112027632184976), ('Ccser1', 0.3514894459079955), ('Ncam1', 0.2445861685801406), ('Prkacb', 0.5111847131997178), ('Setbp1', 0.252788491102931), ('Prkar2b', 0.293746813096148), ('Fam53a', 0.4271665694759467), ('Psmd14', 0.2739534968958978), ('Ccdc71l', 0.4501277267226862), ('Gls', 0.9779276041566932), ('Zfpm2', 0.348554356800237), ('Tmtc4', 0.1839124205701873), ('Top1', 1.3653296737163965), ('Rab21', 0.6102273626659479), ('Cnot6l', 0.7873939411142811), ('Ifrd1', 2.810623778438649), ('Rapgef6', 0.1802567423118882), ('Paqr8', 0.4388318946279013), ('Klf6', 2.3355470805562417), ('Fmn2', 0.067699806990823), ('Gm527', 0.3583143103728914), ('Mms22l', 0.145117385380821), ('Lig3', 0.2263449966015024), ('Dap3', 0.7449771507529297), ('Kif21a', 0.409231635687021), ('Tmem200a', 1.5370147272589123), ('Maml3', 0.2296820685054103), ('Tra2b', 0.8945408473007935), ('B4galt4', 0.1486623997670093), ('Gnao1', 0.2252756556463066), ('Ddb2', 0.0016229344400398), ('Upf2', 0.2296612373797256), ('Map4k4', 0.265411326239916), ('Ap3m1', 0.2612389373411293), ('Rnf157', 0.1808381802368577), ('Porcn', 0.1889727978537266), ('Wdfy2', 0.2688825777957805), ('Zbtb24', 0.7586480273925085), ('Dcbld2', 0.1926454507820495), ('Braf', 0.2020867301961335), ('March1', 1.108965192679276), ('Mpzl1', 0.1550582071738138), ('Ola1', 0.1724648616940084), ('Tpt1', 2.116783534134374), ('Arl13b', 0.5676042083267985), ('Tbx15', 0.8333170457731445), ('2610507B11Rik', 1.173140565648504), ('Arhgap42', 0.1923397656244077), ('Has2', 2.2049070358405363), ('Acsl4', 0.0027133245769727), ('Jun', 6.650837845290732), ('Nsun7', 0.6037237615471551), ('Smarca2', 0.9468342992437218), ('Cpne2', 0.2399122895980978), ('Lrp10', 2.009989539888143), ('Ccnl1', 0.7980960828380605), ('Trip12', 0.3242065457431906), ('Ankib1', 0.6733595449462275), ('Mettl15', 2.7532351514457543), ('Ccdc6', 0.2465535041572338), ('Tmem229b', 0.528474359225891), ('Kitl', 0.4837376600865479), ('Lpp', 0.3893054666268898), ('Irf2bpl', 2.2218078663889163), ('Ptprf', 0.1916490843839055), ('Ppp4r1', 0.3835345741826957), ('Gmds', 0.1985759951003197), ('Snta1', 0.187788398893742), ('Elf1', 0.7105705220833933), ('Rab22a', 0.4731829645449927), ('Zfp655', 0.1703110195577988), ('Manea', 0.1510833385236898), ('Fkbp9', 0.8022211174192462), ('Cpeb2', 1.2363723381856098), ('Btg2', 4.829440832869382), ('Spag9', 0.7042556322611564), ('Stmn2', 0.0223289701067301), ('Celf2', 0.272741546114211), ('Perp', 0.426609661763595), ('Dcaf6', 0.5353728243862965), ('Ift52', 0.3321881680329686), ('Igf1r', 0.1655739495604585), ('Slc35g1', 7.83674622853129e-08), ('Ptpn2', 0.9590099899916062), ('Ttll7', 0.4218416868434042), ('Fkbp5', 0.319290735220002), ('Pxdn', 1.1800004179848165), ('Pik3r1', 0.2660373888027579), ('Gns', 0.2797443793207436), ('Ahcy', 0.2761214599053069), ('Abca1', 0.4597423221232277), ('Tmod2', 0.2628018321011581), ('Fam155a', 0.2211229743181936), ('Prickle2', 1.0488129205650627), ('Celf1', 0.3518309385042363), ('Rhoj', 0.9045200616654834), ('Jdp2', 0.7331733961546107), ('Rora', 0.261296763976827), ('Mcph1', 0.4523659025741559), ('Erf', 0.4673014659494465), ('E2f5', 0.4162437074088759), ('Fam135b', 1.2605929627622985), ('Rbm15', 0.1864712156749849), ('Plpp3', 0.5913173660412252), ('Abcb1a', 0.2639510042800455), ('Thsd7a', 1.003732321371707), ('Jak1', 0.4575295682910719), ('Bcar3', 1.2420828871197322), ('Tmcc2', 0.2963761681306853), ('Lama2', 0.2713218937390704), ('Cacna1a', 0.1521943943171062), ('Shank2', 2.6135226235282496), ('Ddx59', 0.5212395018266631), ('Rsph3b', 0.1414557089722004), ('Dsel', 0.2584153284413263), ('Akap1', 0.8503513123966165), ('Ldlrad3', 0.2143090436069002), ('Nfib', 1.5612903152142898), ('Svep1', 0.7041614319358304), ('Csnk1d', 0.268092815700327), ('Cep41', 0.1398640866030682), ('Prps2', 0.1823575965139762), ('Cyb5b', 1.557951711897194), ('Tcea3', 0.1522123221838564), ('Il6st', 0.2430692913466806), ('9330111N05Rik', 0.1336833468176088), ('Tshz3', 0.1720838328635289), ('Col23a1', 0.2434637717399074), ('Elk4', 0.2768058118314265), ('Plekhb2', 0.3989385506062132), ('Dmxl1', 0.2019030814678047), ('B9d1', 0.2178501756780979), ('Mast4', 0.3761620409033922), ('Cmtm3', 0.1654392683624331), ('Mpv17l', 0.3247537206197671), ('Uhrf1bp1l', 0.2108124330745195), ('Smchd1', 0.3368701140806474), ('Wtip', 0.1016272169761421), ('Ckap4', 1.263410522883868), ('AW549877', 1.7981981785448955), ('Trpc1', 0.1563570251840659), ('Slc38a2', 1.6108408667814236), ('Nfkbiz', 0.9651011045330634), ('Slc22a17', 0.098005560781169), ('Zc3h12a', 1.1746485304126852), ('Fam13b', 0.1956719147788374), ('Tmtc3', 0.5206175922253949), ('Sntb2', 0.3589666189955079), ('Klhl32', 1.1097477813391114), ('Npl', 0.105602906752112), ('Arhgap24', 1.5478490733013053), ('Sfxn1', 0.6811660095687634), ('Yaf2', 0.1567093861837797), ('Deptor', 0.7582669961962177), ('9530052E02Rik', 3.4243995683934586e-06), ('Trim13', 0.5444270311628774), ('Matn2', 1.1045991603721463), ('Fam160b1', 0.2363100848620389), ('Cenpe', 0.2708948676007872), ('Ints3', 0.5350999429750656), ('Dab2ip', 0.189030121096025), ('Tcf7l1', 0.2980448845700452), ('Rnf130', 0.3388940925077092), ('Stau2', 0.2580359634044477), ('Rpl30', 0.3721930827062387), ('Ppip5k2', 0.469904009748298), ('Frmpd4', 0.0412076743316157), ('Dtnbp1', 1.3740599613028186), ('Tnpo3', 0.2622666645736088), ('Pknox2', 0.4862600143540279), ('Dkk2', 0.2922107143824095), ('Map2', 0.0015234530303007), ('Fgfr1', 0.4343325659549131), ('Trib1', 0.3023634050004269), ('Abhd4', 0.0079073572637265), ('Elovl7', 2.079142179618776e-05), ('Tnk2', 0.2927918856290093), ('Bcl6', 0.4642468912205899), ('Dennd5a', 0.8801824726446004), ('Gpr39', 0.0148042765269579), ('Pabpc4', 0.2906759420695829), ('Mtfr2', 0.3710833024978891), ('Dpyd', 0.1776154191458852), ('Tob2', 0.6135460430312765), ('Ndc1', 0.3798651998843783), ('Ap3s1', 0.208123119743117), ('Tada2a', 0.2273130585292641), ('Nrep', 2.7527824826969898), ('Sqle', 0.1728758542997697), ('Fzd1', 0.1757041804080042), ('Ptbp3', 0.1836429030143777), ('Vash2', 0.080527278862213), ('Slc16a2', 1.0184486163328652), ('Nid1', 0.0753891953467855), ('Msmo1', 0.9589958607335768), ('Crebbp', 0.7482534226312123), ('Rpl35a', 0.2643555837586187), ('Ist1', 0.2581924691149625), ('Errfi1', 0.7311768435425134), ('Smim13', 0.5836993745858989), ('Crtc3', 0.2203769004915391), ('Adnp', 0.9373326479354336), ('Polr3e', 0.2263453336287944), ('Gm15867', 0.7697549718633389), ('Ccdc50', 1.146273455890735), ('Scyl3', 0.188768427312262), ('Ilf3', 1.2244732982241977), ('Mark4', 0.1950681877970857), ('Irf2bp2', 0.2624896327216559), ('Atf7ip', 1.1505330530693738), ('Fgf10', 0.1633325317887743), ('Gsap', 0.4575342994981579), ('Hmbox1', 0.152493111248807), ('Mxd4', 0.8592001171074853), ('Cutc', 0.1207196344052036), ('Zfp523', 1.7470668444279869), ('Slc4a3', 0.6714415483387448), ('Cmip', 0.1666895260511128), ('Plxdc2', 0.5157696061639718), ('Ddx6', 0.1961284945680863), ('Pus7', 0.5964566672399266), ('Wls', 0.187770296705511), ('Setd1b', 0.3005370379454219), ('Zfp329', 0.1469246487768554), ('Cpe', 0.4391890675932913), ('Ube2h', 0.3382154506281387), ('Rspo1', 0.3428369206894947), ('Id3', 2.082391737403185), ('Serf1', 0.4156965501305379), ('Arhgap6', 1.022056488312748), ('Zbtb34', 0.2425719283278526), ('Tnfaip8l3', 1.3405734188508494), ('Wdr82', 0.244400930201888), ('Plvap', 0.1897256975732991), ('Necab1', 0.3180671850531078), ('Tmem260', 0.3155866773322832), ('Lypd2', 0.4422451848665015), ('Usp12', 0.006319892585296), ('Lpcat4', 0.2385972258658536), ('Arhgap28', 0.1813123672335367), ('Lmo2', 0.6529344994411608), ('Ube4b', 0.6904812577444677), ('Arl15', 0.2239440816650162), ('Gli1', 0.5254123144028261), ('Zfp777', 0.6220236051773393), ('Glrb', 9.834594098580802e-06), ('Arid3b', 1.0665434552062512), ('Efna4', 0.5262381979867503), ('Atp23', 0.6160983254386848), ('Irak4', 0.8301830862531997), ('Trappc5', 0.2045218304934133), ('Frmd7', 0.0393452459234177), ('Trib2', 0.2585892329970488), ('Chrm2', 0.3112220138781343), ('Twist1', 0.4114820218478216), ('Rgma', 3.8703733656162736e-05), ('Mbd2', 0.2175710363680176), ('Zmiz1', 0.2008148822617145), ('Frat2', 0.4858799988699046), ('Ccl2', 0.1603569721334486), ('Prkx', 0.2203119517043208), ('Papolg', 0.0538693503289549), ('Limd1', 0.5779197458105002), ('Marcks', 1.1133033851767296), ('Cxcl16', 2.477474175306814), ('4930558K02Rik', 0.2470561270328334), ('Ipo5', 0.2557216088219588), ('Golph3', 0.519132112733677), ('Rnf152', 0.0488896303606055), ('Stxbp1', 0.4188111761208102), ('Ube2cbp', 0.0801231674811598), ('Cnot1', 1.3491551019545325), ('Immp1l', 1.6321876856017274), ('Tmbim4', 0.2487570983615665), ('Tnfaip3', 1.3377126641462278), ('Zfp865', 0.129141794975716), ('Kdr', 0.5072965960084788), ('Brwd3', 0.2128830962237498), ('Loxl2', 0.3913898693117283), ('Tmem91', 4.622076948251041e-11), ('Fstl1', 0.0346856727217481), ('Tnrc6c', 0.4921275274455719), ('Echdc2', 0.3866148292312329), ('Nufip2', 0.3166135222650659), ('Dis3l2', 0.2281349727546308), ('Micu2', 0.2409882125244904), ('Klf2', 1.2055628747863802), ('Mettl24', 0.285427758044649), ('Fzd10', 0.0513215374248291), ('Usp7', 0.0289082263269731), ('Cxxc5', 1.0746900511092248), ('Tmem165', 0.2366494558302176), ('Tmem192', 0.2079430843884023), ('Mapk9', 0.1910560416605221), ('Gnaq', 0.3156433097618095), ('Kctd15', 0.1030860812787407), ('Tctn1', 0.4131716708731522), ('Mak16', 0.2387389871921096), ('Map2k1', 0.295859991494709), ('Ppp1r13l', 0.2037378237228167), ('AI597479', 0.4081445405943462), ('Ccdc102a', 0.2825831065391872), ('Slc6a9', 0.3393274774269839), ('Maf', 1.0368322412776023), ('Pms1', 0.1863393396842729), ('Cebpd', 0.8895277012333306), ('Hic1', 0.4003777167053132), ('Psen2', 0.8257481190397529), ('Pde6d', 0.2106239077410848), ('Sprn', 0.1608182031478841), ('Zfp746', 0.1559945610504791), ('Stpg2', 0.4021415298904204), ('Caap1', 0.2327398206295322), ('Il17ra', 0.2611737908116917), ('Junb', 4.383091534152863), ('Ryk', 0.2070255761282365), ('Sdr39u1', 0.944397327591944), ('Mis18bp1', 0.2272141107662141), ('4930527F14Rik', 0.018816538449453), ('Got1', 0.3601718994478533), ('Ddx3x', 1.2025880909016156), ('Slit3', 0.1162585491099601), ('Atp9a', 0.1720613550149136), ('Atf7', 0.1660024406917149), ('Zfp689', 0.4838553258292844), ('Stat2', 2.65564317123265), ('Erich2', 0.7213222551160078), ('Dram1', 1.4271167499094604), ('Arhgef3', 0.5263770722756793), ('Lockd', 0.1481673466331703), ('Taf12', 0.0042101682698), ('Car3', 0.4008533093089005), ('Rplp0', 0.2276140950838746), ('Pdp1', 1.613669487709294), ('5730522E02Rik', 0.0278340692266786), ('Efna2', 0.1433177060604626), ('Serf2', 0.0755194277758819), ('Vasp', 0.2232873709858559), ('3010001F23Rik', 0.0723958486561389), ('Map2k5', 1.408103034978755), ('Tmem161b', 0.2827450497445096), ('Sqstm1', 2.174109791382724), ('Srp19', 0.251038008429279), ('Gm266', 0.0827969682883091), ('Shox2', 1.6892543255794392), ('Slc11a2', 0.1625974936516116), ('Tpd52l1', 0.3896403805652219), ('R3hdm4', 0.2186984773920379), ('Ccno', 2.587602200042363), ('Zfp426', 0.0009644372408928), ('Tgfa', 0.9527943506410714), ('Zfp7', 0.404896892999637), ('Grb10', 0.2209838288024339), ('Dcun1d3', 0.5581789378723362), ('Lysmd2', 0.6576986689941613), ('Cbr1', 0.2232846090953413), ('Srd5a3', 0.1244161955237314), ('Klhl18', 0.2018128546621549), ('Ppp6r1', 0.1670917951373028), ('Rsrp1', 0.122183134116593), ('Osbpl5', 0.7074722390478545), ('Anxa3', 0.0812665542014804), ('Trim33', 0.2240436586461779), ('Dnttip2', 0.2078948311529114), ('Colec12', 0.2159922606836146), ('Dnajb14', 0.5645521158290614), ('Fdx1', 0.2085942601839849), ('Lancl2', 0.0238644046594378), ('Ykt6', 0.655711339452241), ('Caprin1', 0.2394921988146413), ('Ccdc149', 0.1155467889193695), ('Golga7', 0.4081432148696595), ('Ptch2', 0.1048113101793433), ('Pitpnm2', 0.443319425967661), ('Slc44a2', 0.949649590312136), ('Mctp2', 1.8807401168097693), ('Gsn', 0.2016619276566139), ('Gnptab', 0.4160435394796941), ('Idi1', 0.1673160172120186), ('E130114P18Rik', 0.6065863042321225), ('Ppp1r18', 1.0371960043247674), ('Fam129a', 0.1682460879191357), ('Antxr2', 0.139877449766442), ('Cmtr2', 0.2616415265050594), ('Pdpk1', 0.4303701926356864), ('8430429K09Rik', 0.2846428487676169), ('Dnajb2', 0.322527803707167), ('Gcc2', 0.2621358777999356), ('Plekhh3', 0.511871721544739), ('Ksr2', 1.0632721078028682), ('Znrf2', 4.07270033077451e-05), ('Nt5c3', 0.2083455061753762), ('Usp30', 0.0912448858645784), ('Ago3', 0.2672097746795236), ('Cplx2', 0.1646298156227483), ('Fos', 2.970393223034381), ('Ccng2', 0.0263704950692575), ('Fbxo4', 0.0117069594534686), ('Cd164', 0.2584505618301859), ('Hoxaas3', 0.2491381304742491), ('Nrp1', 0.8408658510657038), ('Rps15a', 0.9702060094293188), ('Farsb', 0.2389417034914882), ('Relb', 0.6384802958421932), ('Bace1', 0.230377194472524), ('Ankle2', 0.1507234477077902), ('5031425E22Rik', 0.2045195245549763), ('Gramd3', 0.7905762704261423), ('Kdm2a', 0.234496444211098), ('Ryr1', 0.4907400273015292), ('Sbno1', 0.6797000542851701)]",4631
Elk1,taipale_tf_pairs__ELK1_ONECUT2_RSCGGAASNGRTCGATAN_CAP_repr,0.05595565297057834,3.145259220180246,0.0,0.85514,motif is annotated for orthologous gene ENSG00000126767 in H. sapiens (identity = 85%),"frozenset({'top50perTarget', 'activating', 'mm10_10kbp_up_10kbp_down_full_tx_v10_clust.genes_vs_motifs.rankings'})","[('Stx17', 0.2231877937307337), ('D16Ertd472e', 2.941858332884368), ('Zbed3', 0.0981457283697283), ('Tecpr2', 1.3448939428593212), ('4930599N23Rik', 0.1574873708973091), ('Guf1', 0.816671291057737), ('Efr3a', 0.2120623163811226), ('Azi2', 2.6233079475255177), ('Sik2', 0.2753909095200696), ('Pskh1', 0.6011989897699872), ('Tmem38b', 1.1221223515831515), ('Lbr', 0.1707989296581381), ('Atg16l1', 1.2125942521598427), ('Aftph', 0.9713108333612974), ('Cln5', 0.4047104622902987), ('Ccdc82', 0.2992290399016944), ('Usp37', 0.2157218834140342), ('Ttc32', 0.1493126847146887), ('Rufy3', 0.1601463718885879), ('Kbtbd3', 0.4562899498916117), ('Usp53', 2.4160710473271485), ('Bub3', 2.072004733799841), ('Ubqln1', 0.2834476191657178), ('Arl4d', 0.4886188254426203), ('Smap1', 0.1875343773058679)]",952
Erf,taipale_tf_pairs__ERF_HOXA3_RSCGGAWNNNNNNNYMATTA_CAP_repr,0.04743513567042979,3.246330205051345,0.0,0.968978,motif is annotated for orthologous gene ENSG00000105722 in H. sapiens (identity = 96%),"frozenset({'top50perTarget', 'activating', 'mm10_10kbp_up_10kbp_down_full_tx_v10_clust.genes_vs_motifs.rankings'})","[('Ska1', 0.2578268635234027), ('Slc6a9', 0.2494258318115355), ('Cyp2e1', 0.2509446677449441), ('Acp2', 0.0426434733235069), ('Abca7', 0.1016497599273501), ('Palld', 0.4408400881439896), ('Zfp874b', 0.3331972931583741), ('Limk1', 0.2753707285182629), ('Erf', 1.0), ('Prkd1', 0.382847297115611), ('Hexim1', 0.2243727845247468), ('Mrpl2', 1.7274726090174448), ('Mia3', 0.1946635757390437), ('Ube2z', 0.262606816098328), ('Zbtb7a', 0.1926981307037209), ('Pde1b', 0.3668792680516284), ('Hmg20b', 0.4555275306341996), ('Mllt6', 0.1658895326457863), ('Tbc1d24', 0.9634840110557008), ('Tox4', 0.3541591850438235), ('Mbd5', 0.2401605763565763), ('Tmem184c', 0.7162939469417128), ('Desi1', 0.8258933809022443), ('Optc', 0.0202341618155669), ('Shmt1', 0.5025962313549478), ('Samd4', 0.1199238448615502), ('Pnpla6', 0.3009833674011001), ('Hmgcl', 0.7157757630453071), ('Sorbs1', 1.1440153359699718), ('Cdc37', 1.4791336606609589), ('Cntrob', 0.0384593085574325), ('Rai14', 0.2099519347623419)]",550
Etv5,hdpi__ELF2,0.051308315136234364,3.4098717754144294,8.4e-05,1.0,"gene is annotated for similar motif cisbp__M0698 ('ENSMUSG00000044690[gene ID: ""ENSMUSG00000044690"" species: ""Mus musculus"" TF status: ""inferred"" TF family: ""Ets"" DBDs: ""Ets""]; Ets2[gene ID: ""ENSMUSG00000022895"" species: ""Mus musculus"" TF status: ""inferred"" TF family: ""Ets"" DBDs: ""Ets""]; Etv2[gene ID: ""ENSMUSG00000006311"" species: ""Mus musculus"" TF status: ""inferred"" TF family: ""Ets"" DBDs: ""Ets""]; Etv5[gene ID: ""ENSMUSG00000013089"" species: ""Mus musculus"" TF status: ""direct"" TF family: ""Ets"" DBDs: ""Ets""]; Fev[gene ID: ""ENSMUSG00000055197"" species: ""Mus musculus"" TF status: ""inferred"" TF family: ""Ets"" DBDs: ""Ets""]'; q-value = 8.37e-05)","frozenset({'top50perTarget', 'activating', 'mm10_10kbp_up_10kbp_down_full_tx_v10_clust.genes_vs_motifs.rankings'})","[('Rb1cc1', 0.1952368915728527), ('Rbbp8', 0.983418283857752), ('Atg16l1', 0.902457838461092), ('Psen1', 0.1182501285986544), ('Thumpd3', 0.4518125155499468), ('4833420G17Rik', 0.1585421975239193), ('Csnk1g3', 2.455719337968821), ('Gml', 0.0814059267649871), ('Zbtb2', 0.9389436682608342), ('Zfp709', 0.4327254333269276), ('Tmem241', 0.074668687557944), ('Cdkn2aip', 0.1453992409286146), ('Ppp4c', 0.218045610129471), ('Rnf114', 0.3037008095985203), ('Mief1', 1.538859745347832), ('Ergic2', 0.1901729403243371), ('Gtf2a1', 0.55094462426359), ('Sp3', 0.1709844901732951), ('Pcyt1a', 2.697896416994475), ('Cltc', 0.2589411560053613), ('Acyp1', 0.2686527844773267), ('Lonp2', 0.4468407578573979), ('Slu7', 0.0003253179848242), ('Birc6', 0.26843830706027), ('Serbp1', 0.1767718558206327), ('Baz1a', 0.4389290853178521), ('Ccdc91', 0.6717191781346334), ('Aqr', 0.3059803831744043), ('Utp14a', 0.9047159461772308), ('Hccs', 0.5021234381102518), ('Ddx24', 1.39219372745895), ('D16Ertd472e', 0.2363594889664312), ('Vps13a', 0.8493942797543804), ('Dock8', 0.6012722277544612), ('Rnf6', 0.3113021768184502), ('Ssh2', 0.1535764814662163), ('Snhg6', 0.2445009159627196), ('Fli1', 0.2050783540142421), ('Fam114a2', 0.0252712836723248), ('Vps4b', 0.4769374766056424), ('Emc4', 2.1809887247275275), ('Polr3h', 0.7366939337557211), ('Kpna4', 0.4363410831017594), ('Syf2', 0.8490868136830667), ('Rbm27', 0.4395668603708829), ('Rap1gds1', 0.2143418747934073), ('Prorsd1', 0.991775575110912), ('Dido1', 0.275236767389353), ('Tmem39a', 0.2874939262003718), ('Timm10', 0.4921979302875072), ('Gspt1', 0.8002240419564597), ('Rbm47', 0.1978962410280549), ('Lsm5', 0.7432654415480072), ('Ppp1r35', 0.2032917774914479), ('Magi1', 0.4427373228199785), ('Galk2', 1.6275498634680858), ('Psmf1', 0.6557669366055592), ('Mpc2', 0.20729710143639), ('Sec61a1', 0.3995511566081224), ('Ankrd12', 0.1972799831351895), ('Barx1', 0.0891247217694175), ('Kdm5d', 0.4081512871986082), ('Cyp4v3', 0.1108942297869899), ('Atp1b3', 0.4258842894535101), ('Brip1', 0.1855716661337969), ('Pet100', 0.2111394726472163), ('Sec23a', 0.3267207983807507), ('Pkdcc', 0.2852972149733862), ('Zfp131', 0.7181597567243356), ('Eif4g3', 0.1533509311804964), ('Ube4a', 0.2915254614199051), ('Hnrnph3', 0.4373130331119017), ('Gapvd1', 1.0663454094077331), ('Enox2', 0.51901875407812), ('Rnf14', 0.2131901656159809), ('Tpp2', 0.254558349483816), ('Hdac2', 0.2200442937057787), ('Atg16l2', 2.256722295586852), ('Tomm22', 0.4667718304426942), ('Setx', 0.3056261342973942), ('Ada', 0.8250447141199485), ('Fbxl12', 0.5822059418333387), ('4931406C07Rik', 0.0798204993167652), ('Reps1', 0.5641708882511106), ('Btbd3', 0.2053241577827359), ('Hmgn5', 0.523476253019984), ('D8Ertd738e', 0.4789190710545027), ('Lrp10', 0.2715511421356817), ('Coa5', 0.1959303720566683), ('Ncbp1', 1.015853095599661), ('Nifk', 0.9339384232584946), ('Htatsf1', 1.9703889097343976), ('Mfsd6', 0.0306845828803406), ('2900009J06Rik', 0.0305790806578556), ('Fbxl3', 0.9103158331415062), ('Prelid1', 0.2564533478973484), ('Pnkp', 0.1913738518250519), ('Smc1a', 0.1719952281728419), ('Commd2', 0.4989706225899956), ('Slc37a4', 0.1443758255014958), ('4930503L19Rik', 0.401851689079946), ('1300002E11Rik', 0.1678668392839473), ('Dlst', 0.4439009277053847), ('Cog2', 0.2115569589111691), ('Zfp119b', 0.6828167159834445), ('Por', 0.4067454268918644), ('Gnb1', 0.4877640354562689), ('Nabp1', 0.3599241582056569), ('Gtf2b', 1.269767781673088), ('Tcaim', 3.7903230182996657), ('Med31', 0.2116084915203681), ('Scai', 0.9752356958640702), ('Jak2', 0.1905956022719964), ('Cox11', 0.1679308001069445), ('Tm9sf1', 0.2262846061120962), ('Mapk3', 0.2151683112342469), ('Ints14', 0.1335591184873629), ('Dgcr8', 0.1356889542645807), ('Ctsc', 0.2076729468230626), ('Ddx39', 0.4421487881549451), ('Fnta', 0.2204937856688909), ('Gstcd', 0.6533757551817772), ('Hnrnpab', 0.1532629993220355), ('Hcfc1', 0.3489763956936014), ('Rasa3', 0.1846307939770315), ('Psmg1', 1.0367830705385432), ('Ticam1', 0.4657230002440712), ('Tex14', 0.326333873706422)]",3875
Etv5,taipale_tf_pairs__ETV5_EOMES_TNRCACCGGAWN_CAP,0.05027276888558715,3.26126935565365,0.0,0.954902,gene is orthologous to ENSG00000244405 in H. sapiens (identity = 95%) which is directly annotated for motif,"frozenset({'top50perTarget', 'activating', 'mm10_10kbp_up_10kbp_down_full_tx_v10_clust.genes_vs_motifs.rankings'})","[('Ptbp2', 0.6505012110787991), ('Gsc', 1.004993632437304), ('Reps1', 0.5641708882511106), ('Man1c1', 0.2520056273720445), ('Dlg1', 0.197713155514191), ('Stxbp5', 0.2711231822289922), ('Snhg6', 0.2445009159627196), ('Ada', 0.8250447141199485), ('Myo1d', 1.793041311938653), ('Etv5', 1.0), ('Brip1', 0.1855716661337969), ('Fzd8', 0.2420846215187445), ('Tlk2', 0.7504587815344238), ('Zcchc2', 0.2111387309904139), ('Gnb1', 0.4877640354562689), ('Tbx15', 0.1367082506223726), ('Bean1', 0.9011075208134154), ('Atp11c', 0.7932190125438554), ('Phf10', 0.2891053446509359), ('Rbbp7', 0.2233715290132807), ('Tgif1', 0.3385408946090353), ('Sap30', 0.28906354282133), ('Nfatc1', 0.1869978787173326), ('Rhobtb2', 0.5799077448127778), ('Twist2', 0.2212882835732079), ('Rb1cc1', 0.1952368915728527), ('Ccdc91', 0.6717191781346334), ('Cys1', 0.2178581622297868), ('Pbk', 0.1389355722849674), ('Cep57', 0.2401954690199558), ('Nek2', 0.4961545094370906), ('Tmub1', 0.2035733235237035), ('Pkd2', 0.6665256159834094), ('Tmem39a', 0.2874939262003718), ('Efhd2', 1.3497412060967164), ('Fbln1', 0.1593890267895256), ('Gtf2a1', 0.55094462426359), ('Tcaim', 3.7903230182996657), ('Grik3', 0.8375646073882361), ('Ttc23', 0.2873074906178698), ('Fcgr3', 0.1944809045559251), ('Galk2', 1.6275498634680858), ('Rap1gds1', 0.2143418747934073), ('Fgf11', 1.3750456248938343), ('Baz1a', 0.4389290853178521), ('Psmf1', 0.6557669366055592), ('Golim4', 0.2490302005214147), ('Irf5', 1.476298871811523), ('Serbp1', 0.1767718558206327), ('Dido1', 0.275236767389353), ('Ccna2', 0.2559856259838834), ('Khsrp', 0.3686830549338852)]",1466
Fli1,hdpi__ELF2,0.052819435993493764,3.2382749258441725,8.2e-05,1.0,gene is annotated for similar motif homer__NRYTTCCGGH_Fli1 ('Fli1(ETS)/CD8-FLI-ChIP-Seq(GSE20898)/Homer'; q-value = 8.21e-05),"frozenset({'top50perTarget', 'activating', 'mm10_10kbp_up_10kbp_down_full_tx_v10_clust.genes_vs_motifs.rankings'})","[('Dnajc24', 0.2799919027767126), ('Sypl', 0.7525484293983193), ('Fndc3a', 0.5967611630238802), ('Plk4', 0.2615704102768382), ('Mfsd14a', 0.3319325393251767), ('Ubb', 0.1125458809411143), ('Ctnna1', 0.1871972148101632), ('Gtf2e2', 0.3831819267309908), ('Ascc3', 0.3714448242916796), ('Btf3', 0.190932446831056), ('Lclat1', 0.1735512657699177), ('Fnip1', 0.4353779500954384), ('Vezf1', 0.440762768639293), ('Pde7a', 0.4024442116280223), ('Cdc14b', 0.35011841232178), ('Fcho2', 0.3674567369184108), ('Nabp1', 0.0476851325002232), ('Lpin2', 1.5330379630826734), ('Oxct1', 0.2199673801327085), ('Pard3', 0.1677664018581139), ('Dnm1l', 0.6055796263177466), ('Inpp5d', 0.0126315118523883), ('Frmd5', 1.1377103690895396), ('Prrc2c', 0.671799154566038), ('Ppp3cc', 1.5051569428748934), ('Ndufa5', 0.1631574323437357), ('Ppargc1b', 0.7033143547111695), ('Bzw2', 0.3655778356224037), ('Serinc3', 0.1547042153479485), ('Ube2n', 0.5604172078883635), ('Sgip1', 0.2116322148620669), ('Kif3a', 0.1293857027465167), ('Zfand5', 0.5882893665450146), ('Pdlim1', 0.1475810985648382), ('Abi2', 2.2569265557500877), ('Uchl3', 0.0082190823664783), ('Wdr47', 0.2850611070520891), ('Topbp1', 1.0616808289840935), ('Bnip2', 0.5999384215460825), ('Senp1', 0.93083913734419), ('Bmp2k', 0.1794825153188487), ('Supv3l1', 0.2994967862543882), ('Rnf185', 0.2548769077577262), ('Cpsf2', 0.2905951523722676), ('Nrbf2', 1.360673273891324), ('Pold1', 0.1549118609623758), ('Spink10', 0.5191381749545856), ('Slc6a15', 0.0141542163060272), ('Trps1', 0.2349852038442891), ('Btrc', 0.8491580941799196), ('Pparg', 0.2680262981482392), ('Ankrd40', 1.042436188827096), ('Hist1h2be', 0.216472248384327), ('Sccpdh', 0.6566194959121585), ('Nos1', 0.869730477676829), ('1700021F05Rik', 0.2882342779812514), ('Fgd4', 0.5105509505054748), ('Zcwpw1', 0.2957291358735402), ('Crlf2', 0.2584652505277586), ('Sh3rf3', 0.2418927195555318), ('Tdrd7', 0.0045139168254153), ('Phc2', 0.3276892513053078), ('Prdm1', 0.077389864023341), ('Thada', 1.9888724449792008), ('E330013P04Rik', 0.1557492426960486)]",1837
Irf1,transfac_pro__M02281,0.05359757317856729,3.1790999781729883,0.000947,0.855385,"motif similar to dbcorrdb__IRF1__ENCSR000EGT_1__m1 ('IRF1 (ENCSR000EGT-1, motif 1)'; q-value = 0.000947) which is annotated for orthologous gene ENSG00000125347 in H. sapiens (identity = 85%)","frozenset({'top50perTarget', 'activating', 'mm10_10kbp_up_10kbp_down_full_tx_v10_clust.genes_vs_motifs.rankings'})","[('Kansl1l', 0.4534593803228662), ('Usp9x', 0.4228913067815171), ('Cdk17', 0.2192573661816745), ('Cdk13', 0.4948584408124619), ('Epb41l2', 0.1367370631319359), ('Tsc22d2', 0.4363738810143607), ('Jak2', 1.1601568125125636), ('Wac', 0.2146869707186066), ('Kmt2e', 0.1827485867340678), ('Hectd1', 0.2148630618489163), ('Stag1', 0.245682070514294), ('Rc3h1', 0.1675347286868148), ('Wdfy3', 0.2060986971027248), ('Mpp5', 0.2098864284084726), ('Zmym5', 0.1718387582225078), ('Nrip1', 0.3858929143142806), ('Pabpc1', 0.5251524524378732), ('Nrf1', 0.3340061694267566), ('Mapk8', 0.2593853402703091), ('Ccser1', 1.1171512897919331), ('March7', 0.1474400431084308), ('Bclaf1', 0.2045419153533343), ('Zbtb2', 0.1975739141569969), ('Runx1t1', 0.2225628370563733), ('Nsd3', 0.2163340215495117), ('Ube2k', 0.2079065240271318), ('Dsel', 0.2632361809819596), ('Phf20l1', 0.6492850919777), ('Dok6', 0.5519888780594481), ('Map4k5', 0.1816028955347974), ('Irs2', 0.6515557583723178), ('Tc2n', 2.37656658057823), ('Lyst', 0.6816342811990738), ('9530052E02Rik', 0.4041077740827698), ('Csnk1a1', 0.4875635873973247), ('Gm6225', 2.1508800979139402e-08), ('Arhgap21', 0.2947800445267476), ('Nfia', 0.7935612512463587), ('Wasl', 0.2513981569964889), ('Sik2', 0.400092642388853), ('R3hdm1', 0.4507975004265276), ('Gphn', 0.9666031808776632), ('Gli3', 2.525209535837427), ('Prickle1', 1.500425835008597), ('Fst', 2.922989149252726), ('Cnot4', 0.2068190118145708), ('Rps6ka3', 0.1787772604126339), ('Sh3rf1', 0.1446569328406428), ('Mme', 0.6355870413930608), ('Rgs20', 0.3574453735064081), ('Ppp1r12a', 2.14759427016661), ('Vps13a', 0.2161555896470384), ('Ube2w', 0.1986209525726813), ('Btbd3', 0.1753943835665431), ('Tanc2', 0.1891028357114217), ('Fyn', 0.2447662757661521), ('Atrnl1', 0.2553996146446104), ('Add3', 0.4552662487457198), ('Bmper', 1.0609621919554328), ('Snrk', 0.3376185827278323), ('Ptpn13', 0.2288022454977348), ('March6', 0.1225715305513751), ('Nfkb1', 1.2383201061096043), ('Efnb2', 0.1716853352767662), ('Usp6nl', 0.2818521766565957), ('Usp32', 0.2338847649385466), ('Atp11c', 0.4422007559221302), ('Dmxl1', 0.3224786322701921), ('Frs2', 0.008513545392331), ('Cnst', 0.2235398594784419), ('Shisa6', 0.3853933762774393), ('Steap2', 0.1373068777909949), ('Rnf103', 0.1964081448833848), ('Arih1', 0.6866629001804958), ('Garem1', 0.000226489679112), ('Ralyl', 0.6112110181124047), ('Jak1', 0.8366449553407883), ('Cdc42se2', 0.1827174624733121), ('Nup98', 0.8427446903020703), ('Lnpk', 0.0248811062164007), ('Rlim', 0.9199799163558248), ('Gmds', 0.3778487670677395), ('Fam168a', 0.4762690716084016), ('Ppp4r3a', 0.245355245111947), ('Tspan12', 0.275591653452689), ('Trhde', 2.0481167607654776), ('Klf4', 0.07964973868744), ('Ccnl1', 2.64554957186604), ('Tmem243', 0.1434116720815595), ('Cand1', 0.2094135660390341), ('Fbxl17', 1.033254898308645), ('Kctd8', 0.2656238524224195), ('Asap2', 0.1961210421670384), ('Sqle', 0.4708549313090797), ('Ktn1', 0.2235295472841845), ('Mfsd14a', 0.2183501442016551), ('Pcf11', 0.2092583973487233), ('Map3k2', 0.7871356451530447), ('Med12l', 0.8069572375923993), ('Man2a1', 0.1814786644122344), ('Dzip3', 0.2286899537030561), ('Fnip1', 0.2119802007970955), ('Nufip2', 0.5830208479200851), ('Crebrf', 0.1929066532011494), ('Lrp6', 0.4586174941414014), ('2810408I11Rik', 0.5159746818573949), ('Plxna4', 0.2012722757397641), ('Sema6d', 0.9031501294825238), ('Pds5b', 0.2050193224255422), ('Tax1bp1', 0.5346880431347188), ('Baz2b', 0.4599440951333581), ('Wrn', 0.1854933129898825), ('Thsd7a', 0.8405103490768797), ('Col23a1', 0.7740684928673803), ('Socs4', 6.5873031224399215e-06), ('Tmeff2', 0.8178071615652308), ('Ptbp3', 0.4548298776290788), ('Lekr1', 0.395683582545381), ('Gls', 0.760570297538311), ('Helz', 0.1759107919420499), ('Dcbld2', 0.1790709589159238), ('Arcn1', 0.147576056768576), ('Tmeff1', 0.5913503918222706), ('Itsn1', 0.2784289902042632), ('Morc3', 0.1648502726324621), ('Nrep', 0.6379642109704331), ('Tpst1', 0.8994773246819731), ('Dhx9', 0.2314719069162905), ('Mier1', 0.177129574978248), ('Tox', 0.166962132531314), ('Dhx30', 0.1911688378469541), ('Zfp592', 0.5336695190928223), ('Phf8', 0.4757859880312319), ('Map9', 0.9435761423074368), ('Strn3', 0.2665173410585926), ('Zfp518b', 0.2412931767584623), ('Srcap', 0.1717039561507776), ('Tmem117', 0.0474276890428709), ('Rab22a', 2.9790945719675626), ('St3gal6', 0.3058925059823756), ('Eef1a1', 1.169554504736367), ('Ttc3', 0.2586888142645216), ('Stau2', 0.2982010611490131), ('Cmpk1', 0.2062838678058786), ('Gpc6', 0.2207957827771728), ('Hey1', 0.8591389288057204), ('Prrc1', 0.9090521963658454), ('Mapk6', 0.3279652316074051), ('Wdtc1', 0.2028604599485056), ('Ndel1', 0.7671575532471968), ('Zcchc2', 0.2749188955736946), ('Dnajc3', 0.1850248830246188), ('Golga5', 0.2394562964417541), ('Prpf4b', 0.2846399535267555), ('Umad1', 0.958428598515623), ('Spred1', 0.4318924894634843), ('Gm16833', 0.1651456069485379), ('Dcaf6', 1.3914585950792984), ('Pdp1', 0.4031735851888578), ('Ddx3x', 0.76085420412982), ('Kif21a', 1.321988269761321), ('P2ry1', 0.4712998798110978), ('Zbtb17', 0.4947493234738809), ('Prps1l3', 0.4883705475829945), ('Rbpms', 0.8170176574996175), ('Ptpn2', 0.9619433278190832), ('Ehmt1', 0.447593497393179), ('Gm527', 0.4478275482924769), ('Srgap1', 0.8794033674520897), ('Ppp3ca', 0.2004858755684046), ('Atl3', 0.4217698546332508), ('Dip2c', 0.1568321037729159), ('Top1', 0.3545227827161623), ('Fam117b', 0.0337529975008037), ('Srrm2', 0.2016703194991031), ('Hmgcs1', 0.1545956821510453), ('Sec24a', 0.4584766389494372), ('Fkbp5', 0.6290658669286965), ('Thrb', 0.3149169704177885), ('Stat3', 1.7102400648382377), ('Celf2', 0.2751381052256224), ('Ggnbp2', 0.3454767110928854), ('Otud1', 0.2031204926435942), ('Celf1', 0.647835341459539), ('Aff1', 0.3432052647931302), ('Cdk14', 0.6583326582690942), ('Slc35f5', 0.1974508802420575), ('Tsnax', 0.1380690227066526), ('Rell1', 0.1841809870467883), ('Xrn2', 0.0317163025417525), ('C330018D20Rik', 0.5948977658486011), ('Chn2', 0.2960896613721355), ('Gclc', 0.3803166782286639), ('Slc41a2', 0.2393659085029733), ('Rfx7', 0.6084303302052749), ('Sec61a2', 0.189349184329557), ('Tmem65', 0.1656592171858856), ('Slc38a2', 2.141841445517933), ('Fgf9', 0.1805950659543191), ('Trpm7', 0.2643717204443825), ('Rora', 0.3009408024446183), ('Rabgef1', 1.3242954456772325), ('Fam131b', 0.5478237884040286), ('Abhd18', 0.0564423791491782), ('Cachd1', 0.3370495403032409), ('Meiob', 0.0538527276529376), ('Matn2', 0.6493453362481317), ('Cldn12', 0.2521989408582466), ('Cdc14a', 0.2300950927980667), ('Fgd6', 3.501819635643524e-08), ('Ift88', 0.0963530592150949), ('Zfp810', 0.0440736154965353), ('Wnt5b', 0.2064448762305492), ('Rif1', 0.2148828384342215), ('Nfyb', 0.0001504643426256), ('Huwe1', 0.7066511700736205), ('Klhl7', 0.1983212156106069), ('Rhob', 0.3653588029418735), ('Ica1', 0.3390014132375146), ('Sema3e', 0.4864391859497001), ('Zc3h12c', 0.528601486682197), ('Senp1', 0.3220416328540963), ('Chsy1', 0.3577974129307138), ('Lpp', 1.33572447079699), ('Slc35e3', 0.2041255561558656), ('0610043K17Rik', 0.2007420462853517), ('Fam210a', 0.2950142740732801), ('Epop', 0.4427632378917376), ('Fam193a', 0.5177258415524422), ('Arl15', 0.3957265407787927), ('Apoo', 0.245482077537826), ('Penk', 0.2710152607642651), ('Ccny', 0.2622030793798014), ('Btaf1', 0.2027588684160808), ('Raf1', 0.2853325282856592), ('Setbp1', 0.4330011744019579), ('Tpt1', 0.3237016111806939), ('Atrx', 0.2099783529963841), ('Stpg2', 0.3500128516512755), ('Ano10', 0.0141387989796231), ('Xkr4', 0.8294798558996136), ('Ccdc50', 1.248754659041086), ('Usp33', 0.2611387121543034), ('Arhgef12', 0.3107783596519018), ('Iqcb1', 1.6796793681880169), ('Phlda1', 0.1509730409203004), ('A830082K12Rik', 0.9468090548948218), ('Tmcc3', 1.1737483470081864), ('Ube2h', 0.2396321766395948), ('Thoc2', 0.8409328437160003), ('Adam23', 0.5064975730957435), ('Spats2', 0.6603264530173583), ('Tmem135', 0.5878712741288336), ('Braf', 0.2887311153586785), ('Glis3', 0.5637030352756306), ('Fmnl2', 0.2923351066178167), ('Tnks2', 0.4840680440337858), ('Pcdh19', 0.6099127907400045), ('Asxl1', 0.2554471601445894), ('Vldlr', 0.2479428100913419), ('Pum1', 0.2277980257617367), ('Mark2', 0.3874383917415406), ('Antxr2', 0.4008259218432289), ('Pabpc4', 0.1988692141948947), ('Rtf1', 0.1803450283996064), ('Syde2', 0.1716168186612153), ('Exoc6', 0.1978659545548234), ('Btbd9', 0.4842983698045641), ('Gch1', 0.697460172667715), ('Ppp1r2', 0.2190143470336168), ('Secisbp2l', 0.190469212993982), ('Rps20', 0.0695289730261106), ('Fzd4', 0.2136032795591872), ('Cse1l', 0.1374237841986472), ('Cep126', 1.3578695556214004), ('Jdp2', 0.2468958479455558), ('Slc5a3', 0.1804403923841168), ('Ust', 2.4665288637479725), ('Usp31', 0.1662671002099876), ('Zcchc7', 0.4343595475811304), ('Elmod2', 0.1061780128394756), ('Cyth3', 0.2328792376895062), ('Stambpl1', 0.7373374948281918), ('Gas1', 0.8805067610081261), ('Rab31', 0.152567482296924), ('Lpcat4', 0.2944679616403937), ('Mdm2', 0.2864356112074303), ('Rbm20', 1.890249996328132), ('Dtnbp1', 1.1826018490049113), ('Magi2', 0.6470866483378718), ('Pus7', 0.151979503483334), ('Gas5', 0.1625583493831763), ('Pakap', 0.1403041990709706), ('Zfp654', 0.2026429222015113), ('Dact1', 0.200617721881308), ('Plxdc2', 0.843427057475554), ('Klf5', 0.1906498152985894), ('Arhgap24', 1.1652897798778292), ('Zmat1', 0.1722895483027934), ('Nfib', 1.911179785713878), ('Btg1', 1.135994058948242), ('Chd4', 0.3730290765189024), ('Cep85l', 0.1318380700759394), ('Zdhhc3', 0.1834723680448244), ('Nf1', 0.536045101195535), ('Arl13b', 0.2593777454969712), ('Gls2', 0.7652850740096092), ('Msi1', 2.220258851770986e-07), ('Parp8', 0.2868911188584494), ('Twist1', 0.3856020954253822), ('Sp2', 0.3454248030429804), ('Eda', 0.1912247602166334), ('Zbed4', 0.6584878745502057), ('Arid3b', 0.5732644103012755), ('Det1', 0.461559815733452), ('Cyp20a1', 0.2953952941622638), ('Ifrd1', 2.0168719869564726), ('Tnfaip3', 0.4598418378707731), ('Crlf3', 0.0386784081890896), ('Ankhd1', 2.041275613478656), ('Cdh11', 0.1537143883794324), ('Fam49b', 0.0995124639647255), ('Plcg1', 0.2409327876548124), ('Hspa4', 0.1937846399853066), ('Nasp', 0.4677298078214175), ('Zfp523', 0.2131681846306845), ('Prickle2', 0.558710986578029), ('Dcun1d4', 0.25629531254152), ('Hnrnpa0', 0.6543633727945584), ('Stam2', 0.111001209975458), ('Mki67', 0.118612634614124), ('Ift81', 0.4631803889334602), ('Kitl', 0.5731347261841943), ('Hmgn1', 0.1740823686149736), ('Abcb1b', 0.0001867221444965), ('Il17ra', 0.7397793972067866), ('Ppp1r21', 0.2047824808140201), ('Smarca4', 0.2541985968945538), ('Asb7', 0.284972131497328), ('4933421O10Rik', 0.2432664483973094), ('Otulin', 0.1360465808532708), ('Entpd5', 0.1655388307508594), ('Maneal', 0.3349689657842907), ('Uhrf2', 0.9644015885352876), ('Ago3', 0.1904500607178882), ('Zfp959', 0.3414252380043429), ('Fads1', 0.2332335621704063), ('Osbpl2', 0.2914392634402345), ('Fam114a2', 0.1866409416815966), ('Rfc1', 0.2175850298412077), ('Prex2', 0.7256002105593959), ('Fam168b', 0.2023437758898713), ('Arhgap6', 0.6712771372774196), ('Usp49', 0.0602388903715864), ('Fancc', 0.1891995743714877), ('Nudt9', 0.2360200579875555), ('Hace1', 0.1739409942994162), ('Zfyve28', 0.1024299736071632), ('Rybp', 0.2129592065511245), ('Grb14', 0.1958338726427202), ('Mid1', 1.423892918561724), ('Ghr', 0.1532826120327604), ('Lncpint', 1.3132605194420122), ('Csrnp1', 0.2323637007998188), ('Frmd6', 0.2356046247263447), ('Abca1', 0.5657825215485921), ('Nfkbiz', 1.916213333966903), ('Uxt', 0.160396441849066), ('Dgke', 0.2328635122597133), ('Tmsb10', 0.9229158581546668), ('Zdhhc1', 0.2251951368441827), ('Specc1', 0.3831959750675417), ('Hpcal1', 0.2415534310284034), ('Zfp41', 0.4444537030240896), ('Zfp449', 0.1700112222856632), ('Zkscan1', 0.2113694429850853), ('Mtfr2', 0.2084624003383731), ('Tcf4', 0.5106381182712102), ('Rpl37', 0.1609642817961296), ('Plekha5', 0.4438359098378197), ('A930012L18Rik', 0.3013293052442973), ('Tcf7l1', 1.27106985578376), ('Paqr8', 0.4755881565918579), ('Snx10', 1.1104829569721764), ('Spag9', 1.239436968813472), ('Twf1', 0.2095810121268274), ('Ankrd40', 0.3666135989210931), ('Clk1', 0.4983733430522401), ('Cpne8', 0.2634900294445622), ('Dnmt3a', 1.207658584433051), ('Mycbp2', 0.5317206263429749), ('Prkg1', 0.8849677888407177), ('Ccdc122', 0.1775275265751849), ('Bag2', 0.2089104951081426), ('Lysmd2', 0.8199048604596344), ('Arpp19', 0.3239092997980056), ('St8sia4', 0.0214049111180988), ('Ap3b1', 0.2370937512026005), ('Lasp1', 0.537263488909601), ('Ldlrad3', 0.2416844895658483), ('Snu13', 0.2925970495204993), ('Cyp51', 0.3912556551681863), ('Rbsn', 0.2000723655852438), ('Uvrag', 0.1156201762022223), ('Dgkd', 0.6106272053505476), ('Cpne2', 0.2395085968250369), ('Vamp3', 0.1972966048568868), ('E2f6', 0.0831669141378697), ('5430402O13Rik', 0.3178289284636161), ('Zfp697', 0.1643215688487849), ('Ccnk', 0.0913137351759433), ('Kcnma1', 0.2032260428599477), ('Sec24b', 0.2826405141598148), ('Arid1a', 0.4854950859210091), ('Ago4', 0.0001375863244587), ('Ap3m1', 0.0021146421535034), ('Tbc1d8', 0.8345943209229618), ('0610012G03Rik', 0.4033672740623646), ('Sdk1', 0.129569797008129), ('Kdm5a', 0.2267090909251343), ('Cabyr', 0.2655887507248325), ('Ylpm1', 0.3392825830344169), ('Abhd17c', 0.4000974177504766), ('Pknox2', 0.6310487526084794), ('Fchsd2', 1.1243517033988844), ('Pou6f1', 0.0078341407511883), ('Dlc1', 1.6486491249007833), ('Bcl6', 1.298875322169722), ('Zfp629', 0.1305016673312218), ('Adam12', 0.127305370452866), ('Dclk1', 2.133995150629854), ('Fhit', 0.2368418380465456), ('Sfxn1', 0.3750583075051448), ('Atf6', 0.1845054674900919), ('Ckap4', 1.434691273084415), ('Pdpk1', 0.434384691268997), ('Sec22c', 0.3286842416630541), ('Aqp11', 3.185284997139208e-07), ('Creb3l1', 1.2005459564558767), ('Zdhhc7', 0.730764104423262), ('Mbd2', 0.2103898352890901), ('Lig4', 0.89240831457269), ('Snn', 0.3045391490450972), ('Zkscan3', 0.2116090548389495), ('4921531C22Rik', 0.138056460372968), ('Gpr180', 0.4120966631167704), ('Cpe', 0.3619196214653218), ('Cep250', 0.1295640802213306), ('Wwc1', 0.0632690589645167), ('Rpl27a', 9.284475493296448e-06), ('Letm2', 0.0910718575452475), ('Fam49a', 0.2095868337261432), ('Cpq', 0.3042096272323355), ('Rab11b', 0.2601644273217816), ('Lrch3', 0.2292292751073489), ('Wdfy2', 0.2124228107822336), ('Fzr1', 0.1272722173336835), ('Ppp4r2', 0.3108897941854816), ('Mcub', 0.2033839637348249), ('Abhd2', 0.6510747818226631), ('Wdr60', 0.0104977530999356), ('Ccnh', 0.188746680444735), ('Ccnc', 0.1926506464518841), ('Fam91a1', 0.002324545088374), ('Tbx15', 0.2004711518338178), ('Prkx', 0.2147584258190185), ('Pkib', 0.4504549964147096), ('Rtn1', 0.0761568938128031), ('Psma5', 0.4411770898092408), ('Jun', 2.1300219563962), ('Osmr', 0.4404897261883123), ('St3gal1', 0.223134543576745), ('1700096K18Rik', 0.1488823049579936), ('Zfp820', 0.3428529323714417), ('March9', 1.0756052066234592), ('Gltp', 0.1873628074884238), ('Kif24', 0.1010625842189494), ('Emp2', 0.1978028623460832), ('Maml3', 1.3551035170622836), ('Bcl7b', 0.5051357011512326), ('Nrk', 0.3663712435348619), ('Gm12216', 4.2146891852203545), ('Eif2ak4', 0.1506467284967076), ('Tgif2', 0.7806392175783323), ('Olfml2b', 0.8913720103612814), ('Ralgps1', 0.1915593430366481), ('Zfp709', 0.1485835649992412), ('Ripply3', 0.1109928749656265), ('Fbrsl1', 1.9614764667516032e-05), ('Zfand1', 0.2105751022169915), ('Ppp2r2b', 0.3595167027068977), ('Zfp9', 0.006503121937967), ('Tspan9', 0.1858898349024113), ('Tead4', 0.1373362330273647), ('Bin1', 0.228448533827406), ('Zfp871', 0.2233592805237203), ('Hk2', 0.9108620108736296), ('Eif2s1', 0.1975785557777938), ('Zmiz1', 0.2385071702955423), ('Ano6', 0.1151486445628943), ('A430035B10Rik', 0.2447136218384002), ('Hs3st1', 0.4437569733037222), ('Gm15867', 0.0669536903357127), ('Irak1', 0.3594044942818787), ('Auts2', 0.5429778615400066), ('Bbs4', 0.3791057195838559), ('Zfp760', 0.4429474986874276), ('Egfr', 2.107539620088279), ('Tm7sf3', 0.5451440498903504)]",4879
Klf12,transfac_pro__M07277,0.05946546915857665,3.588433151345494,0.000203,0.970149,motif similar to hocomoco__KLF12_HUMAN.H11MO.0.C ('KLF12_HUMAN'; q-value = 0.000203) which is annotated for orthologous gene ENSG00000118922 in H. sapiens (identity = 97%),"frozenset({'top50perTarget', 'activating', 'mm10_10kbp_up_10kbp_down_full_tx_v10_clust.genes_vs_motifs.rankings'})","[('Mpped2', 1.2258177407160178), ('Nr3c1', 0.1464336355483062), ('Pou2f1', 0.2786490805827884), ('Kat6b', 0.6910633684548405), ('Phf21a', 0.4191795005302277), ('Eya4', 0.221879670054177), ('Yes1', 0.274561208245463), ('Fer', 0.2833415591047665), ('Cnr1', 0.280603209824034), ('Pcm1', 0.4205500000866422), ('Ino80d', 0.4585524822989583), ('Cep83', 0.1937609734287238), ('Rabgap1', 0.9003834597201552), ('Nrf1', 0.1892058039348787), ('Ccdc88a', 0.4697101494894175), ('Nlgn1', 0.1428458561546243), ('Prr16', 0.1869814249029193), ('Wasf1', 0.1812063868005708), ('Prrg3', 0.9181727462920184), ('Ppp1r12a', 0.1951724931090837), ('Pias1', 0.1850063092761594), ('Tcf12', 0.160909856392342), ('Oxr1', 0.1811218922929212), ('Rev3l', 0.3454981220983396), ('Zfpm2', 0.1011459838105949), ('Rspry1', 0.2013364483221133), ('Ubap2l', 0.2124226042596339), ('Mllt3', 2.406533725823081), ('Tob1', 0.1584588619669513), ('4933434E20Rik', 0.5225985359885), ('Nf1', 0.1890926903609872), ('Vegfc', 0.2610201407052518), ('Camta1', 0.2695222191827079), ('Herc1', 0.7102864457204225), ('Slc4a4', 0.1524892109541148), ('Dnajc13', 0.2631027695219105), ('Rab11fip2', 0.2678055035621078), ('Flrt2', 0.414283102504897), ('Adamts6', 0.2447668568370521), ('Cept1', 0.2149822988165655), ('Fam168a', 0.2928906888431558), ('Ints6', 0.1558812523758594), ('Atp13a3', 0.2923874865652203), ('Gnb2', 0.2397678912395631), ('Tead1', 0.2244891221188318), ('Tmcc1', 0.1829249227272252), ('Rnf217', 0.2655874539734665), ('Sptan1', 0.1917572079157601), ('Sfr1', 0.295723588464243), ('Utrn', 0.9119762791647334), ('Thrb', 1.486145869306373), ('Fam13b', 0.2492141176511833), ('Cadm3', 0.1980864484077734), ('Vcan', 0.7875759226374592), ('Pcbp1', 0.4270933257635715), ('Stxbp6', 1.3056787616379666), ('Glrb', 0.5885048009277503), ('Yy1', 0.4411547366191821), ('Lrrc4c', 0.5511468723439306), ('Arid4a', 0.1642917501305349), ('Pnpla8', 0.1966067975955838), ('Epn2', 0.3558079856457998), ('Ica1l', 0.3987062336549353), ('Mapt', 0.1337017338779803), ('Lrrc8b', 0.2371579512199328), ('Reln', 1.8877867991350417), ('Ell2', 0.265520212458854), ('Pcdh9', 0.2248316500852015), ('Irs2', 0.2003496559110022), ('Mkln1', 0.2296112622024559), ('Inpp4b', 0.1138075682387345), ('Clip1', 0.3713004850759372), ('Zbtb37', 0.1776137543641321), ('Golim4', 0.5384602763001173), ('Fcho2', 0.2192484578159369), ('Phf20l1', 0.3513383579737243), ('Ube2h', 0.3197912041770067), ('Homez', 0.3051134917852162), ('Mapk8', 0.2617679738875538), ('Wnk1', 0.194254083080441), ('E130102H24Rik', 0.1263225837472952), ('Dlg3', 2.572318631319429), ('Krcc1', 0.2066797730601658), ('Arsj', 1.2307287427096814), ('Slc16a10', 0.1479817342440046), ('Tbca', 0.2238756801967562), ('Arid3b', 1.951733432288005), ('Ptprd', 0.1912412035367189), ('Xkr4', 0.2311233197819643), ('Rcbtb2', 2.225893644736604), ('Dapk1', 0.1315334542422699), ('Dhx30', 0.0062414376731286), ('Gkap1', 0.188528779355435), ('Rap2c', 0.4308220113767863), ('Ccnjl', 0.6979244196146132), ('Igf2bp3', 0.4079555630551168), ('Fbxl17', 0.4442112152570261), ('Prpf39', 0.263161925100776), ('Gnl3l', 0.3473000513660157), ('Zfp365', 0.2542511394945485), ('Mapk14', 1.2433403263294411), ('Fam214a', 0.4938710948688189), ('Elfn1', 7.912680921485624e-10), ('Nrep', 0.0970841093829473), ('Rnf103', 0.1373486948244566), ('Luzp1', 0.3632583213482518), ('Umad1', 0.4835882557929346), ('Sp3', 0.1816386708723677), ('Sh3kbp1', 0.2163863813234625), ('Ptges3', 0.1735416826869171), ('Pak3', 0.0013576671094699), ('Stim1', 0.482872370826114), ('Kctd9', 0.1656863087093218), ('Fam107b', 2.15597607561408), ('Simc1', 0.0596890738950443), ('Nfrkb', 0.006133368839254), ('Casp8ap2', 0.1210287323066952), ('Gtf2ird1', 0.2753040758996209), ('Xrn1', 0.6535431282980321), ('Pawr', 0.0103342388988602), ('Reps1', 0.1407995735140244), ('Ubr3', 0.9001914885362786), ('Wdr33', 0.289216923690165), ('Letm2', 0.133467532476679), ('Fgd1', 0.2792550838593581), ('Dag1', 0.294094397782726), ('Rtn3', 0.7733679572386273), ('Rgs20', 0.3759623518763695), ('Slc22a5', 0.6978658318441735), ('Wdr26', 0.4641800231477314), ('Ttll7', 0.1471941009152862), ('Podn', 0.3391277769064159), ('Rnf144a', 0.2306081884874051), ('Dock7', 0.2379711873922015), ('Dek', 0.143905656425892), ('Ghr', 0.1111877442346217), ('Adgrg2', 0.3107093230219617), ('Fam126b', 1.6237187760478349), ('Cdc42bpa', 0.4518367923966232), ('Vangl2', 0.6983907985129408), ('Osbpl1a', 0.9317482490279472), ('Fam193b', 1.122327109962442), ('Dock11', 0.234133638198739), ('Ttbk2', 5.5018971337903874e-08), ('Klf4', 0.0986917057354253), ('Epc2', 0.2312159899236068), ('Cyfip2', 0.2537613184381084), ('Mapk9', 0.9487425159956406), ('Npr3', 0.4909001672292367), ('Armc8', 0.6522551770900759), ('Ulk2', 0.6551745228388772), ('Gpatch2l', 0.2871900458146488), ('Pfn2', 0.2890367358693796), ('Ar', 0.1094550937560071), ('Ppia', 0.1313382140231586), ('Esyt2', 0.2151494092170051), ('Armcx1', 3.264297272693757), ('Stx16', 0.193907336894232), ('Atp6v1b2', 0.4593599932916263), ('Srgap1', 0.1821497204957791), ('Kdr', 6.065633725170687e-11), ('Plcd1', 0.6420464386370046), ('Antxr2', 0.1481623981735447), ('Dennd2a', 0.1525024886137872), ('Fbxw4', 0.1195997329926896), ('Zfp3', 0.2349417401128824), ('Hoxd8', 0.0230343118815228), ('Ep400', 0.8819486276659745), ('Cnih3', 0.2326829831251398), ('Ppp2r5b', 0.2978150553214503), ('Rnaset2a', 0.1818402498682035), ('Atad2b', 0.71941586766257), ('Tjap1', 0.1653737112222262), ('Akap9', 0.3264122903400179), ('Tbc1d14', 1.6666862118679997), ('Magi3', 0.7608018004851232), ('Frmd7', 0.2169957787646019), ('Zzz3', 1.6743270079562174), ('Pced1b', 0.1542058384806571), ('Etfa', 0.2161226872197708), ('Pcmt1', 0.7394760951219251), ('Abl2', 1.5393642845368762), ('St6gal1', 2.590254345833538), ('Timm9', 0.2050371646417842), ('Ambra1', 0.2176878738702447), ('Zhx2', 0.7199450466610403), ('Reps2', 0.182671731156444), ('Spidr', 0.1992511746887599), ('Map2k1', 0.189433167750038), ('Maged1', 0.1869208395138158), ('Zbtb4', 0.272227943394882), ('Ifnar2', 0.1465082692694189), ('Lurap1l', 0.2077698288415014), ('Ago1', 0.1751308710581827), ('Apbb2', 0.1869852275588662), ('Phf3', 0.7577023703158233), ('Haus1', 0.187065281977882), ('Lrp4', 0.1839766336665489), ('Map4k4', 0.1477066318189342), ('Peli2', 0.4830399117843263), ('Ahcyl1', 0.1445996043349889), ('Stard3nl', 0.2264333262999061), ('Eng', 1.1514951754575302), ('Ezr', 0.1540658650439392), ('Dock4', 0.5470923850434548), ('Midn', 0.1901529530220132), ('Blvrb', 0.161699842370701), ('Rhobtb1', 0.267850474053911), ('Dnmt1', 0.2363371896024001), ('Senp7', 0.5659361804669384), ('Zfp382', 0.2740065061673973), ('Rnf44', 0.4203745873416466), ('Lhpp', 0.2196526314744611), ('Smim19', 0.7968045687867303), ('Hnrnpa2b1', 0.3000340476538421), ('Hook2', 0.4368959273486804), ('Wdfy1', 0.7444657442448036), ('Itpr1', 0.1767650432715729), ('Trim45', 0.891234534678262), ('Hnrnpm', 0.5211694203777637), ('Ccnt2', 0.478029781250251), ('Ankrd49', 0.9055398186422904), ('Ppip5k1', 0.4917475679286548), ('Sema6a', 1.7707418769767618), ('Camk2n2', 0.2875215908354077), ('Shox2', 0.2234496084372663), ('Amfr', 0.2041443945918379), ('Frg2f1', 0.4327050359433089), ('Trpm3', 0.3942739037290186), ('Dcun1d3', 0.1841501587592421), ('Grik5', 0.1689928837008044), ('Penk', 0.1532657903869825), ('Gpc3', 0.2276077176947611), ('Osbpl5', 0.0965125331021724), ('Sfxn1', 0.176265585063104), ('Nova1', 0.0993614413733093), ('Usp7', 2.0879955067271023), ('Zfp983', 2.3800584340872524), ('Cox6c', 0.1243963848979958), ('Ssx2ip', 0.272099782402647), ('Phactr1', 1.1111674999381431), ('Polr3e', 0.1979962951928114), ('Arfgap3', 0.3171957992305524), ('Nap1l3', 1.070255877347888), ('Champ1', 0.0873310356953315), ('Vps37c', 1.6524478698075316e-05), ('Cldn11', 1.0424089732260813), ('Zfp697', 0.0083068176565477), ('Wnt5b', 0.8031582135850418), ('Gtf2b', 0.3720341658314615), ('Kif16b', 1.865777822862522), ('Ubxn8', 3.724655412925689), ('4930581F22Rik', 0.2486210823128273), ('Cyp2d22', 0.0050937474660446), ('Tpst1', 0.1922259073585636), ('Tmod3', 0.2423274618630318), ('Dtnbp1', 0.2909294560971146), ('Plekha5', 0.1152016033374899), ('Kctd20', 0.4945868242536882), ('Itga9', 1.6037295580526465), ('Wdpcp', 0.2839041737523068), ('Srr', 1.1752817393978643), ('Trim39', 0.1532649133594522), ('Uxs1', 0.1674325664176978), ('Gan', 0.2435918048181474), ('Gls2', 0.7204684648703522), ('Nhs', 7.296827863635041e-05), ('Gdi2', 0.1662831177523419), ('C030034I22Rik', 0.2257083421681047)]",4886
Klf12,transfac_pro__M07461,0.056236710745067836,3.1598891576606816,0.0,1.0,gene is directly annotated,"frozenset({'top50perTarget', 'activating', 'mm10_10kbp_up_10kbp_down_full_tx_v10_clust.genes_vs_motifs.rankings'})","[('Kcnn4', 0.2338989509019705), ('Mpped2', 1.2258177407160178), ('Ino80d', 0.4585524822989583), ('Pou2f1', 0.2786490805827884), ('Dapk1', 0.1315334542422699), ('Nr3c1', 0.1464336355483062), ('Yes1', 0.274561208245463), ('Slc16a10', 0.1479817342440046), ('Phf21a', 0.4191795005302277), ('Ppp1r12a', 0.1951724931090837), ('Pias1', 0.1850063092761594), ('Nf1', 0.1890926903609872), ('Tob1', 0.1584588619669513), ('Rabgap1', 0.9003834597201552), ('Prr16', 0.1869814249029193), ('Wasf1', 0.1812063868005708), ('Kat6b', 0.6910633684548405), ('Magi3', 0.7608018004851232), ('Fer', 0.2833415591047665), ('Mllt3', 2.406533725823081), ('Cadm3', 0.1980864484077734), ('Ccdc88a', 0.4697101494894175), ('Rev3l', 0.3454981220983396), ('Haus1', 0.187065281977882), ('Fam168a', 0.2928906888431558), ('Pcm1', 0.4205500000866422), ('Cept1', 0.2149822988165655), ('Oxr1', 0.1811218922929212), ('Yy1', 0.4411547366191821), ('Flrt2', 0.414283102504897), ('Tead1', 0.2244891221188318), ('Dock7', 0.2379711873922015), ('Klf4', 0.0986917057354253), ('Zfpm2', 0.1011459838105949), ('Adamts6', 0.2447668568370521), ('Mapk14', 1.2433403263294411), ('Rab11fip2', 0.2678055035621078), ('Fbxl17', 0.4442112152570261), ('Fcho2', 0.2192484578159369), ('Tcf12', 0.160909856392342), ('Fam13b', 0.2492141176511833), ('Mta3', 0.1050673716415651), ('Spidr', 0.1992511746887599), ('Rtn3', 0.7733679572386273), ('Nrf1', 0.1892058039348787), ('Eya4', 0.221879670054177), ('Wdfy1', 0.7444657442448036), ('Sptan1', 0.1917572079157601), ('Plekha5', 0.1152016033374899), ('Peli2', 0.4830399117843263), ('Reps1', 0.1407995735140244), ('Zbtb37', 0.1776137543641321), ('Ttll7', 0.1471941009152862), ('Rnf217', 0.2655874539734665), ('Irs2', 0.2003496559110022), ('Camta1', 0.2695222191827079), ('Herc1', 0.7102864457204225), ('Tmcc1', 0.1829249227272252), ('Stxbp6', 1.3056787616379666), ('Igf2bp3', 0.4079555630551168), ('Mapt', 0.1337017338779803), ('Cep83', 0.1937609734287238), ('Mkln1', 0.2296112622024559), ('Abl2', 1.5393642845368762), ('Pfn2', 0.2890367358693796), ('Ints6', 0.1558812523758594), ('Casp8ap2', 0.1210287323066952), ('Pak3', 0.0013576671094699), ('Prrg3', 0.9181727462920184), ('Sfr1', 0.295723588464243), ('Txlnb', 0.0197977742128189), ('Pnpla8', 0.1966067975955838), ('Ubap2l', 0.2124226042596339), ('Arid4a', 0.1642917501305349), ('Ubr3', 0.9001914885362786), ('Pced1b', 0.1542058384806571), ('Ube2h', 0.3197912041770067), ('Vegfc', 0.2610201407052518), ('Dcun1d3', 0.1841501587592421), ('Eif4a3', 0.6042104088594392), ('Ell2', 0.265520212458854), ('Fry', 0.2462138243961557), ('Krcc1', 0.2066797730601658), ('Utrn', 0.9119762791647334), ('Fgd1', 0.2792550838593581), ('Pcdh9', 0.2248316500852015), ('Tmem44', 1.0032583051910036), ('4933434E20Rik', 0.5225985359885), ('Iqce', 0.1658404087676714), ('Htr2a', 0.407796908008001), ('Phf3', 0.7577023703158233), ('Phactr1', 1.1111674999381431), ('Usp7', 2.0879955067271023), ('Bmp5', 0.1563759065145461), ('Glrb', 0.5885048009277503), ('Rgs20', 0.3759623518763695), ('Inpp4b', 0.1138075682387345), ('Kif16b', 1.865777822862522), ('Pawr', 0.0103342388988602), ('Prpf39', 0.263161925100776), ('Armc8', 0.6522551770900759), ('Lurap1l', 0.2077698288415014), ('Sgtb', 0.1800394598608726), ('Senp7', 0.5659361804669384), ('Plcd1', 0.6420464386370046), ('Klhl8', 0.4763228034798359), ('Psd3', 0.5555449986428378), ('Kctd9', 0.1656863087093218), ('Rap2c', 0.4308220113767863), ('Fam214a', 0.4938710948688189), ('Sh3kbp1', 0.2163863813234625), ('Amfr', 0.2041443945918379), ('Armcx1', 3.264297272693757), ('Rcbtb2', 2.225893644736604), ('Tshz2', 0.1026417365671243), ('Dmrt2', 0.8964341526742202), ('Clip1', 0.3713004850759372), ('Zfp365', 0.2542511394945485), ('Atp13a3', 0.2923874865652203), ('Ago1', 0.1751308710581827), ('Nlgn1', 0.1428458561546243), ('Ctu2', 0.003381227067132), ('Ppp2r5b', 0.2978150553214503), ('Stx16', 0.193907336894232), ('Ogfrl1', 0.228848430978153), ('Gdi2', 0.1662831177523419), ('Kdr', 6.065633725170687e-11), ('Cirbp', 0.17310924680491), ('Dars', 0.5675585623629912), ('Apbb2', 0.1869852275588662), ('Xkr4', 0.2311233197819643), ('Fbxw4', 0.1195997329926896), ('Arid3b', 1.951733432288005), ('Dapp1', 0.1211016256010247), ('Rhobtb1', 0.267850474053911), ('Antxr2', 0.1481623981735447), ('Nfrkb', 0.006133368839254), ('Ptges3', 0.1735416826869171), ('Reln', 1.8877867991350417), ('Arfgap3', 0.3171957992305524), ('Gnl3l', 0.3473000513660157), ('Umad1', 0.4835882557929346), ('Vamp7', 2.736626156534185), ('Akap9', 0.3264122903400179), ('9330111N05Rik', 0.3006399130968476), ('Ezr', 0.1540658650439392), ('Dnajc13', 0.2631027695219105), ('Lrp4', 0.1839766336665489), ('Pon2', 0.1699972808146761), ('Ar', 0.1094550937560071), ('Golim4', 0.5384602763001173), ('Epn2', 0.3558079856457998), ('Map4k4', 0.1477066318189342), ('E130102H24Rik', 0.1263225837472952), ('Yif1a', 0.2608940279853809), ('Lpin3', 0.2326542824414602), ('Igtp', 3.49225607748886), ('Nudt9', 0.2387130280143115), ('Erich2', 0.4354797503640099), ('Mknk2', 1.1878287489968584), ('D630033O11Rik', 1.9921940124987323), ('9130221H12Rik', 0.3892798261586798), ('Uros', 0.3064269569631945), ('Cnr1', 0.280603209824034), ('Tbca', 0.2238756801967562), ('Mapk8', 0.2617679738875538), ('Nrep', 0.0970841093829473), ('Zhx2', 0.7199450466610403), ('Fam184b', 1.764237824581769), ('Scd2', 0.1891455330898015), ('Lrrc4c', 0.5511468723439306), ('Gramd1a', 0.2236440651762218), ('Slc17a8', 0.1715468438732247), ('Cnep1r1', 0.2163640159252411), ('Eng', 1.1514951754575302), ('Npr3', 0.4909001672292367), ('Mapk9', 0.9487425159956406), ('Kcnip4', 0.2334114676339264), ('Atp5j', 0.8971558294757728), ('Slc25a42', 0.1926535671027134), ('Luzp1', 0.3632583213482518), ('Lrrc8b', 0.2371579512199328), ('Frmd7', 0.2169957787646019), ('Fam126b', 1.6237187760478349), ('Ipo8', 0.169382339975885), ('Ccny', 0.3993160961606311), ('Srgap1', 0.1821497204957791), ('Osbpl1a', 0.9317482490279472), ('Uvrag', 0.2528426167604134), ('Psma3', 0.3208729970996857), ('Zbtb4', 0.272227943394882), ('Rab43', 0.3555536612622174), ('Esyt2', 0.2151494092170051), ('Colgalt2', 0.8881956614319605), ('Lipt2', 0.0719036917435191), ('Cdc42bpa', 0.4518367923966232), ('Pid1', 0.2315336014134033), ('Vangl2', 0.6983907985129408), ('Trpm3', 0.3942739037290186), ('Ulk2', 0.6551745228388772), ('Ptk2b', 0.2571454600863064), ('Rnaset2a', 0.1818402498682035), ('Letm2', 0.133467532476679), ('Cflar', 1.1484762379499955), ('Il18r1', 0.8077109780086207), ('Thrb', 1.486145869306373), ('Arhgef7', 0.485821555066975), ('Phf20l1', 0.3513383579737243)]",3611
Klf3,transfac_pro__M07461,0.05105509865637797,3.077482251514473,0.0,1.0,gene is directly annotated,"frozenset({'top50perTarget', 'activating', 'mm10_10kbp_up_10kbp_down_full_tx_v10_clust.genes_vs_motifs.rankings'})","[('Socs5', 1.485128054828451), ('Tbl1x', 0.1915635767877659), ('Nipbl', 0.1657385884274154), ('Srcap', 0.2317739881329487), ('Plrg1', 1.4266530777294113e-05), ('Dach1', 4.7759718391252426e-14), ('Cnot6', 0.1938299096372774), ('Tob1', 0.4059924746100236), ('Rictor', 1.0707061680458985), ('Rdx', 0.5677052356448236), ('Glmn', 0.2170095060522234), ('0610040F04Rik', 2.6384561019944764e-08), ('Fhl1', 0.1154373785176908), ('Fndc3b', 0.1207106607831465), ('Tspo', 0.1407914327734602), ('Calm2', 0.0837580996721994), ('Fbxw7', 0.4879283314750948), ('Ccnd2', 0.2978677244186846), ('Rhod', 0.2062575932917657), ('Armcx2', 0.189418743991165), ('Zfp521', 0.1998521117868474), ('Pogz', 0.1707776861860591), ('Plxdc2', 0.166624691552774), ('Taf15', 0.1532330146001733), ('Stx4a', 0.2474853078229447), ('Dnttip2', 0.2183245058882005), ('Ctnnb1', 0.2609350197111244), ('Kmt2c', 0.525455061542129), ('Larp4', 0.659397218814384), ('Ppp1r12a', 0.1645846881064474), ('2700069I18Rik', 0.1384226375439083), ('Kcnd3', 0.2466558839107015), ('Ube2k', 0.2226498200213001), ('Brpf3', 1.466921829512491), ('Rev1', 0.3992717295880209), ('Fut8', 0.1872083007329617), ('Txlng', 0.9246334976999714), ('Pik3r3', 0.2034231842234017), ('Camk1d', 0.1698118142965346), ('1700008J07Rik', 0.2222180734069923), ('Morc1', 0.2600098071580041), ('Lrrc42', 0.2103686614031046), ('Zmym4', 0.3840032452256403), ('Shroom4', 0.1772476212351921), ('Kpna4', 0.6372092430715299), ('Snx11', 1.1142209073715612e-06), ('Zfand5', 0.1654251247113104), ('Rab14', 0.2509081049568909), ('Klf3', 1.0), ('Setbp1', 0.1238289931228621), ('Mef2a', 0.2321121710787564), ('Zfp948', 0.2509490884622156), ('Spata7', 0.219935248726268), ('Atp11a', 0.3644809876646336), ('Tbc1d1', 0.3745109712499557), ('Specc1l', 0.2064771054130814), ('Rala', 1.1412872101489715), ('Col6a2', 0.1072167600793286), ('Erf', 0.2065051561034359), ('1810062O18Rik', 0.3384035154517876), ('Dmd', 0.2420333805910068), ('Ccdc68', 2.2980954525254544), ('Fzd10', 0.1544720564831765), ('Sav1', 0.2451810229227659), ('Fam53c', 0.3226515309311437), ('Nr4a3', 0.3742043495298859), ('Ccdc3', 0.1460194282221403), ('Arap2', 0.3305948667452285), ('Ssr3', 0.7835058442925054), ('Lzts3', 0.2078436374307895), ('Rcbtb1', 0.1620051880427571), ('Pkm', 0.1274215314486126), ('Klhl13', 0.6295770565051488), ('Lpar6', 0.1828740042223287), ('Ammecr1', 0.3860917362396183), ('Cacul1', 1.1290253878796082), ('Ppargc1a', 0.0013327609964677), ('Zfp868', 2.587626462966468e-06), ('Kpna1', 1.2547963632952253), ('Itsn2', 0.1682145861112506), ('Ppp1r9a', 0.5382122618389519), ('Ggnbp2', 0.2087207334645926), ('Nlgn1', 0.3750693656302798), ('Thsd7a', 0.1181619959641251), ('Fzd2', 0.1297658419473236), ('Grb14', 0.209939194267626), ('Appl2', 0.0311801955567227), ('Irx3', 0.3757771219519185), ('Sgk1', 0.2269346836418242), ('Rap1gds1', 0.3758464415131455), ('Dido1', 0.6770071707116374), ('Exoc4', 0.183271559837413), ('Basp1', 0.2816751453099254), ('Ssh2', 0.1797088402608276), ('Hace1', 0.2826584910219555), ('Gpr176', 0.2357690131236453), ('Dnajc6', 0.7159025084817212), ('Ahdc1', 0.6145869271843798), ('Msrb3', 0.738887580636193), ('2900026A02Rik', 0.0087374389634527), ('Lyplal1', 0.1445238144615757), ('Notch3', 0.191924789883922), ('Rarg', 0.1404563645773676), ('Alyref2', 7.78339589407179e-06), ('Papolg', 0.2757862434987375), ('Tshz3', 0.2686458501274462), ('Gas5', 0.4192865733116706), ('Il1rl1', 0.2871453201327447)]",1397
Meis1,taipale_tf_pairs__MEIS1_ELF1_NTGCCGGAAGTN_CAP_repr,0.06038261075574508,4.855674786595323,0.0,0.971795,motif is annotated for orthologous gene ENSG00000143995 in H. sapiens (identity = 97%),"frozenset({'top50perTarget', 'activating', 'mm10_10kbp_up_10kbp_down_full_tx_v10_clust.genes_vs_motifs.rankings'})","[('9530052E02Rik', 0.1134650950249877), ('Setd5', 0.141942429422484), ('Copb2', 0.2328778558041443), ('Clock', 0.2192925132121138), ('Ubr5', 0.2647782938342404), ('Eml1', 0.6758926323163378), ('Pde6d', 0.2663847301744314), ('Zfp868', 0.333792201392764), ('Osbpl6', 0.2124401576011353), ('Jade1', 1.0332606736644414), ('Clns1a', 0.5524944786219629), ('Zbtb6', 0.1503960121705018), ('Cox20', 0.3315009234106267), ('Numb', 0.2236383803909555), ('Vsig10', 0.116909981940504), ('Man2a2', 1.1717364066298486), ('Zfp426', 0.1526896291655962), ('Gspt1', 0.4912313198929848), ('Tspan31', 0.5045259893426564), ('Nedd1', 0.2281190085194155), ('Fubp3', 1.1855289130656472), ('Slc25a30', 1.1341291587483269), ('Gmps', 0.2266383571975423), ('Spidr', 0.1779529437343394), ('Rasa1', 0.1981783507594018), ('Selenok', 0.3113784494899912), ('Smim8', 0.4822365973149369), ('Sept10', 0.2277319314835938), ('Meis1', 1.0), ('Cep41', 0.3095133535706804), ('Zfp647', 0.1442045462961875), ('Plscr1', 0.1644182697578795), ('Cmc1', 0.3723489361560129), ('Srebf2', 0.5344111420882176), ('Gm11266', 1.851175666725948), ('Mettl14', 0.8767792859211967), ('Gpbp1l1', 1.1685876808804692), ('Exosc10', 0.2526129993723736), ('Ccdc77', 0.6665475317167128), ('Macrod2', 0.1988308104782395), ('Tmed8', 0.1755654063819828), ('Atl3', 0.5079641620386098), ('Slc30a6', 0.5400696173695076), ('Foxj2', 0.1761143760133562), ('Prkab1', 0.4135027834158761), ('Zfp281', 0.3309973247695791), ('Os9', 0.6687172272622363), ('Rbm45', 0.2328777188480617), ('Rsl1', 0.0194506604634893), ('Fkbp14', 0.1453777838048365), ('Mycbp', 0.9612060288186972), ('Prex2', 0.1886470509926317), ('Pym1', 0.7851776498449116), ('Adprh', 0.5366884681050249), ('Gar1', 0.1726440627028268), ('Mlycd', 1.9563778041183413), ('Faxc', 0.0525164028860818), ('1110004F10Rik', 0.2055104256086156), ('Oard1', 0.4427569272882146), ('Atg13', 0.1241232776924217), ('Ddhd1', 0.2169906089154423), ('Fam45a', 1.3179099588263985), ('Apex2', 0.6353578846473246), ('Smarcd1', 0.3366281244106351), ('Topors', 0.5327213253476198), ('Prickle2', 0.9651634615394532), ('Twistnb', 0.2367021279003842), ('Itpripl2', 0.4907631760730263), ('2410002F23Rik', 0.1356983041782263), ('Txndc12', 0.1907477114181137), ('Ism1', 0.2666300264898977), ('Gm11696', 0.5089475948319), ('Tmem135', 0.3580909368674342), ('Ado', 0.4175877614821748), ('Art3', 0.0022085606855312), ('Map9', 0.2087126813372807), ('Ccdc73', 1.620832528820016), ('Cdkl2', 0.3426404043925038), ('Zhx2', 0.2103568292801128), ('Zdhhc15', 0.2320756879835917), ('Nvl', 0.3208380070401406), ('Selenoi', 0.3657076873753993), ('Nxpe4', 0.361682915069677), ('Mcee', 1.2509210189809228), ('Gramd1a', 0.275368227228015), ('Rrn3', 0.4181193332865202), ('Pi4kb', 0.2063211233101953), ('Casp12', 0.2604182446256689), ('BC003965', 0.2541396336605821), ('Crlf3', 0.5394779925391243), ('Klhdc8b', 0.7370464919722992), ('Atxn7l3', 2.0993819261966453), ('Nf2', 0.2377736285639388), ('Tnfrsf1b', 0.9852060592681174), ('Rhd', 0.2222902727179508), ('Ppp1r35', 0.1996165536564068), ('Vcp', 0.207307131298511), ('Hacd3', 0.1362265497345866), ('Pctp', 0.1841647174103091), ('Sdhaf2', 0.2956658665610204), ('C1qtnf2', 0.4225507775098626), ('Lsm10', 0.171180193100962), ('Stoml1', 0.1525268823773366)]",4817
Mitf,tfdimers__MD00556,0.06461579632400345,3.0723298765180003,0.0,0.944231,motif is annotated for orthologous gene ENSG00000187098 in H. sapiens (identity = 94%),"frozenset({'top50perTarget', 'activating', 'mm10_10kbp_up_10kbp_down_full_tx_v10_clust.genes_vs_motifs.rankings'})","[('Nipbl', 0.9396051113964328), ('Setd5', 1.6154347398662343), ('Fut8', 0.6605743298148499), ('Kmt2e', 0.3270955465826367), ('Kansl1', 1.404709565954933), ('Galnt13', 0.3237632962183479), ('Stag1', 1.0899976738831505), ('Clock', 0.5780383626101272), ('Adgrl3', 0.8999436013069215), ('Zfyve9', 0.2901376133367965), ('Smarca2', 1.804521917969823), ('Ppm1a', 0.408102802145894), ('Lingo2', 0.7000312099146603), ('Nrip1', 2.007741057411641), ('Tbc1d5', 1.7462731012105417), ('Neto2', 0.3555813297618056), ('Gli3', 0.2866332884588109), ('Ncoa7', 0.2007318918564571), ('Scaf11', 0.2514516701918776), ('Zfp385b', 0.7010211725410955), ('Gphn', 0.1476291409832524), ('Cacna2d1', 0.579775651886506), ('Large1', 0.1924032814852405), ('Tcf12', 1.423523482347032), ('Enox1', 1.5454039831164728), ('Nbea', 0.4322804097859054), ('Hif1a', 0.1755932062681928), ('Wdfy3', 0.5548142101023366), ('Tanc2', 0.4656732620972671), ('Cab39', 0.3428237459556195), ('Cnot4', 0.2076165654662042), ('Mme', 1.964197375392544), ('Arhgap21', 0.5227018149099988), ('Zmym5', 0.1916640304183698), ('Far1', 0.3623323600022077), ('Fcho2', 0.2165531483129506), ('Itsn2', 0.2934245944959108), ('Kdm3a', 0.2297310463201193), ('Zhx3', 1.2038828230002518), ('Chd6', 0.6822900821474228), ('Mapk8', 0.428288848413703), ('Ptp4a1', 0.9224927371334178), ('Phf21a', 1.1791373463511372), ('Epb41l2', 0.3810404095093569), ('Sdccag8', 0.3092345905592234), ('Pam', 1.0355619823633722), ('Gulp1', 1.7768102773654524), ('Usp3', 0.199156036812176), ('Rere', 1.2049020346487256), ('Map3k5', 0.3336613340263282), ('Hecw2', 0.2704115499245153), ('Runx1t1', 1.1400202148665102), ('Dach1', 4.005019407540779e-11), ('Tmeff2', 1.107309315452451), ('Fam168a', 0.4677806791411226), ('Rhoa', 0.8496025164351428), ('Cdyl', 0.2216479875056355), ('Zfpm2', 0.4789409350812372), ('Lnpep', 0.3043968535969957), ('Snx13', 0.1698106950735883), ('Bmper', 0.6559218949339501), ('Cpeb1', 0.3174445907029186), ('Atxn2', 0.6395045561934359), ('Pik3c2a', 0.2132770130277601), ('Hdlbp', 0.5658348584409538), ('Prickle1', 0.3411391679222777), ('Ppp1r12a', 0.4933779201640538), ('Klhl13', 0.1885276796990796), ('Fst', 0.3136094924033259), ('Ahctf1', 0.4251814241531862), ('Sipa1l1', 0.5319642227567563), ('Cyfip1', 0.2329854370283908), ('Pde7a', 0.3332130377835793), ('Atrnl1', 0.2623766301211138), ('Oxr1', 0.4593558826487628), ('Tmcc1', 0.7797433853311737), ('Csnk1a1', 0.1725684934741904), ('Fmr1', 0.4625861182884154), ('Ext1', 0.1896781609546916), ('Atp6v1a', 0.7498366373936787), ('Igf1r', 0.7607958899675952), ('Plxdc2', 1.4515891550528406), ('Rhobtb3', 0.4705780999737857), ('Susd6', 0.5460816982419139), ('Zeb1', 0.3868345717219577), ('Fbxl7', 0.5277992962797121), ('Gng12', 0.6075662574413069), ('Pdlim5', 0.2670229561868381), ('Jak1', 0.503223168687216), ('Kdm6a', 0.190819757096646), ('Setd2', 0.6514963608485013), ('Gnaq', 0.2338144161602512), ('1700028E10Rik', 0.2096546550080732), ('Abhd18', 0.1549375372382798), ('Ttbk2', 0.1111101973854108), ('Glis3', 0.1968722434278374), ('Atf7', 1.593651396548076), ('Ptprd', 1.3286472980584307), ('Kpna4', 2.769072401994057), ('Smarcad1', 0.1946450136151087), ('Arfgef1', 1.98455046759107), ('Zcchc2', 0.1827694388985741), ('Cask', 0.2012872582794529), ('Cblb', 0.3821126031127148), ('Serbp1', 0.2605351619860011), ('Plscr4', 0.2157368320628086), ('Napepld', 0.7921136402263091), ('Map2k5', 0.313821881150307), ('Mkln1', 0.6617212328632918), ('Trhde', 0.3364684137560774), ('Usp25', 0.7956737240324446), ('Rab11fip2', 1.1594263603746686), ('Il6st', 0.19837894602622), ('Pdpr', 0.244061171178371), ('G3bp2', 0.2197123734780104), ('Ism1', 0.7489375528839122), ('Prr16', 0.5887630378491359), ('Pcdh9', 1.2718988157898694), ('Mtfr1', 0.2338466661658982), ('Usp6nl', 0.1206627135323977), ('Prps1l3', 1.1635554237076895), ('Nfib', 0.4381890369862181), ('Nfia', 0.3075110940739496), ('Csnk2a1', 0.1713105795439555), ('Cited2', 0.1178361446655059), ('Selenot', 0.1713517849579529), ('Sp3os', 0.1914404972696012), ('Runx2', 1.3101834004195392), ('Farp1', 0.2509858684257474), ('Arhgap6', 1.4210672997847515), ('Focad', 0.1285710480335798), ('Ube2e2', 0.1051311728757914), ('Vegfc', 0.1527224035094101), ('Stxbp6', 0.1661990326542088), ('Ptchd1', 0.5568265784755857), ('Ubap2l', 0.4613936742043961), ('Baz2b', 1.1301651223538978), ('Gabra2', 0.407747448867835), ('Xkr6', 0.121062311496057), ('Stau2', 0.302935629498208), ('Pcdh7', 0.3653551722225339), ('Setbp1', 2.0322206338818765), ('Zeb2', 0.2767030717857092), ('Gabbr1', 0.1539581293985076), ('Gatad2a', 0.1669244836514802), ('Ccnj', 9.809425867453138e-06), ('Epha7', 0.4601781137051849), ('Dcaf5', 0.4927678605805234), ('C030034I22Rik', 0.2901484239466886), ('Tgfbr3', 0.1119541297207774), ('Arhgap24', 0.3965530473666532), ('Ppp4r3a', 0.16616790156434), ('Cpeb2', 0.1343558802417159), ('Ssh2', 0.2907309619865194), ('Atp5g2', 0.2432776387800344), ('Plcl1', 1.127769900986845), ('Shisa6', 0.4952907399022563), ('Cldn12', 0.1221281817570886), ('Hdx', 0.8653506621167876), ('Pdp1', 0.0094806550596463), ('Usp24', 0.9057123931335568), ('Nox4', 0.188370879569656), ('Ehmt1', 0.2943891169625535), ('Rcan2', 0.5980917726643291), ('Thsd7a', 0.755959068602648), ('Dhx15', 0.0225025933556489), ('Naa35', 0.1585879869600621), ('Kcnt2', 0.3111959465989987), ('Fbxo42', 0.1978335351202498), ('Arid1b', 0.5241203155497565), ('Amd2', 0.6545861939862702), ('Zc3h12c', 0.4897681802099999), ('Lamc1', 0.471259555306313), ('Pard3b', 0.1396673587708105), ('Micu1', 0.8376451140647165), ('Calm2', 0.1898385615816806), ('Atp8b1', 0.6412697920373027), ('Slit2', 0.4015650195094911), ('Vezf1', 0.2195107975693264), ('Brpf3', 0.0122575848982301), ('Yeats2', 0.147809292899929), ('Rbpms', 0.7415790175172418), ('Prkg1', 0.6184942023823514), ('Cdc14a', 0.0281926601680026), ('Npepps', 0.3550565351455315), ('Mid1', 1.4491846389512146), ('Odf2l', 0.1041467045917013), ('Ube2q2', 0.2944678363725916), ('Sobp', 0.1705000284438457), ('Cadps2', 0.2273680494478654), ('Atxn7l3b', 0.4145491611798206), ('Esrrg', 0.5698334671803037), ('St3gal6', 0.0847711777323587), ('Dnajc1', 0.6622518042678534), ('Pcnx4', 0.2758367351555115), ('R3hcc1l', 0.7147070612740194), ('Ccnd2', 0.8131457463168877), ('Nrep', 0.3290420733469768), ('Celf2', 0.8610504294071689), ('Grb10', 0.2193821001048521), ('Diaph2', 2.6412309141128536), ('Prdm2', 0.8031266695634937), ('Megf9', 0.1571033147207585), ('Mga', 0.6957041628009273), ('Huwe1', 0.6869232585290144), ('Cd2ap', 0.2345082850446317), ('Jmjd1c', 0.6765466077658622), ('Echdc1', 0.1173686276533687), ('Rnf216', 0.2447124241831787), ('Stox2', 2.230961375841469), ('Swap70', 0.2202486723285557), ('App', 0.1862215685612877), ('Rora', 1.2864989721037103), ('Trps1', 0.1234309069108704), ('Rsrc1', 1.7966842191207737), ('Pros1', 1.9017733088162108), ('Lrig1', 0.1240593980513987), ('Ptar1', 0.4738398618179445), ('Gfod2', 0.0662432063381644), ('Fam53b', 0.4557804339902669), ('Scap', 0.2579089539188554), ('Zfp639', 0.1716150476102094), ('Setd7', 0.4318484689865536), ('Auts2', 1.7959147129682758), ('Trerf1', 0.2133917846734225), ('Kitl', 0.2520634350191412), ('Tnrc6b', 0.2414210997763533), ('Chrm2', 0.5265907936005385), ('Itch', 0.4996313377746342), ('Uimc1', 0.4021147477173544), ('Eda', 1.7051571593593202), ('Itm2a', 1.0248124071943128), ('Etv6', 0.9197622403921556), ('8430429K09Rik', 0.1749045202641773), ('Igsf10', 0.4308998955726073), ('Acvr2a', 2.354428582395097), ('Top1', 0.23890950480877), ('Zbtb26', 0.2603126854022253), ('Casc4', 0.7001165046293566), ('Cttnbp2', 0.0951300139471905), ('Ctsl', 0.1487130536067077), ('Psme4', 0.2576694444437684), ('Esyt2', 0.2779202857103289), ('H2afz', 0.2205710206154681), ('St3gal1', 0.1668706128992508), ('Map1b', 0.308105825294609), ('Dnajc6', 1.8285881560230663e-08), ('Trpm7', 0.2161614475069383), ('Atrx', 0.300048442504809), ('Tpst1', 0.253753327887077), ('Spred1', 0.2345505439128107), ('Maf', 1.216727623185499), ('Zbed4', 0.105883157830468), ('Dnmt3b', 0.9459763964780836), ('Armcx4', 0.2554085368993775), ('Zfhx3', 0.2646053060774269), ('Etnk1', 0.2480463589666403), ('Zfp568', 0.7906370370569364), ('Prtg', 0.3127953468865048), ('Ulk1', 0.5479596921757578), ('Eif3j1', 0.2025730461203918), ('Dmxl2', 1.0146552502006936), ('Mast4', 0.1300329137974195), ('Mettl15', 0.1275537754479395), ('Herc4', 0.2092737485953979), ('Nrp2', 0.4744574546510027), ('Pi4ka', 0.4396211629037877), ('Stk3', 0.2503729478652326), ('Slc11a2', 0.2229637172772703), ('Adamts5', 0.2772750037364198), ('Mtcp1', 0.3570611145708569), ('Patl1', 0.3888621112833448), ('Adam23', 0.3218310708418453), ('Asap1', 0.2681393590601438), ('Egfr', 4.145001477244096), ('Trim44', 0.1821844701605441), ('9930021J03Rik', 0.4147049369315005), ('Slx4ip', 0.1632645058340569), ('Zfp655', 0.3074754986445931), ('Spryd7', 0.1686624520996099), ('Por', 0.6613095843399146), ('Pdzd4', 0.1810429679999549), ('Gnb4', 0.4394780638272341), ('Akap17b', 0.1048785427583857), ('Zfp91', 0.879347549056385), ('Lncpint', 0.2855340255836502), ('Rabgef1', 0.2191048966649398), ('Mapt', 0.163785528719959), ('Sema6c', 1.8432538618772676), ('Scaf8', 0.5782640221365796), ('Map4k4', 1.7739155530460855), ('Lrp6', 0.5830398372455927), ('Mbtd1', 0.2515040712031222), ('Acap2', 0.1556875749571483), ('Jph1', 0.3292581127310685), ('Sec24a', 1.6124904740231776), ('Asph', 0.4876303814245851), ('Rffl', 0.2091615724606983), ('Dkk2', 1.640021532312896), ('Asxl1', 0.8390943481095141), ('Slc23a2', 0.2516799906302601), ('Htr1f', 0.0974275277290635), ('Cdk8', 0.1786846886362475), ('Cdk14', 0.2291859583352176), ('Nab2', 0.2058582633825833), ('Prkci', 0.2159751674166972), ('Ndfip1', 0.1848944458144583), ('Snx9', 0.9955170425735614), ('Gyg', 0.3514892252420407), ('Lpp', 0.8753076210309951), ('Gm16701', 0.6164575670998399), ('Kdm5a', 0.4273044240405195), ('Abcb1a', 0.2066864331952092), ('Ankhd1', 0.3962727006443541), ('Nt5c2', 0.139924640698365), ('Xpo4', 0.3286190416376094), ('Dlc1', 0.0825426096830428), ('Krit1', 0.2379633287822196), ('Vps4b', 0.2394154460915397), ('Crebbp', 0.1957954174454464), ('Zfp810', 0.0469673948592856), ('Dock9', 0.6966183854471226), ('Nfe2l1', 0.2062713750671927), ('Thsd1', 0.0961657804228577), ('Sh3rf3', 0.4884468836204003), ('Kif3c', 0.4725748075820719), ('Elk3', 0.2597600992657615), ('Gnao1', 0.2456599661936575), ('Osbpl9', 0.8769385233526757), ('Ece2', 0.2419008767243946), ('Ubc', 0.250023429631806), ('Spag9', 0.2793806328438401), ('Ptbp3', 0.1879200123481842), ('Col4a3bp', 1.658071532485651), ('Ick', 0.9728922948664396), ('Chsy1', 0.2280939557435647), ('Paxip1', 0.1023027543725767), ('Ccdc50', 0.5461953028384741), ('Epha4', 0.1228753446883712), ('Dip2c', 0.4879297581877105), ('Pitpnc1', 2.58098820903854), ('Prex2', 1.0121841357743024), ('Srgap1', 0.2891611202052984), ('Usp13', 0.4199978125860716), ('Clk1', 0.5345688489543995), ('Tmcc3', 0.2772243709850716), ('Etfa', 0.3208023880422226), ('Stim1', 0.1893840943193493), ('Phldb1', 0.5956771761338813), ('Rgmb', 0.2798579362373479), ('Arf4', 0.169436293846338), ('Lasp1', 0.6587310424867786), ('Tcf7l1', 0.1864184685260572), ('Trmt10a', 0.0673899182025987), ('Nbn', 0.2956625682873572), ('Afap1', 1.3397270402905883), ('N4bp2l1', 0.1696250148870645), ('Mycbp2', 0.6169088731890171), ('Ust', 0.8115370783187363), ('Adar', 0.2035117088124117), ('Lsamp', 1.5006712847804269), ('Spry4', 0.1190808442732941), ('Gramd3', 0.3331152274456498), ('Car3', 0.2604927602382946), ('Rcl1', 0.7457492284669848), ('Vps8', 0.4875129968818273), ('Ank2', 0.5475838571137137), ('Pabpc5', 0.1658723141879281), ('Lrrc28', 0.2132987733362368), ('Tril', 0.2912414297284489), ('Id4', 0.0107189270425972), ('Atp1a1', 0.3549162060232279), ('Dpyd', 1.7218896023300347), ('Glg1', 0.6948867435376618), ('Gxylt1', 0.1974387049469738), ('Rnf219', 0.0154209100976794), ('Xrn1', 0.1594120736899976), ('Prkx', 0.1043867914793413), ('Clvs1', 3.332080259507951e-05), ('Atxn1l', 0.1002131257922566), ('Cpeb3', 0.984433301614269), ('Eogt', 0.1447919740462142), ('5430402O13Rik', 0.2444309976265027), ('Map3k1', 0.216155856807665), ('Klhdc10', 0.8610467524742739), ('Tmem123', 0.305357064995688)]",3653
Smarca4,transfac_pro__M04916,0.05041539227351738,3.027806622698218,0.000297,0.990724,"gene is orthologous to ENSG00000127616 in H. sapiens (identity = 99%) which is annotated for similar motif dbcorrdb__SMARCA4__ENCSR000EZC_1__m10 ('SMARCA4 (ENCSR000EZC-1, motif 10)'; q-value = 0.000297)","frozenset({'top50perTarget', 'activating', 'mm10_10kbp_up_10kbp_down_full_tx_v10_clust.genes_vs_motifs.rankings'})","[('Atp2b1', 0.1757671323419224), ('Stag1', 0.9568476316813188), ('Foxn2', 0.2310583112899712), ('Zmym5', 0.1779920758962249), ('Ankrd11', 0.2977056643220996), ('Ptpn4', 0.3359066096905668), ('Nrf1', 0.3366657468239599), ('Zfp638', 0.2009250863246757), ('Rc3h2', 0.2318929170003932), ('Btbd10', 0.8654216428680127), ('Sgms1', 0.2499809827416754), ('Ap1s2', 1.4146044981722146), ('Gm6225', 0.3213837537389612), ('Enox1', 0.3784022940494234), ('Herpud2', 0.3091562486031251), ('Ptp4a1', 0.3055111666977947), ('Arid4a', 0.2562251304060902), ('Ralgapb', 0.314040514149379), ('Smim14', 0.1989148046108654), ('Trip12', 0.2308646328737342), ('Psip1', 0.8779841064681196), ('Pkn2', 0.2173988330056908), ('Zfyve16', 0.9019717279908984), ('Amd1', 0.228741628201299), ('Rock1', 0.3790694715097499), ('Camsap2', 0.2814386360836068), ('Tex10', 0.1428935423232933), ('0610010F05Rik', 0.2866758167671839), ('Mtdh', 0.2171990760394612), ('Nfkb1', 0.0719949754538948), ('Bmp2k', 1.1195926525356534), ('Vapa', 0.4282103042731653), ('8030462N17Rik', 1.0674816659712216), ('Fam78b', 0.2028308749742439), ('Rad23b', 1.0498348711715584), ('Ahctf1', 0.4628090423358412), ('Pcm1', 0.3493717750728197), ('Tmem263', 0.2045624089073585), ('Osgin2', 1.6587606393871457), ('Jade1', 1.254317175677628), ('Ccni', 0.2592694940688944), ('Me2', 0.2020173575686594), ('Asf1a', 0.2078019983922023), ('Tpbg', 0.6181081436774799), ('Rimklb', 0.2229617992205748), ('Acvr1c', 0.5952307364967762), ('Supt16', 0.2039187520639125), ('Mfhas1', 2.3038271438338813), ('Lhfpl2', 0.8812471970799204), ('Mex3c', 0.3599569414453061), ('Cep112', 0.5860480933259338), ('Als2', 0.1474833819311291), ('Pcnp', 0.2253896568201539), ('Cyfip1', 1.17023305588278), ('Morc3', 0.2103866332497681), ('Ralgapa2', 1.393198520156497), ('Zfp143', 0.1717113416024026), ('Lin9', 0.2913396972264173), ('Eml4', 0.1803741246380849), ('Prkaa1', 0.274206460567012), ('Slc20a2', 0.400424513649466), ('Mob4', 0.2010753107695561), ('Tnrc6c', 0.2476631913627049), ('Mapre3', 0.1769299437665838), ('Clasp2', 0.2571755394683775), ('Cox5a', 0.6387491743160719), ('Txnl1', 0.1085324672144651), ('Dip2c', 0.1515567359934825), ('Ppp3r1', 0.2367622295707046), ('Ptpn12', 0.3364297068630541), ('Gorasp2', 0.1743558481322507), ('Atp2c1', 0.2233388097370999), ('Ipo5', 0.5177733529870795), ('Ran', 0.4565636145720445), ('Zfp280d', 0.1788086120111557), ('Lcorl', 0.189211475466437), ('Kdm4c', 0.1918031535383171), ('Fam114a1', 0.2701610807897386), ('Myrip', 0.3815799780211241), ('Crim1', 0.2120042132307883), ('Hnrnph3', 0.2328177621238981), ('Mapre1', 0.6628864600664219), ('Armc8', 0.2230578361318585), ('Eif5', 0.4300326838985794), ('Gpc4', 0.1914020384930625), ('Tgif1', 0.6096526486562589), ('H2afv', 0.2563610499505813), ('4921504A21Rik', 0.553002731080256), ('Mlf2', 0.6030485763528257), ('Tasp1', 0.5414591443498519), ('Focad', 0.1643001265124083), ('Nog', 0.1811760135603749), ('Scoc', 0.2067404670221277), ('Ect2', 0.6132378199909351), ('Wdr45b', 0.1641601012327989), ('Nanos1', 0.5534072497522072), ('Dnm1l', 0.2632697617797818), ('Zfp91', 0.2606377934460995), ('Ndc80', 0.2332264416483786), ('Pcolce2', 0.1469967264979383), ('Sox6', 0.1381324458338824), ('Snrpd1', 0.1959307309181717), ('Cdk5rap2', 0.3096249427807253), ('Dleu2', 0.4713897446768439), ('Rbm39', 0.1162562463024678), ('Fbxo34', 0.2506245090226501), ('Zfp521', 0.1997778616502819), ('G3bp1', 0.1813005895383738), ('Tbcel', 1.2021867681370104), ('Pxdc1', 0.2323932770293238), ('Glt8d1', 0.2003302528845573), ('Mov10', 0.2492800508896047), ('Pi4ka', 0.1941104666896403), ('Rab8a', 1.0256076715400662), ('Stx6', 0.1199130031399383), ('Snai2', 0.3226607923556684), ('Clasp1', 0.1902337242809745), ('Ankle2', 0.1709956596347936), ('Adam22', 0.3415693420289317), ('Echdc1', 0.0117975615432601), ('Tfdp1', 1.7623067069748095), ('Twistnb', 0.2141562042396229), ('Ttll4', 0.1342584550847913), ('Ddx42', 0.1775302695962188), ('Wdr37', 0.1144981051784227), ('Nelfa', 0.0005809807554998), ('Trafd1', 0.4399472393579986), ('Adamtsl3', 0.1541790068968737), ('Stx2', 0.2162158373420319), ('Rrm2b', 0.229611312095156), ('R3hcc1l', 0.260273861995805), ('Mki67', 1.082762378572422), ('D230025D16Rik', 0.238681505912715), ('Hmgn1', 0.226614900713924), ('Homer2', 0.4589674538884593), ('Gm7854', 0.0491888522874041), ('Klhdc2', 0.2029971040980093), ('Smarca4', 1.0), ('Fbxl20', 0.0074384522321555), ('Racgap1', 0.1281394995491988), ('Smarca5', 0.5009465142888253), ('Atg4b', 0.238237589994544), ('Usp16', 0.483382447305861), ('Tmem50a', 0.2392423677525961), ('Hmga2', 0.1143833851775869), ('Frmd6', 0.1348354114821298), ('Chchd7', 1.3515822449779924), ('Smc2', 0.1135530557253722), ('Nup93', 0.4376390508003592), ('Tmbim6', 0.4337738180745819), ('Seh1l', 0.8543947225061514), ('Pxylp1', 0.1788904149477574), ('Tmem192', 0.3529126921188527), ('Abl1', 0.1793557390695244), ('Zbed3', 0.1429282446095851), ('Zkscan1', 0.1696909703235448), ('Wipi1', 0.2028183866340874), ('Luc7l', 0.1785370954537243), ('Pld2', 0.9036030800181192), ('Rnf216', 0.3921661973939638), ('Tmem184b', 0.2063146819297119), ('Slc31a1', 0.6309553483762546), ('Dnmt3a', 0.2261015712389843), ('Suv39h2', 0.6439728431358513), ('Mcu', 0.2265546484608652), ('Col4a3bp', 0.2483775821471467), ('Klhl2', 0.1603741338502768), ('Vamp3', 0.0090925288591168), ('Ywhah', 0.180715054906034), ('Ufm1', 0.2082961373607758), ('Dnajb6', 0.194810962129986), ('Tmem123', 0.4026428419579677), ('Sema5a', 0.1782595094402554), ('Ccdc66', 0.2630927726226212), ('Zfp677', 0.5978103968282749), ('Gnai3', 0.402105865315514), ('Ahcyl2', 0.2599184735457209), ('Lig4', 0.0702109088051887), ('Atp7a', 0.2608188324173358), ('Csnk2a2', 1.6749862642452913), ('Edem3', 0.2424774113043508), ('Gins4', 0.0011476549103502), ('Cep70', 1.8486405887514064), ('Dcaf11', 0.3904366352480293), ('Dbf4', 0.7494780861297169), ('Upf3a', 1.2266715764387408), ('Clns1a', 0.6005366630887903), ('Vps35', 0.2345140490368181), ('Lmbr1', 0.1935601655986827), ('Zw10', 0.3586732740523359), ('Anapc5', 0.1949187707728874), ('Pik3r5', 0.089790997978269), ('Slc6a4', 0.2733297604156165), ('Rfxap', 0.3000816603114914), ('Mettl5', 0.2909407002755462), ('Cited2', 0.1166947272772313), ('Nrk', 0.1328376849830781), ('Trim33', 0.1495112675781324), ('Rnf34', 0.029607352914074), ('Anp32a', 0.5069206558950141), ('Nploc4', 0.7676586827084574), ('Hhat', 0.4788141746597554), ('Nhsl2', 0.1874038840093775), ('Clec16a', 0.1564779743274446), ('Prpf3', 0.7289328418000547), ('Chka', 0.8511739509446855), ('Mmgt2', 0.2071106764433091), ('Csnk1d', 0.1578852035747357), ('Dnajc25', 0.2615304287290887), ('Rerg', 0.1575417133967589), ('Rgs7', 0.2531145344365292), ('Nudt3', 0.6675401648406564)]",4851
Sp3,transfac_pro__M02281,0.05516442942520104,3.00606662002089,5.5e-05,1.0,gene is annotated for similar motif hocomoco__SP3_MOUSE.H11MO.0.B ('SP3_MOUSE'; q-value = 5.49e-05),"frozenset({'top50perTarget', 'activating', 'mm10_10kbp_up_10kbp_down_full_tx_v10_clust.genes_vs_motifs.rankings'})","[('Matn4', 0.1894099587485461), ('Zfp638', 0.1802853746749057), ('Kansl1', 0.1823314174623255), ('Tsc22d2', 0.1874325774249903), ('Phip', 0.1803749910200979), ('Edil3', 0.403041554114514), ('Dennd5b', 0.1855958311781269), ('Plekhg1', 0.1813616141426238), ('Supt16', 0.2089453808810819), ('Ebag9', 0.2790244741100691), ('Adam10', 0.2156464068696706), ('Smap1', 0.7227062983246298), ('Runx1t1', 0.1605763438923929), ('Abce1', 0.4043221769618942), ('Cnot2', 0.2735762869495548), ('Rnf13', 0.7385294188676718), ('Gas2', 0.1782494874615459), ('Son', 0.2752379749803877), ('Sec62', 0.196529996510288), ('Zfp39', 0.34382563739463), ('Rabgap1l', 0.2147812951071545), ('Ano10', 0.4104410786593327), ('Spata6', 0.4723429542519115), ('Tax1bp1', 0.2007544692966117), ('Fnip1', 0.2259400068460988), ('Ggnbp2', 1.2654913898660396), ('Zhx1', 0.4640462243550837), ('Xpo7', 0.1883493430685655), ('Tasp1', 1.0759480595883115), ('Nmt2', 0.2076787809694168), ('Zranb2', 0.2243874001574825), ('Fam135a', 0.3283912276656108), ('Top2b', 0.377265351120653), ('Zfp91', 0.4104253941444637), ('Agfg1', 0.1725624075529598), ('Nectin3', 3.0005846476781843), ('Psmd14', 0.2841684413886098), ('Zfp568', 0.4675896912957363), ('Dhx15', 0.0100632323970274), ('Kdm4c', 0.6784835179546773), ('Rab5a', 0.3780494017981769), ('Map7d2', 1.924178084006634e-13), ('Zdhhc5', 0.9239781564918008), ('Ppp1cb', 0.2029100172430138), ('Tsga10', 0.2947191969098451), ('Serinc1', 0.2290173040414493), ('Abhd8', 0.1840180524207725), ('Sfxn2', 0.4918412082330295), ('Nap1l1', 1.13971488182653), ('Fbxw2', 0.1731089329309642), ('Slc10a3', 0.8192066731371489), ('9630028H03Rik', 0.1023904069607592), ('Fignl1', 0.2368834186053746), ('Aftph', 0.4732105234598069), ('Galk2', 0.1313539700406025), ('Atp5a1', 0.1940615516228477), ('Otud6b', 0.2620006632821489), ('Ddhd1', 1.4150391236477355), ('Fhl1', 0.1328029558544647), ('G2e3', 0.1380243021243471), ('Pdgfd', 0.1475335049718206), ('Hacd1', 0.1845588249457772)]",943
Tead4,taipale_tf_pairs__TEAD4_FOXI1_GGWATGYGTMAACA_CAP_repr,0.09666175296357718,3.754551648810577,0.0,0.9274,gene is orthologous to ENSG00000197905 in H. sapiens (identity = 92%) which is directly annotated for motif,"frozenset({'top50perTarget', 'activating', 'mm10_10kbp_up_10kbp_down_full_tx_v10_clust.genes_vs_motifs.rankings'})","[('Dtnb', 0.2583970579526116), ('Cep126', 2.068532632438388), ('Pde11a', 0.8636142029978527), ('Ift122', 0.8786634691625177), ('Mier2', 0.2163397803747674), ('Rtn4rl1', 0.1912006857760019), ('Tab1', 0.13326156726933), ('Ythdf1', 0.2603315763752516), ('Gnb4', 0.2049313644734263), ('Tsta3', 1.4605706242475571), ('Ryk', 1.0940784627117324), ('Ube3c', 0.1871849763705067), ('Kctd16', 3.2711064949904163), ('Amy1', 0.1798389936710959), ('Ei24', 0.4213404339671102), ('Mlkl', 0.2362737306730258), ('Gm4951', 0.1716058072259615), ('Actr1b', 0.7521895433480085), ('Armcx2', 0.1696928658684108), ('Bcor', 0.7992763396366416)]",3709
Tgif2,hocomoco__TF2LX_HUMAN.H11MO.0.D,0.07325924490103594,4.355827082178865,0.000725,0.936709,gene is orthologous to ENSG00000118707 in H. sapiens (identity = 93%) which is annotated for similar motif taipale_cyt_meth__TGIF2_TGACANNTGTCA_eDBD ('TGIF2 [MEIS]'; q-value = 0.000725),"frozenset({'top50perTarget', 'activating', 'mm10_10kbp_up_10kbp_down_full_tx_v10_clust.genes_vs_motifs.rankings'})","[('Cpox', 1.6180974849165524), ('Gnb4', 0.1945681717162443), ('Vax2', 0.9955333018730728), ('Tfam', 0.1925478374351461), ('BC017158', 0.0404127683603103), ('Tyw5', 0.3575213969443352), ('Chst15', 0.2021165268660764), ('Phactr1', 0.2400669211216951), ('Cox10', 1.85457855784472), ('Cacnb1', 1.1910186868483008), ('Shprh', 0.2012508366556763), ('Fchsd2', 0.1886503425523354), ('Gpkow', 0.2251079928751185), ('Tuba4a', 3.567928599568241), ('Map3k7', 0.3002151674087969), ('Lsg1', 0.8982561220849025)]",1048
Zbtb14,tfdimers__MD00483,0.058185908323438194,3.3422846777711865,0.0,0.993318,gene is orthologous to ENSG00000198081 in H. sapiens (identity = 99%) which is directly annotated for motif,"frozenset({'top50perTarget', 'activating', 'mm10_10kbp_up_10kbp_down_full_tx_v10_clust.genes_vs_motifs.rankings'})","[('Usp9x', 0.3044659242986622), ('N4bp2', 0.3924870267023525), ('Arf6', 0.1533553692966269), ('Eif4e', 0.208188457303921), ('Ptpdc1', 0.7992755342453712), ('Aff4', 0.1932677953270961), ('Pcbp1', 0.1845885035137209), ('Map4k5', 0.4134104021890138), ('Siah1a', 1.1198485652219934), ('Ap1s2', 1.2947011553825558), ('Hbp1', 0.2056312021465435), ('Ptp4a1', 0.404479242562389), ('Atp13a3', 0.1722724806191878), ('Dap3', 0.2644969516216318), ('Rps6ka3', 0.5092339714873538), ('Jade3', 0.097852588418723), ('Adnp', 0.1880768535586466), ('Sptan1', 0.1812560514567835), ('Camsap2', 0.265111483520512), ('Kmt5b', 0.1781131579117897), ('8030462N17Rik', 1.8907782360053231), ('Fgf18', 0.2464196801674672), ('Dennd5b', 0.2535814243706371), ('Wbp4', 0.9088251254542776), ('B4galnt1', 0.1391833435908278), ('Nudt4', 0.1978815068854443), ('Col23a1', 0.1243635079726526), ('Mtfr1', 0.1939133891026866), ('Ube2l3', 0.7166848299929042), ('Nipa2', 3.572102113939187), ('Rsf1', 0.2076758518217536), ('Atxn2l', 0.2969831206606979), ('Zbtb14', 1.0), ('Ptpra', 0.2477067906910061), ('Faxc', 0.0487011257741589), ('Tmem131', 0.6356814336587554), ('Rnf24', 0.2194325613638011), ('Akap7', 0.8330270153042258), ('Sertad4', 0.0104243849875022), ('1810013L24Rik', 2.316930168255723), ('Setx', 0.208945152062873), ('Serpine2', 0.3343129289143707), ('Hectd2', 0.0756787013526279), ('Gyg', 0.2710547476636737), ('Immp2l', 0.1920676128983413), ('Cdr2l', 0.5782559540023646), ('E130102H24Rik', 2.1121050767190703), ('Nr2f1', 0.0656867663219869), ('Gnb4', 0.3673615758865885), ('Rbm12b1', 0.0931569083955605), ('Nsun6', 0.2116163127748094), ('Psmd14', 0.9769565543983116), ('Spryd7', 1.0667528089151923), ('Tm9sf2', 0.1884638798442467), ('Prkaa2', 0.0989194566837588), ('Lrp4', 0.2637689966264044), ('Apba1', 0.2462336178201432), ('Zfp768', 0.421031483203328), ('Gng4', 0.3584264115679543), ('Jdp2', 0.3108754769152582), ('Phtf1', 0.2538237678707767), ('Usp31', 1.503923499575907), ('Elmod2', 0.4388293325752186), ('Acsl1', 0.4631123728397182), ('Mid1ip1', 0.2202918291553095), ('Ankle2', 0.3069640213685903), ('Nutf2-ps1', 0.2714138297939444), ('Kat2b', 0.1908450452312693), ('R3hcc1l', 0.0136220608628494), ('Kcna2', 0.4127018851111002), ('Btbd11', 0.4826134303825923), ('Ints3', 0.1464205764360761), ('Slc35d1', 0.3282568399433415), ('Scn8a', 0.4013445267680992), ('Soat1', 1.9741506455745252), ('Pola1', 0.5436205880919637), ('Asah1', 0.2359677895443148), ('Slc22a5', 0.5793539788352257), ('Tmbim6', 0.4203456304347686), ('Zkscan1', 0.3472753410109558), ('Tia1', 0.4789795630826912), ('Cggbp1', 0.2620394441234939), ('Ccdc122', 0.2017405570181614), ('Col4a3bp', 1.2320607968258204), ('Tmem60', 0.637300427361583), ('Dph6', 0.3106161206409911), ('Sesn1', 0.1994148169062162), ('Stk11', 0.234805877825115), ('Khdrbs1', 0.3713389559605183), ('Cdc34', 0.3125071617847116), ('Pcgf3', 0.6505478096069273), ('Sf3b3', 2.0372962357332103), ('Actn1', 0.1486290723537516), ('Tfam', 0.2269972382056625), ('Mdm1', 0.1673432771554757), ('Mgat1', 0.3126471033351976), ('Dcaf11', 0.5910283068284156), ('Insig1', 0.2190709023633223), ('Aga', 0.33368111498195), ('Ilkap', 0.1756988727914294), ('Thnsl1', 0.1779522237503648), ('Jun', 0.0376179849587468), ('Col12a1', 0.2064116103031707), ('Eif4e3', 0.3655375487029896), ('Dennd5a', 0.2142605326606113), ('Ubr7', 0.6615709560115587), ('Rfxap', 0.2634563658126979), ('Map3k8', 0.9320532190846524), ('Srp9', 0.1985086645131338), ('Sema6a', 0.2469792015525919), ('Prdm1', 0.2929544988843355), ('Zfp9', 0.9713235013133672), ('Pkd2', 0.2906393154903764), ('Alg10b', 1.4367092500049174), ('Cops4', 2.282717242592115), ('St3gal5', 0.306182676395785)]",4775
Zfp169,transfac_pro__M06218,0.08568763326226013,3.838072402645671,0.0,0.507463,motif is annotated for orthologous gene ENSG00000175787 in H. sapiens (identity = 50%),"frozenset({'top50perTarget', 'activating', 'mm10_10kbp_up_10kbp_down_full_tx_v10_clust.genes_vs_motifs.rankings'})","[('Sfxn2', 0.3534338750294978), ('Rbsn', 0.3999698970583436), ('Gtf2h1', 0.1299538360893755), ('Tmem209', 0.5518050537396508), ('Tmco4', 0.1363959394414572), ('Atxn7l3', 0.3061397791242107), ('Mss51', 0.1768287900790102), ('Nuak1', 0.3043168921025798), ('5930430L01Rik', 1.3351900176075058), ('Arhgef9', 0.2677156818943328), ('Gne', 0.168359250134035), ('Fgfr1op', 0.1201946612036025)]",1566
Zfp568,transfac_pro__M06896,0.055562215695285286,3.365828893087404,0.000255,0.428279,motif similar to transfac_pro__M06258 ('V$ZNF345_03: ZNF345'; q-value = 0.000255) which is annotated for orthologous gene ENSG00000251247 in H. sapiens (identity = 42%),"frozenset({'top50perTarget', 'activating', 'mm10_10kbp_up_10kbp_down_full_tx_v10_clust.genes_vs_motifs.rankings'})","[('Syde2', 0.5616080701401931), ('Sf3a1', 0.1663995868005887), ('Car5a', 0.1108328053701902), ('Tox', 0.1964035933238265), ('Kdm4a', 0.1538549637944768), ('Traf6', 0.7404268883535321), ('Mrps27', 0.5942936875754943), ('Arhgef18', 0.5274988769070322), ('Xab2', 0.5204654081182274), ('Slc25a19', 0.0688807447315429), ('Map3k1', 0.6153751754704085), ('Kcnc2', 0.2974532343634972), ('Brox', 2.188636699330983), ('Car3', 0.0913149893959114), ('Zbtb41', 0.4521748814541189), ('Ubfd1', 0.5686101013273698), ('Dlg2', 0.7877956925591347)]",616
Zfp82,transfac_pro__M06880,0.10133854536839612,3.597084590897122,0.0,1.0,gene is directly annotated,"frozenset({'top50perTarget', 'activating', 'mm10_10kbp_up_10kbp_down_full_tx_v10_clust.genes_vs_motifs.rankings'})","[('Pja1', 0.2693566844210883), ('Ppip5k2', 0.5224385846997833), ('Edrf1', 0.3460690838438952), ('Dcn', 0.1695529696674923), ('Ptp4a3', 1.2742222869401183)]",508
Zfp846,transfac_pro__M06163,0.0626796572692095,3.9567965008794257,0.0,0.423077,motif is annotated for orthologous gene ENSG00000197961 in H. sapiens (identity = 42%),"frozenset({'top50perTarget', 'activating', 'mm10_10kbp_up_10kbp_down_full_tx_v10_clust.genes_vs_motifs.rankings'})","[('Tor2a', 0.8356212874870911), ('D230025D16Rik', 0.957406265983533), ('Lrrc8b', 0.2662911442103415), ('Evl', 0.6420511481623364), ('Atp1b3', 0.2232395991992677), ('Luzp1', 0.1838647301178095), ('Abcc5', 0.159237615292391), ('Zfp846', 1.0), ('Psmb5', 1.382678766003818), ('Tek', 0.1859863316958146), ('Snhg3', 0.4839261202534483), ('Dhcr24', 1.446437982787821), ('Zranb1', 0.2285526231980466), ('Eif3m', 0.2333965502801777), ('Tmem29', 0.2579027847598198), ('Unkl', 0.4324151966897987), ('Rnf6', 0.2490528734244181), ('Znfx1', 0.2183386409632511), ('Xpnpep1', 0.7763296081242584), ('Hmg20b', 0.2461863320472534), ('Dpp9', 0.1049572595093616), ('Sys1', 0.1674420361093477), ('Irf8', 0.2113036669253273), ('Spast', 0.3235992557539701), ('Arsi', 1.0284096703182424), ('Rras2', 2.34316465112818), ('Cd83', 0.1511500841273249), ('Kmt2a', 0.2688148983954906)]",1051
Zfx,hocomoco__ZFX_MOUSE.H11MO.1.B,0.05489574036272162,3.166710303787503,0.0,1.0,gene is directly annotated,"frozenset({'top50perTarget', 'activating', 'mm10_10kbp_up_10kbp_down_full_tx_v10_clust.genes_vs_motifs.rankings'})","[('Fbxo25', 0.2482185443859157), ('Zfp266', 0.2173098608241792), ('Zfx', 1.0), ('Pkp4', 2.233919646434659), ('Zfp638', 0.6640888609228319), ('Hectd1', 0.2071767232041157), ('Matr3', 1.3072544103286854), ('Pde7a', 0.3852690618849145), ('Avl9', 1.6437277200687976), ('Peg3', 0.3070427681148163), ('Slc23a2', 1.6784634199024708), ('Canx', 0.2304106435446251), ('Klf7', 0.185792403672703), ('Dag1', 0.1935448996230908), ('Vgll3', 0.3577207900447491), ('Rev3l', 0.1908718735323485), ('Pdp1', 0.0078629602244712), ('Slco3a1', 0.1595421789240141), ('Boc', 0.5812089125731484), ('Fam102b', 0.4082828200083044), ('Mllt10', 0.530878361191318), ('Nipbl', 0.1519130290322584), ('Pcp4l1', 0.3355681047397258), ('Kansl2', 0.1595819201002273), ('Tiprl', 2.075793963424822), ('Stag2', 0.1750884058749152), ('Prdm5', 0.0274233678945711), ('Scaf8', 0.5905629148113432), ('Peg13', 0.4844306753803701), ('Dlgap1', 0.5574983306429387), ('Ccdc71l', 1.0555928819005247), ('1810062O18Rik', 0.3104426802184737), ('Pkd2', 0.1930202212247927), ('Arc', 0.1606842579281489), ('Mrpl48', 0.4548106534562812), ('Prkci', 0.3361235005237566), ('Ngly1', 0.233087135393252), ('Usp47', 0.48613094084611), ('Zrsr2', 0.3719068103704577), ('Ssh2', 0.2193930244441201), ('Pdk1', 0.2920384556488807), ('1700025G04Rik', 2.104028876627772), ('Rspo3', 0.550977239226316), ('Psme4', 0.2006840607185203), ('Rnf145', 1.4572939364318234), ('Lemd3', 0.5166568161307618), ('Trp53inp1', 0.3230012956454477), ('Cd2ap', 0.2510079547608913), ('Nr2f2', 0.3921154431158641), ('Mkks', 0.5245864825372711), ('Dse', 0.2262383568254606), ('Tapt1', 1.1940117244909474), ('Slc30a1', 0.1501690475063695), ('Cited2', 0.1665918797408709), ('Fam168a', 0.1959213009684694), ('Cyld', 1.35028993416992), ('Omd', 0.926858305294451), ('Ube2d2a', 0.2216100323247111), ('Dact1', 0.2518314510006276), ('Crebzf', 0.2867432355645277), ('Pik3c3', 0.2833525263286758), ('Cdc42se1', 0.2309545642265041), ('Kat6b', 0.2058332695715254), ('Aggf1', 1.6094983002890515), ('Nnat', 0.5120434988372617), ('Dip2c', 0.1683574801730132), ('Srsf7', 0.1715110287242448)]",1322
Zmiz1,transfac_pro__M01253,0.054499629910710105,3.313913636180435,0.000472,0.975746,"gene is orthologous to ENSG00000108175 in H. sapiens (identity = 97%) which is annotated for similar motif dbcorrdb__ZMIZ1__ENCSR000EFQ_1__m1 ('ZMIZ1 (ENCSR000EFQ-1, motif 1)'; q-value = 0.000472)","frozenset({'top50perTarget', 'activating', 'mm10_10kbp_up_10kbp_down_full_tx_v10_clust.genes_vs_motifs.rankings'})","[('Cul1', 0.2395056187655512), ('Ube3a', 0.7785328813341146), ('Clock', 0.1739252867144481), ('Larp1b', 0.2947246930327686), ('Zmym5', 0.2133739547844957), ('Mtmr3', 0.2755982079496372), ('Rc3h2', 2.711950451811913), ('Rab5a', 0.1839873962711669), ('Tsc22d2', 0.2488591373780846), ('Xpo7', 0.1985469227615292), ('Zbtb44', 0.132322419586812), ('Nr2c2', 0.0003847645840052), ('Tlk2', 0.5060914089564545), ('Tiparp', 0.2456777061962784), ('Rab14', 0.4119536185615398), ('Elavl1', 0.2107101751058029), ('Ebag9', 0.0202618250278183), ('Tax1bp1', 0.2938950996857995), ('Atp2b1', 0.2969397297088811), ('Rbbp8', 0.4089158509526899), ('Scaf11', 0.2501888886775877), ('Grid2', 0.4614624731123362), ('Nck1', 1.96677734218964), ('Ptk2', 0.2346035506358955), ('Vcp', 0.7559417063576958), ('Dmxl1', 0.2524244949584712), ('Pura', 0.8202260201091354), ('Faf1', 0.7094992713139352), ('Foxn2', 0.2635839349586187), ('Epb41l2', 0.3743375409477552), ('Rfx3', 0.319048167069019), ('Ephb6', 0.4453596157952771), ('Lrrc58', 0.2004131960684189), ('Raf1', 0.1490058156018202), ('Sik2', 0.4005020111348541), ('Rab11fip2', 0.2814702616785809), ('Ino80d', 0.6195854702851119), ('Dnajb9', 0.1846575252407941), ('Top2b', 0.6636711318771609), ('Zfp746', 0.1528902692855475), ('Dyrk1a', 0.2654797686129974), ('Dgcr8', 0.0247842454952365), ('Ralyl', 1.132181959463488e-07), ('Gls', 0.2624198205676485), ('Prtg', 0.2402630130796391), ('Celf2', 0.0913632421593839), ('Cdkn2aip', 1.471421095810599), ('Dync1i2', 0.7721207399120534), ('Sptan1', 0.2940707557769184), ('Sycp3', 0.1642779613637189), ('4933434E20Rik', 0.7695533661272428), ('Adnp', 0.315089864896292), ('Higd1a', 0.6465301529600483), ('Rnf180', 0.6078374688586409), ('Cyfip1', 0.2062207163359843), ('Rab1a', 0.4687782716843754), ('Hsf2', 0.1623015474402151), ('Zdhhc5', 0.3067726120790669), ('Crem', 0.1919683052877587), ('Akap13', 0.3944974319152597), ('Agfg1', 0.4435112624646455), ('March7', 0.3723371845822359), ('Stxbp5', 0.2181886181323195), ('Gpc4', 0.429585922385214), ('Rbm33', 0.1971393847673485), ('Fbxo11', 0.2492146926340594), ('Arap2', 0.2221608106149584), ('Ola1', 0.1949016329589462), ('Ogdh', 0.2455024157872219), ('Klf3', 0.3376361723905297), ('Cnot2', 0.2288753932128574), ('Hmgcr', 1.1622575609081676), ('Zfp664', 0.2708423328946926), ('Rnf103', 0.5760229036996568), ('Stk33', 0.3174771156775097), ('Carmil1', 1.2019429364722072), ('Pbrm1', 0.3282330885486185), ('Rnf14', 0.2028768248366361), ('Kdm3a', 0.2844489932353857), ('Hnrnpa3', 0.2205736324285821), ('Mei4', 0.2457363109952746), ('Tle4', 0.2460515109851286), ('Ttll4', 0.1662534442410834), ('Sp3', 0.6733427776748028), ('Zbtb26', 0.4257735406667343), ('Fam234a', 0.1615721066391443), ('Dgkd', 0.1312934402206617), ('Sntg1', 0.2833653155610771), ('Ddx6', 0.2021831152278052), ('Tiam1', 0.2506834217877069), ('Med13', 0.2716865264320137), ('Hnrnpa2b1', 0.2006329633921226), ('Ralbp1', 1.7506601074731878), ('Dcaf5', 0.2220702096367071), ('Cnot6l', 0.3708759076206026), ('Kat2b', 0.1618868247841927), ('Fam126a', 0.205344132571948), ('Ctnnb1', 0.8739492510479052), ('Mvb12b', 0.1363902224348273), ('Wdr33', 0.1840360397508255), ('Sbf2', 0.8152899586495966), ('Zfp26', 0.0089221705782858), ('Dpp8', 0.2193251837099041), ('Fip1l1', 0.2434073187298205), ('Rbm26', 0.5627063063135609), ('Hdgf', 0.8645422737544407), ('Dr1', 0.2863599209778708), ('Ptpn13', 0.2576898848950243), ('Rgs2', 0.8145662495013244), ('Ankrd37', 0.3639190127477102), ('Cnot4', 1.5737647906543375), ('Stpg2', 0.5405644613239233), ('Ranbp17', 0.1617936673587366), ('Ahcy', 2.889163348649065), ('Ifrd1', 0.0689213106102937), ('Kdm6a', 0.2271529545182072), ('Ndfip1', 0.1692774861960089), ('Slc35a1', 0.439878583906768), ('Ranbp9', 0.1666648078254919), ('Ywhab', 0.407204241656159), ('Rbm27', 0.2029582580371507), ('Abca1', 0.1499166004035815), ('Fbxl14', 0.1602598760544496), ('Slc38a9', 0.2186816303975281), ('Msl3', 1.482348924112163), ('Arid1a', 0.1557983310040858), ('Spred1', 0.1925781187084105), ('Psen2', 0.6559901167138031), ('Nlrx1', 0.1586933335719086), ('Mapkap1', 0.2197886843653748), ('Asap2', 0.2047579835413411), ('Samd4b', 0.2248536176162386), ('Vcl', 0.3054117775102042), ('Socs7', 0.2887541889821554), ('Edem1', 0.2160228446711866), ('Arhgap35', 0.5390791651690972), ('Cggbp1', 0.1867392584215681), ('Ppp6c', 0.2359159597392378), ('Notum', 0.5813007100460788), ('Vps13a', 0.2714457827689976), ('Rap1b', 0.4357882803525316), ('Scap', 0.1428314900499192), ('Scml2', 0.462241161746779), ('Tcf7l2', 0.1698830234935573), ('Rab5b', 0.2986258747195194), ('Ociad1', 0.1375813871026018), ('Dach1', 0.0711312387477251), ('Snrpb2', 0.6183794982906713), ('Plcb1', 0.1299591675897163), ('Gab2', 0.2104322010159121), ('Smim13', 1.332783942495878), ('Paip2b', 0.1369658047744095), ('Tub', 0.1202901030534658), ('Dnaja1', 0.5239869503436587), ('Abhd12', 0.523093650842994), ('Zfp1', 0.1993987576440116), ('Stim1', 0.2280624819124729), ('Itsn1', 0.1736523852812599), ('Etv5', 1.1905730466321485), ('Uso1', 0.2193584111704116), ('Hook3', 0.4424926131289624), ('Lysmd2', 0.3658837685688286), ('Btbd1', 0.3893140697331661), ('Glul', 1.749515923340067), ('Nfx1', 0.0163541214903131), ('Epha7', 0.0003694687628748), ('St3gal6', 0.0124043660023238), ('Rbm47', 0.3870661033640221), ('Znrf2', 0.207804033038049), ('Bnc2', 0.5753979882772401), ('Mtmr9', 0.2565274356666243), ('Mgat1', 0.2026374845863915), ('Sesn2', 0.2405075601365156), ('Slc8a3', 0.3420610202581381), ('Lrrc42', 0.3287330906178684), ('Zfp423', 0.4399153327016338), ('Itpripl2', 0.198421917723313), ('Repin1', 0.1960916307316837), ('Ctps2', 0.2268840015357991), ('Atxn3', 0.3285957558572291), ('Cux1', 0.2089231924155395), ('Pip5k1b', 0.3286945684603358), ('Rbp4', 0.1768700297317397), ('Snx3', 0.192845817285738), ('Arl14ep', 0.4152330016181705), ('Wfs1', 0.2569311793662905), ('Zfp422', 1.089673838562728), ('Zc3h13', 0.7472905427521886), ('Tmem183a', 0.1372427434277497), ('Gtf3c3', 0.0010103490190411), ('Ilf3', 0.0022500447900061), ('Snu13', 0.1896724325197824), ('Naa16', 0.2780849079892796), ('Kif5c', 0.6489673056013804), ('Smim8', 0.1015085180347709), ('Lingo1', 1.8605724917570317), ('Pomgnt2', 2.110905529314191), ('Cnot1', 0.3398084556441328), ('Sobp', 0.2236722458132473), ('Cds2', 0.6681564037564933), ('Porcn', 0.1015391679922136), ('Rab11fip3', 0.1835221384855987), ('Grk5', 0.3044816725457873), ('Arnt2', 0.1756019610745526), ('Dexi', 0.7963883089267425), ('Eya2', 0.198052414566162), ('Gpat4', 0.3309688367069845), ('Pi4ka', 0.9272149070721416), ('Sec23a', 0.5641822696508102), ('Pcdh19', 0.6549232728424695), ('Psmd4', 0.421032815789476), ('Etnk1', 0.4322895915794362), ('Iqsec1', 1.0477564991570856), ('Irf2bp2', 0.2198097681055115), ('Rbl2', 0.7659736500885699), ('Map2k1', 0.2561718340736363), ('Tm7sf3', 0.3963142949806769), ('Btrc', 0.1904188471777585), ('Dpy19l3', 1.3785443435502929), ('Ctnnd1', 0.1892084842110794), ('Pabpn1', 0.4180497336595738), ('Ptgfrn', 0.544494006569263), ('Melk', 0.1742298875969338), ('Gnl3l', 0.2661748919497045), ('Itm2a', 0.1271229743497809), ('Rab21', 0.6435707131767279), ('Pkn1', 0.1583932776767782), ('Fbxo10', 0.1618941602450084), ('Ctdsp2', 1.4367822483190105), ('Fbn1', 0.1280103152347183), ('Micall2', 0.3050467286512711), ('Dynlt1a', 0.5370402169067703), ('Twf1', 0.1660482776687026), ('Mapkapk2', 0.1937589910049261), ('Ank2', 0.3423544772975483), ('Lmtk2', 1.1715725380838502), ('Pcmt1', 1.1030512254876164), ('Fchsd2', 0.2205339757136099), ('Pdgfc', 0.2213341869929775), ('Hus1', 0.2253545034007178), ('Penk', 0.3113310722360691), ('Glud1', 0.1922969407489818), ('Ube2b', 1.8693430543235308), ('Sox13', 0.3472312955717396), ('Itga6', 0.8919986347087411), ('Tmod2', 1.0650536795991346), ('Mycbp2', 0.3855469627110103), ('Hpcal1', 0.2038080477036157), ('Cenpf', 0.2413655121625639), ('Ggcx', 1.457411554199339), ('Plcd1', 1.462889174025365), ('Fam53b', 0.0010958519991239), ('Shroom4', 0.5415154330623329), ('Ranbp3', 0.1521454255674679), ('Pknox1', 0.6962828129692034), ('Ppp2r5d', 0.0002210474310892), ('Fam129a', 0.6784886011550532), ('Hic2', 2.4965331635602805e-05), ('Nr2f1', 0.2597846724833444), ('Edem3', 0.3076987104396232), ('2810454H06Rik', 0.0959961991546204), ('4930549G23Rik', 0.1836580230665374), ('Hist1h1e', 0.2471251040408266), ('Mtus2', 0.202382291899766), ('Ipo8', 0.2078372591499413), ('Eif2ak3', 0.2164089978410339), ('Zfyve27', 0.3251544939764727), ('Map2k2', 0.2554561008215222), ('Dcaf10', 0.5380137893154756), ('Nfrkb', 0.2303187727704574), ('Katna1', 0.8639528714329231), ('Nxf1', 0.2910840049475134), ('Abat', 0.4542883644059592), ('Rab40c', 0.2394852639895115), ('Zfp821', 0.2072585741175256), ('Rab8a', 0.265709911279599), ('Rcan1', 0.916712828912726), ('Eftud2', 0.137537396270556), ('Trim41', 0.4142943290056886), ('Cldn7', 0.2494755056442067), ('Chsy1', 0.2596850709246939), ('Tpr', 0.2505952539244692), ('Pak3', 1.5693292482506418), ('Becn1', 0.2284584612010801), ('Zfyve1', 0.2113463085620082), ('Rbx1', 0.3974052065500902), ('Slc39a1', 0.7003057467675231), ('Gab3', 0.0784768140221393), ('Ldlrad2', 1.7295664420960737), ('Irak1bp1', 0.1620875466683983), ('Spidr', 0.2123159048740607), ('Wdr37', 0.8996360753326663), ('Srsf3', 0.5835251095844267), ('Kpna3', 0.1987677089977014), ('Tmem229b', 0.3241423605217492), ('Uba3', 0.1650905337336592), ('Ndufc1', 0.3739234686152308), ('Reck', 0.2258775325688515), ('Elf1', 0.139302273902034), ('1700029J07Rik', 0.1207520319434789), ('Lrrc40', 0.0184713143696623), ('Dcaf12l1', 3.6124360823843797e-10), ('Tnfaip8l3', 0.3133384637937078), ('Angel2', 0.0296875684658094), ('Kazald1', 0.1646044275281059), ('Bank1', 0.3257729786283615), ('Klhl26', 0.1709764166103275), ('A630089N07Rik', 0.1918712810725376), ('Eps8', 0.1504487630208058), ('Ppp2cb', 0.0899235070633938), ('Mrps6', 0.1957377280957266), ('Gramd1a', 0.3863883259079777)]",4752
