,core_23,full_44,condition,cell_type
AAACGAAAGGTTCCAT-1,0.9338791646468427,0.9682452322666097,Innervated,Stromal
AAACGAACATCGTTCC-1,0.9848476522972588,0.9967639859862655,Innervated,Tenogenic-progenitor
AAACGAATCTGGTGGC-1,0.8958387180987231,0.20835271006515949,Innervated,Stromal
AAACGCTCACAGCTGC-1,0.0729418605703994,0.14132543209209844,Innervated,TSPC
AAAGAACAGCATGATA-1,0.5553880100937221,0.1309148244107629,Innervated,Stromal
AAAGAACCAACATACC-1,0.17853231546417955,0.8006040904031012,Innervated,TSPC
AAAGGATAGTCAACAA-1,0.03038640246508605,0.01483947010637632,Innervated,Stromal
AAAGGATAGTTCCGTA-1,0.998267781489593,0.9985108137430546,Innervated,T-FAP
AAAGGATTCTAAGGAA-1,0.8337193152862006,0.9185664691646811,Innervated,Stromal
AAAGGGCAGCTTAAGA-1,0.9857628946172918,0.9605971377768994,Innervated,Stromal
AAAGGGCTCCGTAGGC-1,0.9999388834689263,0.9997700953865472,Innervated,T-FAP
AAAGGTAAGAATACAC-1,0.9573676102200749,0.9937242882462007,Innervated,Stromal
AAAGGTAAGGATGGCT-1,0.6312763398772847,0.9932156669919259,Innervated,Tenogenic-progenitor
AAAGGTACAACGAGGT-1,0.03865729925539532,0.013773661348850804,Innervated,TSPC
AAAGGTACACGGTAGA-1,0.024343465336706307,0.009224427404191327,Innervated,Stromal
AAAGTCCTCTTGCAGA-1,0.9879472623946401,0.9875691171115552,Innervated,Tenogenic-progenitor
AAATGGAAGTTACTCG-1,0.002033925237258537,0.00028776459148949424,Innervated,TSPC
AAATGGACATCCGCGA-1,0.6500082475004773,0.9522874932065498,Innervated,Stromal
AACAAAGAGTTTGTCG-1,0.9998134957235767,0.9993174961038415,Innervated,T-FAP
AACAAAGCAGGCGATA-1,0.8851268630984126,0.9603946191529852,Innervated,Stromal
AACAACCCAGCGTATT-1,0.9906740508059464,0.9924587883308618,Innervated,T-FAP
AACAACCTCTTTGCTA-1,0.9585996728604992,0.5287554812016539,Innervated,Stromal
AACAAGAAGCCACTCG-1,0.8902063163238443,0.993903912919295,Innervated,TSPC
AACAAGAAGGTCATTC-1,0.9281091133501876,0.9901583043205457,Innervated,Stromal
AACAAGACAGTAACCT-1,0.8349356178709315,0.6268958076653919,Innervated,Stromal
AACAAGAGTCGCACGT-1,0.006422861471244872,0.0003739994640378382,Innervated,TSPC
AACACACAGAGCAGAA-1,0.821849599182041,0.3877366332976885,Innervated,Stromal
AACACACTCCGAGATT-1,0.9999785498309816,0.9995001353170581,Innervated,T-FAP
AACAGGGGTCCGTTTC-1,0.5963525436095302,0.83330285946747,Innervated,TSPC
AACAGGGGTCGTTTCC-1,0.9948555169641475,0.9556361050017887,Innervated,Stromal
AACCAACAGCGATGAC-1,0.9988158184337786,0.9991437130618472,Innervated,Stromal
AACCAACAGTAGACCG-1,0.3027986095413245,0.16701372316363194,Innervated,TSPC
AACCAACGTGATACTC-1,0.8945506519912639,0.9591396361547387,Innervated,T-FAP
AACCACAGTAGATCCT-1,0.8866432988461871,0.8730536754468521,Innervated,Stromal
AACCACAGTGTGGTCC-1,0.35592460144552107,0.1937156350390475,Innervated,TSPC
AACCACAGTTCGAAGG-1,0.9915142759889113,0.8587501394349599,Innervated,Stromal
AACCACATCTTGGTGA-1,0.9997942251446568,0.9999947272802361,Innervated,T-FAP
AACCATGGTGTATACC-1,0.56516997456629,0.03221818972324603,Innervated,Stromal
AACCATGTCACCTTAT-1,0.999929649217721,0.999992396716982,Innervated,Stromal
AACCCAAAGGATGTTA-1,0.8434243767719183,0.7428086899615467,Innervated,TSPC
AACCCAACACGGTGAA-1,0.9717943059023909,0.003021617603757019,Innervated,Stromal
AACCCAACAGGAGGTT-1,0.991983966616595,0.992106207212438,Innervated,T-FAP
AACCCAACATACTGTG-1,0.971810814741642,0.8863394934378809,Innervated,Stromal
AACCCAATCCGGCAGT-1,0.9853949568828865,0.6960911907927968,Innervated,Stromal
AACCTGAGTGTCTAAC-1,0.8060999827265668,0.9580387403472796,Innervated,Stromal
AACCTTTCACCAGCCA-1,0.9538269884281968,0.9186358988801203,Innervated,Stromal
AACCTTTGTACGGATG-1,0.09362918164377006,0.15737745604335357,Innervated,TSPC
AACCTTTGTATCGTGT-1,0.9998541474218609,0.9999808591815696,Innervated,T-FAP
AACCTTTTCGCTCTAC-1,0.9998319459754539,0.9893070813178738,Innervated,T-FAP
AACGAAAAGGAGAGTA-1,0.7818294406366858,0.9366021749677309,Innervated,T-FAP
AACGAAAGTTAGGCCC-1,0.9997534693761891,0.9919339459089332,Innervated,T-FAP
AACGGGAAGCAGTACG-1,0.9968029187691924,0.9998311869255724,Innervated,T-FAP
AACGTCAAGATAGTCA-1,0.2772995210479428,0.4462567464134766,Innervated,Stromal
AACGTCAAGTATAACG-1,0.9979789367263999,0.9993167742614442,Innervated,Tenogenic-progenitor
AACGTCACAACCTATG-1,0.9976501838166294,0.8532323981533949,Innervated,Tenogenic-progenitor
AACGTCAGTCAGTCCG-1,0.999992846911131,0.9999987433668156,Innervated,T-FAP
AAGAACAAGTTCGCAT-1,0.9953767975789035,0.9918422244688054,Innervated,Tenogenic-progenitor
AAGAACACACTGCGAC-1,0.9960367067825731,0.9867858696152032,Innervated,Stromal
AAGAACATCGCTAGCG-1,0.9999133245523042,0.9997846653746972,Innervated,Stromal
AAGAACATCTCCATAT-1,0.13310144093279003,0.02583594340603131,Innervated,TSPC
AAGACAAGTGCAACGA-1,0.817307752046105,0.8717420014277415,Innervated,Stromal
AAGACAAGTTGGACCC-1,0.4336628531610712,0.9762198962720932,Innervated,TSPC
AAGACAAGTTGGCTAT-1,0.48371779376899743,0.42196313700853233,Innervated,Stromal
AAGACAATCCCGTGAG-1,0.879624686540014,0.8195647378470227,Innervated,Tenogenic-progenitor
AAGATAGCACTGTCCT-1,0.9997093473483885,0.9987159394669215,Innervated,T-FAP
AAGATAGGTACCAGAG-1,0.9540475736668876,0.996788089873269,Innervated,Stromal
AAGATAGGTATCGTTG-1,0.000329885951247358,9.098404689560812e-06,Innervated,TSPC
AAGCATCAGAATCCCT-1,0.9999207597189396,0.9998964434236398,Innervated,T-FAP
AAGCATCGTAGAGCTG-1,0.9994482342869992,0.9991260863438713,Innervated,T-FAP
AAGCCATGTTTCTATC-1,0.9983984185456507,0.9999860950863515,Innervated,T-FAP
AAGCCATTCAGCGTCG-1,0.9767619998829296,0.9716439909255952,Innervated,Stromal
AAGCGAGAGGTAAACT-1,0.9623377245144332,0.9990732301924476,Innervated,Stromal
AAGCGAGGTGGAACCA-1,0.051635292958359995,0.045387562804256855,Innervated,TSPC
AAGCGAGTCCGCGGAT-1,0.2526502017733306,0.022738741709810127,Innervated,TSPC
AAGCGAGTCGGTGTAT-1,0.9900450759951063,0.9661857753260727,Innervated,Stromal
AAGCGTTTCTGACAGT-1,0.5785126896350057,0.966701239514542,Innervated,Tenogenic-progenitor
AAGGAATCAGCGCTTG-1,0.9067818755172458,0.9951789209194251,Innervated,Tenogenic-progenitor
AAGGAATGTCGAGATG-1,0.9258734638001236,0.8948624324449994,Innervated,Stromal
AAGGTAAGTAGGCAAC-1,0.9312661864145185,0.7978037598412134,Innervated,Stromal
AAGGTAAGTTAATGAG-1,0.9998835515020477,0.9998209734031275,Innervated,T-FAP
AAGGTAAGTTCCGCAG-1,0.4043148933758262,0.10904093370726503,Innervated,TSPC
AAGGTAATCGTAACCA-1,0.15106945852400216,0.16562429964672773,Innervated,Stromal
AAGTACCAGCCTCACG-1,0.9998234317391628,0.9995717445963065,Innervated,T-FAP
AAGTACCGTGCATCTA-1,0.9996835601673294,0.9994680421434751,Innervated,Tenogenic-progenitor
AAGTACCGTTCTTAGG-1,0.04475152138623764,0.023791445603421026,Innervated,Stromal
AAGTCGTGTACAGTCT-1,0.9994652505604853,0.9976401208875263,Innervated,T-FAP
AAGTGAAAGGTCGACA-1,0.09921265089354381,0.05442731883476541,Innervated,TSPC
AAGTGAATCCCAGTGG-1,0.931838508262957,0.9822080947255133,Innervated,Stromal
AAGTTCGTCGAGCCAC-1,0.9465894999553555,0.9952337894385249,Innervated,TSPC
AATAGAGTCTCGTCAC-1,0.9998116725288648,0.9998376948165424,Innervated,T-FAP
AATCACGGTAAGCAAT-1,0.019864688368923893,0.0004020678519637263,Innervated,TSPC
AATCACGTCACTCCGT-1,0.0014625587435816614,0.014736130647330677,Innervated,Stromal
AATCGACTCACCTTGC-1,0.9485870775084528,0.993727399148299,Innervated,TSPC
AATCGTGGTGATTAGA-1,0.9859871585152542,0.9946964445777686,Innervated,Tenogenic-progenitor
AATCGTGTCACACCCT-1,0.9681404659285994,0.9980994121474598,Innervated,Stromal
AATGAAGCATCCGGCA-1,0.9856004152752482,0.999176412096583,Innervated,T-FAP
AATGAAGGTAGGTTTC-1,0.9955441452662138,0.9997560682522072,Innervated,Tenogenic-progenitor
AATGAAGGTATCCTTT-1,0.03936336130606382,0.012920872731827751,Innervated,TSPC
AATGACCGTGTCTCCT-1,0.9596942715339681,0.7987817795590205,Innervated,Stromal
AATGCCAGTCTGTAAC-1,0.4967836348583476,0.4162349735382773,Innervated,TSPC
AATGCCATCAGACCCG-1,0.9914039417358506,0.9662916125786484,Innervated,Tenogenic-progenitor
AATGCCATCCATCACC-1,0.9999995819421326,0.9999983722711557,Innervated,T-FAP
AATGGAAAGGATTTAG-1,0.8508978616757971,0.29598782044615773,Innervated,Stromal
AATGGAACAATTTCCT-1,0.2175018062683465,0.11857182511221187,Innervated,TSPC
AATGGCTAGAAACCAT-1,0.7586076862675855,0.19624705702617973,Innervated,Stromal
AATGGCTGTGGCTTAT-1,0.9788362682273652,0.9445303893312912,Innervated,Stromal
AATGGCTTCCGGCAGT-1,0.4423695117976667,0.045633749405258196,Innervated,Stromal
AATTCCTAGCAACAAT-1,0.9939543223091305,0.9939997575206481,Innervated,Stromal
AATTCCTCATTGTCGA-1,0.9350250729969807,0.9991182079790231,Innervated,Tenogenic-progenitor
AATTCCTTCCACGTAA-1,0.9998320848161154,0.9963165253239379,Innervated,Stromal
AATTCCTTCCGATAAC-1,0.9990288664607708,0.9958076522820497,Innervated,Stromal
AATTTCCGTTGTTTGG-1,0.9999708652786419,0.9999806138921032,Innervated,T-FAP
ACAAAGAAGAGCATCG-1,0.8902031508454616,0.9267665495748123,Innervated,Stromal
ACAAAGACAGCTGAGA-1,0.9511945977719856,0.9932528562412197,Innervated,Tenogenic-progenitor
ACAAAGACATGAGGGT-1,0.9501794854947623,0.46302026584636136,Innervated,Stromal
ACAAAGAGTAGACAAT-1,0.8557014520008229,0.8122845581755411,Innervated,Stromal
ACAAAGAGTGAACTAA-1,0.013205362423793733,0.001613625904013615,Innervated,TSPC
ACAAAGATCAGGACGA-1,0.9902331240360338,0.9945224648643787,Innervated,T-FAP
ACAACCAAGGCACTAG-1,0.5805752884478674,0.7420401851429387,Innervated,Stromal
ACAAGCTAGCTCCACG-1,0.9610363896788786,0.8808140018248445,Innervated,Tenogenic-progenitor
ACAAGCTCATCTCGTC-1,0.9998859526292695,0.9998042049813641,Innervated,T-FAP
ACAAGCTTCATAGGCT-1,0.2157769540483435,0.16733710240842295,Innervated,Tenogenic-progenitor
ACAAGCTTCATCGGGC-1,0.9007221891449078,0.7159176870235572,Innervated,Stromal
ACACAGTAGCAATTCC-1,0.05966548508597424,0.03993912232538307,Innervated,Stromal
ACACAGTCAGGAATCG-1,0.9931838379473691,0.9902318670964635,Innervated,T-FAP
ACACCAAGTGATTGGG-1,0.9987780055774734,0.9985186918687141,Innervated,Stromal
ACACCAAGTTACTCAG-1,0.21478245469715493,0.005133620899685164,Innervated,Stromal
ACACGCGCACGCGTGT-1,0.15085389004503713,0.08013323902283338,Innervated,TSPC
ACACGCGCACTGGATT-1,0.9998822132025622,0.999911340891057,Innervated,T-FAP
ACACGCGTCATGACAC-1,0.019270244015774637,0.0008292800923220701,Innervated,Stromal
ACACGCGTCGCACGAC-1,0.11802860222360319,0.3371268423190747,Innervated,TSPC
ACACTGAAGACATATG-1,0.09297250435671706,0.260615191005967,Innervated,Stromal
ACACTGAAGAGGGTCT-1,0.9999960604412544,0.9999997968869629,Innervated,T-FAP
ACACTGAAGCATCGAG-1,0.008374038010296608,0.0003962543790018455,Innervated,TSPC
ACACTGACAACCTAAC-1,0.9998310700545107,0.9997788302319579,Innervated,T-FAP
ACACTGAGTTATTCTC-1,0.9926271248992553,0.9957751537804262,Innervated,Tenogenic-progenitor
ACAGAAACACTCTCGT-1,0.9999866329630219,0.9999966329820037,Innervated,T-FAP
ACAGAAAGTACGTGAG-1,0.7697452618770162,0.14894036207533387,Innervated,Tenogenic-progenitor
ACAGAAATCTGGGCCA-1,0.9984795898048869,0.9998252453033534,Innervated,T-FAP
ACAGCCGCACTTTAGG-1,0.998871010187329,0.9997899540390606,Innervated,Stromal
ACAGGGAAGTCGAGGT-1,0.9997696567832536,0.9994457694153025,Innervated,Stromal
ACAGGGAGTAAGGTCG-1,0.9999772916177594,0.9999992974395051,Innervated,T-FAP
ACATCCCCACCCTAAA-1,0.009474812576803295,0.012876473396961506,Innervated,TSPC
ACATCGACATATGCGT-1,0.2575209970151666,0.23670635193160663,Innervated,TSPC
ACATCGACATCATTTC-1,0.998361156890917,0.99881024848224,Innervated,T-FAP
ACATGCATCTCGGCTT-1,0.5036149365972369,0.10397243267102188,Innervated,Stromal
ACATTTCAGTACCATC-1,0.6119350403283738,0.4474419757179811,Innervated,Stromal
ACATTTCCACCCAATA-1,0.9999654370889008,0.9999943307806137,Innervated,T-FAP
ACATTTCGTCCAGCGT-1,0.9839268856384846,0.9654014923894507,Innervated,T-FAP
ACATTTCGTGGGATTG-1,0.1039263909974031,0.034221123738889546,Innervated,Stromal
ACCAAACCAATACCTG-1,0.0016438413677434623,0.0006031384500260505,Innervated,Stromal
ACCAAACCACAAAGTA-1,0.7973255682110799,0.8886786414427136,Innervated,TSPC
ACCAAACCATCCGAGC-1,0.05614347306550633,0.13458013829666712,Innervated,TSPC
ACCAACACACATTGTG-1,0.6791213347605795,0.8544210742493098,Innervated,Stromal
ACCAACAGTTGACGGA-1,0.9985596038731074,0.9074261138055452,Innervated,Stromal
ACCAACATCCGTTGGG-1,0.9997799560108908,0.9985223837975862,Innervated,T-FAP
ACCAACATCGTTGTGA-1,0.5676852208904075,0.7962935468339617,Innervated,TSPC
ACCACAACATGTGCCG-1,0.999556490506366,0.9999277572007903,Innervated,T-FAP
ACCATTTCATCCGCGA-1,0.9999842211977231,0.9999737921120643,Innervated,T-FAP
ACCATTTGTATTTCCT-1,0.9984153169135195,0.9954439021599013,Innervated,Stromal
ACCATTTGTGGACAGT-1,0.9884879340522076,0.9787678122309127,Innervated,Stromal
ACCCAAAAGGGCTGAT-1,0.9997469137953848,0.9999767628281748,Innervated,Stromal
ACCCTCAGTGCCCACA-1,0.9996165707066528,0.9999580253045419,Innervated,T-FAP
ACCCTTGCAACCGTGC-1,0.9998525254919387,0.9999800083548529,Innervated,T-FAP
ACCCTTGCACTCGATA-1,0.9853036709943832,0.992795958616622,Innervated,Tenogenic-progenitor
ACCCTTGTCACCATCC-1,0.9998595833717585,0.9998764559202628,Innervated,T-FAP
ACCCTTGTCAGACAAA-1,0.06088629713790448,0.009271300432778178,Innervated,TSPC
ACCGTTCCAGACACCC-1,0.9509081590716235,0.9880050447347708,Innervated,Stromal
ACCGTTCTCTCACGAA-1,0.9994167875062787,0.9514802554682159,Innervated,Stromal
ACCTACCAGCTACAAA-1,0.9929766577366758,0.9952276095021778,Innervated,Stromal
ACCTACCCATCGAACT-1,0.684799609708996,0.16487722577727582,Innervated,Tenogenic-progenitor
ACCTGAACAGGGATAC-1,0.9369722099533201,0.9643354609850541,Innervated,Stromal
ACCTGTCAGACTGAGC-1,0.9661874317720298,0.8394376141303517,Innervated,Stromal
ACCTGTCAGCCGAACA-1,0.020020651293641657,0.0023162830029879455,Innervated,TSPC
ACGATCACATCCCACT-1,0.7332853363479674,0.8897356274100908,Innervated,Tenogenic-progenitor
ACGATGTTCGATACGT-1,0.25805882932245255,0.12463051888011609,Innervated,Stromal
ACGCACGCACAGCGCT-1,0.6067197746803412,0.45223585982814585,Innervated,Tenogenic-progenitor
ACGCACGCAGGAATAT-1,0.9472026991294876,0.7435438318511517,Innervated,Tenogenic-progenitor
ACGGGTCAGAAACTGT-1,0.736007613628311,0.7401461404935452,Innervated,Stromal
ACGGGTCGTAGCTCGC-1,0.9660420158938381,0.9415746364128247,Innervated,Stromal
ACGGGTCTCTGGCCGA-1,0.8955027505264702,0.9121758174180414,Innervated,Tenogenic-progenitor
ACGGTCGAGTCAGCGA-1,0.9091848855278114,0.988002152293442,Innervated,Stromal
ACGTAACCAACAGCTT-1,0.9997545406852759,0.999681853284026,Innervated,T-FAP
ACGTACACACATGAAA-1,0.9883479508419697,0.9533484455255791,Innervated,Tenogenic-progenitor
ACGTACAGTTGCATTG-1,0.6395908699899,0.3689937851941573,Innervated,TSPC
ACGTACATCCGTTGAA-1,0.9992196832038003,0.9999036248986831,Innervated,Stromal
ACGTAGTAGGATCATA-1,0.9747384129567059,0.5733826024808152,Innervated,Tenogenic-progenitor
ACGTAGTGTCCGATCG-1,0.9849185784780996,0.9961806393897551,Innervated,Tenogenic-progenitor
ACGTAGTTCGAAGTGG-1,0.9999780653835794,0.9999879625189113,Innervated,T-FAP
ACGTCCTAGACCATGG-1,0.9652663511488333,0.7307272329672612,Innervated,T-FAP
ACGTCCTAGCCGAATG-1,0.7891105631540678,0.711693047984615,Innervated,Tenogenic-progenitor
ACGTCCTAGGTTCATC-1,0.9996767264361895,0.9982874583576058,Innervated,T-FAP
ACGTCCTTCCCAGTGG-1,0.9633085516095456,0.9225655472723214,Innervated,Tenogenic-progenitor
ACGTTCCAGTGCACCC-1,0.8164826080384933,0.950769742993236,Innervated,Tenogenic-progenitor
ACGTTCCGTGAGTGAC-1,0.03303775865450745,0.03652889080888523,Innervated,TSPC
ACGTTCCGTTGTGGCC-1,0.7217183938829406,0.046521062316471073,Innervated,Stromal
ACGTTCCTCAAGCGTT-1,0.9995325919362337,0.998155081784462,Innervated,T-FAP
ACTATCTAGTCCCAAT-1,0.01819890213468869,0.004722074525008563,Innervated,TSPC
ACTATCTCAGTTGCGC-1,0.42942956856647746,0.0855795636345649,Innervated,Stromal
ACTATGGAGAGATCGC-1,0.0625504151111722,0.006915181195415913,Innervated,TSPC
ACTATGGGTCGGTGAA-1,0.29467485969512186,0.17908372214442847,Innervated,Stromal
ACTATGGGTGGTTTGT-1,0.9616622704482269,0.789878264798741,Innervated,T-FAP
ACTATTCGTACTAACC-1,0.8290905556310569,0.6033802681990739,Innervated,Tenogenic-progenitor
ACTATTCTCCCATTCG-1,0.24130496421103292,0.1853068866602279,Innervated,TSPC
ACTCCCAAGCTCGTGC-1,0.9897594634274942,0.9954207202318605,Innervated,T-FAP
ACTCTCGAGCCTTTCC-1,0.32473666991233785,0.23805906128066476,Innervated,TSPC
ACTCTCGGTGAGAGGG-1,0.05006159474324081,0.09528262198667321,Innervated,TSPC
ACTCTCGGTGATACAA-1,0.9999778557360439,0.9999975414180197,Innervated,T-FAP
ACTGCAAAGGTAGCCA-1,0.8961313186287824,0.9101253063666791,Innervated,T-FAP
ACTGCAACATGGGCAA-1,0.9862512119356395,0.9880803229546568,Innervated,Stromal
ACTGCAAGTGTTGATC-1,0.9030085274246544,0.834709090684879,Innervated,Stromal
ACTGCAATCCGTGTAA-1,0.9891399038204794,0.643135436165961,Innervated,T-FAP
ACTGTCCGTCGCACGT-1,0.8196622186267412,0.8574933849710598,Innervated,Tenogenic-progenitor
ACTTAGGAGACGCAGT-1,0.05356875165663796,0.000729085631599518,Innervated,TSPC
ACTTAGGAGAGCTGCA-1,0.7197704826933076,0.06148206713698774,Innervated,Tenogenic-progenitor
ACTTATCGTGGCTAGA-1,0.02761666523631481,0.005828612599287632,Innervated,Stromal
ACTTATCGTTATCCAG-1,0.9998652091699662,0.9999918441143458,Innervated,Tenogenic-progenitor
ACTTATCTCTGAGATC-1,0.026698273395696154,0.009552253099548949,Innervated,TSPC
ACTTCCGAGAGCCGTA-1,0.940657680288331,0.9504236984423347,Innervated,Stromal
ACTTCCGAGCGACTGA-1,0.9535345308759137,0.9973483885141404,Innervated,Stromal
ACTTCCGAGCTTCATG-1,0.9998009645988288,0.9962396836536915,Innervated,T-FAP
ACTTCCGCAGAGAATT-1,0.9704980126677054,0.8070172934983886,Innervated,Stromal
ACTTCCGCATTGCTTT-1,0.9996538592503016,0.9984257275190163,Innervated,T-FAP
ACTTCGCAGAAACCCG-1,0.18091531870796268,0.1763285388903834,Innervated,TSPC
ACTTCGCAGCCATCCG-1,0.06520072424048466,0.09797607300279959,Innervated,Stromal
ACTTTCAAGATGCGAC-1,0.004547805482099721,0.0006935586188763996,Innervated,TSPC
ACTTTCACATATGAAG-1,0.7358291000742334,0.8063161825707795,Innervated,Tenogenic-progenitor
ACTTTCAGTGTCCGTG-1,0.9839818104583374,0.9907290178848605,Innervated,Stromal
ACTTTCATCGGAATGG-1,0.7039266656508313,0.018197193920070926,Innervated,Stromal
ACTTTCATCTTAGTTC-1,0.9996410311627446,0.9994908719763962,Innervated,Stromal
ACTTTGTAGTTAGTAG-1,0.6964847887614009,0.5580524809065931,Innervated,Stromal
ACTTTGTCACCGGTCA-1,0.9966486858513611,0.9990085893237428,Innervated,Stromal
ACTTTGTCATTGTCGA-1,0.11886698725753242,0.016144395099688295,Innervated,Stromal
ACTTTGTTCGCTCCTA-1,0.9333981571848547,0.9937706124981586,Innervated,Tenogenic-progenitor
ACTTTGTTCTACTATC-1,0.6561417064732992,0.9063455715949861,Innervated,Tenogenic-progenitor
AGAAATGAGCGTATGG-1,0.9735743210611885,0.2165107647114879,Innervated,Stromal
AGAAATGGTGGCTACC-1,0.12414399750979456,0.011041407256948516,Innervated,Stromal
AGAAATGGTTTACGAC-1,0.9474753122373722,0.38909740717444474,Innervated,Stromal
AGAACCTAGATCACCT-1,0.9961054680831221,0.9987742328207156,Innervated,Tenogenic-progenitor
AGAACCTAGCAGGCAT-1,0.9999323308968123,0.9998011871530809,Innervated,T-FAP
AGAACCTGTTCGGTAT-1,0.5192111443402487,0.8430429804135381,Innervated,Tenogenic-progenitor
AGAACCTTCGCTCTAC-1,0.5255040802532313,0.48755132491744635,Innervated,Stromal
AGAACCTTCGTCGATA-1,0.002271675244259768,0.00045835934303587144,Innervated,TSPC
AGAAGCGCAGTTCTAG-1,0.8201535653544807,0.588771908142387,Innervated,Tenogenic-progenitor
AGAAGCGTCGAGCCTG-1,0.8994630548678644,0.9972276840704712,Innervated,Stromal
AGAAGTAAGCCTCGTG-1,0.9962729884586399,0.9954050226257263,Innervated,Stromal
AGAAGTACACCCAAGC-1,0.05092502192386463,0.8294501828631444,Innervated,Stromal
AGAAGTAGTCAGTTTG-1,0.06964046571799412,0.28062605773579513,Innervated,TSPC
AGACAAAAGCTGTGCC-1,0.04004249860406087,0.0012812164906682642,Innervated,TSPC
AGACAAAAGTAGTCCT-1,0.9963730346573622,0.9590662810785512,Innervated,Tenogenic-progenitor
AGACAAAGTGGTTTGT-1,0.9961323798765972,0.9940609907046215,Innervated,Stromal
AGACAAATCTAAACGC-1,0.18381017274880926,0.014430482635428786,Innervated,TSPC
AGACACTTCCATTGTT-1,0.9999835535344178,0.9997985804616158,Innervated,T-FAP
AGACAGGAGTCTAGAA-1,0.888500843408075,0.9023664899009723,Innervated,TSPC
AGACAGGGTCCAGCAC-1,0.9813929816601547,0.9867717315598966,Innervated,Stromal
AGACAGGTCCTTCGAC-1,0.8743570581367462,0.15143549701175052,Innervated,Stromal
AGACCATGTGTTCAGT-1,0.13885579730743058,0.5566584720703364,Innervated,Stromal
AGACCCGGTATATGGA-1,0.8529104049428463,0.615298443628475,Innervated,Stromal
AGACCCGTCAGGAACG-1,0.9270543218227929,0.9558074955178635,Innervated,Tenogenic-progenitor
AGACTCAAGACTGGGT-1,0.9897760103699602,0.9822932472006577,Innervated,T-FAP
AGACTCAGTGGTCTGC-1,0.7096522450132432,0.7878027860437207,Innervated,Tenogenic-progenitor
AGAGAATGTCCGGCAT-1,0.14560536838879495,0.010765902225990383,Innervated,Stromal
AGAGAGCCAAATTGGA-1,0.01788294514196863,0.0027078024000473694,Innervated,Tenogenic-progenitor
AGAGAGCCACTAGGTT-1,0.4935320538109391,0.5692646119277318,Innervated,Stromal
AGAGAGCCATAATGCC-1,0.09130174354339834,0.32279283413708504,Innervated,TSPC
AGAGCAGGTAAGTAGT-1,0.9897393009181845,0.9265742457274206,Innervated,Tenogenic-progenitor
AGAGCCCAGTTCATGC-1,0.9980648112512768,0.9991861025904708,Innervated,T-FAP
AGAGCCCCAAATTGGA-1,0.8350141302957056,0.08214824770177837,Innervated,T-FAP
AGATAGACAAACGGCA-1,0.9940491844656554,0.9966013716060792,Innervated,Stromal
AGATAGACACCAGTAT-1,0.04643100742984118,0.006665171309976816,Innervated,TSPC
AGATGAAAGCTAGAGC-1,0.5834478717656816,0.8358639741395805,Innervated,TSPC
AGATGAAGTAACGGTG-1,0.9607309325388534,0.9014347802970111,Innervated,Tenogenic-progenitor
AGATGAAGTAGTCTTG-1,0.8945101104768929,0.5243476881444078,Innervated,Stromal
AGATGAAGTGTATTCG-1,0.3898488827795398,0.3884884758476728,Innervated,Tenogenic-progenitor
AGCATCAGTTTCGGCG-1,0.4665249117800189,0.8567591255718083,Innervated,TSPC
AGCCACGAGTCGCCCA-1,0.9341999883235226,0.6219940074035364,Innervated,Tenogenic-progenitor
AGCCACGCAGGTCTCG-1,0.9995970810806469,0.9999782893834309,Innervated,T-FAP
AGCCACGTCGTTGTAG-1,0.9991503159128214,0.9912689350772225,Innervated,Tenogenic-progenitor
AGCCACGTCTCTGCTG-1,0.9372346953861153,0.9837029488580751,Innervated,Stromal
AGCCAGCGTTCAAACC-1,0.9760965572294803,0.9909996308169373,Innervated,Stromal
AGCGATTCACTGTCCT-1,0.9974029407666554,0.9918682426020375,Innervated,T-FAP
AGCGCCACACATAGCT-1,0.9822384445039226,0.9962345087093659,Innervated,Tenogenic-progenitor
AGCGCCAGTTTCGTGA-1,0.9919949606170003,0.9883410421757637,Innervated,Stromal
AGCGCTGCACATCCCT-1,0.9999801917699694,0.9999645347370606,Innervated,T-FAP
AGCGCTGCACTCAAGT-1,0.1039244573528575,0.15503593274114194,Innervated,TSPC
AGCGCTGCATGTCTAG-1,0.036626880935388566,0.02071941622658805,Innervated,Stromal
AGCGCTGCATTGCCGG-1,0.3171112847538106,0.001865745586865189,Innervated,Stromal
AGCGCTGTCGGAACTT-1,0.9999483674028313,0.9999817869946149,Innervated,Stromal
AGCGTATAGGCTCTCG-1,0.9995830791899885,0.9999745632622549,Innervated,Tenogenic-progenitor
AGCGTATGTATCTCGA-1,0.9429678936617713,0.4165760916186797,Innervated,Stromal
AGCGTATGTGCAACGA-1,0.6849188247137566,0.9288367895201681,Innervated,Tenogenic-progenitor
AGCTACAAGCCTTTGA-1,0.9957933201042617,0.9994901524793597,Innervated,Stromal
AGCTACACATGGAACG-1,0.9998197205456041,0.9998450783571822,Innervated,T-FAP
AGCTACAGTATCCTTT-1,0.9167781300515503,0.08363167279212232,Innervated,Stromal
AGCTCAACAATGAACA-1,0.07970190886331069,0.04470963966538802,Innervated,TSPC
AGCTCAAGTCGTGTTA-1,0.9354273887794757,0.742207604850212,Innervated,Stromal
AGCTTCCCATCTGCGG-1,0.9986576600749468,0.9991152899642612,Innervated,T-FAP
AGGAAATGTATGGGAC-1,0.5523307384051921,0.42480901016802325,Innervated,Stromal
AGGAATAAGGACTTCT-1,0.9949853332790595,0.9987178888257314,Innervated,T-FAP
AGGAATACAAACCATC-1,0.9999662732226327,0.9999933759499108,Innervated,T-FAP
AGGAATACACCAGCGT-1,0.32537133416744163,0.7724272554132261,Innervated,TSPC
AGGAATAGTAGGAAAG-1,0.009531114323604938,0.0031804184687321112,Innervated,TSPC
AGGACGATCGCCAGTG-1,0.9999893274906436,0.9999941372529387,Innervated,T-FAP
AGGACTTAGCATCAAA-1,0.9979026186213231,0.9998937108023156,Innervated,Stromal
AGGAGGTAGCACACCC-1,0.9845681966131561,0.9916544932269088,Innervated,Stromal
AGGAGGTAGTCTAGCT-1,0.08834006392453349,0.04976122702658093,Innervated,Stromal
AGGAGGTTCGGTCTAA-1,0.1145161212656975,0.12478115331731522,Innervated,TSPC
AGGATAACAAGAGTGC-1,0.9991998235778806,0.9971279983361975,Innervated,Stromal
AGGATAAGTCTGGTTA-1,0.08675186711010317,0.00242269055909978,Innervated,TSPC
AGGATAATCACCCATC-1,0.9898993975852678,0.9946380256642764,Innervated,Stromal
AGGCATTAGCCTGAAG-1,0.9277737483503256,0.8739968000437911,Innervated,Tenogenic-progenitor
AGGCATTCATGTCTAG-1,0.933038378189849,0.9980857118140162,Innervated,Stromal
AGGCATTTCTTTGATC-1,0.9902219282322506,0.9997784640728691,Innervated,T-FAP
AGGCCACTCCTCTTTC-1,0.9703387669583838,0.9673622132698824,Innervated,Stromal
AGGCTGCCAATGTCTG-1,0.9997526019278835,0.9994584770449924,Innervated,Stromal
AGGCTGCTCCCGAACG-1,0.6684009265414618,0.6401171925701111,Innervated,Tenogenic-progenitor
AGGCTGCTCGTCCTCA-1,0.9778943882655767,0.9807502094333136,Innervated,TSPC
AGGGAGTGTTGGACTT-1,0.4473867709855121,0.11743316552944383,Innervated,Tenogenic-progenitor
AGGGCCTCAGACCATT-1,0.9999902676754898,0.9999991828017621,Innervated,T-FAP
AGGGCCTCATATTCGG-1,0.9911851268429852,0.9824928488084222,Innervated,T-FAP
AGGGCCTTCGTCTAAG-1,0.9805372651602163,0.895907953540805,Innervated,Stromal
AGGGCCTTCTCGAGTA-1,0.6579615274819657,0.3191608442482773,Innervated,T-FAP
AGGGCTCAGTCTAACC-1,0.999875729284308,0.9999833554224762,Innervated,T-FAP
AGGGCTCCAATAGGAT-1,0.99873683802959,0.9984802299950252,Innervated,T-FAP
AGGGTCCAGGTCATCT-1,0.9999151684969155,0.9999898686335926,Innervated,T-FAP
AGGGTCCGTTACGTAC-1,0.9905957560098031,0.9942268224266022,Innervated,Tenogenic-progenitor
AGGGTGAGTTCGCGTG-1,0.9122287467188112,0.47022325573648616,Innervated,Stromal
AGGGTTTTCTGTCGCT-1,0.03153087129984944,0.045491063029729176,Innervated,TSPC
AGGTCATGTGGTCTAT-1,0.9992321441162295,0.9962403336445184,Innervated,T-FAP
AGGTCTAGTGGCAACA-1,0.21223676993186022,0.00886613790365149,Innervated,Stromal
AGGTCTAGTGTACGCC-1,0.9999607437275477,0.9999947951150692,Innervated,T-FAP
AGGTGTTTCTTCCCAG-1,0.9988966657249906,0.9990400993629481,Innervated,Tenogenic-progenitor
AGGTTACCAGTTGAAA-1,0.006391083158031533,0.003618011684997093,Innervated,TSPC
AGGTTACTCACGATCA-1,0.7186870789523495,0.7076701955544674,Innervated,Stromal
AGGTTACTCGGAAGGT-1,0.8376735941771289,0.9770503036492878,Innervated,Tenogenic-progenitor
AGGTTGTAGGCACTCC-1,0.9729919109887475,0.9931410659643929,Innervated,Stromal
AGGTTGTCATCTTCGC-1,0.9960606846443303,0.9429558685559953,Innervated,Tenogenic-progenitor
AGTAACCAGACAGTCG-1,0.041723465337656945,0.020397000555064167,Innervated,TSPC
AGTAACCAGCCATCCG-1,0.7926840565242006,0.943068426898112,Innervated,Stromal
AGTAACCGTACGGCAA-1,0.4575623466528155,0.6820758385797091,Innervated,Tenogenic-progenitor
AGTACCAAGCACGGAT-1,0.4955543466323731,0.49428398115135125,Innervated,T-FAP
AGTACCACAACCGTAT-1,0.9999909954946917,0.9999949549622387,Innervated,T-FAP
AGTACTGAGATGAATC-1,0.7022324209437791,0.7189745776397471,Innervated,Stromal
AGTACTGAGATTGCGG-1,0.03158908983736874,0.001953303584416193,Innervated,TSPC
AGTACTGCATTCACAG-1,0.30888979564539043,0.9452055861815174,Innervated,TSPC
AGTACTGTCAAAGACA-1,0.8315257012643721,0.6106598253091745,Innervated,Stromal
AGTAGCTAGGAACTAT-1,0.9997656214632276,0.9999519475396018,Innervated,Stromal
AGTAGCTCAATCGTCA-1,0.9910528361729515,0.9983611140943027,Innervated,T-FAP
AGTAGCTCAGAATTCC-1,0.9986800211295899,0.9993780762943179,Innervated,T-FAP
AGTAGTCCAAAGGCTG-1,0.0020676329195418006,0.00031509631430109183,Innervated,TSPC
AGTAGTCTCGAGATGG-1,0.9794967577494458,0.994076443365926,Innervated,T-FAP
AGTCAACGTGTATACC-1,0.9997555332836944,0.9947748546480649,Innervated,T-FAP
AGTCACAAGGGACCAT-1,0.9987079282374708,0.9971190537456455,Innervated,T-FAP
AGTCACACATCGATCA-1,0.6601564871928775,0.6505326717510903,Innervated,Stromal
AGTCACATCTACGGGC-1,0.9981458403941187,0.9999646724343434,Innervated,T-FAP
AGTCACATCTAGCCAA-1,0.9995561196070862,0.9965079062242822,Innervated,T-FAP
AGTCATGCAATTTCGG-1,0.8963744835795476,0.6359651250893162,Innervated,Stromal
AGTCATGGTGGACAGT-1,0.5918445398304496,0.8902356732857933,Innervated,Tenogenic-progenitor
AGTCTCCCAACGACAG-1,0.5885360939369279,0.22936789914679623,Innervated,Tenogenic-progenitor
AGTGACTAGGCATTTC-1,0.6638150117789354,0.9190875948537002,Innervated,TSPC
AGTGACTGTGACTGAG-1,0.9991634322331345,0.9996263437294203,Innervated,Tenogenic-progenitor
AGTGACTGTGCGACAA-1,0.9446559018049423,0.8995307622334457,Innervated,T-FAP
AGTGATCAGGACTGGT-1,0.9999862206879736,0.9989330782576944,Innervated,T-FAP
AGTGATCTCAACTGAC-1,0.9999663513107596,0.9999984137746721,Innervated,T-FAP
AGTGCCGGTCACAGTT-1,0.9998814805765384,0.9999505392215001,Innervated,Stromal
AGTGCCGGTGAGAACC-1,0.9923858437090759,0.9945697728195383,Innervated,Tenogenic-progenitor
AGTGCCGGTTGCAAGG-1,0.7602865657694353,0.7462244341732787,Innervated,Stromal
AGTGCCGTCTGGCTGG-1,0.9998673289104486,0.9998860937785197,Innervated,T-FAP
AGTGTTGCAGCCGTTG-1,0.9978617036787447,0.9869241902921289,Innervated,Stromal
AGTTAGCAGGATACGC-1,0.21538350884142796,0.005987871754097873,Innervated,Stromal
AGTTAGCTCGCCCAGA-1,0.9999950311311085,0.9999914835927819,Innervated,T-FAP
AGTTCCCCATTCCTAT-1,0.8862997616845144,0.7265699659350365,Innervated,Tenogenic-progenitor
AGTTCCCGTACGCTAT-1,0.9942027295889699,0.9989205569483096,Innervated,T-FAP
AGTTCCCGTCGAACGA-1,0.9999075544524949,0.9999669381555362,Innervated,T-FAP
AGTTCCCTCCTTCAGC-1,0.6846379544005498,0.0186639548109011,Innervated,Stromal
AGTTCCCTCTATCGGA-1,0.9971169840953995,0.9581165683311974,Innervated,T-FAP
AGTTCGACACAATTCG-1,0.9932755355523348,0.9791308061178404,Innervated,T-FAP
ATACCGAAGCAGGTCA-1,0.8241324705797235,0.992565487273335,Innervated,Tenogenic-progenitor
ATACCGACACATATGC-1,0.9920989630620157,0.986583922461583,Innervated,T-FAP
ATACCGATCACTACTT-1,0.9950344380008255,0.9973193228426509,Innervated,Stromal
ATACCGATCAGGAAGC-1,0.9999942988679131,0.9999943303603984,Innervated,T-FAP
ATACCGATCTTGCAGA-1,0.99993218523064,0.9999759347569257,Innervated,Stromal
ATACCTTAGACGCCCT-1,0.9991325233176918,0.9976688859381873,Innervated,TSPC
ATACCTTCAGAGTAAT-1,0.99980994474963,0.9997295578668475,Innervated,Stromal
ATACCTTGTTCGGACC-1,0.0136112416803537,0.001387793425898509,Innervated,TSPC
ATACCTTTCTCCGATC-1,0.0019891827750517428,1.9597484780701336e-05,Innervated,Tenogenic-progenitor
ATAGACCAGGCAGTCA-1,0.007422508647389672,0.002268367881321402,Innervated,TSPC
ATAGACCCAAGGTTGG-1,0.00885841467046701,0.005404674704094302,Innervated,TSPC
ATAGACCCATCAACCA-1,0.9994432359281671,0.9978068090962614,Innervated,T-FAP
ATATCCTAGCTGAGCA-1,0.1206865815034083,0.03673204252290306,Innervated,TSPC
ATATCCTGTACAGCGA-1,0.9918848651865331,0.9833945613711339,Innervated,T-FAP
ATCACAGTCTTAGTTC-1,0.058704335765205666,0.1310988061739127,Innervated,TSPC
ATCACAGTCTTCTGGC-1,0.9980874741265516,0.9949425696247275,Innervated,Tenogenic-progenitor
ATCACGACACCACTGG-1,0.9986985583494983,0.9942259390233982,Innervated,Tenogenic-progenitor
ATCACGATCACAAGGG-1,0.9988900468505821,0.999985843867884,Innervated,T-FAP
ATCACGATCCTCAGGG-1,0.9899092717726226,0.9993023759647932,Innervated,T-FAP
ATCATTCAGAATGTTG-1,0.8852251606489792,0.9719479114861705,Innervated,Stromal
ATCATTCTCACGATCA-1,0.9990286015659412,0.9996052241550086,Innervated,Stromal
ATCATTCTCACTTATC-1,0.9545105152752571,0.9731973340097986,Innervated,Stromal
ATCCACCAGTGGTGAC-1,0.17362738671572514,0.183572625632841,Innervated,TSPC
ATCCACCGTGGCAACA-1,0.9259494665878412,0.2794058822663059,Innervated,Stromal
ATCCATTCATCCAACA-1,0.9999773341456935,0.9998095774488138,Innervated,T-FAP
ATCCATTTCCACACAA-1,0.9936924273624965,0.9973914708945018,Innervated,Stromal
ATCCCTGTCTGGGCCA-1,0.8782870224167193,0.9377358952497632,Innervated,Stromal
ATCCGTCAGCGTATAA-1,0.9835856296939469,0.9666046486486858,Innervated,Tenogenic-progenitor
ATCCGTCCATCCGAGC-1,0.03115972293754086,0.04774656131722581,Innervated,Stromal
ATCCGTCGTCATAGTC-1,0.9996159381965114,0.9998533421420496,Innervated,T-FAP
ATCCGTCTCATTTACC-1,0.9813861846102571,0.9966179371676727,Innervated,Tenogenic-progenitor
ATCCTATAGCATCCCG-1,0.9989258327220567,0.9999937819545327,Innervated,Stromal
ATCCTATAGCATGTTC-1,0.6515047081900557,0.011828278103837495,Innervated,Stromal
ATCGATGAGCCTCACG-1,0.9926546751036263,0.9971674870982908,Innervated,Tenogenic-progenitor
ATCGATGGTAACGTTC-1,0.9998056925940091,0.9999743742969566,Innervated,Stromal
ATCGATGGTAGTCTTG-1,0.9997319551501938,0.9992264858540458,Innervated,T-FAP
ATCGATGGTCCTCATC-1,0.9218980106124721,0.6771430621655083,Innervated,T-FAP
ATCGCCTAGATGCTTC-1,0.858104247544472,0.9139118747252721,Innervated,Stromal
ATCGCCTCACCATAAC-1,0.9999347627330927,0.9999987650938609,Innervated,T-FAP
ATCGCCTGTCAATCTG-1,0.14535951901983246,0.044803725955317494,Innervated,Stromal
ATCGCCTTCATTGTTC-1,0.045865715262971306,0.041042267104749244,Innervated,TSPC
ATCGGATAGGTTTGAA-1,0.0872256525823591,0.025692705425331135,Innervated,TSPC
ATCGGATGTTACGATC-1,0.9398209326215159,0.9955535776827098,Innervated,Stromal
ATCGGATTCCGACGGT-1,0.5324014909346814,0.09764081434731148,Innervated,Stromal
ATCGGCGTCTCATAGG-1,0.8788567802083374,0.7879713392596566,Innervated,Stromal
ATCGTAGTCGAACGCC-1,0.9992738723987123,0.9998498945686991,Innervated,T-FAP
ATCGTCCAGAGCCCAA-1,0.8817813321022226,0.9729834347519866,Innervated,Tenogenic-progenitor
ATCGTCCTCGCGGACT-1,0.012114668254468334,0.0006926913758707224,Innervated,TSPC
ATCTCTACAGGTGTGA-1,0.8242633719444434,0.6453980329741521,Innervated,Tenogenic-progenitor
ATCTCTATCCGGTAAT-1,0.7699235001460074,0.5337457586961704,Innervated,Stromal
ATCTTCACATATACCG-1,0.9999614399063776,0.9999927056942267,Innervated,T-FAP
ATCTTCATCCATGATG-1,0.99729868531068,0.9991595931431184,Innervated,Stromal
ATGAAAGGTCGCACGT-1,0.01417729431374485,0.005069684771718657,Innervated,TSPC
ATGACCATCATCGTAG-1,0.9738757306004407,0.8797616021796203,Innervated,T-FAP
ATGACCATCATTCATC-1,0.008948810471092509,0.0032821003863532676,Innervated,TSPC
ATGAGGGAGCTGGTGA-1,0.922216815062916,0.7636245285153836,Innervated,Stromal
ATGAGGGGTTGTCCCT-1,0.00542706493630806,0.0003755810605793249,Innervated,TSPC
ATGAGGGTCTCGCGTT-1,0.38711746736491726,0.13576459234105492,Innervated,Tenogenic-progenitor
ATGAGTCCACATTGTG-1,0.7664751766603998,0.7850908975322769,Innervated,Stromal
ATGAGTCGTATAGCTC-1,0.011829907542668463,0.025362775822135798,Innervated,TSPC
ATGAGTCGTATGCAAA-1,0.9967996357340925,0.9993936298289384,Innervated,T-FAP
ATGAGTCGTCAAAGCG-1,0.0032228358490095366,0.0005089331793005048,Innervated,Stromal
ATGAGTCTCCTCAGAA-1,0.8158569900544181,0.9250833751248987,Innervated,Tenogenic-progenitor
ATGCATGCATATCGGT-1,0.7060603966480433,0.7162129291610477,Innervated,TSPC
ATGCATGTCGCTGATA-1,0.9717991169189186,0.9622162026261812,Innervated,Tenogenic-progenitor
ATGCCTCCAATCTAGC-1,0.4781009127184091,0.16897395000055074,Innervated,TSPC
ATGCCTCCATCATGAC-1,0.01793546632291042,0.03448058106293222,Innervated,TSPC
ATGCCTCGTCCCTAAA-1,0.9594308870315841,0.7966965197339224,Innervated,Stromal
ATGCCTCTCGGACAAG-1,0.8983714468312888,0.4015289360496702,Innervated,Stromal
ATGCCTCTCTTACGGA-1,0.9992411347428604,0.9998997563949438,Innervated,T-FAP
ATGCGATGTATACCTG-1,0.9953873868953359,0.9995216086971829,Innervated,Stromal
ATGGAGGTCAGCACCG-1,0.9606756795447001,0.9982621707533491,Innervated,Stromal
ATGGAGGTCTTGCGCT-1,0.9787765732334317,0.9585119369146404,Innervated,Stromal
ATGGGAGCATCCTTGC-1,0.860481728018111,0.808830181079948,Innervated,Tenogenic-progenitor
ATGGGAGTCAGGACGA-1,0.9996482655621174,0.9998677989660136,Innervated,T-FAP
ATGGGAGTCGATAACC-1,0.9977339638268133,0.9987364468189747,Innervated,Stromal
ATGGGTTCAGTCTTCC-1,0.9983626104964182,0.9830604218173662,Innervated,T-FAP
ATGGGTTGTGGCGTAA-1,0.6597078362862955,0.9924699690759569,Innervated,Tenogenic-progenitor
ATGGTTGGTCGTTGGC-1,0.9997856386959731,0.9992620663469536,Innervated,T-FAP
ATGGTTGTCTCGTGAA-1,0.4907812907231517,0.20870721146335888,Innervated,TSPC
ATGTCCCTCATGCCAA-1,0.49139545000323503,0.9258732724243789,Innervated,TSPC
ATGTCTTCACAGCCTG-1,0.9125642411937968,0.9700941018332527,Innervated,T-FAP
ATGTCTTGTTCTCAGA-1,0.01040391561052325,0.0010303165870265453,Innervated,TSPC
ATTACCTAGCAGTCTT-1,0.358182071509822,0.40063184168443444,Innervated,Stromal
ATTACCTAGTCATCCA-1,0.8310555566447817,0.4045726276188519,Innervated,Stromal
ATTATCCGTTCTCTCG-1,0.9931129155134714,0.9987596061712134,Innervated,T-FAP
ATTATCCGTTGCCAAT-1,0.9473365202767162,0.9862143036580747,Innervated,Tenogenic-progenitor
ATTATCCTCCTTTAGT-1,0.8861877601525529,0.8987519034844548,Innervated,T-FAP
ATTCACTAGCAGCAGT-1,0.9761960993837842,0.9749648594824646,Innervated,Tenogenic-progenitor
ATTCACTGTTCCAAAC-1,0.007819761126537648,0.0019195838005177472,Innervated,TSPC
ATTCACTTCGAGCCAC-1,0.9888641366755088,0.995284143802431,Innervated,T-FAP
ATTCAGGTCTTCGGTC-1,0.9999988038954262,0.9999724092619616,Innervated,T-FAP
ATTCATCAGCAGGCAT-1,0.4047352352166489,0.9455679720406183,Innervated,Tenogenic-progenitor
ATTCATCCAGCTGTGC-1,0.9743129942368021,0.9980946210963864,Innervated,Tenogenic-progenitor
ATTCCATCACAAATCC-1,0.999955345675529,0.999994424582407,Innervated,T-FAP
ATTCCATCACACCTAA-1,0.9999946474284716,0.9999784297387424,Innervated,T-FAP
ATTCCCGCACAAACGG-1,0.7133116654546904,0.5532739596467713,Innervated,TSPC
ATTCCCGCAGGCGTTC-1,0.06999866191283803,0.06963929529228863,Innervated,Tenogenic-progenitor
ATTCCTACAATTCTCT-1,0.9897170284628541,0.6695527356373356,Innervated,T-FAP
ATTCCTAGTGTGCCTG-1,0.9968339931287126,0.9643743270448414,Innervated,Stromal
ATTCCTATCCGAACGC-1,0.9987835655216301,0.9889648004275751,Innervated,Stromal
ATTCGTTAGCGCTGCT-1,0.0052921891241265685,0.0004223985768965904,Innervated,TSPC
ATTCGTTCACTCTGCT-1,0.9419606983555683,0.9929977056826426,Innervated,Stromal
ATTCTACAGGGCCTCT-1,0.3935441902897327,0.07844507374506535,Innervated,Stromal
ATTCTACCATCCAACA-1,0.9999942974592927,0.9999747639067164,Innervated,T-FAP
ATTCTACTCCACGAAT-1,0.9999838139406919,0.9999724503421233,Innervated,T-FAP
ATTCTTGCAACTCGAT-1,0.9999960863536121,0.9999999614670462,Innervated,T-FAP
ATTCTTGGTTTCTATC-1,0.9999620525672555,0.9998864298767974,Innervated,T-FAP
ATTCTTGTCCGGCTTT-1,0.9964327253927964,0.9967345093772613,Innervated,Tenogenic-progenitor
ATTGGGTCATAATCGC-1,0.9926274896899621,0.998366708712897,Innervated,Stromal
ATTGGGTGTGGAACAC-1,0.06211758528828766,0.051397741160873686,Innervated,Stromal
ATTGTTCCAGGCGAAT-1,0.999065847181736,0.9992822549766328,Innervated,Stromal
ATTGTTCCATTACTCT-1,0.9130422288346345,0.9036867037619946,Innervated,Stromal
ATTTACCCACTACACA-1,0.9837300130039912,0.8046297509887725,Innervated,Stromal
ATTTACCGTACAGAGC-1,0.9199585535012493,0.8288041754976309,Innervated,Stromal
ATTTCACGTGAGAGGG-1,0.9999727231733523,0.9999953621574156,Innervated,T-FAP
CAAAGAACATCCGAAT-1,0.9964739478047829,0.9968008240391617,Innervated,Stromal
CAACAACAGCGAATGC-1,0.06600591533241798,0.10504434501781648,Innervated,TSPC
CAACAACAGCGGATCA-1,0.9961383429563456,0.9997326819830444,Innervated,Stromal
CAACAACAGGCAGGTT-1,0.9905907090348058,0.810473198797411,Innervated,Stromal
CAACAGTGTCCTATAG-1,0.7727633245575183,0.8753277280658404,Innervated,TSPC
CAACAGTTCAGAACCT-1,0.9999483442148941,0.9999932991495953,Innervated,Tenogenic-progenitor
CAACCTCCAATCTGCA-1,0.9997802536970319,0.9998365293520227,Innervated,T-FAP
CAACGATCACACGGAA-1,0.997036727291994,0.9958179420782486,Innervated,T-FAP
CAACGATCAGTAGAGC-1,0.9998816449392037,0.9999984063407075,Innervated,T-FAP
CAACGATCAGTGTATC-1,0.9930491910824686,0.9935053469650581,Innervated,Stromal
CAACGATTCCGGGACT-1,0.14387505103329398,0.229281872957045,Innervated,TSPC
CAACGGCGTTTATGCG-1,0.8873766133415691,0.9807627857744762,Innervated,Stromal
CAAGACTAGTCGAAGC-1,0.008671384656136297,0.0003298822885832125,Innervated,TSPC
CAAGAGGAGTGCACCC-1,0.8841889230884181,0.9272818036627944,Innervated,Stromal
CAAGAGGCAGCATCTA-1,0.9753543392393652,0.47422660719157333,Innervated,Stromal
CAAGAGGGTCCATAGT-1,0.9998989718412657,0.9997317124100565,Innervated,T-FAP
CAAGCTAAGAACAAGG-1,0.9980761794080937,0.9984459604228408,Innervated,Stromal
CAAGCTAGTACGAGCA-1,0.14811202830924197,0.013623144198717688,Innervated,TSPC
CAAGCTAGTAGAAACT-1,0.9984080121271636,0.9997591311492492,Innervated,Stromal
CAAGCTAGTCTGCAAT-1,0.0019610330306721628,0.00011576010403682893,Innervated,TSPC
CAAGCTATCCAAATGC-1,0.9999501452843325,0.9999960555530504,Innervated,T-FAP
CAAGGGAAGCTTTCTT-1,0.9549131129839193,0.9995831097781879,Innervated,Tenogenic-progenitor
CAAGGGACAATACGCT-1,0.9997207617397641,0.9879830543392466,Innervated,Stromal
CAAGGGACAGTATTCG-1,0.6408788879553834,0.632799414884216,Innervated,TSPC
CAATACGAGGGACACT-1,0.02642561989453877,0.003427366175687695,Innervated,TSPC
CAATACGGTGATCATC-1,0.9992944273576435,0.9993395138961607,Innervated,T-FAP
CAATGACTCGATTGAC-1,0.9999961806169176,0.9999997359771309,Innervated,T-FAP
CAATTTCAGCCGTTAT-1,0.8441822104475449,0.5148506532610329,Innervated,Stromal
CAATTTCGTCCTATAG-1,0.9718331777595325,0.9028423189913677,Innervated,TSPC
CAATTTCGTTGCAAGG-1,0.8046228327701201,0.27560940360173936,Innervated,Tenogenic-progenitor
CACACAACATACGCAT-1,0.9845338301114281,0.590542286090801,Innervated,Tenogenic-progenitor
CACACAAGTGACCGAA-1,0.9272085716995366,0.9995360360790306,Innervated,Tenogenic-progenitor
CACAGATCATACTTTC-1,0.9614426264643208,0.9139810342749041,Innervated,T-FAP
CACAGATGTAGCTTAC-1,0.41721640125063436,0.33219538533562826,Innervated,Stromal
CACAGGCAGCCACAAG-1,0.7377407121403705,0.8321074568433104,Innervated,Stromal
CACAGGCAGTAATTGG-1,0.886036064112773,0.6270374001217855,Innervated,Stromal
CACAGGCCACGAGGTA-1,0.9821193775981085,0.9986112806092468,Innervated,T-FAP
CACAGGCTCCTATTGT-1,0.9950265897115382,0.9998865373659609,Innervated,Stromal
CACAGGCTCTGGAAGG-1,0.5596287267894233,0.6306250584762125,Innervated,T-FAP
CACATGACAGACAATA-1,0.9986818250232598,0.9999188787792711,Innervated,T-FAP
CACATGAGTTGTTGAC-1,0.9877063471281986,0.948195300417206,Innervated,Stromal
CACATGATCATTGCTT-1,0.7866724225064498,0.42130067885744577,Innervated,Tenogenic-progenitor
CACCAAAGTTTAGTCG-1,0.1402727778148327,0.058542312400706724,Innervated,TSPC
CACCGTTAGAAACTGT-1,0.3013724077569429,0.05358398239124353,Innervated,TSPC
CACCGTTAGCACTCCG-1,0.9948244932512037,0.33966299597919375,Innervated,T-FAP
CACCGTTCACAACATC-1,0.4147543892345476,0.1684984551427983,Innervated,TSPC
CACCGTTGTCTTGCTC-1,0.9803962983318192,0.9739122295251695,Innervated,T-FAP
CACGAATCATCATTGG-1,0.8603351396781426,0.9817121188194262,Innervated,TSPC
CACGTGGAGACACACG-1,0.8752088322562166,0.7639886458466992,Innervated,Stromal
CACGTGGAGCACCTGC-1,0.998795442255028,0.998100021649918,Innervated,T-FAP
CACGTTCGTGTACGCC-1,0.07000863385092965,0.04089293816570509,Innervated,Stromal
CACGTTCTCTGACCCT-1,0.7811982201384504,0.8943937561166372,Innervated,Stromal
CACTAAGCACCTCTAC-1,0.9576791651953779,0.9933667504138901,Innervated,Stromal
CACTAAGCACTCCGAG-1,0.999999224280772,0.9999997967186831,Innervated,T-FAP
CACTAAGCATCGTGCG-1,0.9999580791329218,0.9999945933735703,Innervated,T-FAP
CACTAAGTCCGAAGGA-1,0.9816056748243889,0.9599267507711843,Innervated,Tenogenic-progenitor
CACTGAATCGACGATT-1,0.8164757112155395,0.9987486081581661,Innervated,Tenogenic-progenitor
CACTGGGAGTTTGAGA-1,0.9999528391951401,0.9998834737591668,Innervated,Stromal
CACTGGGCAGGTTACT-1,0.9993249835930064,0.99959639682216,Innervated,T-FAP
CACTGTCAGTTACGTC-1,0.7239990684948021,0.13523637186234108,Innervated,Stromal
CAGAGCCAGCACACAG-1,0.29806313544262597,0.4480644079059543,Innervated,Stromal
CAGATACTCTGGCTGG-1,0.9872222120929315,0.9941014080451908,Innervated,Stromal
CAGATTGCAATACCTG-1,0.06443460948916896,0.3041788548766775,Innervated,TSPC
CAGCAATAGACGACGT-1,0.4285043084985947,0.13591481289189225,Innervated,Stromal
CAGCAATCAGAAGCGT-1,0.43385976976562446,0.6064596978253652,Innervated,Stromal
CAGCACGCACATGGTT-1,0.009048682805419955,0.0057574787617212094,Innervated,TSPC
CAGCACGGTCAAGTTC-1,0.8196115104721737,0.5179014628907727,Innervated,Stromal
CAGCACGTCCATAGAC-1,0.31609323489782654,0.6512088194146017,Innervated,Stromal
CAGCAGCAGTACGTCT-1,0.32278944171909496,0.04823488938596783,Innervated,Stromal
CAGCAGCGTCGCATTA-1,0.9986339276009258,0.9994105354705596,Innervated,T-FAP
CAGCAGCTCTAAGGAA-1,0.11904228722603581,0.11060168027168372,Innervated,TSPC
CAGCCAGGTCCTATAG-1,0.9991946478678985,0.9987722750563643,Innervated,Stromal
CAGCCAGTCAACGTGT-1,0.9895070369787315,0.8565056556269721,Innervated,Tenogenic-progenitor
CAGCCAGTCGACCAAT-1,0.9105508015724233,0.34607995244998013,Innervated,Stromal
CAGCGTGAGAGGGTCT-1,0.9987940749148786,0.8973683739730345,Innervated,Stromal
CAGCGTGAGGCCACTC-1,0.9514087611779475,0.9933557603040708,Innervated,T-FAP
CAGCGTGCACTTACAG-1,0.04118523579600076,0.0006397599078553954,Innervated,Stromal
CAGCGTGCATTGGGAG-1,0.16494241059460713,0.04337254984093039,Innervated,TSPC
CAGCGTGGTATTCCGA-1,0.8320641775318585,0.8787726341754795,Innervated,TSPC
CAGCGTGGTCACTTAG-1,0.9999940457296296,0.9999645997844625,Innervated,T-FAP
CAGCGTGTCTCTTAAC-1,0.4254681985293496,0.14828340086799738,Innervated,Stromal
CAGGCCAAGATTGGGC-1,0.8888418992834165,0.575682628751562,Innervated,Stromal
CAGGCCAAGCGATCGA-1,0.7795376109391247,0.19939303845419742,Innervated,Tenogenic-progenitor
CAGGCCACAGTTTCGA-1,0.004905559295121621,0.0001598213843142118,Innervated,TSPC
CAGGGCTAGTCTACCA-1,0.9997420905162528,0.9748049573502338,Innervated,T-FAP
CAGGGCTCATACTGAC-1,0.7292481323711155,0.6749724587673922,Innervated,Tenogenic-progenitor
CAGGGCTCATGTGCCG-1,0.7653875398808727,0.6924990972701892,Innervated,Stromal
CAGGGCTGTCAACGCC-1,0.9959912802727406,0.9982224437741839,Innervated,Stromal
CAGGTATTCATGGATC-1,0.764693446741962,0.9682159604121122,Innervated,Stromal
CAGGTATTCGCACGGT-1,0.9959686426991331,0.9783928749025558,Innervated,T-FAP
CAGTGCGAGATGGCAC-1,0.01984349395396899,0.022297993800333944,Innervated,Stromal
CAGTGCGCATGTGTCA-1,0.9978162784981739,0.9998891967657012,Innervated,T-FAP
CAGTTAGAGGAACGTC-1,0.9821894917058716,0.9959651494997891,Innervated,Tenogenic-progenitor
CAGTTCCAGGTAGTAT-1,0.999955013479609,0.9999307898154417,Innervated,T-FAP
CAGTTCCTCGCGATCG-1,0.9997140532828321,0.9994519795005972,Innervated,Stromal
CATAAGCAGGCCCACT-1,0.9999515624530846,0.9999984368497482,Innervated,T-FAP
CATAAGCCATATGCGT-1,0.99720183431743,0.974829474917871,Innervated,Stromal
CATAAGCGTCGGTACC-1,0.74391504958711,0.8638099956897859,Innervated,TSPC
CATAAGCGTGCGGATA-1,0.0034922329632291263,0.00038735216592635104,Innervated,TSPC
CATAAGCGTGTTCCAA-1,0.7697108239387482,0.9183121599796112,Innervated,Stromal
CATACCCGTGGTGATG-1,0.6178815385394126,0.1752517906640701,Innervated,Stromal
CATACCCTCCGGTTCT-1,0.797830762735264,0.5936171647529056,Innervated,Stromal
CATACTTCAGGTGACA-1,0.06501558392057828,0.016760670111288654,Innervated,TSPC
CATACTTCATAATCCG-1,0.9008242107413258,0.9840313588881273,Innervated,Stromal
CATACTTTCTCCGTGT-1,0.9933646377273596,0.9933179060998559,Innervated,Stromal
CATAGACGTACCAGAG-1,0.012145008052513184,0.0022526024365753113,Innervated,TSPC
CATAGACGTCTGTGCG-1,0.991872200005291,0.9161520417066853,Innervated,T-FAP
CATAGACGTTCGAAGG-1,0.6989768409736453,0.5846113494260149,Innervated,Stromal
CATCCACAGTAGTCAA-1,0.9231787818776839,0.9343830976413386,Innervated,Tenogenic-progenitor
CATCCCACATGATGCT-1,0.00022550305330393416,2.993608012680541e-05,Innervated,Stromal
CATCCCAGTAGAATAC-1,0.8959011464416428,0.08602742431370429,Innervated,Tenogenic-progenitor
CATCCGTCAGGCTTGC-1,0.9908667442981002,0.9981635518624709,Innervated,T-FAP
CATCGCTCAAGTGCAG-1,0.9366186448417133,0.7854860982076751,Innervated,Stromal
CATCGCTCACACCTTC-1,0.8109010530391969,0.25244855464429794,Innervated,Stromal
CATCGCTTCCACGTGG-1,0.9977784672811774,0.998453536896654,Innervated,Stromal
CATCGGGAGTAGGATT-1,0.010989007577604083,0.00023480681793603146,Innervated,TSPC
CATCGTCAGCGAATGC-1,0.5247517096923822,0.8700756018017762,Innervated,Stromal
CATCGTCTCTTTGCTA-1,0.9997255216653629,0.9999895207137288,Innervated,T-FAP
CATGAGTTCGAATGCT-1,0.8000236762904375,0.33019167696956603,Innervated,Tenogenic-progenitor
CATGAGTTCTGCGGCA-1,0.9944851917479286,0.9713615888068501,Innervated,T-FAP
CATGCAACAGTTTCGA-1,0.5607759993120257,0.1465852305182386,Innervated,Stromal
CATGCAATCTATGCCC-1,0.9999781904061303,0.9999997589372654,Innervated,T-FAP
CATGCCTAGCGAGTAC-1,0.9659811443044866,0.9332102879851276,Innervated,Stromal
CATGCCTCAGGGAGAG-1,0.9167429360312135,0.6226984015401537,Innervated,Stromal
CATGCCTGTAGTACGG-1,0.999875056842973,0.9976046663298798,Innervated,T-FAP
CATGCGGAGGTACTGG-1,0.4283356007934106,0.18042152070097278,Innervated,Stromal
CATGCTCAGGCCGCTT-1,0.012352496087006774,0.016662052512900153,Innervated,Stromal
CATGCTCGTTGCGGCT-1,0.9930389183148661,0.999842249820588,Innervated,T-FAP
CATGGTAAGTTGAAGT-1,0.9997824305359575,0.9997059438537967,Innervated,T-FAP
CATTCATCAGTAGATA-1,0.9999829257997317,0.9999617247601007,Innervated,T-FAP
CATTCCGAGCGGTAAC-1,0.3134571692020247,0.3144936562876632,Innervated,Stromal
CATTCTAGTCTACGAT-1,0.308392700159769,0.1980545356597443,Innervated,TSPC
CATTGCCCACTCACTC-1,0.9873794148743417,0.9980029592909488,Innervated,Stromal
CATTGCCCACTTGTCC-1,0.9994344079166932,0.9989319129464774,Innervated,Stromal
CATTGTTCAACAAGTA-1,0.9996445741237003,0.9735785643500527,Innervated,T-FAP
CATTGTTCAGGAAGTC-1,0.9960581966226866,0.9866836960352268,Innervated,Stromal
CCAAGCGAGCTTTCTT-1,0.03559907843053014,0.0024860790257024137,Innervated,Stromal
CCAAGCGCAACCACGC-1,0.18430356536993617,0.44750256919898324,Innervated,TSPC
CCAAGCGGTAGCCCTG-1,0.8187964180553461,0.884226471941897,Innervated,Tenogenic-progenitor
CCAAGCGGTTAGGCCC-1,0.7094166555438747,0.8908023746767157,Innervated,Stromal
CCAATGAAGCGAATGC-1,0.4330262142852357,0.3040056044460602,Innervated,Tenogenic-progenitor
CCAATTTAGAGTCAGC-1,0.9994082574307023,0.9999723523552078,Innervated,Stromal
CCACAAATCACTCGAA-1,0.8865066963911324,0.9580461589037562,Innervated,Stromal
CCACACTAGACATATG-1,0.4222069239274678,0.11003410858242255,Innervated,Tenogenic-progenitor
CCACCATGTACGCTAT-1,0.9829071767250456,0.9929637568685831,Innervated,T-FAP
CCACGAGCACAATTCG-1,0.07094191055268971,0.006858995569275176,Innervated,TSPC
CCACGAGGTGCAACAG-1,0.2574210822732144,0.4196548278950027,Innervated,Tenogenic-progenitor
CCACGTTGTCCTGTTC-1,0.9989124291669741,0.9992362557377059,Innervated,T-FAP
CCACTTGAGATGTTCC-1,0.9640583718004172,0.9987088306424334,Innervated,Stromal
CCACTTGTCATGGATC-1,0.1293708989760487,0.010644961157418552,Innervated,TSPC
CCATAAGCACACGGAA-1,0.9998941091932619,0.9999955224508862,Innervated,T-FAP
CCATAAGGTTTGCCGG-1,0.9435459455277703,0.9706089851446806,Innervated,Stromal
CCATAAGTCCTACCAC-1,0.4374822917039293,0.4200065573324835,Innervated,Stromal
CCATCACCAAACGGCA-1,0.39056406832765145,0.012570644479173745,Innervated,Stromal
CCATCACGTTACGTAC-1,0.9998597149263786,0.9999756877925914,Innervated,T-FAP
CCATCACTCTACGGTA-1,0.9995548516886089,0.999616231381943,Innervated,T-FAP
CCCAACTAGAAATCCA-1,0.8410205287152118,0.886714747122236,Innervated,Stromal
CCCAACTAGTCATGGG-1,0.007024289207860279,0.0013124330160509505,Innervated,Stromal
CCCGAAGCATCGTCCT-1,0.9870559590335812,0.9604934639450738,Innervated,Stromal
CCCGGAAGTCGGCCTA-1,0.997788468889177,0.7670655170235805,Innervated,T-FAP
CCCTAACCACTACGGC-1,0.9512644053401562,0.8891535571699964,Innervated,Stromal
CCCTAACTCATGCATG-1,0.9019950633280291,0.9827325935056073,Innervated,Tenogenic-progenitor
CCCTAACTCCACTAGA-1,0.9966655777175095,0.9962763085254921,Innervated,Stromal
CCCTAACTCTTCCAGC-1,0.11281967638490048,0.0030342787974249243,Innervated,Stromal
CCCTCAAGTCGAACAG-1,0.999996639957457,0.9999960309544222,Innervated,T-FAP
CCCTCAATCAGGGTAG-1,0.6294890580549537,0.7042445298734179,Innervated,TSPC
CCCTCAATCGAGTACT-1,0.9484419640598601,0.7525350850456026,Innervated,Stromal
CCCTGATTCCTGATAG-1,0.7995909579122772,0.6896606088430135,Innervated,Stromal
CCCTTAGAGTGCAAAT-1,0.973395507972512,0.7394764219231241,Innervated,Tenogenic-progenitor
CCGAACGGTGTGGACA-1,0.9999854506973513,0.9999985313958392,Innervated,T-FAP
CCGAACGTCTAGAACC-1,0.9999633856112257,0.9999793656846995,Innervated,T-FAP
CCGATCTCACGTACTA-1,0.015129483860797254,0.014646396497024471,Innervated,TSPC
CCGATCTCAGAAGTTA-1,0.9984123091869278,0.9966586302110784,Innervated,T-FAP
CCGATCTGTAAGCTCT-1,0.9999839351799654,0.9999990211488741,Innervated,T-FAP
CCGATCTGTGTTATCG-1,0.6168480211805153,0.1034188458376751,Innervated,Tenogenic-progenitor
CCGATGGCACATATCG-1,0.8790431077185241,0.38690922129373834,Innervated,Stromal
CCGCAAGGTTGCGGCT-1,0.9999456930671535,0.9998345802105507,Innervated,T-FAP
CCGGACACAACAGATA-1,0.9998589094985388,0.9997674694176965,Innervated,T-FAP
CCGGACACAGAGCTAG-1,0.940095439703731,0.9924723977663441,Innervated,Tenogenic-progenitor
CCGGACATCTAGAGCT-1,0.9997498438434733,0.9999068281011866,Innervated,T-FAP
CCGGGTACACAATTCG-1,0.9940643073489521,0.9798547866981581,Innervated,T-FAP
CCGGGTACATGCCGGT-1,0.847196787476649,0.26863744451156873,Innervated,Stromal
CCGGGTAGTCACCACG-1,0.8348179629743728,0.02358699415329344,Innervated,Tenogenic-progenitor
CCGGTAGCACGCTGCA-1,0.0010240879583814696,6.542991365318208e-05,Innervated,Stromal
CCGTAGGAGCTCCACG-1,0.022860340097731982,0.06101836472311177,Innervated,TSPC
CCGTAGGCAGCACACC-1,0.008174475809340553,0.0010392495043320055,Innervated,Stromal
CCGTAGGGTCATGACT-1,0.8334242120123608,0.996608435772814,Innervated,TSPC
CCGTGAGAGGTAGTCG-1,0.999992112168958,0.9999980066578785,Innervated,T-FAP
CCGTGAGAGTCATGGG-1,0.997010308169334,0.9975857859661701,Innervated,Stromal
CCGTGAGCATCGATGT-1,0.9091587804974425,0.9930031034440129,Innervated,Tenogenic-progenitor
CCGTGAGTCCCGGTAG-1,0.1892124028653311,0.07525393447418777,Innervated,Stromal
CCGTGAGTCCTAGCCT-1,0.01670514917125264,0.0011895155594631804,Innervated,Stromal
CCGTTCATCTTTGGAG-1,0.5835860821086866,0.5932454270851757,Innervated,Stromal
CCTAACCAGATCGCTT-1,0.720588028263002,0.75742239489676,Innervated,Stromal
CCTAACCCATGTTACG-1,0.9812905001469572,0.9873356550894817,Innervated,Stromal
CCTAACCGTCGCTCGA-1,0.9999584088953356,0.9999966775043682,Innervated,T-FAP
CCTAAGAGTAACTAAG-1,0.9868687423467174,0.9991144341988696,Innervated,Tenogenic-progenitor
CCTAAGATCCGGCAGT-1,0.9579996705907686,0.2060163778193481,Innervated,Stromal
CCTACGTAGCCAAGGT-1,0.29272567048047043,0.018066301132424366,Innervated,Stromal
CCTACGTCAAGTCCAT-1,0.9850529844628363,0.9041832463912368,Innervated,Stromal
CCTACGTCAATGTGGG-1,0.8706035211123381,0.956337863584494,Innervated,Tenogenic-progenitor
CCTACGTCAGTTCACA-1,0.9732800687515603,0.7736842661625223,Innervated,Stromal
CCTATCGAGCAGCCTC-1,0.9995423695260646,0.998850498588733,Innervated,Stromal
CCTATCGAGGCTCTCG-1,0.02129835302230855,0.003046844855715385,Innervated,TSPC
CCTATCGCAGCTACCG-1,0.9999499399375689,0.9997668482616304,Innervated,Stromal
CCTATCGTCCTTCTAA-1,0.9999213988315833,0.9999600981529774,Innervated,T-FAP
CCTCAACCAAGAGGTC-1,0.998537936976576,0.9999885363876088,Innervated,T-FAP
CCTCAACCATCCTTGC-1,0.9997415179550646,0.9999405546581176,Innervated,T-FAP
CCTCAACTCATTACCT-1,0.13406784178596795,0.15086388779300675,Innervated,Stromal
CCTCACAAGGCACTAG-1,0.010642837204171482,0.018609861947242422,Innervated,TSPC
CCTCATGAGATGGCAC-1,0.9686165430873538,0.9947904192281799,Innervated,T-FAP
CCTCATGTCGATGCAT-1,0.6273139326938428,0.2887134882841756,Innervated,TSPC
CCTCATGTCGCCTATC-1,0.8334822775202446,0.95063647315931,Innervated,Tenogenic-progenitor
CCTCATGTCTGTGTGA-1,0.9409157556333256,0.9358229138686549,Innervated,T-FAP
CCTCCAAAGTGCAGGT-1,0.06679320921137766,0.007166609473039991,Innervated,TSPC
CCTCCTCAGCTTACGT-1,0.9914589906368918,0.6170440890747994,Innervated,T-FAP
CCTCCTCTCGATTGAC-1,0.006147671428754665,0.0008753896404558955,Innervated,TSPC
CCTCTAGGTGATTAGA-1,0.9997348719973284,0.999786184089151,Innervated,Stromal
CCTCTCCAGGCCTGCT-1,0.8081819251610292,0.8152813490040984,Innervated,Stromal
CCTCTCCCATCACAGT-1,0.9638889070685376,0.926012538627479,Innervated,T-FAP
CCTCTCCGTGACCTGC-1,0.9994989655709449,0.9988480623440683,Innervated,Stromal
CCTCTCCGTGGAGGTT-1,0.9997814600130115,0.9999920423930793,Innervated,T-FAP
CCTCTCCTCAGTCCGG-1,0.2894605535832254,0.06496076288052224,Innervated,Stromal
CCTGCATCAAGACCTT-1,0.9681244358051493,0.976533536497861,Innervated,Tenogenic-progenitor
CCTGCATCACAGCGCT-1,0.9782827722274003,0.9989221096081042,Innervated,Tenogenic-progenitor
CCTGCATCACGGTCTG-1,0.9987010909435304,0.9995396018159415,Innervated,T-FAP
CCTGTTGAGAGTCTTC-1,0.3761378270475237,0.09773216873416068,Innervated,Tenogenic-progenitor
CCTGTTGAGATGTTAG-1,0.5808590525463675,0.1406920541863722,Innervated,Tenogenic-progenitor
CCTGTTGCACAGAAGC-1,0.9894893993404894,0.2931941605632308,Innervated,Stromal
CCTGTTGTCGGTCTAA-1,0.9326704350884546,0.9689920581935504,Innervated,Tenogenic-progenitor
CCTTCAGCAATGAACA-1,0.7495403042874313,0.7640332535543717,Innervated,TSPC
CCTTCAGGTAGAATAC-1,0.18427178508214334,0.1627378839034864,Innervated,Stromal
CCTTCAGGTTTACCTT-1,0.9833387651911029,0.9993563461407299,Innervated,T-FAP
CCTTGTGCACTGAATC-1,0.9796157464053538,0.989103408906775,Innervated,Tenogenic-progenitor
CCTTGTGTCAGGAAGC-1,0.9900505082721981,0.9994031612942279,Innervated,Stromal
CCTTGTGTCTTTCAGT-1,0.15672895296507233,0.35851335874633733,Innervated,Stromal
CCTTTGGGTAAGGCTG-1,0.834548410198668,0.9715120054484857,Innervated,Tenogenic-progenitor
CCTTTGGGTCCTTGTC-1,0.3134027887421419,0.09749457869784516,Innervated,Tenogenic-progenitor
CGAAGGACAATACCCA-1,0.9995852017391751,0.9982258144524085,Innervated,T-FAP
CGAAGGACAGCGAGTA-1,0.0006817606928126307,3.82152435537417e-05,Innervated,TSPC
CGAAGGAGTAATGCTC-1,0.023326738021292925,0.012451410103396718,Innervated,TSPC
CGAAGTTAGGAAAGTG-1,0.2598894436970942,0.04881762418221436,Innervated,TSPC
CGAAGTTGTTGGACTT-1,0.9999513504269119,0.9999347900408306,Innervated,T-FAP
CGAATTGAGGGATCAC-1,0.9591120092094922,0.8857651807859326,Innervated,Stromal
CGAATTGCAAGAGGCT-1,0.8952074155526134,0.9946196354049704,Innervated,Stromal
CGAATTGTCGATGCTA-1,0.8364832336816349,0.12807086268358606,Innervated,Stromal
CGACAGCAGAGCCTGA-1,0.9250689897384796,0.9940401287466285,Innervated,Stromal
CGACAGCAGCATCCTA-1,0.9993701915109724,0.9950059808390027,Innervated,Stromal
CGACAGCAGTAAACGT-1,0.9994629572793422,0.9993320241089749,Innervated,Stromal
CGACAGCTCGAGAGAC-1,0.06075484767099292,0.005114509781620097,Innervated,Tenogenic-progenitor
CGAGGAATCTCTGCCA-1,0.9953202440525849,0.9422929783497063,Innervated,Stromal
CGAGGCTAGAGGACTC-1,0.13190535793928684,0.09649750557857216,Innervated,Tenogenic-progenitor
CGAGTGCTCTAGTCAG-1,0.0008126944148582488,8.987888103514006e-06,Innervated,TSPC
CGAGTTACATGAGTAA-1,0.9960278393134829,0.7095263618779271,Innervated,Tenogenic-progenitor
CGAGTTAGTGATAGTA-1,0.9979373828741783,0.995100756896616,Innervated,Tenogenic-progenitor
CGATCGGCACAACGCC-1,0.9863755117076384,0.9918333240420324,Innervated,Stromal
CGATCGGGTAATCAAG-1,0.969946262091366,0.9891271068981429,Innervated,Stromal
CGATCGGGTAGAAACT-1,0.9998782840521484,0.9999893122546988,Innervated,T-FAP
CGATCGGGTAGATGTA-1,0.9992420761069133,0.9995955318571033,Innervated,Stromal
CGATCGGGTTGCATAC-1,0.7512807184167521,0.9882944867705884,Innervated,Tenogenic-progenitor
CGATGCGAGCCACTCG-1,0.9995573901270342,0.9999268067443228,Innervated,T-FAP
CGATGCGAGTAGACCG-1,0.9988679590857943,0.9991407090973169,Innervated,Stromal
CGATGCGGTCTTTATC-1,0.9999943175605367,0.9999731609534113,Innervated,T-FAP
CGATGCGGTGAATTGA-1,0.999148748489579,0.9994919938556274,Innervated,Stromal
CGATGCGGTGCAACAG-1,0.9985345195811719,0.9976097295029001,Innervated,T-FAP
CGATGCGTCTCCGAGG-1,0.9990453557611699,0.7318525604584214,Innervated,Stromal
CGATGGCAGCTCATAC-1,0.9976633242546465,0.974724898072059,Innervated,Stromal
CGATGGCAGTTAACAG-1,0.9949506062145277,0.9408275360378625,Innervated,Stromal
CGATGGCCACACCGAC-1,0.9999443684867874,0.9999971435796507,Innervated,T-FAP
CGATGGCGTAACATAG-1,0.9995626113981763,0.9999321282555519,Innervated,T-FAP
CGATGGCGTAGCTGCC-1,0.5672784084723099,0.05638739733409256,Innervated,Stromal
CGCAGGTGTTCCTTGC-1,0.9211038663149765,0.9846997941570284,Innervated,Stromal
CGCATGGAGGGACAGG-1,0.9595375254852597,0.9828129552959043,Innervated,T-FAP
CGCCAGAAGCAACAAT-1,0.010008550800529889,0.008349491974939276,Innervated,TSPC
CGCCAGACAGAACCGA-1,0.7887220971805835,0.8754321501642084,Innervated,Stromal
CGCCAGATCTCCAATT-1,0.0017298610995063425,0.00015306123617922084,Innervated,TSPC
CGCCATTAGACCTGGA-1,0.07034798875041216,0.01996933088326961,Innervated,TSPC
CGCCATTAGGTCGTGA-1,0.8617824831246738,0.27488772147415574,Innervated,Stromal
CGCCATTGTGACGTCC-1,0.84443815465317,0.9978292215758658,Innervated,Tenogenic-progenitor
CGCGTGACATCTTAGG-1,0.9947822197588679,0.9777826361136563,Innervated,Stromal
CGGAACCAGTATGGCG-1,0.14248993227325743,0.03615106143680124,Innervated,Stromal
CGGAACCGTGACACGA-1,0.9961217412031195,0.9996056925660453,Innervated,Stromal
CGGAATTAGACTCAAA-1,0.9962331818868979,0.9329460972369398,Innervated,T-FAP
CGGAATTAGTTACGTC-1,0.965191237716319,0.9791250242746566,Innervated,Tenogenic-progenitor
CGGAATTCATCGATAC-1,0.9142519732051256,0.9111303230003467,Innervated,T-FAP
CGGAATTGTCTACTGA-1,0.09767529800602144,0.13795352984057543,Innervated,Tenogenic-progenitor
CGGACACAGGAGTATT-1,0.9999949268538886,0.9999939347931716,Innervated,T-FAP
CGGACACAGGCCTGCT-1,0.9337106794623048,0.9776832929295781,Innervated,Stromal
CGGACACCAGTGGTGA-1,0.9999877593068858,0.9999974288507499,Innervated,T-FAP
CGGACACGTAGTCTGT-1,0.9990702923408417,0.9924761960067172,Innervated,T-FAP
CGGCAGTTCTCGACGG-1,0.961773036910104,0.9853689008594957,Innervated,Stromal
CGGGACTAGTACAGAT-1,0.049715614807306165,0.0169490384562654,Innervated,TSPC
CGGGCATCAGTTCTAG-1,0.58309823703232,0.938616185349292,Innervated,Tenogenic-progenitor
CGGGTCACATTGTAGC-1,0.868647763406575,0.8143809707007237,Innervated,Stromal
CGGGTGTAGGGTAATT-1,0.9999166739762797,0.9999010659655114,Innervated,T-FAP
CGGGTGTCACTGTCGG-1,0.04152216105438579,0.059257552640658975,Innervated,Tenogenic-progenitor
CGGGTGTGTAAGATAC-1,0.622890039668079,0.5237685247292938,Innervated,TSPC
CGGGTGTGTGAATATG-1,0.9996475899318842,0.9999516173324141,Innervated,T-FAP
CGGTCAGAGTGAATAC-1,0.6808781497685477,0.9484714667924277,Innervated,Tenogenic-progenitor
CGTAAGTTCGCTAGCG-1,0.7409436531860599,0.04159694872792272,Innervated,Stromal
CGTAATGCATTCTGTT-1,0.9263258741331358,0.1586459223159605,Innervated,Tenogenic-progenitor
CGTAATGTCAAGAATG-1,0.9780687603370011,0.9735635376732905,Innervated,T-FAP
CGTAGTACATCAGCAT-1,0.010343818717292229,0.003008888120580555,Innervated,Stromal
CGTCAAAAGTAGGATT-1,0.9789048582910425,0.9777150136237566,Innervated,Stromal
CGTCCATAGTGCTCAT-1,0.9955811120918058,0.9762316825864252,Innervated,T-FAP
CGTGAATAGCTTAGTC-1,0.9996023320917842,0.7041423819861068,Innervated,Stromal
CGTGAATTCGGTCAGC-1,0.9991378702931368,0.9995318503545488,Innervated,T-FAP
CGTGATAAGAGCCGTA-1,0.05949275558174075,0.14450141592471114,Innervated,Tenogenic-progenitor
CGTGATACAACGGGTA-1,0.9199412690369602,0.9607794322503243,Innervated,Tenogenic-progenitor
CGTGATACAATCGTCA-1,0.9740497551083843,0.599513053153721,Innervated,Stromal
CGTGATATCACGGGAA-1,0.9996696098534216,0.9962445562516211,Innervated,T-FAP
CGTGATATCTCCATAT-1,0.9556904364951099,0.9104547933317744,Innervated,Stromal
CGTGCTTTCCACCTCA-1,0.4061386722292852,0.645443162767345,Innervated,Tenogenic-progenitor
CGTGCTTTCCTCGCAT-1,0.8579704816499963,0.9943382451740774,Innervated,Tenogenic-progenitor
CGTGTCTAGAACTTCC-1,0.7807731907970872,0.9229389712727885,Innervated,TSPC
CGTGTCTAGCTGACAG-1,0.441345579292363,0.22871460362385737,Innervated,Tenogenic-progenitor
CGTGTCTTCTACGCAA-1,0.9075297022928123,0.9322243026219056,Innervated,Stromal
CGTTAGACACTCCACT-1,0.32891554481646423,0.7359483372252466,Innervated,Tenogenic-progenitor
CGTTAGACATGTTCGA-1,0.10249582160582688,0.0014209486640958191,Innervated,TSPC
CGTTAGAGTGGCTGAA-1,0.9982782289778133,0.9993293428992559,Innervated,T-FAP
CGTTAGATCCGACGGT-1,0.9835403928368246,0.9742699235738599,Innervated,Stromal
CGTTCTGAGCCGTTAT-1,0.9460183053973314,0.8011351313220085,Innervated,Stromal
CGTTCTGAGGAGTATT-1,0.32238010466967604,0.3074879301746723,Innervated,Tenogenic-progenitor
CGTTCTGCACTGTGTA-1,0.9843361210915347,0.9704144646561117,Innervated,Tenogenic-progenitor
CGTTGGGTCTCACCCA-1,0.8493562144502048,0.3247458113383441,Innervated,Tenogenic-progenitor
CTAACTTAGACATCCT-1,0.9623518535550817,0.941947281545175,Innervated,Tenogenic-progenitor
CTAACTTTCCATTTGT-1,0.9723456257602106,0.927660689980362,Innervated,Stromal
CTAAGTGTCTAAGCGT-1,0.99822503308165,0.9976816029985334,Innervated,Tenogenic-progenitor
CTACAGACACCAGCGT-1,0.2776304597653409,0.617752339894769,Innervated,Stromal
CTACAGAGTGCCTTTC-1,0.8620318487417141,0.8590368668139235,Innervated,Stromal
CTACATTCATGGCTAT-1,0.9973641302992021,0.988198923188444,Innervated,T-FAP
CTACATTGTACGAAAT-1,0.0018114709020023852,0.00012373190633050663,Innervated,Stromal
CTACATTGTTAAACAG-1,0.9935306160466961,0.9894630543203382,Innervated,Tenogenic-progenitor
CTACCCAAGCCGTTGC-1,0.9995711129109073,0.9994617351480063,Innervated,T-FAP
CTACCCACAGTCGCTG-1,0.7258672594802379,0.025590322921291344,Innervated,Tenogenic-progenitor
CTACCCACAGTGTATC-1,0.7721873587556848,0.31182674010491435,Innervated,Stromal
CTACCCAGTTCAAGGG-1,0.419211914564683,0.6444192951174165,Innervated,Tenogenic-progenitor
CTACCTGAGCTACAAA-1,0.04882748508878805,0.06297020381553527,Innervated,Stromal
CTACCTGTCCTCCACA-1,0.999916397513499,0.9999854646234095,Innervated,T-FAP
CTACGGGCACTCCTGT-1,0.8493351925449034,0.9388751584777995,Innervated,Stromal
CTACGGGGTGAAGCGT-1,0.6973359114506861,0.733809770551963,Innervated,Tenogenic-progenitor
CTACGGGTCCGCACGA-1,0.9962665726080985,0.9761572973675403,Innervated,T-FAP
CTACTATGTAGACGGT-1,0.9930365625503059,0.9965325786086476,Innervated,Stromal
CTACTATGTCCAACGC-1,0.8589616724644231,0.6933936845037666,Innervated,Stromal
CTAGACAAGATAACAC-1,0.5791106982402086,0.02249594833329112,Innervated,Stromal
CTAGACATCTCAACGA-1,0.029038834969761146,0.011120879904567761,Innervated,TSPC
CTAGGTAAGCCATTCA-1,0.9999477561605755,0.9999148801547316,Innervated,T-FAP
CTAGGTAAGTGCTCAT-1,0.6728340640363412,0.6252034481888258,Innervated,TSPC
CTAGGTACAATATCCG-1,0.9850854216999979,0.9892211076900501,Innervated,Stromal
CTAGGTAGTAGGCAAC-1,0.9421225973931613,0.9859416870674307,Innervated,T-FAP
CTAGGTAGTCACAATC-1,0.9808359806014753,0.9947343611886685,Innervated,Tenogenic-progenitor
CTAGGTATCCTACCGT-1,0.9843606638868805,0.9982972090401154,Innervated,TSPC
CTATAGGAGAGCTGAC-1,0.999487570072104,0.9999837137737647,Innervated,T-FAP
CTATAGGAGCGCTGAA-1,0.9973869436569752,0.9999799904788472,Innervated,T-FAP
CTATAGGGTAACATCC-1,0.9982827013425039,0.9993939817244804,Innervated,T-FAP
CTATAGGTCAGCGCGT-1,0.8346420713812069,0.5098274139926161,Innervated,Tenogenic-progenitor
CTATCCGGTCGAGATG-1,0.9948966754660932,0.999906912014648,Innervated,T-FAP
CTATCTACATATAGCC-1,0.999424522651333,0.999722323190566,Innervated,T-FAP
CTCAACCGTGGTCTGC-1,0.9991859505608573,0.996091481119804,Innervated,Stromal
CTCAAGACACGGAAGT-1,0.9947308107784559,0.9729670943671692,Innervated,Stromal
CTCAAGAGTACCTATG-1,0.9917844008088432,0.9953007634292176,Innervated,Stromal
CTCAAGAGTCCGGTGT-1,0.9968534891819778,0.9987077301127806,Innervated,Stromal
CTCACTGAGCTAAGTA-1,0.9978884310768418,0.9997121024151299,Innervated,Stromal
CTCACTGAGTCGGGAT-1,0.9995922082919994,0.999679634745698,Innervated,Stromal
CTCACTGCAAGGCAAC-1,0.33611441058127467,0.23350720781691778,Innervated,Tenogenic-progenitor
CTCAGAAAGGTCGAGT-1,0.8878361139670967,0.9071219124546184,Innervated,TSPC
CTCAGAACAATGTGGG-1,0.9999601814189567,0.9999829779070483,Innervated,T-FAP
CTCAGAACATTAAGCC-1,0.9941963717907495,0.9936064097228525,Innervated,Stromal
CTCAGAAGTCTTCAAG-1,0.4618064765471581,0.18842780538745996,Innervated,Stromal
CTCAGAATCCGGCAGT-1,0.6293844970661748,0.35594747344935324,Innervated,Stromal
CTCAGGGTCTATACTC-1,0.9952984836206387,0.9992669546823797,Innervated,T-FAP
CTCAGTCAGGGCAGAG-1,0.02440308933221736,0.01892001807851224,Innervated,TSPC
CTCAGTCGTCAGACTT-1,0.9937144989502833,0.9826069864952692,Innervated,Stromal
CTCAGTCTCTGGGCCA-1,0.00426424920189468,0.0008632044736537462,Innervated,TSPC
CTCATCGCACCAATTG-1,0.9999283696345785,0.9990455611013546,Innervated,T-FAP
CTCATCGGTATGGTTC-1,0.9999313349937604,0.9998886429053246,Innervated,T-FAP
CTCATCGGTCGAGTGA-1,0.9621951836884494,0.8605919151867931,Innervated,T-FAP
CTCATCGTCAACTGGT-1,0.9886020046302707,0.9974422918445873,Innervated,T-FAP
CTCATCGTCTAGCATG-1,0.964052155901606,0.8252416357515753,Innervated,Stromal
CTCATGCAGCTTTCCC-1,0.9006157970914835,0.226617680560365,Innervated,Stromal
CTCATGCTCAATCGGT-1,0.8031084123613069,0.6933724105723948,Innervated,Tenogenic-progenitor
CTCATTAAGCTGGTGA-1,0.9995483971726404,0.9998117360046445,Innervated,Stromal
CTCATTAGTACCTATG-1,0.9230435983772797,0.9252199711080159,Innervated,Tenogenic-progenitor
CTCATTATCAGTGTGT-1,0.9835008542265066,0.9689204616255953,Innervated,Tenogenic-progenitor
CTCCAACAGTCGAGGT-1,0.14865078151729003,0.016566648348182215,Innervated,TSPC
CTCCAACCACGGCACT-1,0.9988635661938429,0.9995976879111586,Innervated,T-FAP
CTCCAACCAGTCAGTT-1,0.47043662822330595,0.2814240858866402,Innervated,Stromal
CTCCAACCATAGATGA-1,0.9967371283775669,0.9965825529270563,Innervated,TSPC
CTCCAACTCGTTCAGA-1,0.7395101380614986,0.9445470967000932,Innervated,Tenogenic-progenitor
CTCCACAAGGTGGCTA-1,0.0032623403749717853,0.0006468253194345806,Innervated,TSPC
CTCCACATCTGTCAGA-1,0.7904540078670751,0.5380993119657534,Innervated,Tenogenic-progenitor
CTCCATGCATCACAGT-1,0.8675312030837348,0.9477573845685561,Innervated,Stromal
CTCCCAAGTCACTGAT-1,0.6455337801499895,0.9675215813389815,Innervated,TSPC
CTCCCTCAGAGGACTC-1,0.9991444370482891,0.9994780121410336,Innervated,T-FAP
CTCCGATCAGGCAATG-1,0.8090479099536741,0.1961924433424216,Innervated,TSPC
CTCCGATCAGGCGTTC-1,0.9913905180788036,0.9982970751626243,Innervated,Tenogenic-progenitor
CTCCGATCAGTACTAC-1,0.9996442183197958,0.9988067810052341,Innervated,T-FAP
CTCCTTTAGATGGTCG-1,0.9653943653122516,0.9194645585958862,Innervated,T-FAP
CTCCTTTAGTGTTGAA-1,0.9999285672933126,0.9999763526580192,Innervated,T-FAP
CTCCTTTCACTACCCT-1,0.3269355136012143,0.6273164562251032,Innervated,Tenogenic-progenitor
CTCGAGGGTACTAGCT-1,0.06017651563351122,0.019960844605297977,Innervated,Tenogenic-progenitor
CTCTGGTGTGAATATG-1,0.7788734798991416,0.2216050009106054,Innervated,Stromal
CTCTGGTGTGCCTTTC-1,0.9172275816927923,0.8956209531108807,Innervated,Tenogenic-progenitor
CTGAATGAGGTGCATG-1,0.9896804388742507,0.9982874483889054,Innervated,Stromal
CTGAATGCAGCGTGCT-1,0.7423695967094655,0.14097079293560263,Innervated,Tenogenic-progenitor
CTGAATGTCAAGAATG-1,0.6209846424901191,0.9537724331479264,Innervated,Stromal
CTGAGCGAGCAATAAC-1,0.9591591317711539,0.9809563988030924,Innervated,Tenogenic-progenitor
CTGAGCGGTTGGAGGT-1,0.44716400093565595,0.9614462730146218,Innervated,Tenogenic-progenitor
CTGAGCGTCATCGCCT-1,0.8950852538981395,0.6574157573261942,Innervated,Stromal
CTGAGCGTCTTTCTAG-1,0.8960613142602634,0.7957027498970382,Innervated,Stromal
CTGAGGCAGTCGAATA-1,0.7878270641578572,0.9154434928435099,Innervated,Stromal
CTGAGGCGTGGCCTCA-1,0.9998085382362112,0.9990242891462158,Innervated,T-FAP
CTGAGGCTCGGATACT-1,0.9964704685709554,0.9959348291193069,Innervated,Stromal
CTGATCCGTATGTCCA-1,0.8672319101395746,0.8772278645591548,Innervated,Stromal
CTGCAGGTCAGGAAGC-1,0.9891050279662026,0.6871151953660046,Innervated,Stromal
CTGCATCGTAGGAGTC-1,0.9995546385965038,0.9997988294601315,Innervated,Tenogenic-progenitor
CTGCCATAGAGGTCAC-1,0.09383138774994507,0.01637472134684739,Innervated,Stromal
CTGCCATCACTGAGTT-1,0.9901263401344947,0.9986869998517957,Innervated,Stromal
CTGCCATCACTTCAAG-1,0.9076509933247825,0.8464996774202396,Innervated,Tenogenic-progenitor
CTGCCATTCGTTCTGC-1,0.9966222924086804,0.9965747777066474,Innervated,T-FAP
CTGCCTACAACTCGTA-1,0.0014318160751931625,0.0002686262121494877,Innervated,TSPC
CTGCGAGCACGGATCC-1,0.9996917833981254,0.9999012188091809,Innervated,T-FAP
CTGCTCACACTAGGTT-1,0.678468330879302,0.6605927982701923,Innervated,Tenogenic-progenitor
CTGCTCAGTAGTATAG-1,0.976058411959423,0.9833868881963563,Innervated,Stromal
CTGCTCAGTGACAGCA-1,0.9970439682798552,0.9981170529084824,Innervated,Stromal
CTGCTCAGTGCCTACG-1,0.9999511790096739,0.9999960834361579,Innervated,T-FAP
CTGCTCATCAGGTGTT-1,0.9967294098265513,0.9984592296584186,Innervated,Stromal
CTGGACGAGAATACAC-1,0.0681040857999751,0.07471987666784781,Innervated,Stromal
CTGGACGAGATTGTGA-1,0.9962524251329274,0.999966038219314,Innervated,Stromal
CTGGACGTCGAAGTGG-1,0.00788259156757386,0.0022835519599470836,Innervated,TSPC
CTGGACGTCTTCGGAA-1,0.7568276121156067,0.5121361016317524,Innervated,TSPC
CTGGCAGAGACATATG-1,0.9835523861743924,0.9949794312726177,Innervated,Stromal
CTGGCAGGTCGACTTA-1,0.5778476969263886,0.3819982821570774,Innervated,TSPC
CTGGTCTAGGTTCCGC-1,0.0024491298310590696,8.28649280236986e-05,Innervated,TSPC
CTGGTCTGTAATACCC-1,0.9999133506146639,0.9997975888585525,Innervated,Stromal
CTGTACCAGTATGGCG-1,0.004355740036446501,0.005337665595608155,Innervated,Stromal
CTGTATTAGAGAGCAA-1,0.2772511187205258,0.04498033804597986,Innervated,Stromal
CTGTATTAGAGAGTGA-1,0.9984604489770452,0.9961339345823347,Innervated,Stromal
CTGTATTAGTTGAAAC-1,0.9999892425693578,0.9999953964557794,Innervated,T-FAP
CTGTATTTCAAGATAG-1,0.9913373433457702,0.9928044743839286,Innervated,T-FAP
CTGTCGTAGCAATAAC-1,0.9931529687923417,0.9991499017234293,Innervated,Tenogenic-progenitor
CTGTCGTGTCTGCGCA-1,0.0023062223178195746,0.00113861184184304,Innervated,TSPC
CTGTGAAAGCCTGACC-1,0.8198362728548664,0.7396021258891268,Innervated,Stromal
CTGTGAACAAGAGATT-1,0.8261681133089117,0.17970142177519088,Innervated,Stromal
CTGTGGGCATACACCA-1,0.007363580932279135,0.002415750539666907,Innervated,TSPC
CTGTGGGGTTTCCAAG-1,0.3162128532042374,0.34684993409407694,Innervated,TSPC
CTTACCGAGATGCGAC-1,0.9997633260982827,0.9986859794315873,Innervated,T-FAP
CTTACCGCACGGTGAA-1,0.03513551450437485,0.021866620865131067,Innervated,TSPC
CTTACCGCATATCTGG-1,0.9870903708330612,0.995953172113836,Innervated,T-FAP
CTTACCGGTGGTGATG-1,0.9863607440898949,0.9874124224761341,Innervated,T-FAP
CTTACCGTCTGCGGCA-1,0.809271254729098,0.9827770340793542,Innervated,Stromal
CTTAGGAAGAGCCGTA-1,0.9521852542300463,0.8356079449943805,Innervated,Tenogenic-progenitor
CTTAGGACATCTCATT-1,0.9905456987015777,0.9768046285489577,Innervated,Tenogenic-progenitor
CTTCCGAAGCATGCGA-1,0.9276075091743108,0.4178255556717758,Innervated,Stromal
CTTCCGAAGCGCTGAA-1,0.15232577199435138,0.03957263986809179,Innervated,TSPC
CTTCCTTCAAGCGCTC-1,0.07185846290414609,0.012570104067397113,Innervated,TSPC
CTTCCTTGTTAGCGGA-1,0.9998814559900322,0.999467980527675,Innervated,T-FAP
CTTCGGTAGAGCGACT-1,0.13632027434370894,0.8682443980435496,Innervated,Tenogenic-progenitor
CTTCTAATCTGAATGC-1,0.0037495492500426064,0.008208169201164515,Innervated,TSPC
CTTGAGAAGACTTAAG-1,0.013291807385591164,0.07753887515003653,Innervated,Tenogenic-progenitor
CTTGAGAGTACGTACT-1,0.6034632305495401,0.7506558300166235,Innervated,Tenogenic-progenitor
CTTGATTGTTAAGAAC-1,0.6780878867934265,0.7154037968428164,Innervated,Stromal
CTTGATTTCGAGTACT-1,0.998523195565696,0.9981084392640015,Innervated,T-FAP
CTTGATTTCGCGGACT-1,0.3665420086534891,0.6086956584916112,Innervated,Stromal
CTTTCAATCCTTCTAA-1,0.9586623446049365,0.27145406913321796,Innervated,Tenogenic-progenitor
CTTTCGGAGCGCCTTG-1,0.9559743036641936,0.9558724529792286,Innervated,T-FAP
CTTTCGGTCCCTAGGG-1,0.9863398431967246,0.9712793000853212,Innervated,T-FAP
GAAATGACAGAGGACT-1,0.958742728467392,0.9979803125549023,Innervated,Tenogenic-progenitor
GAAATGATCATCCTGC-1,0.6598231893274005,0.8444980799791495,Innervated,TSPC
GAAATGATCCACACAA-1,0.3887607591712899,0.08683743173985232,Innervated,Stromal
GAACACTAGCAACTCT-1,0.8450951965236156,0.5488936614705289,Innervated,Tenogenic-progenitor
GAACACTAGGGTCTTT-1,0.998353330171173,0.8783206556609928,Innervated,Stromal
GAACGTTTCTAATTCC-1,0.6946693460348733,0.05582440923063772,Innervated,Tenogenic-progenitor
GAACTGTCAGACACCC-1,0.9995771157203576,0.9999819490980522,Innervated,T-FAP
GAACTGTTCGAGTGAG-1,0.799910364434111,0.952478643000386,Innervated,Stromal
GAAGAATCACTTGAAC-1,0.10827165464059806,0.03686469447032421,Innervated,Stromal
GAAGAATCAGGACATG-1,0.004448450247654843,0.0016470150021484068,Innervated,TSPC
GAAGAATCAGGTCAGA-1,0.8726546772088645,0.9784544992589126,Innervated,Stromal
GAAGAATGTGAGGAAA-1,0.9909064728668998,0.8077391381909799,Innervated,T-FAP
GAAGCCCCAGTCAACT-1,0.006239271334103383,0.0019541863702070656,Innervated,Stromal
GAAGCCCGTATGCGGA-1,0.9888956172278479,0.9299554822268251,Innervated,T-FAP
GAAGGACGTGTTACAC-1,0.3120052916538632,0.06938841484323119,Innervated,Tenogenic-progenitor
GAAGGACGTTCCAAAC-1,0.481537702098623,0.3969925745183382,Innervated,Stromal
GAAGGGTAGGCCTGAA-1,0.999992710875826,0.9999327891899684,Innervated,T-FAP
GAAGGGTGTGGAGAAA-1,0.9558362091097174,0.8961971931430261,Innervated,Tenogenic-progenitor
GAAGTAATCCCAACTC-1,0.0012207548188885216,0.1634588317337307,Innervated,Stromal
GAATAGAAGATGTAGT-1,0.9988876545803351,0.8650116792433044,Innervated,Tenogenic-progenitor
GAATAGAGTCAGGTGA-1,0.7786421043496302,0.5485163673636244,Innervated,Tenogenic-progenitor
GAATAGAGTCCCGGTA-1,0.7884162824150173,0.9225317428773013,Innervated,T-FAP
GAATAGATCCCGTAAA-1,0.9988394378086402,0.9977978742529926,Innervated,Stromal
GAATAGATCTGCGGAC-1,0.0004416847529214427,3.1759304220338223e-05,Innervated,TSPC
GAATCACCAGCAGAAC-1,0.8200197969622871,0.7559022000133545,Innervated,Tenogenic-progenitor
GAATCACGTTGTATGC-1,0.2939515028901733,0.06952332552162303,Innervated,TSPC
GACACGCTCACTACTT-1,0.9929687035937759,0.9772167399285252,Innervated,Stromal
GACACGCTCATAGACC-1,0.9754106143364291,0.9986591094586111,Innervated,Stromal
GACAGCCAGTGCTAGG-1,0.24436681794617426,0.22241035614102,Innervated,Tenogenic-progenitor
GACAGCCCAACTGAAA-1,0.9883327512102327,0.9963009975287729,Innervated,Tenogenic-progenitor
GACAGCCTCGATGGAG-1,0.006199371581415932,0.0007053777021482758,Innervated,TSPC
GACAGCCTCTTACGTT-1,0.9999752124572724,0.9999497241261074,Innervated,T-FAP
GACATCATCATTGTTC-1,0.9995591578004903,0.9976531951460013,Innervated,T-FAP
GACCAATAGCTCACTA-1,0.9721264214113934,0.901368627088556,Innervated,T-FAP
GACCAATGTAAGGCCA-1,0.4819835438947915,0.29078424643246303,Innervated,TSPC
GACCCAGAGATTCGAA-1,0.9110567979941049,0.9924767511732878,Innervated,Tenogenic-progenitor
GACCCAGAGGCTTAGG-1,0.99995520210276,0.9998443211324557,Innervated,T-FAP
GACCCAGTCTGCTTAT-1,0.9617039286516131,0.9684994485991287,Innervated,Stromal
GACCGTGCATAGAGGC-1,0.008793164424035818,0.004486041105674138,Innervated,TSPC
GACCGTGTCGTTGTTT-1,0.15545711424908193,0.050853080629737,Innervated,Stromal
GACCTTCAGACAGTCG-1,0.9990607698273231,0.9997324349420249,Innervated,Tenogenic-progenitor
GACGCTGAGATGCGAC-1,0.4682710817512145,0.49726733119897326,Innervated,Tenogenic-progenitor
GACGCTGGTCGCTCGA-1,0.4623313896738031,0.2612275220497885,Innervated,Stromal
GACGTTACAGGCGAAT-1,0.8700086228493077,0.8597143128889032,Innervated,Stromal
GACGTTAGTTCCTAAG-1,0.9766739432865764,0.9937614423984753,Innervated,Tenogenic-progenitor
GACTATGAGCACTCCG-1,0.9923112624235504,0.997860766425036,Innervated,Stromal
GACTATGCATGTTCAG-1,0.6891824241522415,0.9758131833958371,Innervated,Stromal
GACTCAAAGGGTTAGC-1,0.3715472368803265,0.025203310731534912,Innervated,TSPC
GACTCAAAGGTCGACA-1,0.7474327510561224,0.9730931179181735,Innervated,Tenogenic-progenitor
GACTGATGTTGAGAGC-1,0.007334605544270916,0.0003183045643126529,Innervated,TSPC
GACTTCCAGGTCGCCT-1,0.001417783202883909,0.0012614152880700957,Innervated,TSPC
GAGAAATTCATCGGGC-1,0.9978461714493847,0.9978149015534353,Innervated,Stromal
GAGACCCGTGATATAG-1,0.9991121375496341,0.9981824992201304,Innervated,T-FAP
GAGACCCGTTAGGACG-1,0.9897213663230761,0.9944141888729033,Innervated,Stromal
GAGACCCTCCGACGGT-1,0.759765910517526,0.893573860959364,Innervated,Stromal
GAGACTTCAATCGTCA-1,0.9271642243007236,0.9474626125923339,Innervated,T-FAP
GAGACTTCACAGAAGC-1,0.9962026069234147,0.9822489825363959,Innervated,T-FAP
GAGACTTGTGATATAG-1,0.9999924787661156,0.9999823269381847,Innervated,T-FAP
GAGACTTGTGCACATT-1,0.7792951391674776,0.5932503537582254,Innervated,Stromal
GAGAGGTAGAGTAACT-1,0.9996093484817976,0.9999395460769689,Innervated,T-FAP
GAGATGGCAGCACGAA-1,0.9985820785477179,0.9930549260356635,Innervated,Stromal
GAGATGGCAGTAGTGG-1,0.9999993269183237,0.999993281542027,Innervated,T-FAP
GAGATGGGTTCGTACA-1,0.3169966502302416,0.5498225933408257,Innervated,Stromal
GAGATGGGTTGTCATG-1,0.9992903441774763,0.9999645328247119,Innervated,T-FAP
GAGCCTGAGAGCAGCT-1,0.9999569866487388,0.9998880023402942,Innervated,T-FAP
GAGCCTGAGCTCGCAC-1,0.9263312013190634,0.9860542607426103,Innervated,Tenogenic-progenitor
GAGCCTGCACGGTGAA-1,0.8981542819106246,0.9402519819994938,Innervated,Tenogenic-progenitor
GAGCCTGGTTCGCGTG-1,0.9991046884932406,0.9997687646983361,Innervated,T-FAP
GAGCCTGTCAGGCGAA-1,0.9884910457211251,0.993008652962344,Innervated,T-FAP
GAGCTGCCAGGCACAA-1,0.9991181243347558,0.9843356375618618,Innervated,Tenogenic-progenitor
GAGCTGCGTACCCGCA-1,0.6999563309053417,0.09796229333012202,Innervated,T-FAP
GAGGCAACATGTTTGG-1,0.9966673920174793,0.9960548810648319,Innervated,Stromal
GAGGCAAGTCAAAGCG-1,0.9670233993589061,0.9615762314738913,Innervated,Stromal
GAGGCAAGTCATCACA-1,0.47302603474783395,0.7565710483584905,Innervated,Tenogenic-progenitor
GAGGCAAGTTGATCGT-1,0.9999655107620701,0.9999950911894144,Innervated,T-FAP
GAGGCCTAGTGAGTGC-1,0.7527679235863561,0.538783794187245,Innervated,Stromal
GAGGCCTCAGTGTGCC-1,0.9342531824824273,0.9859736705839989,Innervated,T-FAP
GAGGCCTTCATGCGGC-1,0.6778242732168025,0.9249754575856074,Innervated,Stromal
GAGGGATCACAGTCCG-1,0.05792230860269812,0.04481379892299055,Innervated,TSPC
GAGGGATGTGCCTGAC-1,0.9232189724276698,0.6759874545258152,Innervated,Stromal
GAGGGATGTTTCGCTC-1,0.985548333513338,0.9663854184100616,Innervated,Stromal
GAGGGTACACAATGCT-1,0.9952535389201794,0.9937247027591518,Innervated,Stromal
GAGGGTAGTATCTTCT-1,0.9820128583028896,0.9870582874974766,Innervated,Stromal
GAGTCATAGATTAGTG-1,0.09629972782338819,0.3784372842688021,Innervated,TSPC
GAGTCATGTCTACATG-1,0.7378597170709544,0.11205160851971036,Innervated,TSPC
GAGTCTACACGCAGTC-1,0.992569687887398,0.9996443844430178,Innervated,TSPC
GAGTCTAGTCTCCCTA-1,0.9972090323009418,0.9832114482844645,Innervated,T-FAP
GAGTCTAGTGGCTTAT-1,0.7748228058731235,0.7363286653326074,Innervated,Stromal
GAGTCTATCTTCTTCC-1,0.9860408452616403,0.9914982074214267,Innervated,Stromal
GAGTGAGCACCTAAAC-1,0.967040943947297,0.9948540256402567,Innervated,Stromal
GAGTGTTGTGTGTGTT-1,0.055221897854334734,0.03340236796168401,Innervated,Stromal
GAGTTACCACCAAAGG-1,0.9905506217974402,0.9612052305496369,Innervated,Tenogenic-progenitor
GAGTTACGTGGGTTGA-1,0.9998032888367444,0.9999805006357966,Innervated,Stromal
GAGTTACTCCTAGAGT-1,0.09869799106095395,0.36056742940299213,Innervated,Stromal
GAGTTACTCTGTCGCT-1,0.9619771521191507,0.9817735782318767,Innervated,Stromal
GAGTTGTCAAGACCTT-1,0.8546261919152569,0.9798707582207531,Innervated,Stromal
GAGTTGTCACCAACAT-1,0.8893831052636185,0.4783335041328166,Innervated,Stromal
GATAGAATCAGACAAA-1,0.9948241972755417,0.9986010006776533,Innervated,T-FAP
GATAGCTTCACACCGG-1,0.22159307648242776,0.7612115687927756,Innervated,Tenogenic-progenitor
GATCAGTAGAGGACTC-1,0.7772288261816374,0.9504893453048453,Innervated,TSPC
GATCAGTCAGTTAGAA-1,0.9960940425185841,0.9889554988498724,Innervated,Stromal
GATCATGAGACCTGGA-1,0.9262927626881885,0.9393335766394257,Innervated,Stromal
GATCATGTCGTGGCTG-1,0.8679793336656756,0.9809080872275532,Innervated,T-FAP
GATCCCTAGCATGATA-1,0.9797117870974482,0.9976031702919943,Innervated,T-FAP
GATCCCTGTCCATAGT-1,0.9998849141635583,0.9992513875350658,Innervated,Stromal
GATCGTAAGAGCAGCT-1,0.998757947628099,0.997446472796191,Innervated,Stromal
GATCGTACAGATACTC-1,0.9933092140607025,0.9587310869696603,Innervated,Tenogenic-progenitor
GATCGTAGTCTACATG-1,0.8430474577315257,0.8826447299713153,Innervated,Stromal
GATCGTAGTGTCTTAG-1,0.05163818910883663,0.3268581640644017,Innervated,TSPC
GATGACTAGTGAGGTC-1,0.28287203096174185,0.7127863974158587,Innervated,Tenogenic-progenitor
GATGACTGTGCCGTTG-1,0.07865294458858756,7.932415253324885e-05,Innervated,Stromal
GATGAGGAGGAAGTAG-1,0.985963181735856,0.7075114362980923,Innervated,Stromal
GATGAGGGTACGGGAT-1,0.998493174088113,0.9002928901707657,Innervated,T-FAP
GATGAGGGTGGTCAAG-1,0.9632710252792819,0.9338934165699928,Innervated,Tenogenic-progenitor
GATGAGGGTGTTTCTT-1,0.35687265195074863,0.04593384548339097,Innervated,TSPC
GATGAGGTCTAAACGC-1,0.9999470428236991,0.9999944195722466,Innervated,T-FAP
GATGATCAGCCAGAGT-1,0.9997161258186862,0.9989788439617368,Innervated,T-FAP
GATGATCAGTTCAACC-1,0.9313918637478634,0.9865151051239766,Innervated,Stromal
GATGATCCAAGGACAC-1,0.9957666827513898,0.9995296115127071,Innervated,Stromal
GATGATCCATCGTTCC-1,0.7475399071823233,0.7828907988915302,Innervated,Tenogenic-progenitor
GATGCTAGTACTCGCG-1,0.9564266227228008,0.9536022069155428,Innervated,T-FAP
GATGCTATCACCCTCA-1,0.9256731424653969,0.9412015317020507,Innervated,T-FAP
GATGGAGGTGGAAATT-1,0.011449128495826364,0.0031893476364043315,Innervated,TSPC
GATGGAGTCGATGGAG-1,0.9931954852281648,0.999695217106465,Innervated,Stromal
GATGTTGCATGCCGAC-1,0.5766975287591349,0.8742861142939102,Innervated,Tenogenic-progenitor
GATTCGAAGGAACGTC-1,0.5010470369558547,0.16019710954760266,Innervated,Tenogenic-progenitor
GATTCTTAGCAAGTCG-1,0.9999373039023504,0.99957638472407,Innervated,T-FAP
GATTGGTAGAGAGTTT-1,0.24724460497281053,0.5455758433794593,Innervated,Stromal
GATTTCTCAATCGCGC-1,0.4252187625469397,0.0829074476995378,Innervated,Stromal
GATTTCTTCTAGACCA-1,0.9811339962544091,0.9419751378386865,Innervated,Tenogenic-progenitor
GATTTCTTCTGCATAG-1,0.3928466929674393,0.05019582359784664,Innervated,Stromal
GCAACATCACAAGCAG-1,0.32847853903742824,0.5494850027115635,Innervated,TSPC
GCAACATCACTAGAGG-1,0.9526742989886113,0.9129496539936865,Innervated,Stromal
GCAACCGCAATTGCGT-1,0.06440379593154114,0.023321816310774998,Innervated,TSPC
GCAACCGTCATTTCGT-1,0.9933677807307328,0.2617240686657266,Innervated,Stromal
GCACATAGTAGCTCGC-1,0.260666264576869,0.11081521915919626,Innervated,Stromal
GCACATATCTGTTCAT-1,0.007878824012506447,7.11269125514431e-05,Innervated,Stromal
GCACGGTAGCTCGGCT-1,0.0010576107005464772,0.00014496709848902005,Innervated,TSPC
GCACGGTCAAGTGGGT-1,0.9950511356970674,0.9955966071161808,Innervated,Stromal
GCACGGTGTGATACAA-1,0.9892868420148757,0.9994113392806622,Innervated,Stromal
GCACGGTGTGGATGAC-1,0.9999806872956817,0.9999729258952643,Innervated,T-FAP
GCACGTGCACAACGAG-1,0.965508728949753,0.8077715143546134,Innervated,Tenogenic-progenitor
GCACTAACAAATGGAT-1,0.9997065798814169,0.9999766285992825,Innervated,T-FAP
GCACTAACAATACGAA-1,0.999692015032544,0.9999893937110197,Innervated,T-FAP
GCACTAACAGCTATAC-1,0.7502187222416491,0.30668147448346234,Innervated,T-FAP
GCACTAAGTCCTTTGC-1,0.9935106659940677,0.9675948159247375,Innervated,T-FAP
GCAGCCAGTCGCATTA-1,0.7844988255673134,0.9048498447713528,Innervated,Stromal
GCAGCTGCAGGTTCGC-1,0.9359239173029533,0.8564600847805683,Innervated,Stromal
GCAGCTGGTGTTCGTA-1,0.9859669409944686,0.7786375331697226,Innervated,Tenogenic-progenitor
GCAGCTGTCATGCATG-1,0.5624095136388804,0.28204280982790403,Innervated,Tenogenic-progenitor
GCAGGCTGTCGTGGTC-1,0.9999841188842995,0.9994557506725305,Innervated,T-FAP
GCAGGCTGTGCAATAA-1,0.9274875945704312,0.9792199976908906,Innervated,Tenogenic-progenitor
GCAGGCTTCAATCAGC-1,0.8011946888250331,0.736537849163896,Innervated,Stromal
GCAGGCTTCCTAGCCT-1,0.7928689227860166,0.6603754240117699,Innervated,TSPC
GCAGTTAGTTAACAGA-1,0.9999924097925907,0.9999982567072425,Innervated,T-FAP
GCATCGGTCATTGCCC-1,0.9325994538516937,0.9987501825911637,Innervated,Tenogenic-progenitor
GCATCTCGTCAGACTT-1,0.9354069782783044,0.8136169911964689,Innervated,T-FAP
GCATCTCTCGTGTCAA-1,0.005224817783632791,0.0010436746615445705,Innervated,Stromal
GCATGATAGAGTCACG-1,0.9999998427585627,0.9999999974239002,Innervated,T-FAP
GCATGATAGGCTTCCG-1,0.20059632292470933,0.05495799610774121,Innervated,Stromal
GCATGATCACCAAAGG-1,0.9676938082577484,0.9922708558427424,Innervated,Stromal
GCATTAGGTTACCCTC-1,0.9829470035716256,0.9953386213227982,Innervated,Tenogenic-progenitor
GCCAACGCAAGTGGAC-1,0.9994723948901284,0.9998878220807516,Innervated,Stromal
GCCAACGTCGCCAATA-1,0.7335646518248713,0.995369363807544,Innervated,Stromal
GCCAGCAAGGAGGTTC-1,0.6053745795395817,0.22157581710254265,Innervated,Stromal
GCCAGCAGTCCGATCG-1,0.9768994493587692,0.9559423132907038,Innervated,Stromal
GCCAGGTAGTTCCAGT-1,0.9999477977965179,0.9996289760275471,Innervated,T-FAP
GCCAGGTCAAGACCGA-1,0.9999846604886644,0.9999859851440099,Innervated,T-FAP
GCCAGGTGTTGCATCA-1,0.9998471939682204,0.9991126885811001,Innervated,T-FAP
GCCAGGTTCCACTTCG-1,0.8605827864651938,0.8219324679189215,Innervated,TSPC
GCCAGGTTCTTAGGAC-1,0.005642274378839036,0.004893997804850424,Innervated,TSPC
GCCAGTGCAAGGGTCA-1,0.7497674221890135,0.4725113767299556,Innervated,Tenogenic-progenitor
GCCAGTGCAATGTGGG-1,0.968154885902777,0.8749571156326654,Innervated,Tenogenic-progenitor
GCCAGTGGTCAAGTTC-1,0.9582128197141209,0.7403157128186059,Innervated,Stromal
GCCAGTGGTCAGCGTC-1,0.9363740644268812,0.8709786703134318,Innervated,Stromal
GCCAGTGGTTGTGTAC-1,0.9996781382445303,0.9998213064763377,Innervated,T-FAP
GCCATGGAGATTGATG-1,0.814043855376445,0.7145376326474049,Innervated,Tenogenic-progenitor
GCCATGGGTGCTATTG-1,0.9674324410178412,0.985544348855401,Innervated,Tenogenic-progenitor
GCCATTCGTGGTTCTA-1,0.9999048678663399,0.9994027765927156,Innervated,T-FAP
GCCATTCTCACCTACC-1,0.09414849858536072,0.05201349418890403,Innervated,Stromal
GCCCAGAAGCTGCGAA-1,0.947308782836456,0.990522847971674,Innervated,Tenogenic-progenitor
GCCCAGACAAGACGGT-1,0.9163830230025323,0.925860111497509,Innervated,Stromal
GCCCAGACAGGTTCGC-1,0.9866819761962786,0.7987228074581026,Innervated,Stromal
GCCCAGAGTTGGATCT-1,0.9971329602086161,0.9700915245205219,Innervated,Stromal
GCCCAGATCTCGGCTT-1,0.9996685310834714,0.9974967431686007,Innervated,Stromal
GCCCGAAAGATAGCAT-1,0.015399248256186169,0.011389641177081208,Innervated,TSPC
GCCCGAACAATACGAA-1,0.9999998127408971,0.9999999660704546,Innervated,T-FAP
GCCCGAAGTCCGGACT-1,0.9986072266280867,0.9982312890598805,Innervated,T-FAP
GCCGATGCAGAATTCC-1,0.9452055082577243,0.8964534043075336,Innervated,Stromal
GCCGTGACAAGGGCAT-1,0.9990869321502192,0.9999451045855621,Innervated,T-FAP
GCCGTGACAGTAGAAT-1,0.9204335397746984,0.9836325025397787,Innervated,Stromal
GCCGTGAGTAGCCAGA-1,0.03190960193194101,0.0005635480207501638,Innervated,TSPC
GCCGTGAGTAGTGTGG-1,0.0013927998581516586,0.00019806509077268197,Innervated,TSPC
GCCGTGATCAAAGCCT-1,0.9918190705340201,0.995409739552805,Innervated,Stromal
GCCTGTTCAATGTGGG-1,0.9577254654560966,0.9751565559371425,Innervated,Stromal
GCCTGTTTCCTATTTG-1,0.09801188048133555,0.0649145599622309,Innervated,TSPC
GCGAGAAAGGTGCATG-1,0.8626426813343103,0.1461686102192818,Innervated,Tenogenic-progenitor
GCGAGAAGTTCAGGTT-1,0.9881850075687029,0.9692737884283362,Innervated,Tenogenic-progenitor
GCGATCGTCGAGCTGC-1,0.130403591374835,0.11871258104551664,Innervated,Tenogenic-progenitor
GCGATCGTCGCCCAGA-1,0.9997693171536942,0.9999893327916389,Innervated,T-FAP
GCGGAAAAGGGCCTCT-1,0.005623677121014375,0.0022265676426375613,Innervated,TSPC
GCGGATCCAGGTGTGA-1,0.9988917065231376,0.996211212390625,Innervated,Stromal
GCGTGCACAAATGGCG-1,0.20826586864622576,0.03295105901978966,Innervated,Tenogenic-progenitor
GCGTGCAGTCGAGCTC-1,0.6775522424641354,0.8872455634598352,Innervated,T-FAP
GCGTTTCAGCGAGTCA-1,0.9997288322958174,0.990996173574371,Innervated,T-FAP
GCGTTTCGTAGCCAGA-1,0.9988636369243928,0.9994992615301062,Innervated,Tenogenic-progenitor
GCGTTTCGTTTACTTC-1,0.9958350874113298,0.9801527653379061,Innervated,Stromal
GCTACAAAGTTTAGGA-1,0.9995867483382503,0.9994773859177798,Innervated,Stromal
GCTACAACATTCATCT-1,0.0013414520998052085,0.0022440981258504684,Innervated,Stromal
GCTACCTCACTACTTT-1,0.9862995967599553,0.9957611014520126,Innervated,T-FAP
GCTCAAAGTAGATGTA-1,0.0005883159212511721,8.382443762038579e-05,Innervated,TSPC
GCTCAAATCCAGCACG-1,0.9698839600278344,0.9499335779839152,Innervated,Stromal
GCTCAAATCCTCAGGG-1,0.6485804954906368,0.31299066014565874,Innervated,Tenogenic-progenitor
GCTGAATCATGTTCGA-1,0.9974619647029671,0.9954734182650283,Innervated,T-FAP
GCTGCAGAGCTGCCTG-1,0.9913365681671203,0.9976223534053235,Innervated,T-FAP
GCTGCAGAGTGGTGAC-1,0.9994777828299795,0.9961802645137665,Innervated,Stromal
GCTGCAGCACACAGCC-1,0.9806520381411584,0.9352031412431915,Innervated,Stromal
GCTGGGTCACTGATTG-1,0.9997953804603332,0.9999873038001799,Innervated,T-FAP
GCTGGGTCAGACCCGT-1,0.0957414166458577,0.054916599412432564,Innervated,Stromal
GCTTCACTCGCTCTAC-1,0.9207551150641543,0.8309845861243168,Innervated,Stromal
GCTTGGGAGCCTCGTG-1,0.9997144190008076,0.9997236509978576,Innervated,T-FAP
GCTTGGGAGGACAAGA-1,0.43429391309060394,0.8508810762108638,Innervated,Stromal
GCTTGGGTCAGGCGAA-1,0.9770418676124433,0.5730311414648619,Innervated,Stromal
GCTTTCGAGTAGCATA-1,0.3072692147548367,0.0843014941440623,Innervated,Stromal
GCTTTCGGTCACCACG-1,0.9998191997508566,0.9993865059536944,Innervated,Stromal
GGAACCCAGGAAGAAC-1,0.01674040185850984,0.003203701590884371,Innervated,TSPC
GGAACCCGTGCCTACG-1,0.8693768071305232,0.8009665901923876,Innervated,Stromal
GGAAGTGAGGATACAT-1,0.9999890873762124,0.9999967236619806,Innervated,T-FAP
GGAAGTGGTATCTCGA-1,0.8216006446807956,0.8612341097580078,Innervated,Stromal
GGAAGTGTCATGCCCT-1,0.3811959483158921,0.36371106223367866,Innervated,Stromal
GGAAGTGTCCCTATTA-1,0.9642709932101738,0.9853506629094764,Innervated,Tenogenic-progenitor
GGAATCTAGCAAACAT-1,0.9557245184906257,0.9881141200487928,Innervated,Tenogenic-progenitor
GGAATCTAGCCATGCC-1,0.8384269615733605,0.8706954907959075,Innervated,Stromal
GGAATCTAGCTAGATA-1,0.18039881282746587,0.0145758537194923,Innervated,Tenogenic-progenitor
GGAATGGCAATAGTCC-1,0.9328806180042044,0.9669338900728579,Innervated,T-FAP
GGACGTCAGAGAAGGT-1,0.6831377159356085,0.18819898452393174,Innervated,Stromal
GGACGTCGTACTGACT-1,0.928635237636381,0.8149336696256791,Innervated,T-FAP
GGAGAACCAAGAGCTG-1,0.9999962299452959,0.9999988284652352,Innervated,T-FAP
GGAGAACTCGTGGCTG-1,0.979358385602129,0.9147658111116682,Innervated,Stromal
GGAGATGAGCAAGCCA-1,0.9998864198228506,0.9999241365548447,Innervated,Stromal
GGAGATGGTATGGTTC-1,0.2181302280888572,0.07210268430574777,Innervated,Stromal
GGAGATGTCCGCGAGT-1,0.9999782422371551,0.9999989948624513,Innervated,T-FAP
GGAGCAAGTGGAGGTT-1,0.9173292147918105,0.8969163296934087,Innervated,Tenogenic-progenitor
GGAGCAATCATCACCC-1,0.9682233183401225,0.9797200775270389,Innervated,T-FAP
GGAGGATAGATGAACT-1,0.8796437982617521,0.8251439726035926,Innervated,Stromal
GGAGGATGTTGCCATA-1,0.9961550606293326,0.9861880682361707,Innervated,Stromal
GGAGGTAAGTGCCCGT-1,0.9253261466051683,0.9990721748336319,Innervated,Stromal
GGAGGTACATCTCGTC-1,0.9991139807732977,0.999368838573108,Innervated,T-FAP
GGAGGTACATGACCCG-1,0.8276451288024851,0.886282045553184,Innervated,Tenogenic-progenitor
GGAGGTAGTGATGGCA-1,0.6732648759543641,0.9100974713818536,Innervated,T-FAP
GGAGGTATCATCACAG-1,0.7556268517119539,0.6234700384756319,Innervated,Tenogenic-progenitor
GGATCTAGTCGCCTAG-1,0.9999798318976635,0.9998648240630751,Innervated,T-FAP
GGATCTATCGACACCG-1,0.9998131600813241,0.9994250513459001,Innervated,T-FAP
GGATGTTCAATTGCCA-1,0.9999962227422097,0.9999988663816585,Innervated,T-FAP
GGATGTTCAGTTTGGT-1,0.9997472602277553,0.9998408539127779,Innervated,T-FAP
GGATGTTGTAGATCCT-1,0.9950910170442878,0.965641687249951,Innervated,Tenogenic-progenitor
GGCACGTAGGTCGAGT-1,0.006693606068419991,0.0021408819554284706,Innervated,TSPC
GGCACGTTCGCAGTTA-1,0.989853922657079,0.9553235513629946,Innervated,Tenogenic-progenitor
GGCGTCAAGGTTCTTG-1,0.9996323872772854,0.9989324739347675,Innervated,T-FAP
GGCGTCAAGTAGGTTA-1,0.9727870312755519,0.9575400236349295,Innervated,Stromal
GGCGTCACAGGGCTTC-1,0.0391389955492629,0.04064152602967099,Innervated,TSPC
GGCGTCAGTGTTCATG-1,0.8527233311491202,0.8543431023786269,Innervated,TSPC
GGCTGTGAGTATAGGT-1,0.8735257758581009,0.9917631666413763,Innervated,Tenogenic-progenitor
GGCTGTGAGTGGATTA-1,0.9978992382976344,0.9990951690201982,Innervated,T-FAP
GGCTGTGCAACTTGGT-1,0.9719195849282479,0.9775078780317096,Innervated,Stromal
GGCTTGGAGCGAGTAC-1,0.9995014551385042,0.9987736224549727,Innervated,T-FAP
GGCTTGGCAGGCTCTG-1,0.9999603335786574,0.999485360410115,Innervated,Stromal
GGCTTGGGTGATCATC-1,0.022007954031323097,0.001217072884996781,Innervated,Stromal
GGCTTGGGTTTACCTT-1,0.9999548233335556,0.9999921926085936,Innervated,T-FAP
GGCTTTCCATAACCCA-1,0.9990638787801914,0.9999545751577752,Innervated,T-FAP
GGGAAGTAGACGACGT-1,0.7399826068962221,0.046311833927832655,Innervated,Stromal
GGGAAGTAGGCTTAGG-1,0.9619202088153332,0.9057274795842968,Innervated,Tenogenic-progenitor
GGGAAGTCAAGGGCAT-1,0.9818739733235882,0.960361994825711,Innervated,Stromal
GGGACAAAGTGCCGAA-1,0.9999404595500927,0.982126482711574,Innervated,T-FAP
GGGACAATCAACCGAT-1,0.9765006200301611,0.9858953932752373,Innervated,Stromal
GGGACCTGTGCTCCGA-1,0.9999313070505272,0.994715090363958,Innervated,T-FAP
GGGACTCAGTCGCCAC-1,0.13083617600726563,0.2127318047832886,Innervated,Stromal
GGGACTCAGTCTGCAT-1,0.9895455345095178,0.9988126063198574,Innervated,T-FAP
GGGACTCCAATTGTGC-1,0.27713018951249985,0.7810574998191294,Innervated,TSPC
GGGACTCGTATCGAGG-1,0.016485851003586287,0.00250469267439744,Innervated,Stromal
GGGACTCGTATTTCTC-1,0.9669592550657463,0.9901342601494624,Innervated,Tenogenic-progenitor
GGGACTCGTGTCATCA-1,0.19010429991325237,0.018553044524438733,Innervated,Stromal
GGGACTCTCTACGCGG-1,0.7083897218921684,0.14508861227024747,Innervated,Stromal
GGGAGTATCCGATAAC-1,0.9983501663470357,0.9976390992424233,Innervated,Tenogenic-progenitor
GGGATCCAGCACCCAC-1,0.9161601416960405,0.9841688451241765,Innervated,Stromal
GGGATGACAAAGGCTG-1,0.5454122146228716,0.6614274982867103,Innervated,TSPC
GGGATGACATTGCTGA-1,0.2045108434918252,0.41970883299029027,Innervated,TSPC
GGGATGAGTTCTTAGG-1,0.28689470798001115,0.034995777119315036,Innervated,TSPC
GGGCCATTCCGCAAAT-1,0.9699455510017349,0.45561255115805394,Innervated,Tenogenic-progenitor
GGGCGTTAGTTAGAAC-1,0.9738870345640621,0.943657184141304,Innervated,Tenogenic-progenitor
GGGCTACCACTGAGGA-1,0.9999168608870002,0.9996028537016489,Innervated,T-FAP
GGGCTCAAGGCTGGAT-1,0.9821738865171018,0.9906375122747828,Innervated,Stromal
GGGCTCATCAACACGT-1,0.6005243739672965,0.8123826053618916,Innervated,Stromal
GGGCTCATCGAAGCAG-1,0.998592399042074,0.99972431381742,Innervated,Stromal
GGGCTCATCGACACTA-1,0.9998994631662139,0.999878584569761,Innervated,T-FAP
GGGTAGAAGACTAAGT-1,0.9993166322251668,0.9998960682400853,Innervated,Stromal
GGGTAGAGTTCAGGTT-1,0.014336074650553992,0.009685107069831278,Innervated,TSPC
GGGTAGATCAAATAGG-1,0.26164863081403245,0.16394222905398217,Innervated,Tenogenic-progenitor
GGGTATTAGTTCATCG-1,0.10375992756954498,0.02681798049103403,Innervated,TSPC
GGGTATTCACACGCCA-1,0.004763354402286743,0.000782446485352971,Innervated,TSPC
GGGTATTCATCCTAAG-1,0.9821509619254998,0.9961999244083651,Innervated,T-FAP
GGGTATTCATCGGTTA-1,0.08291534083184446,0.0035821378714499053,Innervated,Stromal
GGGTATTGTACTCGAT-1,0.010379944303028315,0.01097834465319477,Innervated,Stromal
GGGTATTGTAGGAAAG-1,0.9999945665669405,0.9999963873549037,Innervated,T-FAP
GGGTATTTCTAGGAAA-1,0.9998870647727509,0.9999889842676767,Innervated,T-FAP
GGGTCACAGCGAATGC-1,0.8708670302364915,0.579973918721658,Innervated,Tenogenic-progenitor
GGGTCACAGCTGCCAC-1,0.9999657297153187,0.9999963757355871,Innervated,T-FAP
GGGTCACCATTGCCGG-1,0.006224808293371224,0.0019649657751818943,Innervated,TSPC
GGGTCTGAGAGCTGCA-1,0.8057728718987108,0.5835003669201269,Innervated,T-FAP
GGGTCTGTCGACATAC-1,0.9985162384531108,0.9997801736573609,Innervated,T-FAP
GGGTGAAAGACGCAGT-1,0.12009283546417705,0.038606395695156705,Innervated,T-FAP
GGGTGAAAGGCTCAAG-1,0.9980894571768001,0.9997027298547403,Innervated,T-FAP
GGGTGAATCCCGAGTG-1,0.9833570373572913,0.9232266857807901,Innervated,Stromal
GGGTGAATCCGAGCTG-1,0.081867692158593,0.02380973575180862,Innervated,TSPC
GGGTTTAAGTTTAGGA-1,0.021886543570785774,0.048270570123110625,Innervated,TSPC
GGGTTTACAAGTGCTT-1,0.6028978382058378,0.6428101375535661,Innervated,Stromal
GGTAACTAGATCCAAA-1,0.7342359967898846,0.4012075055088337,Innervated,Stromal
GGTAACTCATCGGATT-1,0.9526133933431169,0.9935675374198735,Innervated,T-FAP
GGTAACTCATGGCACC-1,0.8975850249686047,0.9971736319864738,Innervated,Tenogenic-progenitor
GGTAACTGTTATAGAG-1,0.9949268918232064,0.990164223139953,Innervated,Stromal
GGTAATCAGAGTTGCG-1,0.761202108055995,0.29817031203463956,Innervated,Stromal
GGTAATCCAGCGTAGA-1,0.9998728056145884,0.9999835401552294,Innervated,T-FAP
GGTAGAGAGTACCCTA-1,0.9938035118818567,0.992824289720806,Innervated,Stromal
GGTCACGAGGAAAGGT-1,0.9999680361835619,0.9999988471759157,Innervated,Tenogenic-progenitor
GGTCACGTCAGCGGAA-1,0.8144729138434834,0.9701469871311444,Innervated,Tenogenic-progenitor
GGTCTGGAGCTATCTG-1,0.961204934047636,0.9996030491204903,Innervated,Tenogenic-progenitor
GGTCTGGGTATCCTTT-1,0.9994682597699233,0.997790202553094,Innervated,Stromal
GGTCTGGGTGTGGTCC-1,0.9997413834946048,0.9999870356585326,Innervated,T-FAP
GGTCTGGTCGAGTGAG-1,0.9862432389316421,0.968684992148643,Innervated,Stromal
GGTGAAGAGAGGTTAT-1,0.801727969222022,0.8591631545930574,Innervated,Tenogenic-progenitor
GGTGAAGCAATGGCAG-1,0.980623815250356,0.9975481521868648,Innervated,T-FAP
GGTGAAGCATATGAAG-1,0.9998899635965771,0.9985760313397779,Innervated,T-FAP
GGTGGCTCATCCTTGC-1,0.3070248680287861,0.5197050517297166,Innervated,Stromal
GGTGTCGAGATGTTCC-1,0.9994441257332725,0.9998543157784148,Innervated,T-FAP
GGTGTCGCAATTCGTG-1,0.29212670592025597,0.07062574036009096,Innervated,Stromal
GGTGTCGCATAACAGA-1,0.815064845712499,0.5981517358843051,Innervated,Tenogenic-progenitor
GGTGTCGGTGTCCATA-1,0.26446080115321224,0.054401418654262866,Innervated,Stromal
GGTGTCGTCAACGCTA-1,0.9564036841804975,0.9026585588012086,Innervated,Stromal
GGTGTTAAGCAATTAG-1,0.09151537398151949,0.004801434842279865,Innervated,TSPC
GGTGTTAAGGTGGGTT-1,0.8503115307588457,0.7896582125508566,Innervated,Stromal
GGTGTTACATCGATGT-1,0.6504842533112465,0.5171515166017076,Innervated,Stromal
GGTTAACAGACGGATC-1,0.999547730864203,0.9988055573237513,Innervated,Stromal
GGTTAACAGCTAAGTA-1,0.609649916366509,0.12369585418465501,Innervated,Stromal
GGTTAACGTTTACTGG-1,0.5289038680925591,0.025235388541181077,Innervated,Stromal
GGTTCTCTCCGTGTAA-1,0.7440266843859409,0.4364267710544048,Innervated,Stromal
GGTTGTAAGGGAGATA-1,0.10195920037234646,0.007466684693074593,Innervated,Stromal
GGTTGTACAGAGGGTT-1,0.9980265680870122,0.9999579326380063,Innervated,T-FAP
GGTTGTATCAAGTAAG-1,0.4781657722352435,0.9312539226054923,Innervated,Tenogenic-progenitor
GGTTGTATCAGCGCGT-1,0.9984637694845832,0.9999538261575734,Innervated,T-FAP
GGTTGTATCTCCCTAG-1,0.11970149235980722,0.006063137322615836,Innervated,Stromal
GTAACACTCTCACGAA-1,0.33857559970987544,0.7047787355796092,Innervated,Stromal
GTAACCATCTGCTGAA-1,0.056125382863684924,0.012563939698332159,Innervated,Stromal
GTAAGTCAGAGAACCC-1,0.019391725922452564,0.005603176139886672,Innervated,Tenogenic-progenitor
GTAATCGCACAAAGCG-1,0.9999997859048398,0.9999999669438477,Innervated,T-FAP
GTAATCGGTGACAACG-1,0.9989424964045732,0.988807104476993,Innervated,T-FAP
GTAATCGGTGAGCCAA-1,0.14145512794667958,0.24730846263793918,Innervated,Stromal
GTAATCGTCTAGTTCT-1,0.9958769890821282,0.9719655586351371,Innervated,Stromal
GTAATGCAGAGAACCC-1,0.9756084003007951,0.995536518672494,Innervated,Stromal
GTAATGCAGAGCTGAC-1,0.9981074191133229,0.9998199748309731,Innervated,T-FAP
GTAATGCAGCAACAAT-1,0.7801490621374071,0.658401436094184,Innervated,Tenogenic-progenitor
GTAATGCTCTGTGCGG-1,0.9743380052755701,0.9996804206433155,Innervated,Stromal
GTACAACAGATTGAGT-1,0.9722141266595596,0.9913166835660889,Innervated,Stromal
GTACAACCACTCCGGA-1,0.9793411841380989,0.903631635166576,Innervated,Tenogenic-progenitor
GTACAACGTGTTACTG-1,0.9198370666545975,0.9199756585549516,Innervated,Stromal
GTAGAGGAGAACTTCC-1,0.9997512606084192,0.9997298686669145,Innervated,T-FAP
GTAGAGGCAAGACCGA-1,0.9903571579745682,0.993321054862679,Innervated,T-FAP
GTAGAGGCATGTGGCC-1,0.9999838824359698,0.9998646630496317,Innervated,T-FAP
GTAGATCCAAGCACCC-1,0.9980432960069504,0.6588361947764901,Innervated,T-FAP
GTAGATCCACATCCCT-1,0.5346210345771798,0.09221840776954886,Innervated,Stromal
GTAGATCGTTGTTGCA-1,0.9989428206677198,0.9999162776789621,Innervated,T-FAP
GTAGATCTCGCAACAT-1,0.7791809147544755,0.7462507309963982,Innervated,Stromal
GTAGATCTCGCCTTGT-1,0.9949691546767698,0.9988850822061186,Innervated,Stromal
GTAGATCTCTGGTGCG-1,0.9658128772058351,0.9399999745804749,Innervated,Stromal
GTAGCTACAATAAGGT-1,0.9989519471514722,0.9989221232612796,Innervated,T-FAP
GTAGCTAGTCCGACGT-1,0.9998874263522033,0.9999725756754425,Innervated,T-FAP
GTAGCTATCGAGAACG-1,0.5871306416021476,0.059928765986563035,Innervated,Stromal
GTAGGAGAGCATTGAA-1,0.9999951498364691,0.9999982472693113,Innervated,T-FAP
GTAGGAGTCCCGAAAT-1,0.9985557256709712,0.9996947235741398,Innervated,T-FAP
GTAGGTTGTAACTGCT-1,0.20800281362813902,0.027961868000197006,Innervated,Stromal
GTAGTACAGCAATAAC-1,0.9615096905563049,0.4904434914511733,Innervated,Tenogenic-progenitor
GTAGTACAGCTCTATG-1,0.23442994171706655,0.08443065735383987,Innervated,TSPC
GTAGTACAGTCCGCCA-1,0.9958888136830083,0.9991240439343291,Innervated,Tenogenic-progenitor
GTAGTACAGTGCAGCA-1,0.9999999636166339,0.9999998716402694,Innervated,T-FAP
GTAGTACGTACGTACT-1,0.9972478753461805,0.9921915863638345,Innervated,T-FAP
GTAGTACGTATGGTAA-1,0.994800218533763,0.9973908278037057,Innervated,Stromal
GTAGTACTCCAACACA-1,0.7933263098170439,0.934530174088136,Innervated,Stromal
GTATTGGTCTTCGCTG-1,0.93815940838602,0.9628037574201356,Innervated,Tenogenic-progenitor
GTATTTCAGCTATCTG-1,0.9999344686914663,0.9999901969986462,Innervated,T-FAP
GTATTTCAGGGAGGTG-1,0.6842827274194596,0.7569590709337467,Innervated,Tenogenic-progenitor
GTATTTCAGTTGCGCC-1,0.9999079414661604,0.9997992734205199,Innervated,T-FAP
GTATTTCCAAGACCTT-1,0.7190708775624681,0.6187622507758466,Innervated,Stromal
GTATTTCCATCGGAAG-1,0.9999998755227117,0.9999999915905294,Innervated,T-FAP
GTATTTCGTCGGAAAC-1,0.9241864123970739,0.9916037236753207,Innervated,Stromal
GTATTTCTCAGGTGTT-1,0.5983345189446679,0.9272775988727853,Innervated,Tenogenic-progenitor
GTCAAACCATGAGTAA-1,0.9999867637153926,0.999994848488326,Innervated,T-FAP
GTCAAGTTCCTTCTAA-1,0.9990775245543043,0.9980580638183122,Innervated,Stromal
GTCACGGGTATGAAGT-1,0.0013385759344065776,1.7111474463140573e-07,Innervated,T-FAP
GTCATCCAGAAGGATG-1,0.9973993640503329,0.9991563574887644,Innervated,T-FAP
GTCATCCCACGGTAGA-1,0.9679494810393554,0.9690375755347314,Innervated,Stromal
GTCATCCGTTGTACGT-1,0.9973521926455499,0.925881349847633,Innervated,T-FAP
GTCATGAGTATTGGCT-1,0.999937592574099,0.9999664728597071,Innervated,T-FAP
GTCATGAGTGTGAATA-1,0.9996193044166792,0.9995950822082946,Innervated,T-FAP
GTCATTTGTTGCGGCT-1,0.9988725689930925,0.9997967486163007,Innervated,Stromal
GTCATTTTCCCATTCG-1,0.01626492789004971,0.008261194238440914,Innervated,TSPC
GTCCACTAGGTCGTAG-1,0.8508444115600395,0.8960043446731027,Innervated,TSPC
GTCCACTGTCTGTCAA-1,0.1826496026964303,0.0019255289711714529,Innervated,TSPC
GTCCACTTCTCCTGAC-1,0.9880496744595325,0.9764470653038653,Innervated,Stromal
GTCCCATAGGGCCCTT-1,0.9914314722090317,0.9976461855061576,Innervated,T-FAP
GTCCCATTCCGTTGGG-1,0.024076456764083654,0.00259759072168326,Innervated,TSPC
GTCCTCAAGGCGCTTC-1,0.999890658820988,0.9999491375198096,Innervated,T-FAP
GTCGCGAAGACCCTTA-1,0.22578697986593732,0.06482892707944711,Innervated,Stromal
GTCGCGAAGCTGAGCA-1,0.9997341515266962,0.9999982344782812,Innervated,T-FAP
GTCGCGAAGGATACAT-1,0.9876013049216298,0.9842972324235637,Innervated,Stromal
GTCTACCAGGGCATGT-1,0.8078190905762828,0.7779179784704056,Innervated,Stromal
GTCTACCAGTGCACTT-1,0.9876837910095543,0.9845385617918758,Innervated,Tenogenic-progenitor
GTCTACCCAGACAAAT-1,0.006231063017432706,0.0009349698054115525,Innervated,Stromal
GTCTACCGTCACAGAG-1,0.9999979046187745,0.9999990092272069,Innervated,T-FAP
GTCTAGAGTCGCGGTT-1,0.999961500572127,0.9999954158847583,Innervated,T-FAP
GTCTAGATCATGAGGG-1,0.8321054931847227,0.36617521835204686,Innervated,Tenogenic-progenitor
GTCTCACAGTAACGAT-1,0.014047951391427468,0.012721201153821301,Innervated,Stromal
GTCTCACCAGTCGCAC-1,0.998862577930043,0.9929527816410817,Innervated,T-FAP
GTCTCACGTTACGATC-1,0.9908435534224838,0.8727377508715608,Innervated,T-FAP
GTCTGTCAGCTTCATG-1,0.9999500142310515,0.9999858411979075,Innervated,T-FAP
GTCTGTCCACACGGTC-1,0.1977895772412592,0.04141073869679579,Innervated,TSPC
GTCTGTCCAGCGTTTA-1,0.9832477529680866,0.9983314186961556,Innervated,Stromal
GTCTGTCGTTTACTTC-1,0.9975176383736393,0.9993755670483493,Innervated,Tenogenic-progenitor
GTCTTTAGTTGCCAAT-1,0.7827675484786059,0.8763241778823111,Innervated,TSPC
GTCTTTATCTAAACGC-1,0.811299484224264,0.41448530229330477,Innervated,Stromal
GTGACGCGTAAGCGGT-1,0.7394953406669593,0.656224302698471,Innervated,Stromal
GTGACGCGTATGGGAC-1,0.855467653799777,0.9653619351546376,Innervated,T-FAP
GTGACGCGTCCGGATC-1,0.9886873275062391,0.9937259021046921,Innervated,Stromal
GTGAGCCAGACAGCGT-1,0.021150569524994115,0.0018571796008971233,Innervated,Stromal
GTGAGCCCAAATGAGT-1,0.9896619544869381,0.9758977479873014,Innervated,Stromal
GTGAGGAAGATGGTAT-1,0.06877609853985682,0.024908564846448072,Innervated,Stromal
GTGAGGAAGCGATCGA-1,0.9999175697955687,0.9999671845480536,Innervated,T-FAP
GTGAGGACAAATACGA-1,0.5180085128283398,0.052338233419126357,Innervated,Stromal
GTGAGGACAGTCAGTT-1,0.9975759695545415,0.9997841339403049,Innervated,Stromal
GTGAGGATCTGACAGT-1,0.0011184948220806722,0.0008452138812611114,Innervated,TSPC
GTGAGTTTCATAGCAC-1,0.9999534687022,0.9999337663647883,Innervated,T-FAP
GTGAGTTTCGACATAC-1,0.0004023760461624146,9.545458286912579e-06,Innervated,Stromal
GTGAGTTTCGTCTCAC-1,0.1571036113263952,0.23223348229344346,Innervated,TSPC
GTGATGTAGAAACCAT-1,0.8218527079840777,0.9853814407212413,Innervated,Tenogenic-progenitor
GTGATGTGTAAGTTGA-1,0.3908720523873697,0.3639058359644651,Innervated,Tenogenic-progenitor
GTGATGTGTAGCGCTC-1,0.988474019159304,0.9367347506001306,Innervated,Stromal
GTGCAGCCAGAGATTA-1,0.015111897843469543,0.0040623208118747605,Innervated,TSPC
GTGCGTGAGCGGATCA-1,0.9995955160095371,0.9998000211602158,Innervated,T-FAP
GTGCGTGTCCGATGTA-1,0.9355949814967638,0.831921770179284,Innervated,Tenogenic-progenitor
GTGCTGGAGCCTCATA-1,0.28769561440824304,0.42009314286279476,Innervated,TSPC
GTGCTGGTCAGCCTTC-1,0.012561022447199772,0.004059167835913719,Innervated,TSPC
GTGGAAGAGGGTCAAC-1,0.4827946905286484,0.22894883906841326,Innervated,Stromal
GTGGAAGGTAGTGATA-1,0.043210564514293684,0.14451722785634755,Innervated,TSPC
GTGGAAGTCTAGTGTG-1,0.39112459409312367,0.15087674528390788,Innervated,Stromal
GTGGAGATCATGGATC-1,0.050907694194825916,0.012293379370618094,Innervated,TSPC
GTGGCGTAGTCTCTGA-1,0.9964033352616222,0.9993240491848974,Innervated,Stromal
GTGGGAAGTACGGGAT-1,0.946715925471941,0.8501400041499353,Innervated,Stromal
GTGGGAATCGAAGCCC-1,0.917501479785877,0.9837867417742664,Innervated,Stromal
GTGGGAATCGCATTAG-1,0.8913549589536705,0.9880811322237889,Innervated,Stromal
GTGGTTAAGTAACAGT-1,0.9823752016717097,0.9948672135046915,Innervated,Stromal
GTGTGGCAGAGTGTTA-1,0.9674995971602286,0.950643244681494,Innervated,Stromal
GTGTGGCAGCGGTAGT-1,0.37380437594108995,0.04222939142364182,Innervated,TSPC
GTGTGGCCAACAGCTT-1,0.999057864595162,0.9998857340554114,Innervated,Tenogenic-progenitor
GTGTGGCGTGGCATCC-1,0.0457218619935025,0.13446461622414937,Innervated,TSPC
GTGTGGCTCGCCTAGG-1,0.9999832381533987,0.9999150683131061,Innervated,T-FAP
GTGTTAGGTCTTGTCC-1,0.9625502369727977,0.9426687440526075,Innervated,Stromal
GTGTTAGGTTGGCTAT-1,0.07385930332795092,0.030719775672364905,Innervated,Tenogenic-progenitor
GTGTTAGTCTCCCAAC-1,0.9904366709120918,0.9875318662618093,Innervated,Tenogenic-progenitor
GTGTTCCAGCGGATCA-1,0.8306010358144819,0.043259327272045095,Innervated,Tenogenic-progenitor
GTGTTCCTCTCTTGCG-1,0.028903869004010405,0.008194635208967153,Innervated,TSPC
GTTACAGAGACGTCCC-1,0.7566209803340872,0.6095640769188064,Innervated,Stromal
GTTACAGCATGACTGT-1,0.9448483620037941,0.9755452980983972,Innervated,Tenogenic-progenitor
GTTACAGGTCACGCTG-1,0.9989486406049776,0.9915881472415182,Innervated,T-FAP
GTTACAGTCCTAGCGG-1,0.7854671569880503,0.031586792147703095,Innervated,T-FAP
GTTACCCAGCGTCTGC-1,0.9989183312218348,0.9996480192228002,Innervated,Tenogenic-progenitor
GTTACCCAGGTAGTAT-1,0.0551379627223109,0.012238157024768844,Innervated,TSPC
GTTACCCGTGACACAG-1,0.04153713761377521,0.025206912959783282,Innervated,TSPC
GTTACCCTCATTGTTC-1,0.8835083479849594,0.687401138882309,Innervated,Stromal
GTTACCCTCTCAACGA-1,0.9024199055678865,0.4448719925847818,Innervated,Stromal
GTTACGACACCTTCGT-1,0.999692628622814,0.9995369986135768,Innervated,Stromal
GTTAGACCAAGAATAC-1,0.00328426926148034,0.00013730214555901453,Innervated,TSPC
GTTAGACTCAAAGGTA-1,0.964753021460918,0.9573437484213252,Innervated,Tenogenic-progenitor
GTTAGACTCCATTTCA-1,0.36921118803311637,0.46490011455353425,Innervated,Tenogenic-progenitor
GTTAGTGTCTCGCTCA-1,0.08306367057836388,0.045690528712480256,Innervated,TSPC
GTTATGGCATTCGATG-1,0.9554999899485602,0.8539069728664863,Innervated,Stromal
GTTATGGCATTGCTGA-1,0.11964688547044368,0.06394045721192738,Innervated,TSPC
GTTATGGTCTCGGTCT-1,0.9930472132927907,0.9855208018164888,Innervated,Stromal
GTTCATTAGCAACAGC-1,0.0322674370446844,0.025363085266614696,Innervated,Tenogenic-progenitor
GTTCATTGTCTCGACG-1,0.7043830164062123,0.9303858467265576,Innervated,T-FAP
GTTCATTTCCCAGCGA-1,0.9992479075589152,0.9985958463411013,Innervated,Stromal
GTTCCGTAGACATACA-1,0.9997303107008961,0.9994860336694449,Innervated,T-FAP
GTTCCGTCAGAGGCTA-1,0.644459137152202,0.5261241585025015,Innervated,Stromal
GTTCGCTAGAACGTGC-1,0.999719289889311,0.999980261732616,Innervated,Stromal
GTTCGCTCAACAAGTA-1,0.982624030683543,0.9589418251767183,Innervated,T-FAP
GTTCGCTTCCTCACCA-1,0.9998756308683875,0.9997507196304279,Innervated,Stromal
GTTCTATAGAGCTTTC-1,0.9670994025834821,0.9897669064270055,Innervated,Tenogenic-progenitor
GTTCTATAGTTTCGAC-1,0.999998765329751,0.9999996399846817,Innervated,T-FAP
GTTGAACTCCTTACCG-1,0.21551836319528217,0.171538715508885,Innervated,Tenogenic-progenitor
GTTGCTCCATGGAATA-1,0.999920074559927,0.9999988159196328,Innervated,T-FAP
GTTGCTCGTTTGAAAG-1,0.8051776730645341,0.964666122586119,Innervated,Stromal
GTTGTAGAGCGAGTCA-1,0.6215209840955194,0.9190120152777772,Innervated,Tenogenic-progenitor
GTTGTAGAGGTGCTTT-1,0.8335069185562681,0.8649598021911472,Innervated,Stromal
GTTGTAGCAACTGGTT-1,0.9956329908820671,0.99529743490031,Innervated,Tenogenic-progenitor
GTTGTAGTCAAGGACG-1,0.9996374753168698,0.964130548201567,Innervated,Tenogenic-progenitor
GTTGTCCAGGCACTCC-1,0.9999679397206358,0.9999877722297288,Innervated,T-FAP
GTTGTCCCAGAGCTAG-1,0.9938542882053975,0.9972050599867659,Innervated,Stromal
GTTGTCCCATCGATCA-1,0.9824422388320845,0.9994988643827125,Innervated,Tenogenic-progenitor
GTTGTCCGTCTCCTGT-1,0.9995319967338198,0.9997229242878133,Innervated,Tenogenic-progenitor
GTTGTGAAGGGAGGAC-1,0.9981015580123386,0.9996015422945617,Innervated,Stromal
GTTGTGACAGACCGCT-1,0.8365425265275938,0.6125503207797118,Innervated,Stromal
GTTGTGACATAAGCAA-1,0.9943159142394427,0.9998651756277516,Innervated,Tenogenic-progenitor
GTTGTGAGTGAATGAT-1,0.8444416189967133,0.941135280966846,Innervated,Tenogenic-progenitor
GTTGTGATCGCGTTTC-1,0.9687744775053411,0.8444797459961185,Innervated,T-FAP
GTTTACTCACGTCGGT-1,0.9022056763581767,0.9839993977626404,Innervated,Stromal
GTTTGGAAGAAAGCGA-1,0.3213032791980207,0.2643145575768187,Innervated,TSPC
GTTTGGAGTAGTGGCA-1,0.3396796679569808,0.06251144362874629,Innervated,Stromal
GTTTGGAGTGAGATAT-1,0.00197306345840846,0.0004166609422717095,Innervated,TSPC
TAACACGCAGGATCTT-1,0.6485820987859428,0.09304263088810921,Innervated,Stromal
TAACCAGAGAGGACTC-1,0.004137226296589389,0.0001501166269804782,Innervated,TSPC
TAACCAGAGGAGAGTA-1,0.04063976493211363,0.01549827935492778,Innervated,TSPC
TAACCAGCAATACCTG-1,0.8485471287024816,0.09099874679265789,Innervated,T-FAP
TAACCAGCAGCCGGTT-1,0.6459189823868977,0.6157869817632441,Innervated,Tenogenic-progenitor
TAACCAGGTAACTAAG-1,0.6649271983639938,0.7386111079306594,Innervated,TSPC
TAACGACCAGTAACGG-1,0.9900632603700367,0.9991457839810542,Innervated,Tenogenic-progenitor
TAACGACGTTGCTAGT-1,0.9999580578999939,0.999524770467007,Innervated,T-FAP
TAACGACTCATCCCGT-1,0.9986607262133007,0.99983697478788,Innervated,Stromal
TAACTTCAGAACCCGA-1,0.9958864221382656,0.9942455742868935,Innervated,T-FAP
TAACTTCAGAACTGAT-1,0.9999355471842211,0.9999612756740541,Innervated,T-FAP
TAACTTCAGTTTCGGT-1,0.6560248596971564,0.14434411122327523,Innervated,Stromal
TAACTTCCAATAAGGT-1,0.9984717630192802,0.9742663727787509,Innervated,Tenogenic-progenitor
TAACTTCGTCTGCAAT-1,0.5583237214243456,0.4466663025867834,Innervated,Tenogenic-progenitor
TAACTTCTCTACACTT-1,0.3977563656560556,0.758184113360533,Innervated,TSPC
TAAGCACAGGGTATAT-1,0.8479832811079763,0.7477355482884815,Innervated,Stromal
TAAGCGTCATCGCTCT-1,0.9960735249930228,0.9985132614663089,Innervated,Stromal
TAAGTCGAGAGGGTCT-1,0.9981955701131691,0.9999846344627303,Innervated,T-FAP
TAATCTCTCGAAACAA-1,0.666189712509085,0.16828174635925874,Innervated,Stromal
TAATTCCAGAAATTCG-1,0.9977585510623576,0.9856997975068954,Innervated,Stromal
TAATTCCCAAGTGGCA-1,0.5573994608773641,0.27293679449886826,Innervated,Tenogenic-progenitor
TAATTCCTCAGGGATG-1,0.8764961924028158,0.5201070842326454,Innervated,Stromal
TAATTCCTCGTGGGAA-1,0.5026643138387494,0.29500878555049564,Innervated,TSPC
TACAACGGTTAGGACG-1,0.005378902483136053,0.0007783231536106498,Innervated,TSPC
TACACCCCAAGATGGC-1,0.3453094159366226,0.46378107531500284,Innervated,Stromal
TACACCCCACCGGTCA-1,0.736010162314575,0.9218544049468886,Innervated,Stromal
TACAGGTCACTACCGG-1,0.963471978062356,0.6606006392720721,Innervated,T-FAP
TACAGGTTCCTACACC-1,0.9998108105679562,0.9992059598497951,Innervated,T-FAP
TACATTCCAAGTTCCA-1,0.9984940544174287,0.9662066225103456,Innervated,Stromal
TACATTCGTTAAGACA-1,0.9998628490311984,0.9999966341047003,Innervated,T-FAP
TACATTCGTTCGAACT-1,0.9755274423437279,0.957830449935143,Innervated,Tenogenic-progenitor
TACATTCTCCTCGCAT-1,0.1672722439642913,0.07884611134780255,Innervated,Stromal
TACCCACCAAGGTACG-1,0.9853336067735018,0.9770289387543791,Innervated,Tenogenic-progenitor
TACCCACGTAGAGATT-1,0.9112056602716513,0.9112031313666942,Innervated,Stromal
TACCCACGTGGGTCAA-1,0.9696236161210978,0.18356181420275355,Innervated,Stromal
TACCCACGTGTCATGT-1,0.9867836041954207,0.9563336308519017,Innervated,Stromal
TACCCGTGTCAGGCAA-1,0.9996097669469552,0.9987567788915473,Innervated,Stromal
TACCGAAGTCACTTAG-1,0.9959838391409813,0.9424330053428878,Innervated,T-FAP
TACCGAATCGTTCTCG-1,0.03861748378566689,0.005038365869137302,Innervated,Stromal
TACCGGGAGAGGCCAT-1,0.9292877730739955,0.9731630353926535,Innervated,T-FAP
TACCGGGGTGGAACCA-1,0.8771734479840039,0.9366337057209053,Innervated,Tenogenic-progenitor
TACCTCGAGGTTGACG-1,0.9982482601734941,0.9975132782788242,Innervated,T-FAP
TACCTCGTCGTCACCT-1,0.9851734470272192,0.9713757359141143,Innervated,Stromal
TACCTGCCATCATTTC-1,0.9996107078432521,0.9989154667769852,Innervated,T-FAP
TACGCTCGTGTGTGGA-1,0.5410313289550973,0.006950684980910161,Innervated,Stromal
TACGGGCCATGGACAG-1,0.9924167702710993,0.9840504419600226,Innervated,T-FAP
TACGGTAAGTGCACTT-1,0.807853484283437,0.1522697242024636,Innervated,Stromal
TACGGTACACATATGC-1,0.9534964479049989,0.8065262846637636,Innervated,Stromal
TACGGTATCTATACTC-1,0.010947769073622406,0.003575265700249967,Innervated,TSPC
TACGTCCGTATTCTCT-1,0.9932445039024613,0.9940960699042519,Innervated,Tenogenic-progenitor
TACTGCCTCCCGATCT-1,0.9319944338218826,0.3736573381541842,Innervated,Stromal
TACTGCCTCCTGTTGC-1,0.11666980467239994,0.027374475664237074,Innervated,TSPC
TACTTACGTAACTAAG-1,0.8995806658737336,0.9521028270457155,Innervated,T-FAP
TACTTACTCTGCCTGT-1,0.9999365873177269,0.9999600176346655,Innervated,Stromal
TACTTACTCTGTCAGA-1,0.01586296665117767,0.0110053844523703,Innervated,TSPC
TACTTGTCAAGAGTTA-1,0.0013437571612087815,6.678562557979493e-05,Innervated,TSPC
TACTTGTCATCAGCAT-1,0.9952981495840812,0.7655413224817303,Innervated,Stromal
TAGACCAAGGGCCTCT-1,0.9722745742846033,0.9989913439972684,Innervated,Tenogenic-progenitor
TAGACTGGTCCATAGT-1,0.9635255649653311,0.9949231162088596,Innervated,Stromal
TAGACTGGTCTGCATA-1,0.9999223030288524,0.9969420133420316,Innervated,T-FAP
TAGACTGTCGGCCTTT-1,0.9990034153358128,0.9997489063996972,Innervated,Stromal
TAGAGTCTCCGAACGC-1,0.9999203279600947,0.9999955142581601,Innervated,T-FAP
TAGAGTCTCCTACTGC-1,0.9980343659068801,0.8607910513574794,Innervated,T-FAP
TAGATCGCAAACCGGA-1,0.0679496648801904,0.02686402034513706,Innervated,Stromal
TAGCACACATAAGCGG-1,0.9999834466936884,0.9999782428773349,Innervated,T-FAP
TAGCACAGTTGCTCCT-1,0.9991687946792666,0.9989750171836137,Innervated,T-FAP
TAGGAGGAGAGCCATG-1,0.9973907365016007,0.9983985503532891,Innervated,Tenogenic-progenitor
TAGGAGGAGAGGTTAT-1,0.9969029410246026,0.9991898943110035,Innervated,Tenogenic-progenitor
TAGGGTTGTAGATTGA-1,0.9953864035550954,0.9888200551094977,Innervated,Stromal
TAGGGTTGTTGGCTAT-1,0.9983963464567907,0.9896627767517121,Innervated,T-FAP
TAGGTACAGATAGTCA-1,0.9997483293170064,0.9991356931376721,Innervated,T-FAP
TAGGTACAGTACAACA-1,0.7168947798725512,0.49548238995158816,Innervated,Stromal
TAGGTACCAAGCTCTA-1,0.031033074919094943,0.03093659781596765,Innervated,TSPC
TAGGTACGTATGGTTC-1,0.004221719203238934,0.0014322373644873802,Innervated,Stromal
TAGGTACTCAACCCGG-1,0.12582808569438053,0.03518786834028724,Innervated,TSPC
TAGGTACTCAAGGCTT-1,0.18732206233166648,0.08013771865127635,Innervated,Stromal
TAGGTTGAGGGCTAAC-1,0.33596954457483724,0.31137787634402464,Innervated,TSPC
TAGTGCAAGCTGTTCA-1,0.00510376895942594,0.0009350021944052341,Innervated,TSPC
TATACCTAGGTCCTGC-1,0.48754552558359465,0.20243895442502333,Innervated,Stromal
TATATCCGTCCGTTTC-1,0.664661333869706,0.0457459543147287,Innervated,TSPC
TATATCCGTTAGGACG-1,0.9997963526427232,0.9999792727714184,Innervated,Stromal
TATATCCTCATCACCC-1,0.0017785031436032392,6.560250631561926e-05,Innervated,TSPC
TATCAGGAGACCCGCT-1,0.877547998488802,0.5136361887797627,Innervated,Tenogenic-progenitor
TATCCTAAGAACCCGA-1,0.5866669594588549,0.8083125859856879,Innervated,Stromal
TATCCTAAGAAGCCTG-1,0.9829618020853579,0.9958962679383621,Innervated,T-FAP
TATCCTAAGGTAAACT-1,0.9827612937599203,0.9209336243569712,Innervated,Tenogenic-progenitor
TATCCTAAGTTAGTAG-1,0.9593262443019095,0.9922446658209562,Innervated,Stromal
TATCCTATCGCTGCGA-1,0.9906891707827887,0.9964032512877744,Innervated,T-FAP
TATCGCCAGCGTGCTC-1,0.24449453849732852,0.19789244234420147,Innervated,TSPC
TATCGCCCAAGTTGGG-1,0.9810767455925409,0.9573582457810639,Innervated,Tenogenic-progenitor
TATCGCCCATAATGAG-1,0.9985139201067699,0.9971125323253864,Innervated,Stromal
TATCGCCGTGACCTGC-1,0.9954846106922001,0.9406639215609429,Innervated,Stromal
TATCGCCTCCACCTCA-1,0.9923064527982429,0.999173186922679,Innervated,Stromal
TATCGCCTCGCTACAA-1,0.6946391844106876,0.03509994615395295,Innervated,Stromal
TATCTTGCAATGTCAC-1,0.9998564925428627,0.9995852507421367,Innervated,Stromal
TATCTTGCAGGACATG-1,0.811788812675824,0.45379302610788963,Innervated,Stromal
TATCTTGGTCCCTCAT-1,0.9996175076756093,0.9995417423772116,Innervated,T-FAP
TATCTTGGTGAGACCA-1,0.999999450743167,0.9999998888046729,Innervated,T-FAP
TATGTTCGTTACCTTT-1,0.9999719704080782,0.9999334127042283,Innervated,Stromal
TATGTTCTCAGACCGC-1,0.9792150384283612,0.8987107369840849,Innervated,Tenogenic-progenitor
TATGTTCTCTCCCAAC-1,0.047162076085327215,0.007009393379535165,Innervated,Stromal
TATTCCACAACTGGTT-1,0.9996322996394996,0.9999155406641048,Innervated,T-FAP
TATTCCACAGTAGATA-1,0.9792349799770584,0.9789082419438658,Innervated,Stromal
TATTCCATCTCTGCTG-1,0.016820499359882876,0.0005326474668294504,Innervated,TSPC
TATTGCTCACTTCCTG-1,0.9740084274047762,0.9908734391007372,Innervated,T-FAP
TATTGGGCAGTCAGAG-1,0.9412184837900655,0.9855264271828046,Innervated,Tenogenic-progenitor
TATTGGGGTCGGAACA-1,0.9995338463762922,0.9991937982711703,Innervated,T-FAP
TATTTCGAGACTTAAG-1,0.9901425388499548,0.9999394500460225,Innervated,T-FAP
TATTTCGAGGCCATAG-1,0.9998832180407183,0.9997286672456986,Innervated,T-FAP
TATTTCGAGGTTGGTG-1,0.30193717915740637,0.15003782994212267,Innervated,Stromal
TATTTCGCAATGACCT-1,0.9491072031368772,0.9913561873109903,Innervated,Stromal
TATTTCGGTAACATAG-1,0.9991300598802175,0.9998287076258536,Innervated,Tenogenic-progenitor
TATTTCGTCAAGAGGC-1,0.8756794101213214,0.5170880525902616,Innervated,Stromal
TCAAGACAGGACGCTA-1,0.9876427359290506,0.981471771644871,Innervated,Stromal
TCAAGACAGTAGAGTT-1,0.9894823149015767,0.9641280421425432,Innervated,Tenogenic-progenitor
TCAAGACAGTTACGTC-1,0.9890540671880829,0.994217176445297,Innervated,T-FAP
TCAAGACGTGGACCAA-1,0.9892645158313103,0.6179484803306985,Innervated,Stromal
TCAAGCAAGCATGCGA-1,0.9999518575405695,0.9999392802568257,Innervated,Stromal
TCAAGCATCGACTCCT-1,0.9628052421969232,0.964564819775986,Innervated,T-FAP
TCAAGCATCTATTTCG-1,0.9907861354885777,0.8783901521083853,Innervated,T-FAP
TCAATCTAGCGGTATG-1,0.9960641999209505,0.9892269214238752,Innervated,Tenogenic-progenitor
TCAATCTTCAAGAATG-1,0.36535587673790554,0.6347637193642164,Innervated,Stromal
TCAATTCCAGAGCCCT-1,0.9055827876438698,0.9157821512338932,Innervated,T-FAP
TCACAAGGTGAGTAGC-1,0.9999400481139545,0.9999945574888661,Innervated,T-FAP
TCACAAGTCACCGGGT-1,0.9568076314881687,0.9664645496115306,Innervated,Stromal
TCACACCAGATTGATG-1,0.9896075454184659,0.9971799064865563,Innervated,T-FAP
TCACACCAGCATCCCG-1,0.99337080836102,0.9697018324309328,Innervated,Stromal
TCACATTGTAAGTTGA-1,0.5255340452319595,0.8932480183094766,Innervated,Tenogenic-progenitor
TCACGCTAGCTCTGTA-1,0.03536263934211358,0.06723690721194948,Innervated,TSPC
TCACGCTGTACAAGCG-1,0.9078413477388402,0.5295293847058831,Innervated,Stromal
TCACGCTGTACTCGTA-1,0.8851372877967602,0.7232628333290194,Innervated,TSPC
TCACGCTGTCCGCAGT-1,0.34534523617628954,0.11065289405766225,Innervated,Stromal
TCACGCTGTGTATTCG-1,0.9999657240623316,0.9999943767484576,Innervated,Tenogenic-progenitor
TCACGCTTCAAGGACG-1,0.7280805246270364,0.8124472515915067,Innervated,Stromal
TCACGGGGTTCCGTTC-1,0.997576247736308,0.9933761598959654,Innervated,T-FAP
TCACGGGTCGTCAAAC-1,0.9997887796668452,0.999979000924209,Innervated,T-FAP
TCACTATAGAGGTCAC-1,0.7202540623573458,0.6101629893468034,Innervated,Tenogenic-progenitor
TCACTATCATTGCCGG-1,0.9999910395116709,0.9999870889315133,Innervated,T-FAP
TCACTATGTACGTACT-1,0.40546279500543203,0.0752444673241315,Innervated,Stromal
TCACTCGGTCCCTAAA-1,0.9996829302911477,0.9998794128264505,Innervated,T-FAP
TCACTCGTCGTGGGTC-1,0.99665019162231,0.9994856070570202,Innervated,T-FAP
TCAGCAACACAAGTTC-1,0.7917240526391536,0.9538982989810824,Innervated,Stromal
TCAGCAATCCCTCTTT-1,0.9495103869995782,0.9413692317026315,Innervated,Stromal
TCAGCAATCGCCGATG-1,0.9985873644778827,0.9983154305764929,Innervated,T-FAP
TCAGCCTGTCACTAGT-1,0.7276103659524426,0.8289149994648877,Innervated,Tenogenic-progenitor
TCAGCCTTCCGTGTAA-1,0.9999391738921302,0.9999259594167627,Innervated,Stromal
TCAGGGCAGAGAACCC-1,0.9994678328649979,0.9999376086142814,Innervated,Tenogenic-progenitor
TCAGGGCCACAAACGG-1,0.9995826859422374,0.9987844423387195,Innervated,Tenogenic-progenitor
TCAGGGCCAGAGTTCT-1,0.9999718000174462,0.9988573772796044,Innervated,T-FAP
TCAGGGCGTGAATATG-1,0.5690713825141926,0.5909253830304113,Innervated,Tenogenic-progenitor
TCAGGGCTCAGTCATG-1,0.9999948036473276,0.9999956062025627,Innervated,T-FAP
TCAGGTAAGGTTTACC-1,0.2034846602307554,0.10706688035827894,Innervated,Stromal
TCAGGTACACAAGCCC-1,0.9999798115241595,0.999975569712466,Innervated,T-FAP
TCAGTCCAGAAGCGCT-1,0.9988806662210866,0.9995948373579486,Innervated,T-FAP
TCAGTCCAGGTCACTT-1,0.9997119818469373,0.9999681626299824,Innervated,Stromal
TCAGTCCGTTTAGACC-1,0.42274333380630635,0.6509693876082655,Innervated,Stromal
TCAGTGAAGGCAGGTT-1,0.7058384288631124,0.37125740906254934,Innervated,T-FAP
TCAGTTTTCGTCCATC-1,0.999925484324019,0.999998796902496,Innervated,T-FAP
TCATACTTCTGCTAGA-1,0.994765274907628,0.8568749500188617,Innervated,T-FAP
TCATATCAGCCGAACA-1,0.9985352990552973,0.9993199819599902,Innervated,Stromal
TCATATCAGCTGACAG-1,0.9751914645053575,0.9919145209428046,Innervated,Stromal
TCATATCTCTCTCTTC-1,0.9967363227019603,0.9984931639269297,Innervated,Stromal
TCATCCGAGAATTGTG-1,0.07246245411754605,0.513639063880109,Innervated,Stromal
TCATCCGAGCATAGGC-1,0.00305945659244273,0.0005326392232589368,Innervated,TSPC
TCATCCGAGTATTAGG-1,0.9696889841292262,0.8798970589834058,Innervated,Stromal
TCATCCGCAATGGCCC-1,0.6777285985517916,0.9743589582077439,Innervated,Stromal
TCATCCGCACATTACG-1,0.029500533599377505,0.006763224363743768,Innervated,Stromal
TCATCCGGTTCAAGGG-1,0.9967627442487758,0.7710705267508232,Innervated,Stromal
TCATCCGTCATGAGGG-1,0.061469075813677894,0.010573893235283944,Innervated,TSPC
TCATGAGAGGGTGAAA-1,0.10650602851130211,0.02920947514761475,Innervated,Stromal
TCATGAGCATTAGGCT-1,0.7879906093192297,0.8680773558983893,Innervated,T-FAP
TCATGAGTCATAGACC-1,0.004510500562164785,0.001235847293081002,Innervated,Stromal
TCATGCCCAGCAGATG-1,0.9440396741753333,0.9687920901616875,Innervated,T-FAP
TCATGCCCATGATCTG-1,0.9999886802767602,0.9995746501564541,Innervated,T-FAP
TCATGGAGTTAGGGAC-1,0.9362068702921186,0.8508006769113783,Innervated,Stromal
TCATGTTTCGCCTCTA-1,0.9802477062610098,0.996525066387783,Innervated,Stromal
TCATTACCACAGTGAG-1,0.6140614178380684,0.5043925017850609,Innervated,Stromal
TCATTACTCCTCTCTT-1,0.9999161378325554,0.9988264957126701,Innervated,T-FAP
TCATTACTCGGCATAT-1,0.9489888561927511,0.327931357173389,Innervated,Stromal
TCATTCATCAACACCA-1,0.9999767998276371,0.9999938229434825,Innervated,T-FAP
TCATTTGGTCACCGAC-1,0.7433917192340272,0.22209525408071548,Innervated,Stromal
TCATTTGGTCTCCCTA-1,0.4123285083708963,0.599038773380592,Innervated,T-FAP
TCCACCAGTCACTCAA-1,0.022415545414283197,0.005344516503677667,Innervated,TSPC
TCCACCAGTTGGACTT-1,0.9869752772899822,0.9556891191474723,Innervated,Stromal
TCCACCATCGGAACTT-1,0.9999975818200179,0.9999993760858599,Innervated,T-FAP
TCCACGTCAATGTCTG-1,0.9994374844190614,0.9535603908804727,Innervated,T-FAP
TCCACGTTCACACGAT-1,0.33391729171501194,0.2749137639780526,Innervated,Tenogenic-progenitor
TCCAGAAAGCCGAACA-1,0.9888559494244213,0.9997940999523859,Innervated,T-FAP
TCCAGAAAGCGTCAGA-1,0.010413009207743,0.007988334472454154,Innervated,TSPC
TCCAGAAAGTACCCTA-1,0.9998313544540847,0.9999876772918221,Innervated,T-FAP
TCCATCGAGTATTAGG-1,0.9867235527756617,0.9347693267214434,Innervated,Stromal
TCCATCGAGTTAACAG-1,0.6439049355037244,0.769320334983264,Innervated,TSPC
TCCATGCCAGCCGTTG-1,0.9903549870712256,0.9814044359202233,Innervated,T-FAP
TCCCACAAGTCACGAG-1,0.9979291133589541,0.9956810100991704,Innervated,T-FAP
TCCCACACATGGCTGC-1,0.9906508949921711,0.9726141815803263,Innervated,Stromal
TCCCACAGTACCACGC-1,0.48933658376901573,0.03651632159338979,Innervated,Stromal
TCCCACATCAAGAAAC-1,0.9999651856988687,0.9999897354220895,Innervated,T-FAP
TCCCACATCAAGGTGG-1,0.999996976029097,0.9999981807701159,Innervated,T-FAP
TCCCACATCTTACGGA-1,0.8909615965271661,0.43148333589233323,Innervated,Tenogenic-progenitor
TCCCACATCTTGGTCC-1,0.9944828662792419,0.996239643472649,Innervated,Stromal
TCCCAGTGTTCGGACC-1,0.8994588864536944,0.9963171212468744,Innervated,Tenogenic-progenitor
TCCCAGTTCCAAAGGG-1,0.9853747730877529,0.9633734447090793,Innervated,Stromal
TCCCATGCACGACAGA-1,0.9999653756765202,0.9999990889380392,Innervated,T-FAP
TCCCATGGTGTATCCA-1,0.9997189292864919,0.9999929386209778,Innervated,T-FAP
TCCCATGTCCTGTTAT-1,0.7283232343564845,0.8999426783759015,Innervated,Tenogenic-progenitor
TCCGAAAAGAGTTCGG-1,0.748752933275975,0.9633795850334008,Innervated,Stromal
TCCGAAACAGTATACC-1,0.9358581879844929,0.412841361639593,Innervated,Tenogenic-progenitor
TCCGAAATCCGGACTG-1,0.9338302397808712,0.5905349567842092,Innervated,Tenogenic-progenitor
TCCGATCCAGCCGTTG-1,0.06775526174135031,0.024733269997772724,Innervated,TSPC
TCCGGGAAGAAGGCTC-1,0.9994843193075149,0.9997148466183445,Innervated,T-FAP
TCCGGGACACGTTCGG-1,0.3910429645218085,0.20066119147600506,Innervated,Stromal
TCCGGGAGTGTGTCGC-1,0.9510045281316292,0.6101841512638626,Innervated,T-FAP
TCCGGGATCACCTCTG-1,0.7013192748605038,0.23692362929473845,Innervated,Stromal
TCCGTGTCATGCACTA-1,0.9999337406539464,0.9999449877386016,Innervated,T-FAP
TCCGTGTGTTTGCCGG-1,0.9966674233469776,0.9966665528943421,Innervated,T-FAP
TCCTAATTCGAGCTGC-1,0.9999643100238828,0.9999980227666455,Innervated,Stromal
TCCTCCCAGTGAACAT-1,0.033127488516610064,0.022189718628336418,Innervated,Stromal
TCCTCCCCAGCGCGTT-1,0.03906513314031336,0.004751411803201022,Innervated,TSPC
TCCTCCCTCAACTCTT-1,0.9730414239539757,0.9910845828066382,Innervated,Stromal
TCCTCGAAGAGCACTG-1,0.9986666728981818,0.9996995747111537,Innervated,T-FAP
TCCTCGAGTAACACCT-1,0.28181620255882467,0.07989228650165991,Innervated,Tenogenic-progenitor
TCCTCGAGTACCAATC-1,0.999987501205199,0.9999978182746001,Innervated,T-FAP
TCCTCTTAGGATGCGT-1,0.49852449749024247,0.09050827339244534,Innervated,Tenogenic-progenitor
TCCTCTTCATGGAACG-1,0.004718658725600108,0.00047434186377255856,Innervated,Stromal
TCCTGCACAGTTCCAA-1,0.8220500827968132,0.8248915322786989,Innervated,TSPC
TCCTGCAGTTACCTTT-1,0.9965750776748691,0.9789916803038172,Innervated,Stromal
TCCTTCTAGACGCTCC-1,0.993869048153531,0.4160850059058583,Innervated,Stromal
TCCTTTCAGAAAGTCT-1,0.8353093582823945,0.5545632244671982,Innervated,Tenogenic-progenitor
TCCTTTCGTACAGAAT-1,0.04493006137451316,0.041398651653210605,Innervated,Stromal
TCGAACAAGTTGGGAC-1,0.5502271423760933,0.12750381400518157,Innervated,Stromal
TCGAACAGTGGTTCTA-1,0.15515575907943285,0.07661720070516842,Innervated,Stromal
TCGAACATCTCATAGG-1,0.2675886940327189,0.557430574419379,Innervated,Tenogenic-progenitor
TCGAAGTCAACGGCCT-1,0.9457537393179426,0.9515446533534162,Innervated,Stromal
TCGAAGTCAACGGCTC-1,0.43973869878612953,0.5676361199330844,Innervated,TSPC
TCGAAGTCACCACATA-1,0.9992505444978105,0.9999051726239359,Innervated,Stromal
TCGAAGTCATAAGCGG-1,0.8513934369700574,0.9588957944733836,Innervated,Stromal
TCGAAGTGTTCCAAAC-1,0.9919484585656233,0.9991576776201119,Innervated,Tenogenic-progenitor
TCGAAGTTCATTTGCT-1,0.9984099662776508,0.999024187089258,Innervated,Stromal
TCGACCTAGATCCCAT-1,0.9999979211774986,0.9999998915405046,Innervated,T-FAP
TCGACGGAGAAGTGTT-1,0.5410526264393312,0.34790657413538884,Innervated,Stromal
TCGACGGGTAACACGG-1,0.9999509604201334,0.9999982568527156,Innervated,T-FAP
TCGATTTAGGTCATAA-1,0.9988951699745553,0.9997451434540638,Innervated,T-FAP
TCGATTTCAATAACCC-1,0.9671674678333684,0.9404543667924944,Innervated,Tenogenic-progenitor
TCGATTTGTTGTCCCT-1,0.0720634645618175,0.03279850719557858,Innervated,TSPC
TCGCACTCATGGCGCT-1,0.9996810824262665,0.9998230887890814,Innervated,Tenogenic-progenitor
TCGCAGGTCTCGCCTA-1,0.9395461666885521,0.950228311274271,Innervated,Stromal
TCGCTCAAGTAAACAC-1,0.9223673816734322,0.9250661530296677,Innervated,T-FAP
TCGCTCACATGGATCT-1,0.9922251540126809,0.846765766424529,Innervated,Stromal
TCGCTCAGTACAGGTG-1,0.07860049186519011,0.18913375828045872,Innervated,Tenogenic-progenitor
TCGCTCAGTGACTAAA-1,0.8419383889074734,0.8097784152606015,Innervated,Tenogenic-progenitor
TCGCTCATCCGAAGGA-1,0.7679307880622359,0.9439541308996323,Innervated,Stromal
TCGCTTGAGGTCCAGA-1,0.9999599316963892,0.9993896448629541,Innervated,T-FAP
TCGCTTGCACCCTGTT-1,0.1289708717394434,0.08163333289073524,Innervated,TSPC
TCGCTTGCACCGCTGA-1,0.9080624721999003,0.9851175990597628,Innervated,TSPC
TCGGATAGTAGTGGCA-1,0.018840320867487218,0.004500505497260534,Innervated,TSPC
TCGGATAGTTCGGACC-1,0.8819822646657589,0.530455156425525,Innervated,Stromal
TCGGGACAGCCATGCC-1,0.9983221482443464,0.9987087335454468,Innervated,T-FAP
TCGGGACCAATTCTTC-1,0.0812121292863776,0.058068015192456225,Innervated,Stromal
TCGGGACCAGCAGACA-1,0.9820699113362642,0.8460018380282399,Innervated,T-FAP
TCGGGACCAGTTGGTT-1,0.008792111277686662,0.00039583602263960877,Innervated,TSPC
TCGGGCAAGGGCAGTT-1,0.9899771965475208,0.9890498723248581,Innervated,Stromal
TCGGGCACATAACCCA-1,0.9993462288869364,0.9990838464362303,Innervated,Stromal
TCGGGCAGTCTCGGAC-1,0.9812456109112044,0.9750691211592742,Innervated,Stromal
TCGGGCAGTTGCTCAA-1,0.9270447861428874,0.8533304350323793,Innervated,Stromal
TCGGGTGGTGAGATTA-1,0.01816590121682942,3.872090466685432e-05,Innervated,Stromal
TCGGGTGGTGCTCGTG-1,0.9995154188054456,0.9999331800195366,Innervated,Stromal
TCGGTCTTCTGAGAGG-1,0.9991620260852047,0.9994706478004294,Innervated,T-FAP
TCGTAGAAGACCCTTA-1,0.9999832013919957,0.9999901453007771,Innervated,Stromal
TCGTAGAAGCGTACAG-1,0.9999929609435693,0.9999902679364145,Innervated,T-FAP
TCGTAGAAGGAACTAT-1,0.2033185023543603,0.23592220035164121,Innervated,Tenogenic-progenitor
TCGTAGAGTATTGACC-1,0.01823022019662495,0.017405957097873022,Innervated,Stromal
TCGTAGAGTCAAGCCC-1,0.024885462402473326,0.003733696767278641,Innervated,TSPC
TCGTCCAAGAGCTTTC-1,0.9953990430471163,0.9915959570267455,Innervated,T-FAP
TCTAACTCAGTTGTCA-1,0.8047271245972418,0.1566565830525856,Innervated,Stromal
TCTAACTGTTCACGAT-1,0.7510075970210619,0.580515047253124,Innervated,Stromal
TCTACATGTCCCTGAG-1,0.00582584569778394,0.0022366811608420883,Innervated,TSPC
TCTACCGCAACTGCCG-1,0.9753624339559331,0.90280094041534,Innervated,Tenogenic-progenitor
TCTACCGGTATGAAAC-1,0.7032701865144912,0.1635460843898428,Innervated,TSPC
TCTATACAGGGTCTTT-1,0.99903442041014,0.9999562062631058,Innervated,Stromal
TCTATACTCGTCCTTG-1,0.9832022603648999,0.9985591131806825,Innervated,Tenogenic-progenitor
TCTATACTCTCAGTCC-1,0.00934417253077158,4.8910132312223966e-05,Innervated,Tenogenic-progenitor
TCTATCAAGTCCGCGT-1,0.9646818968306792,0.9617074386439451,Innervated,Tenogenic-progenitor
TCTCACGAGCATGCAG-1,0.9982573141790583,0.9980873466177604,Innervated,Stromal
TCTCAGCCAAGGTTGG-1,0.9998850859041316,0.9999927849905238,Innervated,T-FAP
TCTCAGCCAGTGTACT-1,0.19981403991806004,0.004268989529532535,Innervated,Stromal
TCTCAGCGTCGGTAAG-1,0.7423406472062324,0.9931808303290413,Innervated,Tenogenic-progenitor
TCTCCGAAGTAAAGCT-1,0.8617651049152178,0.38096983440949417,Innervated,Stromal
TCTCCGACAGGCGATA-1,0.9998761001286458,0.9999793299873743,Innervated,T-FAP
TCTGCCAAGTTGAATG-1,0.6481053239931464,0.9846511117436518,Innervated,Stromal
TCTGCCACATCCTGTC-1,0.9993904564772177,0.9998245049106469,Innervated,Tenogenic-progenitor
TCTGGCTAGATTCGAA-1,0.9681710344294872,0.9490219120094383,Innervated,Stromal
TCTGGCTCATCCGCGA-1,0.8953866769264622,0.7107979404155872,Innervated,Tenogenic-progenitor
TCTGGCTTCAAACCCA-1,0.004260297160775736,0.0006063380456785031,Innervated,TSPC
TCTGGCTTCTCTATAC-1,0.9977192781607345,0.9999315913791965,Innervated,Stromal
TCTGGCTTCTGCGGGT-1,0.6519807531880786,0.07557271090255449,Innervated,Stromal
TCTTAGTCAACATACC-1,0.44470203284195353,0.922105452138158,Innervated,Tenogenic-progenitor
TCTTAGTCAATGGCAG-1,0.996861532888766,0.8967047771965249,Innervated,Tenogenic-progenitor
TCTTAGTCAGGATGAC-1,0.9622546050800795,0.45386021209091254,Innervated,Stromal
TCTTCCTAGGGCAACT-1,0.9964608461166755,0.9996609172345697,Innervated,T-FAP
TCTTCCTAGTAGTCTC-1,0.9999620116147887,0.9999289901025846,Innervated,T-FAP
TCTTCCTCACGGGCTT-1,0.9746599982230624,0.9742015031054276,Innervated,Stromal
TCTTGCGAGGGCCTCT-1,0.7521419660709787,0.8074243272049294,Innervated,Tenogenic-progenitor
TCTTTGATCGTCAACA-1,0.997483613705944,0.9989075705348616,Innervated,Tenogenic-progenitor
TGAATCGAGACGACGT-1,0.9988588042664641,0.9981108931516337,Innervated,Stromal
TGAATCGCAACAAAGT-1,0.9998651829836671,0.9999627747270582,Innervated,Tenogenic-progenitor
TGAATCGCAAGCTGCC-1,0.0018726791091949661,0.00010639363735657077,Innervated,TSPC
TGAATCGTCCGCGATG-1,0.9999882060412536,0.9999969876543069,Innervated,T-FAP
TGAATCGTCGAACTCA-1,0.9999636844892142,0.9999834313003084,Innervated,T-FAP
TGACAGTAGATAACGT-1,0.13462871615276417,0.02618675801732656,Innervated,TSPC
TGACAGTAGGTTCTTG-1,0.6933498898021025,0.3867711864423391,Innervated,Stromal
TGACAGTTCCACTTCG-1,0.999514773574975,0.9994325642607661,Innervated,T-FAP
TGACCCTCAGGGTTGA-1,0.0505981353925262,0.0006939768021400501,Innervated,Tenogenic-progenitor
TGACGCGAGGAGCTGT-1,0.999734869682221,0.9973082042733047,Innervated,Stromal
TGACTCCAGAGTTGTA-1,0.9972906485006408,0.9993103222580046,Innervated,Stromal
TGACTCCCAACATACC-1,0.003601012417678536,0.00018234821785960867,Innervated,TSPC
TGACTCCCACTGTGTA-1,0.9999243894440565,0.999998962091701,Innervated,T-FAP
TGACTCCCAGCTGAAG-1,0.9510789937159656,0.8908152611187495,Innervated,Tenogenic-progenitor
TGACTCCGTGGGTTGA-1,0.14964599844178003,0.527867571897247,Innervated,TSPC
TGAGACTAGCTAAGTA-1,0.03528324917259203,0.017565049237024732,Innervated,T-FAP
TGAGACTAGTGCGTCC-1,0.008811966415585723,0.003927667528561406,Innervated,TSPC
TGAGACTTCCCGAGTG-1,0.10877274345744564,0.014445152044380861,Innervated,TSPC
TGAGACTTCGCCGATG-1,0.9950401560639548,0.9994889437669785,Innervated,T-FAP
TGAGCATAGACTTCGT-1,0.9971939928560443,0.9993639851878363,Innervated,T-FAP
TGAGCATAGGGCGAGA-1,0.9713822406437258,0.9952292016673823,Innervated,Stromal
TGAGCATCAAATGGCG-1,0.9965573755195732,0.9998891115321286,Innervated,T-FAP
TGAGCGCAGTACTCGT-1,0.9980477454960522,0.999716193050389,Innervated,Stromal
TGAGCGCCACCGCTGA-1,0.9999687485919811,0.9999999496384874,Innervated,T-FAP
TGAGCGCGTCCGTTTC-1,0.8156370340795145,0.7043646239091027,Innervated,Tenogenic-progenitor
TGAGCGCTCTGGACTA-1,0.569460908940073,0.29066918766652,Innervated,Stromal
TGAGGGAAGAGCAGTC-1,0.989467935907835,0.9981181322204604,Innervated,Stromal
TGAGGGAAGCTGTTCA-1,0.7133851448637835,0.8485384668889991,Innervated,Stromal
TGAGGGAGTCACTACA-1,0.9951937863424444,0.8963472680788284,Innervated,T-FAP
TGAGTCAAGCCAGAGT-1,0.9991677831558375,0.8415386173024619,Innervated,Stromal
TGAGTCACAATCCTTT-1,0.6706759363862704,0.723443472137341,Innervated,Stromal
TGAGTCATCCGTTGGG-1,0.9887750290906285,0.9999221053860726,Innervated,T-FAP
TGATCAGAGCTTCATG-1,0.9597375799875166,0.8220163546376104,Innervated,Stromal
TGATCTTCAATCCTTT-1,0.9954044655032788,0.9999497484130652,Innervated,T-FAP
TGATCTTCAGCGACAA-1,0.9672830859013741,0.9660476880952259,Innervated,TSPC
TGATCTTGTACTAACC-1,0.9764634773071444,0.9862374176302399,Innervated,Stromal
TGATGCATCGACCACG-1,0.022167314192056854,0.07236237848586699,Innervated,Stromal
TGATTCTGTCATAAAG-1,0.07252051145465617,0.07737136907261494,Innervated,TSPC
TGATTTCAGCATTTCG-1,0.9549461938562996,0.9975328703599435,Innervated,Tenogenic-progenitor
TGATTTCGTACGTGTT-1,0.8372383552133685,0.6244271139472839,Innervated,T-FAP
TGATTTCGTGCGCTCA-1,0.9954563795963499,0.990336442920001,Innervated,Stromal
TGCACGGAGCCTTTCC-1,0.999951403067995,0.9999888132232927,Innervated,T-FAP
TGCACGGAGGCGAAGG-1,0.9995268940797286,0.9998201002664323,Innervated,Tenogenic-progenitor
TGCACGGAGGCTCTCG-1,0.42511469041475036,0.04508581402233319,Innervated,Stromal
TGCACGGAGTTGCTCA-1,0.9166802187851693,0.9343694121726165,Innervated,Tenogenic-progenitor
TGCAGATAGTGCAACG-1,0.9686950950796623,0.9984507443856324,Innervated,Stromal
TGCAGATGTTCTCACC-1,0.9834107134978769,0.9802738691944645,Innervated,T-FAP
TGCAGGCAGCATCTTG-1,0.003608701102482842,0.001132964248765099,Innervated,TSPC
TGCAGTAAGGACAACC-1,0.24988781238103894,0.1738284046856798,Innervated,TSPC
TGCAGTATCACTGTTT-1,0.9926632236655368,0.9984566326458425,Innervated,T-FAP
TGCATCCAGACGCCAA-1,0.2538781395872073,0.24774561726338495,Innervated,Stromal
TGCATCCCAGTAGGAC-1,0.012353396467707181,0.009942211874494636,Innervated,TSPC
TGCATCCGTCATCCGG-1,0.8259535069275613,0.400453319638166,Innervated,Tenogenic-progenitor
TGCATGAAGATAGTCA-1,0.3697054726608451,0.013467241713463269,Innervated,Stromal
TGCATGAAGTTGCCCG-1,0.9999941641617509,0.9999811877679035,Innervated,T-FAP
TGCCGAGGTCTCGCGA-1,0.014161700349072076,0.00034746893973007287,Innervated,Stromal
TGCCGAGTCATGGATC-1,0.9999521788264637,0.999997061221596,Innervated,T-FAP
TGCGACGAGACTTCCA-1,0.005713186535048604,0.005147246687616412,Innervated,TSPC
TGCGACGAGCCAGTAG-1,0.9159584506308153,0.39090555888779427,Innervated,Tenogenic-progenitor
TGCGACGGTGAACGGT-1,0.9994083388672053,0.9998634252606563,Innervated,T-FAP
TGCGATAGTGCCTACG-1,0.016522184756202544,0.0008725960069119642,Innervated,TSPC
TGCGATATCCGTAGTA-1,0.1761488265159488,0.0023511367917675554,Innervated,Stromal
TGCGGCAAGTGCGACA-1,0.9959330044955693,0.9990102666622497,Innervated,T-FAP
TGCGGCACACGCGGTT-1,0.0005983052338311542,5.364921085890479e-05,Innervated,TSPC
TGCGGGTGTCGAATTC-1,0.985354026407506,0.996262340311224,Innervated,Stromal
TGCGGGTGTTCTATCT-1,0.7993460030729655,0.9012318590701704,Innervated,Tenogenic-progenitor
TGCGGGTTCAATGCAC-1,0.8825395677329665,0.9804308111957399,Innervated,Stromal
TGCTCCACATCGCCTT-1,0.9997977228439507,0.9999975757335171,Innervated,T-FAP
TGCTCCACATTCCTAT-1,0.9094783042689911,0.9608178312941279,Innervated,Stromal
TGCTCCATCCCGGTAG-1,0.3937523112367309,0.8929020328597963,Innervated,TSPC
TGCTCCATCGCAGATT-1,0.9999895957892049,0.9999996088727425,Innervated,T-FAP
TGCTCGTAGCCGCACT-1,0.029780974376636047,0.016860412031544297,Innervated,TSPC
TGCTCGTCACTCACTC-1,0.9403769055566908,0.5293891662610979,Innervated,Stromal
TGCTCGTTCGTTAGTG-1,0.8909239747595654,0.9286067580781996,Innervated,Stromal
TGCTGAAGTTTGCAGT-1,0.06436742650735357,0.0013639337531232206,Innervated,TSPC
TGCTGAATCTGTGCAA-1,0.8334675715423523,0.8702334941480028,Innervated,Stromal
TGCTTCGAGGGCGAGA-1,0.9963264938727063,0.999738312612157,Innervated,T-FAP
TGCTTCGAGGTCCAGA-1,0.9975126000092966,0.9954721492218129,Innervated,Stromal
TGCTTCGCAAGTGGCA-1,0.9994078904431428,0.9980423448494289,Innervated,T-FAP
TGCTTCGGTCAGGTAG-1,0.9017780352322623,0.9617990828931037,Innervated,Tenogenic-progenitor
TGCTTGCCAACCGCTG-1,0.9167550373695743,0.2963725806891887,Innervated,Tenogenic-progenitor
TGCTTGCGTGTCCTAA-1,0.9589387866379306,0.9842541858472815,Innervated,T-FAP
TGCTTGCTCAAGAGGC-1,0.9997325713817024,0.9998765669519644,Innervated,T-FAP
TGCTTGCTCCTTCACG-1,0.8490491148656478,0.8747040281946914,Innervated,Tenogenic-progenitor
TGGAACTAGAATGTTG-1,0.9987294174295613,0.9429723788947386,Innervated,Stromal
TGGAACTAGCCTTCTC-1,0.9832994475996533,0.9834793261322587,Innervated,Tenogenic-progenitor
TGGAACTAGTGGAATT-1,0.956842451470282,0.9339402586292892,Innervated,Stromal
TGGAACTCAGTGAGCA-1,0.5900899721134756,0.7366635798119026,Innervated,Tenogenic-progenitor
TGGAACTTCTACAGGT-1,0.9999939153559977,0.9999553815909479,Innervated,T-FAP
TGGAGAGAGCACGGAT-1,0.9999848160756505,0.9999953017428254,Innervated,T-FAP
TGGAGAGTCCGTGCGA-1,0.9974522181548454,0.9899544190321287,Innervated,Stromal
TGGAGGACAGCTTTCC-1,0.9985644635949035,0.9980205380307938,Innervated,Stromal
TGGAGGATCCGAAGGA-1,0.12400913751818887,0.05385727087930227,Innervated,Tenogenic-progenitor
TGGATCACACCTTCCA-1,0.9998902453154557,0.9996978980793519,Innervated,T-FAP
TGGATCACAGACTCTA-1,0.18920787365602285,0.09339248108893065,Innervated,TSPC
TGGATCAGTTAAGGGC-1,0.21862970312869787,0.04428444490136497,Innervated,TSPC
TGGATCATCACCTGTC-1,0.9771574231820817,0.983840818695887,Innervated,Stromal
TGGATCATCATGCCAA-1,0.9999740212992788,0.9999791581115343,Innervated,T-FAP
TGGATCATCCAAACCA-1,0.9985725986167963,0.999804686761818,Innervated,Stromal
TGGATCATCTAATTCC-1,0.9541399184900914,0.6071442664169956,Innervated,Stromal
TGGATGTCACGTGTGC-1,0.929992831821504,0.2753365176343564,Innervated,Stromal
TGGATGTCATGACGGA-1,0.5750689987307185,0.9032848369638103,Innervated,TSPC
TGGATGTGTAACAGGC-1,0.7152742343976297,0.14341462109090136,Innervated,Stromal
TGGATGTGTACCGGAA-1,0.999979376532097,0.9999951636088116,Innervated,T-FAP
TGGCGTGCAATGTGGG-1,0.01842093360083204,0.008570780107744511,Innervated,TSPC
TGGCGTGGTGTTCAGT-1,0.9974472852188262,0.999636819504875,Innervated,Stromal
TGGCGTGTCTCTTCAA-1,0.9848025958855785,0.9931838353426975,Innervated,Tenogenic-progenitor
TGGGAAGAGTGTGTTC-1,0.9922438070318703,0.9874382745943464,Innervated,Tenogenic-progenitor
TGGGAAGAGTTCGGTT-1,0.9976109078431321,0.8829319039049739,Innervated,Stromal
TGGGAAGCACCGTGCA-1,0.006422283688557285,0.0031842470905542094,Innervated,TSPC
TGGGAGAGTACCTTCC-1,0.11512087590857013,0.013163401351292752,Innervated,Stromal
TGGGAGATCGAAGCAG-1,0.7807088201084714,0.4378298666924558,Innervated,T-FAP
TGGGAGATCGTTAGTG-1,0.7721498393183812,0.16014926375284255,Innervated,Stromal
TGGGATTAGACCACGA-1,0.9981001538808839,0.9980248423717174,Innervated,Stromal
TGGGATTAGGTGGGTT-1,0.0010031537337652104,1.0892497423078398e-05,Innervated,TSPC
TGGGATTAGTTGTCGT-1,0.7661576447507201,0.7106483705363392,Innervated,Tenogenic-progenitor
TGGGATTCATTCGATG-1,0.26167928569386795,0.2742393901752959,Innervated,Stromal
TGGGATTGTCCAACGC-1,0.005970946165132547,0.0008339609113969361,Innervated,Stromal
TGGGATTTCGTTCCTG-1,0.026585437007790064,0.025232575558274496,Innervated,TSPC
TGGGCGTCACGGATCC-1,0.011478249095965024,0.0001486779837264517,Innervated,Stromal
TGGGCTGAGACGAAGA-1,0.11396524557004685,0.08851028485747235,Innervated,TSPC
TGGGCTGGTCTTACAG-1,0.9985016008013227,0.8921471780597307,Innervated,Stromal
TGGGTTAAGTTGCGCC-1,0.9899619475557114,0.997575693526482,Innervated,Stromal
TGGGTTACAGCGTTTA-1,0.9982739801779917,0.9935551315066392,Innervated,Stromal
TGGGTTAGTCTACACA-1,0.9990249511665376,0.9986543735623793,Innervated,T-FAP
TGGTACACAAGAGTGC-1,0.9999974890764933,0.9999999015519033,Innervated,T-FAP
TGGTAGTAGCTCCACG-1,0.9680488745218697,0.963165125627367,Innervated,Stromal
TGGTAGTCAATAGGAT-1,0.9945984597707889,0.7965311644113897,Innervated,Stromal
TGGTAGTCATTCAGCA-1,0.9999934841387375,0.9999980237287182,Innervated,T-FAP
TGGTGATCACGGATCC-1,0.9687891836230326,0.997922883203082,Innervated,Tenogenic-progenitor
TGGTTAGCAATCTCTT-1,0.8117198430266271,0.8692943827669849,Innervated,Stromal
TGGTTAGGTAGCGTTT-1,0.9819107881578424,0.9968933214314577,Innervated,Stromal
TGTAACGTCGGACTGC-1,0.9998622359094349,0.9998466872950815,Innervated,Stromal
TGTACAGAGACGTCGA-1,0.18273174161502725,0.22889617744538795,Innervated,Stromal
TGTACAGAGCAACCAG-1,0.6854974902202071,0.04382913012177391,Innervated,Tenogenic-progenitor
TGTACAGAGTTGTACC-1,0.9568897661734133,0.9161259674555442,Innervated,T-FAP
TGTACAGTCCGTCACT-1,0.99264244736845,0.9965231348617398,Innervated,Stromal
TGTACAGTCTTGAACG-1,0.026567109604029176,0.017655901409078644,Innervated,Stromal
TGTCAGACAGGAAGTC-1,0.9361964412720529,0.9337191728224528,Innervated,Stromal
TGTCAGAGTTCGGCGT-1,0.9990921860502281,0.9998332101541357,Innervated,T-FAP
TGTCAGATCGTGGTAT-1,0.9515955866146449,0.6125589928909172,Innervated,Stromal
TGTCCACCAGCACCCA-1,0.9972930797651481,0.9846281417012125,Innervated,Stromal
TGTCCACGTAATCAGA-1,0.9910356613214786,0.9419081882140311,Innervated,T-FAP
TGTCCCACACCCTTAC-1,0.05869762937159688,0.017695843278472182,Innervated,TSPC
TGTCCTGAGGCATCAG-1,0.9986664449787547,0.9884677974071372,Innervated,T-FAP
TGTCCTGAGGCCTTGC-1,0.06231094309561622,0.07869585341845026,Innervated,TSPC
TGTGAGTAGTACCATC-1,0.0019893477272090176,4.6426014469360625e-05,Innervated,TSPC
TGTGAGTAGTATGGAT-1,0.9763437895484679,0.9920640363085541,Innervated,Stromal
TGTGAGTGTCAAATCC-1,0.007551932470381759,0.002412322051141504,Innervated,TSPC
TGTGATGCATGTGTCA-1,0.9993380660180815,0.9971176993645835,Innervated,Stromal
TGTGCGGAGATGCTTC-1,0.9836502663665616,0.999425618272126,Innervated,T-FAP
TGTGGCGCAAGGAGTC-1,0.9996024573951661,0.9999978527080321,Innervated,Tenogenic-progenitor
TGTGTGAAGTCCGCGT-1,0.9921950146198171,0.9878598486576804,Innervated,Tenogenic-progenitor
TGTGTGACACTTCCTG-1,0.013354585932010249,0.0006541440471295912,Innervated,TSPC
TGTGTGACATCATGAC-1,0.9995013580443987,0.9999969288213945,Innervated,T-FAP
TGTTCATGTCCAGGTC-1,0.0021242440914018387,2.0663932463180975e-05,Innervated,TSPC
TGTTCCGAGGTTACCT-1,0.9994484164876477,0.9994998228301386,Innervated,Stromal
TGTTCCGTCCGAGTGC-1,0.7497301176622626,0.9877274642209132,Innervated,Tenogenic-progenitor
TGTTCTAAGCTACGTT-1,0.9838524813636925,0.9986429252679397,Innervated,Stromal
TGTTCTATCCCATACC-1,0.44667712917209107,0.8205093465548282,Innervated,Tenogenic-progenitor
TGTTGAGAGACAAGCC-1,0.0015675596233231447,0.00011709621214773906,Innervated,TSPC
TGTTGAGAGCATACTC-1,0.8849969436647468,0.997022439686654,Innervated,Tenogenic-progenitor
TGTTGGAGTACAGCGA-1,0.25277307312724545,0.025280408506528258,Innervated,TSPC
TGTTTGTAGACATATG-1,0.01600306342241859,0.0010863285510699754,Innervated,Stromal
TTAATCCAGTTGCGCC-1,0.7431749201983688,0.35699143521797866,Innervated,Stromal
TTAATCCCACTCAAGT-1,0.9709804449130007,0.9507483817781723,Innervated,Tenogenic-progenitor
TTAATCCGTAGCTTTG-1,0.9999956886159865,0.9999902881752417,Innervated,T-FAP
TTAATCCTCATCCTGC-1,0.9999741114948977,0.9999975766197245,Innervated,T-FAP
TTACAGGAGCATGATA-1,0.9989184702447673,0.9997838404161618,Innervated,T-FAP
TTACAGGCACCTGAAT-1,0.9900233109508425,0.98720457574574,Innervated,Stromal
TTACCATAGGTACAGC-1,0.9999489039057256,0.9999677095089283,Innervated,T-FAP
TTACGCCAGACTGTTC-1,0.040105328154367514,0.052183631964810295,Innervated,Stromal
TTACGCCTCTTGGATG-1,0.9998649518207143,0.9998256583345432,Innervated,T-FAP
TTACGTTTCAGCATTG-1,0.6631554741091058,0.271445931136359,Innervated,TSPC
TTACGTTTCCATGATG-1,0.5022015183351254,0.30322558541749256,Innervated,T-FAP
TTACTGTGTGGTCTCG-1,0.9993689774094267,0.9994871726115208,Innervated,Stromal
TTACTGTTCAAATAGG-1,0.9999120031748026,0.9998778719182876,Innervated,T-FAP
TTACTGTTCTAGCATG-1,0.010145492704610778,0.002293295542928625,Innervated,TSPC
TTAGGCAAGATTAGAC-1,0.9999832542032736,0.9999975559832759,Innervated,T-FAP
TTAGGGTAGGGCTGAT-1,0.9466803509640045,0.9612433561099611,Innervated,Tenogenic-progenitor
TTAGGGTGTTCGGACC-1,0.9043744630779448,0.9768969535644282,Innervated,Tenogenic-progenitor
TTAGGGTTCCTACAAG-1,0.2626201685444354,0.004430152479318221,Innervated,Stromal
TTAGTCTGTCACAATC-1,0.9957019169310477,0.9752629098119168,Innervated,Tenogenic-progenitor
TTATTGCCATCCGCGA-1,0.2487639833368583,0.007093406146210821,Innervated,TSPC
TTCAATCAGTCCGTCG-1,0.01249235825925403,0.005119659730718484,Innervated,Stromal
TTCAATCAGTGAGGCT-1,0.4988619997547463,0.22705039796740276,Innervated,Tenogenic-progenitor
TTCAATCGTTCTGACA-1,0.08954013723287478,0.17276156220576702,Innervated,TSPC
TTCAATCTCGAAGAAT-1,0.9998904462717717,0.9996932479859192,Innervated,T-FAP
TTCACCGTCATTGTTC-1,0.9944277692474294,0.9995735431894265,Innervated,Tenogenic-progenitor
TTCACGCAGGTAGTCG-1,0.9835213429163794,0.9926279550555654,Innervated,Stromal
TTCACGCAGTCTCCTC-1,0.9144302514359819,0.9481885162174751,Innervated,Tenogenic-progenitor
TTCACGCCAGGCAATG-1,0.9755286259305123,0.8212146654331819,Innervated,Stromal
TTCAGGACACAGACGA-1,0.9844203827221837,0.9834226968874124,Innervated,T-FAP
TTCAGGAGTGGACCAA-1,0.746599142290566,0.20204526771590034,Innervated,Tenogenic-progenitor
TTCAGGAGTTTGACAC-1,0.5934470174483243,0.48828971968154067,Innervated,Stromal
TTCATGTAGTCATTGC-1,0.9999978721690526,0.9999998332369988,Innervated,T-FAP
TTCATGTCAAGAAATC-1,0.9803475562163334,0.9863959098995823,Innervated,T-FAP
TTCATTGAGCCTGACC-1,0.1976908660458728,0.06817738158781705,Innervated,Stromal
TTCATTGGTCGTTGGC-1,0.13272962907317384,0.021473259450211724,Innervated,Stromal
TTCATTGTCATCACTT-1,0.002670146654439408,0.00016859444100721552,Innervated,TSPC
TTCCAATAGAATTGCA-1,0.5694340222603601,0.95091898169974,Innervated,Stromal
TTCCAATAGAGTCGAC-1,0.5559212486541459,0.2634719802530714,Innervated,Stromal
TTCCAATAGATAGCAT-1,0.3917427954586643,0.054277206778001935,Innervated,TSPC
TTCCAATCACATTCTT-1,0.9978623650292275,0.9998734184456987,Innervated,T-FAP
TTCCAATGTCGCATTA-1,0.9999069786954581,0.9998826076772197,Innervated,T-FAP
TTCCGGTGTAGGAGTC-1,0.8184653828627078,0.346962250564172,Innervated,T-FAP
TTCCGGTGTGTCCACG-1,0.18537087074705547,0.0852946503222126,Innervated,Stromal
TTCCGGTTCATCGTAG-1,0.9756819436990509,0.9885161647074395,Innervated,Tenogenic-progenitor
TTCCGTGAGCCTCTGG-1,0.3723830461784414,0.11481721531886216,Innervated,Tenogenic-progenitor
TTCCGTGAGGCTCTCG-1,0.9934992375418316,0.990228959475179,Innervated,T-FAP
TTCCGTGCATCCTTGC-1,0.9261027905015634,0.763284227862931,Innervated,Stromal
TTCCTAAAGTAATACG-1,0.941187993675458,0.6839747298999791,Innervated,Stromal
TTCCTAACAAGTTCCA-1,0.9999455933695862,0.9999896813922909,Innervated,T-FAP
TTCCTAACACTTGAAC-1,0.01831378087552009,0.00420496123349613,Innervated,TSPC
TTCCTAATCTAGGCAT-1,0.2865978564668326,0.1818135433488179,Innervated,TSPC
TTCCTAATCTCAACCC-1,0.3995299422209352,0.21515902593162695,Innervated,Stromal
TTCCTAATCTTCACGC-1,0.9994939862398377,0.9680378313920227,Innervated,T-FAP
TTCCTCTGTCTTACTT-1,0.9990545712614365,0.998053031640275,Innervated,Stromal
TTCCTCTGTTTGAAAG-1,0.9999924089149623,0.9999984585625629,Innervated,T-FAP
TTCCTTCAGATGATTG-1,0.9752758145020066,0.9969909335624261,Innervated,Stromal
TTCCTTCAGTGGTTAA-1,0.8067616752736978,0.6528221931274542,Innervated,TSPC
TTCCTTCCAAACTAGA-1,0.9997760188957517,0.9998704919116801,Innervated,T-FAP
TTCCTTCGTAGCTCGC-1,0.9937592409752628,0.9911985999470116,Innervated,T-FAP
TTCCTTCGTGGACTGA-1,0.0028682117248890336,0.0014580747974969068,Innervated,TSPC
TTCCTTCTCTTCACAT-1,0.9990986491490567,0.9975622049163455,Innervated,T-FAP
TTCGATTCATAGACTC-1,0.9999485212537947,0.999828488003397,Innervated,T-FAP
TTCGCTGGTGTTTGCA-1,0.4047056259136805,0.03632268947753877,Innervated,Tenogenic-progenitor
TTCGCTGTCGAACTCA-1,0.8729952015806535,0.4905871840767409,Innervated,Tenogenic-progenitor
TTCGGTCTCAAGTCGT-1,0.9889308132699566,0.9822593253540574,Innervated,Stromal
TTCTAACAGGACAGCT-1,0.9974936055701091,0.995269736753614,Innervated,Tenogenic-progenitor
TTCTAACCATGTTACG-1,0.8800118834233669,0.8311680056440462,Innervated,Tenogenic-progenitor
TTCTAACCATTAAGCC-1,0.984183950326176,0.9961464256509424,Innervated,T-FAP
TTCTAACGTACCGGAA-1,0.9896576838599528,0.9635546193356617,Innervated,Stromal
TTCTAACGTCATCCGG-1,0.9992697224821855,0.9890741521453107,Innervated,Stromal
TTCTAACTCTAAGAAG-1,0.9982940493740733,0.9997526883566612,Innervated,T-FAP
TTCTAGTAGATCGACG-1,0.9270273759933443,0.9982738623787254,Innervated,Tenogenic-progenitor
TTCTAGTAGTCATAGA-1,0.3578870114795791,0.5660674626383424,Innervated,TSPC
TTCTAGTCAACAACAA-1,0.8196193232947058,0.9410602886873797,Innervated,Stromal
TTCTAGTGTGAGATTA-1,0.020495562585679226,0.01592789613361303,Innervated,Stromal
TTCTCTCAGTTTGGCT-1,0.9085758622947991,0.35751179374328734,Innervated,Stromal
TTCTCTCGTCCGACGT-1,0.9944253729091734,0.9954944268866366,Innervated,Stromal
TTCTGTACACAAGTGG-1,0.9990129587715361,0.9991673933892309,Innervated,Stromal
TTCTGTACATGGATCT-1,0.06684063457315849,0.08700860062216799,Innervated,TSPC
TTCTGTAGTTCTCACC-1,0.25476593885674703,0.19303823939859974,Innervated,Stromal
TTCTTCCCAGTATGAA-1,0.998757786288744,0.9922407330205382,Innervated,Stromal
TTCTTCCGTGATAGAT-1,0.9038655076129536,0.5682395163738589,Innervated,Stromal
TTCTTCCGTTTCGTGA-1,0.6992931535393808,0.18499711455661727,Innervated,Tenogenic-progenitor
TTGAACGCATTAGGAA-1,0.9743518742411953,0.976312181229228,Innervated,Tenogenic-progenitor
TTGAGTGAGAATAACC-1,0.7170680236443309,0.3049427594820517,Innervated,Stromal
TTGAGTGGTGTTAAAG-1,0.02444322708289081,0.036090259285338315,Innervated,TSPC
TTGAGTGTCTTTACAC-1,0.4311650693935765,0.23996534163210842,Innervated,Stromal
TTGATGGGTGCCGAAA-1,0.9706178256769409,0.9933308103039459,Innervated,Stromal
TTGCATTCAGAGGAAA-1,0.5683964137570049,0.5787564937611711,Innervated,Stromal
TTGCATTCATGGAACG-1,0.9991595200762189,0.9998052995385512,Innervated,T-FAP
TTGCATTTCGCAGATT-1,0.4375054287544112,0.13736554415867974,Innervated,Stromal
TTGCCTGGTAGGAAAG-1,0.8914227246831957,0.8816333045333297,Innervated,Stromal
TTGCCTGTCCTGGGAC-1,0.09798706627299905,0.20894399646568212,Innervated,Tenogenic-progenitor
TTGCGTCAGTGAACAT-1,0.9945026417824059,0.9999060107752623,Innervated,T-FAP
TTGCGTCTCTACTGAG-1,0.40370276203718425,0.16414985908895607,Innervated,Stromal
TTGCTGCAGTTTAGGA-1,0.8496513411548934,0.869926241598559,Innervated,Stromal
TTGCTGCCACAGCTTA-1,0.5356563857526802,0.335863333887658,Innervated,Tenogenic-progenitor
TTGGATGAGCTCTGTA-1,0.7161782565265374,0.32322725083616743,Innervated,Stromal
TTGGATGCAGCGCGTT-1,0.9483627992089123,0.5941438706941895,Innervated,Tenogenic-progenitor
TTGGATGTCCTCTTTC-1,0.9998228595837719,0.999954397690228,Innervated,T-FAP
TTGGGATAGCCAAGGT-1,0.9650060674556892,0.7020350669238925,Innervated,Stromal
TTGGGATTCTAGCAAC-1,0.00022049740442744927,5.256174414941389e-05,Innervated,TSPC
TTGGGCGTCAAGCCAT-1,0.9590237648698376,0.7765693605166508,Innervated,Tenogenic-progenitor
TTGGGCGTCTCATAGG-1,0.6008714147180602,0.41681191802966955,Innervated,Stromal
TTGGGTAAGCACAAAT-1,0.9965556964323572,0.9371069196743317,Innervated,Stromal
TTGGGTACATATCTCT-1,0.9998581970206198,0.9999996822050352,Innervated,T-FAP
TTGGGTACATGAATCC-1,0.9945538531945792,0.9993584853471046,Innervated,T-FAP
TTGGGTAGTCCCACGA-1,0.06708065042348468,0.022304026068675563,Innervated,Stromal
TTGGGTATCACTACGA-1,0.9995677903640948,0.9995973723913181,Innervated,T-FAP
TTGGTTTCACAGCCAC-1,0.35286576874764086,0.8234502524186285,Innervated,Stromal
TTGTGGATCCCAAGTA-1,0.7644729470091399,0.9758880611049859,Innervated,Tenogenic-progenitor
TTGTGTTAGGAATCGC-1,0.8656850839601716,0.5330261316964527,Innervated,Tenogenic-progenitor
TTGTTCACAAGCTGCC-1,0.997757332278721,0.9034520805819775,Innervated,Tenogenic-progenitor
TTGTTCAGTTTACTTC-1,0.0013544902427620239,0.00010065626787249443,Innervated,TSPC
TTGTTGTAGATGATTG-1,0.3400865153248431,0.010076469302339916,Innervated,Stromal
TTGTTGTGTAGCTGAG-1,0.9800107156651638,0.9844890680342534,Innervated,Stromal
TTGTTGTGTCCAGCCA-1,0.010341425120611593,0.023668965577021934,Innervated,TSPC
TTGTTTGGTGGATTTC-1,0.004488808280342156,0.009391134466857999,Innervated,Stromal
TTGTTTGTCTCCCATG-1,0.9941473909056069,0.9857985392543039,Innervated,Tenogenic-progenitor
TTTACCAAGCAGGGAG-1,0.9945465687687726,0.9972211110419675,Innervated,Tenogenic-progenitor
TTTACCACACAACGCC-1,0.5692945210408373,0.544976329003119,Innervated,Stromal
TTTACCACACTAGTAC-1,0.02559937715380998,0.007316516692107623,Innervated,TSPC
TTTACCATCGAATCCA-1,0.968434265478298,0.9986492725851108,Innervated,Tenogenic-progenitor
TTTACGTCAGCCCAGT-1,0.990152934783338,0.9983253684184757,Innervated,Stromal
TTTACGTCAGTAGATA-1,0.5182839676589346,0.2255655283100561,Innervated,TSPC
TTTACGTGTACTGGGA-1,0.6584154689977102,0.9113842720878409,Innervated,Stromal
TTTAGTCCAAGCCCAC-1,0.9987989442497502,0.9997555685232246,Innervated,T-FAP
TTTAGTCTCATGTCAG-1,0.007582258082993733,0.04151403713355487,Innervated,TSPC
TTTATGCAGACCAGAC-1,0.00663465938650209,0.00045599998139546165,Innervated,TSPC
TTTATGCTCATTTGCT-1,0.9978378715522151,0.9991723072827448,Innervated,Tenogenic-progenitor
TTTCACAAGGATTCAA-1,0.9992466076474287,0.9999236569516149,Innervated,T-FAP
TTTCACAAGTTAACAG-1,0.6542921259954653,0.4815267389485785,Innervated,TSPC
TTTCACACAACGTATC-1,0.99998256479333,0.9999996238814046,Innervated,T-FAP
TTTCAGTGTCACTCAA-1,0.9196657333043179,0.7247035448034324,Innervated,Stromal
TTTCCTCCATATTCGG-1,0.994952628758459,0.9993781542375666,Innervated,T-FAP
TTTCGATAGGTCACAG-1,0.9999507397858554,0.9999267066608196,Innervated,Stromal
TTTCGATGTCCTTAAG-1,0.9999870978508566,0.9999861689646204,Innervated,T-FAP
TTTGACTAGAAGCGGG-1,0.9972573883023821,0.9114189579015531,Innervated,T-FAP
TTTGACTAGCCACTCG-1,0.28739376695902924,0.050615218960100385,Innervated,TSPC
TTTGACTGTACTTGTG-1,0.7343804479901596,0.08944001252737795,Innervated,Tenogenic-progenitor
TTTGATCAGCAGCCTC-1,0.9999420790207268,0.9984411646749989,Innervated,Stromal
TTTGATCAGCTGAGTG-1,0.03038272368737027,0.005738183464814054,Innervated,TSPC
TTTGATCCATCCGCGA-1,0.5697120595749805,0.5851061247614475,Innervated,Stromal
TTTGATCTCCGCACTT-1,0.27031187456051314,0.04987994481602073,Innervated,Stromal
TTTGGAGGTGTTCATG-1,0.999974614219615,0.9999985076258103,Innervated,T-FAP
TTTGGTTAGAGTTGAT-1,0.7594625590028234,0.47850361744668374,Innervated,Tenogenic-progenitor
TTTGGTTAGCATCAGG-1,0.8418545546961209,0.4329937007594441,Innervated,TSPC
TTTGGTTGTTAACCTG-1,0.9885298856357864,0.9992131405261487,Innervated,T-FAP
TTTGTTGCAGGTGAGT-1,0.29839004431903354,0.15100405307198803,Innervated,TSPC
TTTGTTGGTATGATCC-1,0.9671811784828162,0.994478788576489,Innervated,Tenogenic-progenitor
TTTGTTGGTCTGTGAT-1,0.43035435401429034,0.4340077935706431,Innervated,TSPC
TTTGTTGTCTTAATCC-1,0.9994194830644558,0.9990986010626087,Innervated,T-FAP
AAACCCAAGAAAGTCT-1,0.9997833802837216,0.9996277761126847,Denervated,Stromal
AAACCCACACCAACAT-1,0.9996454568281724,0.9992659989098462,Denervated,T-FAP
AAACCCATCACTTATC-1,0.9999997372370477,0.9999996459827235,Denervated,T-FAP
AAACGAATCTCGGTCT-1,0.9905122956481411,0.9956563280675323,Denervated,T-FAP
AAACGAATCTGGTTGA-1,0.4218496155417713,0.15828852560172885,Denervated,Tenogenic-progenitor
AAAGAACCAAACTGCT-1,0.9185793107546791,0.8735848383377092,Denervated,Stromal
AAAGAACCAAATCAAG-1,0.9998652273317998,0.9999716864160745,Denervated,T-FAP
AAAGGATAGCGTCAAG-1-1,0.9998927902097383,0.999973445396362,Denervated,Stromal
AAAGGATGTATCCTCC-1,0.22701986342678643,0.2625103597459417,Denervated,Tenogenic-progenitor
AAAGGGCTCGCCTAGG-1,0.9960628309306442,0.9983320152620979,Denervated,T-FAP
AAAGGGCTCTCTCTTC-1,0.4089682875756246,0.1345140137165365,Denervated,Tenogenic-progenitor
AAAGGTAAGCTCAGAG-1,0.9999845645913658,0.9999762668028948,Denervated,T-FAP
AAAGGTACATCGGATT-1,0.9886310868449606,0.992770534650662,Denervated,Tenogenic-progenitor
AAAGGTATCAGTGTTG-1,0.9999350083809676,0.999757277438262,Denervated,Stromal
AAAGTCCGTAAGGTCG-1,0.9999869383524886,0.9999306124387177,Denervated,T-FAP
AAAGTCCGTGATCGTT-1,0.9018153502219923,0.9136454935860504,Denervated,T-FAP
AAAGTGACATCTATCT-1,0.7770690046825688,0.3273632685397699,Denervated,TSPC
AAATGGAAGGCTTAGG-1,0.9998048108920047,0.9999655195668656,Denervated,Stromal
AACAAAGCAGTGAGCA-1,0.9397586784305965,0.860823073966178,Denervated,T-FAP
AACAAAGTCGCTGATA-1,0.9450686139481053,0.9983979883287101,Denervated,T-FAP
AACAACCAGGATACAT-1,0.44440419490933447,0.33735665574693957,Denervated,Stromal
AACAAGAGTAACGGTG-1,0.9992955188605517,0.9998990995014481,Denervated,T-FAP
AACAAGATCTCAAAGC-1,0.9999998508202963,0.999998874046902,Denervated,T-FAP
AACAGGGAGGGTTAGC-1,0.9530122716712428,0.961644898072726,Denervated,Tenogenic-progenitor
AACAGGGCAGGCACAA-1,0.6455193342999278,0.8466890958308443,Denervated,Stromal
AACCAACCACTTTAGG-1,0.999694923358787,0.9997998540967121,Denervated,Tenogenic-progenitor
AACCACAAGATCACTC-1,0.9999997881659781,0.9999997871434605,Denervated,T-FAP
AACCACAAGGACCCAA-1,0.9977529032857848,0.9992137517037343,Denervated,Tenogenic-progenitor
AACCACACAATCTAGC-1,0.9956370694854444,0.9609912209452973,Denervated,Stromal
AACCATGAGGCTCAAG-1,0.9731796707214666,0.9373554478846471,Denervated,Tenogenic-progenitor
AACCATGCAATCGCAT-1,0.028108163248207897,0.0032398229501633046,Denervated,TSPC
AACCATGCACAACGCC-1,0.5697828544791614,0.9736066338801849,Denervated,Tenogenic-progenitor
AACCATGTCGGTGTTA-1,0.9999970841530129,0.9999927151251777,Denervated,T-FAP
AACCCAACATCGCTAA-1,0.999985195819146,0.9999965595920323,Denervated,T-FAP
AACCCAATCATTGCTT-1,0.8698582930616899,0.9265774056931899,Denervated,Tenogenic-progenitor
AACCTGAAGACTAAGT-1,0.22694001654929527,0.005474451019116112,Denervated,Stromal
AACCTGAAGCACTCGC-1,0.9999362310687089,0.9997069647405452,Denervated,Tenogenic-progenitor
AACCTTTTCTACAGGT-1,0.9998264782646871,0.9998535267731564,Denervated,Stromal
AACGAAATCGGAATGG-1,0.09255010533878671,0.09361207345699096,Denervated,TSPC
AACGGGACAGATACTC-1,0.9473933869573118,0.9428774620048274,Denervated,Tenogenic-progenitor
AACGGGACAGCTGAAG-1,0.933555580467212,0.972100878429464,Denervated,Tenogenic-progenitor
AACGTCACAGCACAGA-1,0.8219302691188562,0.6397592298721893,Denervated,Stromal
AACTTCTAGCATGGGT-1,0.990987613318904,0.861192896562313,Denervated,T-FAP
AACTTCTCACCTCTGT-1,0.9411097237059001,0.9926261784280787,Denervated,Stromal
AAGAACAAGAAATTGC-1,0.9997747845104733,0.9999348300663333,Denervated,Stromal
AAGAACAAGGTTGAGC-1,0.8763798210602053,0.24802256554969368,Denervated,Stromal
AAGACAAAGCAGCCTC-1,0.9999505575204518,0.9996852849976349,Denervated,T-FAP
AAGACAAGTGAGAGGG-1,0.9005728333013906,0.6142378755233742,Denervated,TSPC
AAGACTCTCCTGTTGC-1,0.9999971489782884,0.999999593918801,Denervated,T-FAP
AAGCATCGTCGCAGTC-1,0.9999987847500602,0.99999782126119,Denervated,T-FAP
AAGCATCTCTCCATAT-1,0.8756070305077654,0.5900712168866599,Denervated,Stromal
AAGCCATCACGACAGA-1,0.15433182555903457,0.4124572457212165,Denervated,TSPC
AAGCCATGTCCTCAGG-1,0.9999905532875201,0.9999912530139786,Denervated,T-FAP
AAGCCATGTGAGAGGG-1,0.9963282254284809,0.9996302688455944,Denervated,T-FAP
AAGCCATTCGACCCAG-1,0.9731162660995468,0.7106313785704705,Denervated,Stromal
AAGCGAGCATGGCGCT-1,0.9805696059199434,0.9956404102526962,Denervated,Tenogenic-progenitor
AAGCGAGTCAAGCTGT-1,0.9837491965101918,0.99341741897183,Denervated,Tenogenic-progenitor
AAGCGTTAGGACTTCT-1,0.999859088477267,0.9999989236931868,Denervated,T-FAP
AAGCGTTCACTGCACG-1,0.9977184346260922,0.9914863483595733,Denervated,Tenogenic-progenitor
AAGCGTTCAGAGTCAG-1,0.999998129490766,0.9999945646235779,Denervated,T-FAP
AAGCGTTGTTGTGTTG-1,0.9285889588404319,0.9900637483213928,Denervated,T-FAP
AAGGTAACAATAGTAG-1,0.9988462859435333,0.9934348698269179,Denervated,Stromal
AAGGTAAGTTGTCATG-1,0.9994333355992023,0.9994008715435976,Denervated,Stromal
AAGTACCGTTGGTGTT-1,0.9999884649791522,0.9998443398134599,Denervated,T-FAP
AAGTCGTCACTACTTT-1,0.9580176103394817,0.9569442781100261,Denervated,Stromal
AAGTCGTGTGCGTGCT-1,0.9999987070770112,0.9999874259050342,Denervated,T-FAP
AAGTGAACATTGCTTT-1,0.9988527829917019,0.9996052585457579,Denervated,Tenogenic-progenitor
AAGTGAAGTGTGTGTT-1,0.9926978508880391,0.9976540577022888,Denervated,Tenogenic-progenitor
AAGTTCGAGAGGGTAA-1,0.13003856118461388,0.004295326882369591,Denervated,Stromal
AAGTTCGGTAACATGA-1,0.9999750473320109,0.9999904375202088,Denervated,T-FAP
AAGTTCGTCCCTTTGG-1,0.9885726934913612,0.9730482061047733,Denervated,Tenogenic-progenitor
AATAGAGAGTCTGTAC-1,0.5472641097662568,0.008355783145788548,Denervated,Tenogenic-progenitor
AATCACGAGCGCAATG-1,0.9632115174226534,0.95395874240226,Denervated,Stromal
AATCACGAGCGTACAG-1,0.8838554300928532,0.5532796036733273,Denervated,Tenogenic-progenitor
AATCACGGTTTACTTC-1,0.9718557668566287,0.89839881531628,Denervated,Tenogenic-progenitor
AATCACGTCCAAGCTA-1,0.9990203675499928,0.9993951583809246,Denervated,T-FAP
AATCACGTCTGGGCAC-1,0.9945970251099553,0.9812088153054044,Denervated,Stromal
AATCGACTCTCGCTTG-1,0.9996499197665148,0.9995329224405824,Denervated,T-FAP
AATCGTGGTAGAGCTG-1,0.998821789174374,0.9997496525686712,Denervated,T-FAP
AATGAAGGTAACACGG-1,0.9999955555389843,0.999988004109511,Denervated,T-FAP
AATGAAGGTAAGCGGT-1,0.9141341268119278,0.8770920044179261,Denervated,TSPC
AATGCCAGTAGGCTCC-1,0.06719314106202268,0.20366648923197403,Denervated,TSPC
AATGCCAGTGAATGTA-1,0.9999217920885815,0.9999926675083164,Denervated,Stromal
AATGCCATCCATCACC-1-1,0.9999988985321047,0.9999996052845094,Denervated,T-FAP
AATGCCATCCGATCTC-1,0.9998825964176106,0.9999962092901266,Denervated,T-FAP
AATGGCTCAAGTCGTT-1,0.9492434224304216,0.9880383387063323,Denervated,Stromal
AATGGCTGTGAGATCG-1,0.8188435755454478,0.3735012441573369,Denervated,Stromal
ACAACCAAGAGTGACC-1,0.9809572925837842,0.9343887170823998,Denervated,Tenogenic-progenitor
ACAACCACACTGATTG-1,0.942040844899561,0.6362622005338686,Denervated,Tenogenic-progenitor
ACAACCAGTAAGATCA-1,0.9999522553690161,0.9999874481232586,Denervated,T-FAP
ACAACCAGTGGCCCAT-1,0.7130324879662003,0.8337888737430137,Denervated,Tenogenic-progenitor
ACAACCATCCCTTGTG-1,0.9935052754917357,0.9948347952732223,Denervated,Stromal
ACAAGCTAGGTCGAGT-1,0.999853616383664,0.9992957124198601,Denervated,Stromal
ACAAGCTGTGGCATCC-1,0.6237822186150498,0.34152982985112157,Denervated,Tenogenic-progenitor
ACACAGTCAAAGCTAA-1,0.9999364763017451,0.9999767250465651,Denervated,T-FAP
ACACCAAAGGGTGAAA-1,0.9994954235480382,0.9986204886028789,Denervated,T-FAP
ACACCAATCCCTCTCC-1,0.999567750904887,0.9995199263120238,Denervated,Tenogenic-progenitor
ACACTGAGTAACATGA-1,0.8680277470689329,0.7113174889326646,Denervated,TSPC
ACACTGAGTCGGCTAC-1,0.31403262495233897,0.4086550523321329,Denervated,TSPC
ACACTGATCACTGGTA-1,0.9996594448738024,0.9999863278012193,Denervated,T-FAP
ACACTGATCCTTCAGC-1,0.9973535681977738,0.9992805502013727,Denervated,Stromal
ACAGAAAAGCTTCTAG-1,0.1926862799263324,0.01939860239150028,Denervated,Tenogenic-progenitor
ACAGAAACAATAGTCC-1,0.999962722623233,0.9999361001245842,Denervated,Stromal
ACAGCCGCAGAAGCTG-1,0.8800988514932534,0.7676141818348098,Denervated,Tenogenic-progenitor
ACAGCCGGTTAGCTAC-1,0.09764664826475958,0.021239597503299644,Denervated,TSPC
ACAGGGAAGCATGCGA-1,0.9993131737253618,0.9985380485911913,Denervated,T-FAP
ACAGGGACAGACCTAT-1,0.9970930614838923,0.9995123826664493,Denervated,T-FAP
ACATCCCAGGGTGAAA-1,0.9993567427854139,0.9983931426842718,Denervated,Stromal
ACATCCCAGTGCAAAT-1,0.999715436143589,0.9997125214907276,Denervated,T-FAP
ACATCGACAAAGGCAC-1,0.9999122439868776,0.9999964870439128,Denervated,T-FAP
ACATCGAGTTAGTTCG-1,0.021253207578171517,0.0013383534076308076,Denervated,TSPC
ACATGCAAGAGGGTGG-1,0.9877680038145301,0.9967582502705161,Denervated,Tenogenic-progenitor
ACATTTCCAGTAGATA-1,0.9997186029111385,0.9999884001700267,Denervated,T-FAP
ACCAAACGTACCACGC-1,0.13408738743430165,0.04760985824783958,Denervated,TSPC
ACCAACAGTAGACGGT-1,0.9944997442550374,0.9987470391870183,Denervated,Tenogenic-progenitor
ACCACAAAGCAGGGAG-1,0.987434672548638,0.7159791916357303,Denervated,T-FAP
ACCACAATCATAGAGA-1,0.9998670325117516,0.9999889341805058,Denervated,T-FAP
ACCATTTCACAATGCT-1,0.9967186610977593,0.9730468846972177,Denervated,Stromal
ACCATTTTCGATCCCT-1,0.014111066712344847,0.0033069073193279577,Denervated,TSPC
ACCATTTTCTGCTCTG-1,0.9999987295250353,0.9999991199755076,Denervated,T-FAP
ACCCAAAGTAGTTACC-1,0.9999690585579596,0.9999835296321742,Denervated,T-FAP
ACCCAAAGTGTTCATG-1,0.6052722471723765,0.4071648437143241,Denervated,Stromal
ACCCAAAGTTGGTACT-1,0.9705348077565604,0.7849074905249215,Denervated,Tenogenic-progenitor
ACCCAAATCGCTGTCT-1,0.9999958977772312,0.9999794034785986,Denervated,T-FAP
ACCCTCACAGAGTTCT-1,0.9999999875379261,0.9999999997004423,Denervated,T-FAP
ACCCTCAGTATGCAAA-1,0.9387738341689424,0.9918952708873519,Denervated,TSPC
ACCCTCATCCACGAAT-1,0.9434670145931667,0.9655091061562722,Denervated,T-FAP
ACCCTTGCACTGCACG-1,0.9999990522552582,0.9999990153550696,Denervated,T-FAP
ACCCTTGCAGCCCAGT-1,0.9549432859735147,0.6556000999956111,Denervated,Stromal
ACCCTTGCATAACAGA-1,0.8298581431349629,0.9140659993646448,Denervated,Tenogenic-progenitor
ACCTACCAGTCGCTAT-1,0.9975955078998004,0.6458253799290367,Denervated,Stromal
ACCTACCGTTATAGCC-1,0.9436148804719108,0.5403838278944293,Denervated,T-FAP
ACCTGTCAGGTGCTAG-1,0.9936279158723464,0.9991345327894899,Denervated,Stromal
ACCTGTCCATATACCG-1,0.8973083655613341,0.5417173096176011,Denervated,Stromal
ACCTGTCGTTAATGAG-1,0.999979859356674,0.9999974108713497,Denervated,T-FAP
ACGATCATCAAGTGGG-1,0.9563187286170555,0.7866252042041755,Denervated,Tenogenic-progenitor
ACGATGTAGTAAAGCT-1,0.9737166011406324,0.9659277257596146,Denervated,T-FAP
ACGATGTGTCCCTGAG-1,0.976572104648185,0.965072351284302,Denervated,Stromal
ACGATGTTCTCTCCGA-1,0.5211177844871879,0.4013276608149451,Denervated,Stromal
ACGCACGCATCTATCT-1,0.9917126156042687,0.9953101092413245,Denervated,T-FAP
ACGCACGGTGCTCCGA-1,0.996020574535226,0.9992621169415548,Denervated,T-FAP
ACGGAAGCAAGCGATG-1,0.99968426490953,0.9992808847650705,Denervated,Stromal
ACGGAAGGTCGTGGTC-1,0.9999898513666425,0.9999875967182906,Denervated,T-FAP
ACGGAAGGTCTTCGAA-1,0.9987855268469822,0.997271031629436,Denervated,T-FAP
ACGGGTCAGAGTTGCG-1,0.9982815137329115,0.9879326433312237,Denervated,T-FAP
ACGGGTCCAACCACGC-1,0.9616059749859371,0.9903584883707363,Denervated,Tenogenic-progenitor
ACGGTTACATAATGCC-1,0.8891424912250504,0.871837047923496,Denervated,TSPC
ACGGTTACATTCCTCG-1,0.9764276748624666,0.9764458336220126,Denervated,T-FAP
ACGGTTAGTTATGTCG-1,0.9997888782538246,0.9974323227800815,Denervated,T-FAP
ACGTAACTCGTGGGTC-1,0.5514269062758449,0.02138470653516309,Denervated,Stromal
ACGTAACTCTACCTTA-1,0.9987886041971197,0.9948641420859538,Denervated,T-FAP
ACGTACAAGCTTCTAG-1,0.8473072734975049,0.6417477055263756,Denervated,Tenogenic-progenitor
ACGTAGTTCCTCGATC-1,0.9994280005343633,0.9979593694787777,Denervated,Stromal
ACGTCCTGTTAATGAG-1,0.8116893445623965,0.5060348186820163,Denervated,Tenogenic-progenitor
ACGTCCTTCGAGAACG-1,0.9457207437130913,0.9187629705361533,Denervated,Stromal
ACGTTCCGTGTTCCAA-1,0.2265400085007867,0.1017183476467513,Denervated,Tenogenic-progenitor
ACTACGATCATTGGTG-1,0.29407997714132,0.021890965886861104,Denervated,Stromal
ACTATCTGTTGGACTT-1,0.9998845378703229,0.9999830407184129,Denervated,T-FAP
ACTCCCAGTACAAGTA-1,0.15084129889922782,0.23491189196730006,Denervated,Tenogenic-progenitor
ACTCTCGGTCAGTCCG-1,0.9329012270159859,0.1842952843846286,Denervated,Tenogenic-progenitor
ACTCTCGTCCCGAGTG-1,0.6182791559412854,0.1464506794733103,Denervated,Stromal
ACTCTCGTCGACCTAA-1,0.9993941730683762,0.9978950884788655,Denervated,T-FAP
ACTCTCGTCGTCTCAC-1,0.9977392193781707,0.9990838108297443,Denervated,T-FAP
ACTCTCGTCGTGACTA-1,0.5409284962329314,0.40772336823270866,Denervated,Tenogenic-progenitor
ACTGATGCACAGAAGC-1,0.9999559945057158,0.9999837511882812,Denervated,Stromal
ACTGATGGTGAGTGAC-1,0.9906828227355928,0.9845964908856987,Denervated,T-FAP
ACTGCAAGTTTCGACA-1,0.8744046647483241,0.3147964447237052,Denervated,Stromal
ACTGTCCTCTTCCAGC-1,0.99711616796593,0.9710994130526582,Denervated,Stromal
ACTTAGGGTTTCCAAG-1,0.781390874103571,0.23888721829693013,Denervated,Tenogenic-progenitor
ACTTATCCACTACAGT-1,0.9999245728801883,0.9998740399008189,Denervated,T-FAP
ACTTCCGAGTCTGGTT-1,0.9998119318587543,0.9962409740078128,Denervated,Stromal
ACTTCCGTCCGGCAGT-1,0.9308824678278381,0.9963716353274509,Denervated,Tenogenic-progenitor
ACTTCGCCAGAGGCAT-1,0.9925614423079908,0.967849784374749,Denervated,T-FAP
ACTTCGCCAGCAGAAC-1,0.9998960030227106,0.9999888974130041,Denervated,T-FAP
ACTTCGCCATCCAATG-1,0.9998642131188717,0.9999989536580155,Denervated,T-FAP
ACTTTCAGTATTAAGG-1,0.743026988835578,0.7843693185822266,Denervated,Tenogenic-progenitor
ACTTTCAGTTGCGTAT-1,0.999999348570175,0.999999679999815,Denervated,T-FAP
ACTTTCATCTCACGAA-1,0.9997824939943437,0.9998196100778843,Denervated,Tenogenic-progenitor
ACTTTGTAGGTTGAGC-1,0.44944052913078586,0.48710861120087184,Denervated,Stromal
ACTTTGTGTACGTGAG-1,0.9999989662596181,0.9998618579204888,Denervated,T-FAP
AGAAATGCAAGGGTCA-1,0.9794993591153371,0.9860071638862602,Denervated,Tenogenic-progenitor
AGAAATGCAGGACGAT-1,0.026277650469780388,0.005928130607646811,Denervated,Tenogenic-progenitor
AGAAATGTCCGATGTA-1,0.9798870615234726,0.9455036532675968,Denervated,Stromal
AGAAATGTCGTAACAC-1,0.9999426095399725,0.9999930063832098,Denervated,T-FAP
AGAACAAAGTCTAACC-1,0.9986774985019659,0.9904167423513562,Denervated,Stromal
AGAACCTCAGAAATTG-1,0.956517972439299,0.9663268377272904,Denervated,Tenogenic-progenitor
AGAACCTCAGTCTGGC-1,0.9999996806658927,0.9999996391248457,Denervated,T-FAP
AGAACCTGTAGCGAGT-1,0.9999993792892288,0.9999607627559706,Denervated,T-FAP
AGAACCTGTCTGATCA-1,0.5513105695927236,0.07174831145516077,Denervated,Stromal
AGAACCTGTGGTCAAG-1,0.999584893768056,0.9944103035201006,Denervated,T-FAP
AGAAGTACACGCGGTT-1,0.9984386103131369,0.9989205001419242,Denervated,Stromal
AGAAGTACATCGGAAG-1,0.9814822474027054,0.9880116248426388,Denervated,Stromal
AGAAGTAGTTGTTGAC-1,0.9999998018021381,0.9999999606923007,Denervated,T-FAP
AGACACTAGCAACAGC-1,0.9910532193586259,0.9883071463870403,Denervated,Tenogenic-progenitor
AGACACTAGGGACACT-1,0.9442258730807047,0.988087381299626,Denervated,Tenogenic-progenitor
AGACACTTCCAACCAA-1,0.9405620962115788,0.9270640229619884,Denervated,Tenogenic-progenitor
AGACACTTCCCAGTGG-1,0.8449679713123667,0.6853628678601797,Denervated,Tenogenic-progenitor
AGACAGGCATCACGGC-1,0.9999999258054344,0.9999996351312294,Denervated,T-FAP
AGACAGGTCAATCCAG-1,0.999981633429949,0.9940903884540244,Denervated,Stromal
AGACCATAGTTACGTC-1,0.9994921185853962,0.9999730832639142,Denervated,T-FAP
AGACCATCATGACTGT-1,0.7701251114378097,0.9178611404857123,Denervated,Tenogenic-progenitor
AGACCCGCACGGTAGA-1,0.999884717770804,0.9998649429163151,Denervated,Stromal
AGAGAGCAGCATGAAT-1,0.7117890281937168,0.04357897333327749,Denervated,Tenogenic-progenitor
AGAGAGCGTTTCCCAC-1,0.9556711849942601,0.9996158933744295,Denervated,Tenogenic-progenitor
AGAGAGCTCATTGTGG-1,0.9999805257796603,0.9999623066934168,Denervated,T-FAP
AGAGCAGAGCTACTAC-1,0.9999470954517483,0.9999773704162127,Denervated,T-FAP
AGAGCAGCACGCTATA-1,0.41748326519233203,0.12665899553897234,Denervated,TSPC
AGAGCCCAGGCTTTCA-1,0.9533165103207499,0.6308446686689076,Denervated,Tenogenic-progenitor
AGAGCCCAGGTCCCGT-1,0.9772459891461321,0.700827174678422,Denervated,T-FAP
AGAGCCCTCTATGTGG-1,0.9808769271294943,0.998569101462213,Denervated,Tenogenic-progenitor
AGATAGAGTCAGTCCG-1,0.9734320712731002,0.9940819249998794,Denervated,T-FAP
AGATAGATCCGAAATC-1,0.9999976119208663,0.9999966820802623,Denervated,T-FAP
AGATAGATCCTCTTTC-1,0.3047143255143252,0.07867415668486147,Denervated,Stromal
AGATCCACAGCCTATA-1,0.9987664980422194,0.9998584698362524,Denervated,Tenogenic-progenitor
AGATGAACAACCTATG-1,0.9978599266594337,0.9961869411681172,Denervated,Stromal
AGATGAACAGGACGAT-1,0.9534885331533337,0.871092139032745,Denervated,Tenogenic-progenitor
AGATGCTAGCGGACAT-1,0.9976042461777176,0.998960175055848,Denervated,T-FAP
AGATGCTTCTTCCCAG-1,0.9992618644195149,0.9884104709403503,Denervated,Stromal
AGCATCAGTACGCTTA-1,0.7977414017433984,0.7242793642551179,Denervated,Stromal
AGCCAATGTAGAGACC-1,0.7516708384133332,0.2838594590262201,Denervated,Stromal
AGCCAGCAGCCACAAG-1,0.9792199281404036,0.9028458387632097,Denervated,Stromal
AGCCAGCGTTGTATGC-1,0.9996904773076749,0.9991243115124575,Denervated,T-FAP
AGCGATTGTTATCTGG-1,0.9902056743544072,0.9748411909106135,Denervated,Stromal
AGCGCCAAGGCCCGTT-1,0.9999998688434827,0.9999994683589237,Denervated,T-FAP
AGCGCCAAGTTTGCTG-1,0.9999367734140462,0.9989498215099136,Denervated,T-FAP
AGCGCCACACGACGAA-1,0.9999748552906561,0.9999167798274641,Denervated,T-FAP
AGCGCCAGTCTGTCAA-1,0.998073424021197,0.9993650352332022,Denervated,T-FAP
AGCGTCGAGAAAGTCT-1,0.9999999490997441,0.9999998235931007,Denervated,T-FAP
AGCGTCGCAAGTTTGC-1,0.9999979194226474,0.9999994576814378,Denervated,T-FAP
AGCGTCGGTGTGGACA-1,0.2704650279263045,0.9927525031953327,Denervated,Stromal
AGCGTCGGTTAATGAG-1,0.24658293889086652,0.1624221224707372,Denervated,TSPC
AGCTACACAGAGAGGG-1,0.8299957984031993,0.5138490329968056,Denervated,Stromal
AGCTACATCTGGTTGA-1,0.937296914878988,0.9695205498144334,Denervated,Stromal
AGCTCAAGTTAGTCGT-1,0.9996157672492041,0.9999747631880969,Denervated,T-FAP
AGCTCAATCCATAGGT-1,0.9999767310034696,0.9969025712206053,Denervated,Stromal
AGCTCAATCCCTCTAG-1,0.9996710842146898,0.9999091027774231,Denervated,T-FAP
AGCTTCCCATTGTAGC-1,0.992999712451555,0.9917003336788083,Denervated,Stromal
AGCTTCCTCATAGAGA-1,0.9999966157707862,0.9999947280041771,Denervated,T-FAP
AGGAAATGTCGCTCGA-1,0.9353865276687434,0.9174597142466222,Denervated,Stromal
AGGAATAAGTATTCCG-1,0.9186073444036967,0.5154282948834635,Denervated,Stromal
AGGAATACAACCACAT-1,0.9989990707976247,0.7341852883770098,Denervated,Tenogenic-progenitor
AGGAATAGTTGCACGC-1,0.9997895455180481,0.9995878957230434,Denervated,T-FAP
AGGACGAGTGTATCCA-1,0.9999988868241653,0.999992928150001,Denervated,T-FAP
AGGACTTAGCTAGAAT-1,0.984422390163099,0.9986309946547838,Denervated,T-FAP
AGGACTTTCATTCGTT-1,0.8833879853914302,0.9870263538219145,Denervated,Tenogenic-progenitor
AGGAGGTGTTACCTGA-1,0.9932883953202076,0.905691138335115,Denervated,Stromal
AGGATAAAGATCGCCC-1,0.9999244552060945,0.9999210714180926,Denervated,T-FAP
AGGATAACACCTGCGA-1,0.9997062195354643,0.9975912287709714,Denervated,T-FAP
AGGATAAGTTGAAGTA-1,0.9692815321683232,0.9933757045740478,Denervated,T-FAP
AGGATAATCCGTGGGT-1,0.9999779316371472,0.9999976307883728,Denervated,T-FAP
AGGATCTTCATGAGTC-1,0.936098765141691,0.8634978770616312,Denervated,T-FAP
AGGCATTGTCGATTAC-1,0.9998575429843047,0.9996259304280493,Denervated,Stromal
AGGCATTTCCTGCCAT-1,0.9963530219397756,0.96507752046233,Denervated,Stromal
AGGCCACCACCGTCGA-1,0.08729506145736861,0.029428027829103184,Denervated,Stromal
AGGCCACCACGTCATA-1,0.9998396570245495,0.9986056731095914,Denervated,T-FAP
AGGCCACTCGAAGCAG-1,0.9992548395788299,0.9992051956461482,Denervated,T-FAP
AGGCCACTCGCTCCTA-1,0.047809796016846436,0.09909740558714716,Denervated,TSPC
AGGCCACTCGTGTGGC-1,0.956603824149153,0.9475337960626127,Denervated,Stromal
AGGCTGCAGATAACGT-1,0.8850064596183905,0.5525840731544746,Denervated,Tenogenic-progenitor
AGGGAGTTCCGTGGCA-1,0.9999711224629386,0.9998955793514462,Denervated,T-FAP
AGGGAGTTCCGTGGGT-1,0.9962617135808511,0.9959359747413983,Denervated,T-FAP
AGGGCCTCATGGGAAC-1,0.9999984623187345,0.9999999647554817,Denervated,T-FAP
AGGGCCTTCGGTGTTA-1,0.938363757691163,0.6219222419035756,Denervated,Stromal
AGGGCTCTCAACTGGT-1,0.9911455701492046,0.9948392781725808,Denervated,T-FAP
AGGGTCCAGAGTGTGC-1,0.9999981399952449,0.9999752126213879,Denervated,T-FAP
AGGGTCCAGTTGTAGA-1,0.25151256657605026,0.08209655304981626,Denervated,TSPC
AGGGTCCTCTAGCCTC-1,0.9085885887989364,0.4253156715871609,Denervated,Stromal
AGGGTGACACGACAAG-1,0.9869141881208279,0.9050311565808944,Denervated,Tenogenic-progenitor
AGGGTGAGTTCAGCGC-1,0.999447025845617,0.9999000269861433,Denervated,Tenogenic-progenitor
AGGGTTTAGCTCTGTA-1,0.9999960715898234,0.9999892899103667,Denervated,T-FAP
AGGGTTTCATCGATCA-1,0.6203707846134076,0.3420827630445615,Denervated,Stromal
AGGTAGGTCGCTCTCA-1,0.9800149644291185,0.9626434422404642,Denervated,Stromal
AGGTCATCAACACAGG-1,0.9998309104050601,0.9995661147720928,Denervated,T-FAP
AGGTCATTCTCCGAGG-1,0.9999137045206711,0.9996167495550045,Denervated,Stromal
AGGTCTATCTTAATCC-1,0.9741269112283174,0.9996269899792004,Denervated,Tenogenic-progenitor
AGGTGTTGTGCGACAA-1,0.587363014216705,0.18992879481346672,Denervated,Tenogenic-progenitor
AGGTTACAGCCTTCTC-1,0.9999916347940566,0.9999178961073069,Denervated,T-FAP
AGGTTGTAGTCGCCCA-1,0.9428030763855951,0.6394634875263492,Denervated,Stromal
AGTACTGAGGAGAATG-1,0.6678443634782051,0.7304030086138507,Denervated,Tenogenic-progenitor
AGTACTGCAGCGTATT-1,0.8620419845195583,0.8365049532280484,Denervated,Stromal
AGTACTGCATGCTGCG-1,0.9889683472008389,0.9527366297664288,Denervated,Tenogenic-progenitor
AGTACTGGTCCGCAGT-1,0.9999967523820913,0.9999930658500479,Denervated,T-FAP
AGTAGCTGTTATCTTC-1,0.8198612030971693,0.7381176026269478,Denervated,Stromal
AGTAGCTTCCACTGGG-1,0.9136269908998492,0.8204436859923555,Denervated,Tenogenic-progenitor
AGTCAACAGGGAGAAT-1,0.9999949858250847,0.9999913615305068,Denervated,T-FAP
AGTCAACGTCATGACT-1,0.9781719002262388,0.972983357166518,Denervated,Stromal
AGTCAACTCTTACACT-1,0.9999464266605549,0.9961451400843292,Denervated,T-FAP
AGTCACAGTCGGCACT-1,0.999998913185088,0.9999989882025963,Denervated,T-FAP
AGTCACAGTCTGCGCA-1,0.43106949865082644,0.05778822216101008,Denervated,Stromal
AGTCACATCTACGGGC-1-1,0.9998680986807037,0.9999630122819815,Denervated,T-FAP
AGTCATGAGGTTCTTG-1,0.999561640260237,0.9996454748496433,Denervated,Tenogenic-progenitor
AGTCATGCAACGACTT-1,0.9992761846709596,0.9969452344633912,Denervated,T-FAP
AGTCATGCACTGTCCT-1,0.990799401458086,0.9822701416472609,Denervated,Stromal
AGTCATGCAGAACATA-1,0.9986988256150846,0.9932775878363175,Denervated,T-FAP
AGTCATGGTCGTACAT-1,0.9772385007402046,0.9612735681579222,Denervated,Tenogenic-progenitor
AGTCTCCGTGACTAAA-1,0.9723226411654522,0.9976505661245016,Denervated,Stromal
AGTGACTAGTTGGAAT-1,0.9989646399504782,0.9956683237104068,Denervated,Tenogenic-progenitor
AGTGACTCACTTGACA-1,0.9999642994997152,0.9999936379299111,Denervated,T-FAP
AGTGACTGTGAGATAT-1,0.4794277504286685,0.45427688457283266,Denervated,TSPC
AGTGATCTCCTTGAAG-1,0.9780092941803661,0.796510193332354,Denervated,Stromal
AGTGCCGAGGATATAC-1,0.9932264939614687,0.9725385379810999,Denervated,Tenogenic-progenitor
AGTGCCGCATCACCAA-1,0.9998743056692152,0.9998752660715124,Denervated,T-FAP
AGTGCCGTCTATGCCC-1,0.9813770212709011,0.9882916276262191,Denervated,Tenogenic-progenitor
AGTGTTGAGGAACGAA-1,0.9626722203546305,0.9321648593514213,Denervated,Stromal
AGTGTTGGTGGGCTTC-1,0.9984703194169529,0.9994806834207776,Denervated,Stromal
AGTGTTGTCAAAGCCT-1,0.99985879888518,0.9957863678500647,Denervated,T-FAP
AGTTAGCAGACATAGT-1,0.4545919058755521,0.7475400208475953,Denervated,Tenogenic-progenitor
AGTTAGCAGAGAGGTA-1,0.9970529432714312,0.9937779804854796,Denervated,Tenogenic-progenitor
AGTTAGCCAAACGTGG-1,0.9958249029635455,0.9492792771077782,Denervated,Stromal
ATACCGATCAGACCGC-1,0.9999984710411309,0.999998886177931,Denervated,T-FAP
ATACCTTCACCGGTCA-1,0.9993216012821318,0.9998075808374621,Denervated,T-FAP
ATACCTTTCTCCGAAA-1,0.9850068307647093,0.9985075044573541,Denervated,T-FAP
ATAGACCAGACTTCAC-1,0.9974847539715067,0.9932693486427158,Denervated,Tenogenic-progenitor
ATAGACCAGGTTGGTG-1,0.9983315558838012,0.9996588534119879,Denervated,T-FAP
ATAGAGAAGGAGTATT-1,0.7624356606627719,0.4694056182856152,Denervated,Stromal
ATAGAGAGTACCCAGC-1,0.9986876071010705,0.9998660878938934,Denervated,Stromal
ATAGGCTTCGTAACTG-1,0.998997701016028,0.9998707947172712,Denervated,T-FAP
ATCACTTCATCGTCCT-1,0.9994103819643013,0.9995653049674623,Denervated,T-FAP
ATCACTTGTGGGTCAA-1,0.8253332820115299,0.17662648664652397,Denervated,Stromal
ATCAGGTCAATGCTCA-1,0.8312584686700978,0.1163636417574375,Denervated,Stromal
ATCATTCAGATAGTGT-1,0.9999768634593514,0.9999819688648912,Denervated,T-FAP
ATCCACCAGTAGTCAA-1,0.9999932874640116,0.9999999089892463,Denervated,T-FAP
ATCCACCAGTGGATTA-1,0.9994269531898062,0.9995394180294432,Denervated,T-FAP
ATCCCTGAGCGGTAAC-1,0.9947542653675631,0.9980777169939113,Denervated,Stromal
ATCCGTCAGACCAGCA-1,0.9999505295785248,0.9999724806563031,Denervated,T-FAP
ATCCGTCAGGCGACAT-1,0.9999975637292349,0.9999982471694675,Denervated,T-FAP
ATCCGTCAGTCTGCAT-1,0.9954684407831722,0.9908005344717765,Denervated,T-FAP
ATCCTATAGGCTGAAC-1,0.7292158268367102,0.991317504637911,Denervated,Stromal
ATCCTATAGTAGTCAA-1,0.9098011132212152,0.08892413061364265,Denervated,Stromal
ATCCTATCAAACGTGG-1,0.9965887730783466,0.9989678957658182,Denervated,Stromal
ATCCTATCACTTGTCC-1,0.9733052924620269,0.9870808273794613,Denervated,T-FAP
ATCCTATTCGGTAACT-1,0.9969786827775369,0.9984479228591706,Denervated,Tenogenic-progenitor
ATCCTATTCTCGACGG-1,0.9998386108261291,0.9999665288574315,Denervated,T-FAP
ATCGATGGTCTCTCAC-1,0.9476609473306559,0.9688150599640744,Denervated,TSPC
ATCGATGTCCCGAGGT-1,0.9830954961115806,0.8482285074905095,Denervated,Stromal
ATCGCCTCACCGCTGA-1,0.9811172863085378,0.9965997306138775,Denervated,T-FAP
ATCGCCTGTCTGTGAT-1,0.34819719797212884,0.022395626329720135,Denervated,Tenogenic-progenitor
ATCGCCTTCTTAGTTC-1,0.999997984864758,0.9999994181214666,Denervated,T-FAP
ATCGGATAGCGGGTAT-1,0.9041720208970203,0.7908824091136077,Denervated,T-FAP
ATCGTAGTCTGGGATT-1,0.9854399985654003,0.9974392917008895,Denervated,Tenogenic-progenitor
ATCGTGAAGCGAGTAC-1,0.9993817994161774,0.9970722065673283,Denervated,Stromal
ATCTTCACATGACTAC-1,0.09608968179721383,0.0016768770777228943,Denervated,Stromal
ATCTTCAGTCAGATTC-1,0.63089966603482,0.885257131268579,Denervated,Stromal
ATGAAAGAGGAGATAG-1,0.9834443555825775,0.38463926558048334,Denervated,Stromal
ATGAAAGCAGAGGACT-1,0.9988360993963125,0.9903038333158697,Denervated,Tenogenic-progenitor
ATGAAAGCATGATAGA-1,0.9999950772995887,0.9999956437355529,Denervated,T-FAP
ATGAAAGGTCTTGGTA-1,0.9910234568521399,0.9926538383607454,Denervated,Tenogenic-progenitor
ATGAAAGGTTCTCTAT-1,0.969920736083622,0.9210156193810334,Denervated,Stromal
ATGAAAGTCCATCACC-1,0.9998956273300018,0.999987101902209,Denervated,T-FAP
ATGACCACACAAGTTC-1,0.9999980312305736,0.9999974046488601,Denervated,T-FAP
ATGAGGGCAACCGCTG-1,0.9999855174943677,0.9999846226221122,Denervated,T-FAP
ATGAGGGCACAACATC-1,0.999625491781641,0.9999688227679372,Denervated,T-FAP
ATGAGGGGTTGTGTTG-1,0.01380932883308299,0.00017655917686348608,Denervated,TSPC
ATGAGTCAGAATAGTC-1,0.9300848931555229,0.983139169620185,Denervated,Stromal
ATGAGTCAGAGGACTC-1,0.999450927320822,0.9998657850936532,Denervated,Tenogenic-progenitor
ATGAGTCAGCCTATTG-1,0.9996263219038037,0.999985415687617,Denervated,Stromal
ATGAGTCAGGTGCTAG-1,0.9947527639157812,0.9995541782826344,Denervated,Stromal
ATGATCGCACTACTTT-1,0.9999979623843013,0.9999805365606124,Denervated,T-FAP
ATGATCGTCCATTCGC-1,0.9205775321565468,0.6000396398197022,Denervated,Stromal
ATGCCTCTCGTCAAAC-1,0.998817971357998,0.9983627328380877,Denervated,T-FAP
ATGCGATCACGATAGG-1,0.9981167545325944,0.99673146390382,Denervated,Stromal
ATGCGATCAGGGACTA-1,0.2521281591525631,0.013742419478889524,Denervated,TSPC
ATGCGATGTTGATCGT-1,0.9803334708686426,0.9459033770746031,Denervated,Tenogenic-progenitor
ATGGAGGAGCAATTAG-1,0.9999931375170198,0.9999996517754535,Denervated,T-FAP
ATGGAGGTCTCCAAGA-1,0.9999969236345486,0.9999995122817077,Denervated,T-FAP
ATGGATCCACTGAATC-1,0.9972059610473955,0.9985687948837852,Denervated,Tenogenic-progenitor
ATGGATCTCGGACGTC-1,0.41934055580233515,0.434638057280239,Denervated,TSPC
ATGGGAGAGTATGGCG-1,0.9994842978823718,0.9879799768580113,Denervated,Stromal
ATGGGAGCACGGCCAT-1,0.9636399512750339,0.9407345340197141,Denervated,Tenogenic-progenitor
ATGGGAGGTAAGACCG-1,0.896502913109556,0.7363360843507362,Denervated,Stromal
ATGGGAGTCTCATAGG-1,0.973121239499091,0.8630203512139426,Denervated,T-FAP
ATGGGTTAGTCATTGC-1,0.9998175007439521,0.9996674902771067,Denervated,Tenogenic-progenitor
ATGGGTTCACTAACCA-1,0.9890413330826828,0.9282219485946825,Denervated,Tenogenic-progenitor
ATGGGTTTCTCTGCCA-1,0.9990552302566629,0.9999275913895053,Denervated,T-FAP
ATGGTTGAGAACAGGA-1,0.9999526505717999,0.9997976355550483,Denervated,T-FAP
ATGGTTGTCCAAGCCG-1,0.9992999673658972,0.9997414759671437,Denervated,T-FAP
ATGTCCCAGATAGTGT-1,0.9980658247669599,0.9997473052405201,Denervated,T-FAP
ATGTCCCAGCCTTTGA-1,0.9998416838540284,0.9998737501328182,Denervated,T-FAP
ATGTCCCAGGCCTAAG-1,0.45386092305448067,0.4675937811648412,Denervated,TSPC
ATGTCCCCAATACGCT-1,0.9996348310174089,0.9995338197374861,Denervated,T-FAP
ATGTCCCTCACCTACC-1,0.9775419258117797,0.679533367575659,Denervated,Tenogenic-progenitor
ATGTCTTCATAGACTC-1,0.9932438152213137,0.9952755963952474,Denervated,Stromal
ATGTCTTGTCCCGCAA-1,0.9999969734107246,0.9999977831445857,Denervated,T-FAP
ATTACTCCAACTCGAT-1,0.9997446269214976,0.9995259450643996,Denervated,Stromal
ATTACTCCAGTTAAAG-1,0.9999991309984368,0.9999947986028258,Denervated,T-FAP
ATTACTCCATCTGTTT-1,0.9511910844334672,0.9636553686075827,Denervated,Tenogenic-progenitor
ATTATCCCACCTTCCA-1,0.9999999957613004,0.9999999999141611,Denervated,T-FAP
ATTATCCGTTTATGCG-1,0.9857037846146857,0.9935693604369404,Denervated,Stromal
ATTCACTAGGAACGAA-1,0.909873070142378,0.9277831834709183,Denervated,Tenogenic-progenitor
ATTCATCCAACTTGCA-1,0.9999964919995736,0.9998623292679255,Denervated,T-FAP
ATTCATCGTGGCGCTT-1,0.9999418100550793,0.9998209542639902,Denervated,T-FAP
ATTCATCTCATACAGC-1,0.942602557778866,0.958718744452153,Denervated,TSPC
ATTCATCTCATACGGT-1,0.9941861391997747,0.999601470128876,Denervated,TSPC
ATTCATCTCTGCTGAA-1,0.9982415035404113,0.9991260922020537,Denervated,Tenogenic-progenitor
ATTCCATAGGCCACCT-1,0.9989006000693031,0.9787976680036402,Denervated,Stromal
ATTCCATTCCTACACC-1,0.8891518739630906,0.9670413175240318,Denervated,Stromal
ATTCCCGAGACGCTCC-1,0.9990888624389063,0.9980989391290881,Denervated,Stromal
ATTCCCGCATGATGCT-1,0.03887170524390488,0.00814223450430721,Denervated,TSPC
ATTCCCGGTGACTATC-1,0.9967590815967132,0.9997964847534753,Denervated,Tenogenic-progenitor
ATTCCTACACTTGTGA-1,0.14858688895340988,0.29145942264405444,Denervated,Stromal
ATTCGTTAGATGTTCC-1,0.9874545885498377,0.9261255099231309,Denervated,Tenogenic-progenitor
ATTCGTTGTTAGGGAC-1,0.9518040841707779,0.7711394887768226,Denervated,Stromal
ATTCGTTTCGTAGTCA-1,0.9884190795173698,0.999680918191526,Denervated,Stromal
ATTCTACCAAAGGTTA-1,0.9933316987566808,0.9984908481212531,Denervated,T-FAP
ATTCTTGCAGCGTTTA-1,0.9999993734295656,0.9998932842745097,Denervated,T-FAP
ATTCTTGTCTGTGTGA-1,0.9468460645919929,0.7245686165485442,Denervated,Stromal
ATTGGGTTCTCAATCT-1,0.9816136326154269,0.9971833357568313,Denervated,Stromal
ATTTACCAGGCTTAGG-1,0.9998268159512513,0.9999473453715768,Denervated,Tenogenic-progenitor
ATTTCACAGTGGAAAG-1,0.9998428999126386,0.9998194308726966,Denervated,Tenogenic-progenitor
ATTTCACCACGGTGAA-1,0.9911119264149247,0.9808091401798265,Denervated,Tenogenic-progenitor
ATTTCTGCACCACTGG-1,0.9909181806586829,0.9627030737928919,Denervated,Tenogenic-progenitor
ATTTCTGGTGGTCTCG-1,0.997691992119829,0.9981671314207149,Denervated,Stromal
CAAAGAAGTCGGCACT-1,0.9913102019704045,0.5032202468917029,Denervated,Tenogenic-progenitor
CAAAGAAGTGCTCTCT-1,0.9999735803114359,0.9998517617965108,Denervated,T-FAP
CAAAGAAGTTACCTGA-1,0.7580957414897409,0.35638894253392966,Denervated,Stromal
CAACAGTCAAGCGAAC-1,0.9999919271336009,0.9999783672755412,Denervated,T-FAP
CAACAGTGTAGAGATT-1,0.6742324682885618,0.24339582515149014,Denervated,Stromal
CAACAGTGTAGTGATA-1,0.9517662904039125,0.9793080750090452,Denervated,Tenogenic-progenitor
CAACAGTGTATGCGTT-1,0.9967631544263532,0.994556268419318,Denervated,T-FAP
CAACAGTTCTATCACT-1,0.9997632787292542,0.9999937365796997,Denervated,T-FAP
CAACCTCGTCGCTGCA-1,0.3036789351722403,0.07731546189986793,Denervated,Stromal
CAACGATTCTCCGAAA-1,0.672982104145919,0.4447370159312185,Denervated,Tenogenic-progenitor
CAACGGCCAACTTGCA-1,0.9999981773618076,0.9999970417775651,Denervated,T-FAP
CAACGGCGTCAAAGAT-1,0.9988862957083086,0.9944495206217269,Denervated,T-FAP
CAACGGCGTCACAATC-1,0.9314832637068721,0.5212986905155738,Denervated,Tenogenic-progenitor
CAACGGCGTCTTGAGT-1,0.3092328733332002,0.07035554773920259,Denervated,TSPC
CAAGACTAGAAATCCA-1,0.9910570628591626,0.668700176719981,Denervated,Tenogenic-progenitor
CAAGACTAGGCCGCTT-1,0.9927544915177103,0.9834013786161763,Denervated,Tenogenic-progenitor
CAAGACTCATAACTCG-1,0.9996984372494994,0.999259672530408,Denervated,Stromal
CAAGAGGAGGTAGGCT-1,0.9974549222692569,0.919685339581293,Denervated,Stromal
CAAGAGGGTTCAGCGC-1,0.9725960640828677,0.7878156369434605,Denervated,Stromal
CAAGCTAAGGAAGTCC-1,0.9911093880120775,0.9971138957001585,Denervated,Tenogenic-progenitor
CAAGCTACACGTTGGC-1,0.0391698942115639,0.00883441707082618,Denervated,Stromal
CAAGGGACATAGTCGT-1,0.9997666581087752,0.9998801461746621,Denervated,Tenogenic-progenitor
CAATACGAGCGACTTT-1,0.014200777432573594,0.007602913679458213,Denervated,TSPC
CAATACGTCCTTCGAC-1,0.9951535625335535,0.9706386444295634,Denervated,T-FAP
CAATACGTCGTGGGTC-1,0.9986250131259499,0.9998598400532117,Denervated,Tenogenic-progenitor
CAATACGTCTTCACGC-1,0.9999640452315426,0.999974462299032,Denervated,T-FAP
CAATCGAAGCAAGGAA-1,0.004945441181362584,0.00474632355718515,Denervated,TSPC
CAATCGACACGACAGA-1,0.9984411697994505,0.9960202282122325,Denervated,T-FAP
CAATGACAGTATTAGG-1,0.1329959013224318,0.2183079592048902,Denervated,TSPC
CAATGACGTTACGTAC-1,0.9999832054437493,0.9999888426671041,Denervated,Stromal
CAATGACTCTACTATC-1,0.9812428266477228,0.9784402030447878,Denervated,Stromal
CAATTTCAGATTAGTG-1,0.7701130233539596,0.08352779862165974,Denervated,Stromal
CAATTTCGTCGAGTTT-1,0.9472650961603276,0.918469589877144,Denervated,Tenogenic-progenitor
CACACAACATGGATCT-1,0.9999060851673686,0.9999776453880656,Denervated,Tenogenic-progenitor
CACACAAGTCAACATC-1,0.932698055781119,0.6559214718049945,Denervated,Tenogenic-progenitor
CACACAAGTGCCTTCT-1,0.8480488971428056,0.7324587960644859,Denervated,Stromal
CACACAAGTTGCCTAA-1,0.6556286570628831,0.09137497800846882,Denervated,Stromal
CACAGATCATGACTGT-1,0.995649293496286,0.9569678840181088,Denervated,Stromal
CACAGATTCGGCTGAC-1,0.9998989287438772,0.9999893868298315,Denervated,T-FAP
CACAGGCGTACCGGAA-1,0.9999527985746197,0.9999115767508434,Denervated,T-FAP
CACATGAAGCAGTCTT-1,0.9988157452950972,0.9970475739847082,Denervated,T-FAP
CACATGAGTCACTTCC-1,0.6130736746558157,0.8612128239637914,Denervated,Tenogenic-progenitor
CACCAAAAGCAGGGAG-1,0.9994493385360826,0.9949945007701679,Denervated,T-FAP
CACCAAACAAGCACAG-1,0.8065924014213767,0.9152755840478919,Denervated,T-FAP
CACCGTTAGCATTGAA-1,0.07256263919381116,0.06153181270205691,Denervated,TSPC
CACCGTTAGGTGAGAA-1,0.9999925484906131,0.9999981584270389,Denervated,T-FAP
CACCGTTAGGTTAAAC-1,0.9999981693273396,0.9999998352384464,Denervated,T-FAP
CACCGTTTCGCATTAG-1,0.9990757020920525,0.998850317912464,Denervated,T-FAP
CACCGTTTCTTCACGC-1,0.997157815683868,0.9999321392704936,Denervated,Stromal
CACGAATAGCCACAAG-1,0.9987638552389951,0.9925550683268574,Denervated,T-FAP
CACGAATAGCGAGAAA-1,0.9991292831717928,0.9986246324080449,Denervated,Tenogenic-progenitor
CACGGGTCACTTGTGA-1,0.9871738999040414,0.969315526088533,Denervated,Stromal
CACGGGTGTAAGTTAG-1,0.9998641904582134,0.9999453617488008,Denervated,T-FAP
CACGGGTGTATTAAGG-1,0.3131995132186439,0.06770992681927221,Denervated,Stromal
CACGTGGAGGTACCTT-1,0.9998942521535827,0.9999655145380536,Denervated,Stromal
CACGTTCGTTTACCTT-1,0.9946307035965444,0.9657641646719026,Denervated,Tenogenic-progenitor
CACTAAGAGTACTGGG-1,0.961206012595626,0.7733508022949861,Denervated,Stromal
CACTGAATCAACACCA-1,0.9957674842020946,0.9985705904008505,Denervated,T-FAP
CACTGAATCAGCATTG-1,0.999973311128354,0.9994948249427117,Denervated,T-FAP
CACTGTCGTGTTCCAA-1,0.9999943566525108,0.9999633202256749,Denervated,T-FAP
CACTGTCGTTGGCCTG-1,0.9987978686135893,0.9999560951984243,Denervated,T-FAP
CACTGTCTCCCTCTTT-1,0.9999920363889075,0.999982051584771,Denervated,T-FAP
CAGAGCCCATCATGAC-1,0.35394685932345865,0.12954764217106185,Denervated,TSPC
CAGAGCCGTACAAGCG-1,0.9899883308469315,0.8558839659715258,Denervated,Tenogenic-progenitor
CAGAGCCGTCCGATCG-1,0.2518726159302942,0.05100587808867851,Denervated,T-FAP
CAGAGCCGTCGGTAAG-1,0.6922093948513391,0.8304573431525867,Denervated,Tenogenic-progenitor
CAGATACCATGCTGCG-1,0.9988536412568012,0.9912323857417131,Denervated,Tenogenic-progenitor
CAGATCAAGGTGGCTA-1,0.9999975567223409,0.9999994163329009,Denervated,T-FAP
CAGATTGAGATACCAA-1,0.9984733404091217,0.9990911721609567,Denervated,Tenogenic-progenitor
CAGATTGCAGGTGTTT-1,0.4718317389835824,0.6293596133123813,Denervated,Tenogenic-progenitor
CAGATTGGTACCCGCA-1,0.9999280324473773,0.9999525318189527,Denervated,Stromal
CAGCACGCATGAGGGT-1,0.9999995490316267,0.9999574137759804,Denervated,T-FAP
CAGCACGGTGTTGCCG-1,0.9890229504761238,0.9657086697016731,Denervated,Stromal
CAGCACGTCCAACCAA-1,0.9999488775870639,0.9999745444076644,Denervated,T-FAP
CAGCACGTCGTCGATA-1,0.984213651535453,0.999061301122666,Denervated,T-FAP
CAGCAGCAGATGTAGT-1,0.5296635045621017,0.05203718997472101,Denervated,Stromal
CAGCAGCGTCGAATTC-1,0.9816523692383563,0.9608300960658267,Denervated,TSPC
CAGCCAGAGTTCCAGT-1,0.5465294389866289,0.07602058717697066,Denervated,TSPC
CAGCCAGCAGAACTTC-1,0.9874720197294004,0.9872088214741482,Denervated,T-FAP
CAGCGTGAGATGCTGG-1,0.2964065517624265,0.4041191443128476,Denervated,TSPC
CAGCGTGAGTAGGATT-1,0.9665419944470613,0.985203440022987,Denervated,TSPC
CAGGCCACAACGACTT-1,0.9999901174057869,0.9999904370057571,Denervated,T-FAP
CAGGCCATCAAGTTGC-1,0.9685527745512508,0.5859278981573306,Denervated,Stromal
CAGGGCTGTAGTCGGA-1,0.9952763076442079,0.992765308859399,Denervated,T-FAP
CAGGGCTTCAAATAGG-1,0.49736438163397756,0.1254006964155182,Denervated,Tenogenic-progenitor
CAGTGCGCAAGTATAG-1,0.4872417954158906,0.9521643927597492,Denervated,Tenogenic-progenitor
CAGTTAGCATTCGATG-1,0.9922966308773941,0.9932684552633219,Denervated,Stromal
CAGTTAGGTTCGATTG-1,0.9992834450653899,0.9991387266557044,Denervated,Stromal
CAGTTAGGTTGCGGAA-1,0.9999088890181412,0.9983062941528092,Denervated,Stromal
CAGTTAGTCCACGGAC-1,0.9999923383594146,0.9999980300071356,Denervated,T-FAP
CAGTTCCGTAGGCAGT-1,0.999999353128798,0.9999999469140218,Denervated,T-FAP
CATAAGCCAAGGTTGG-1,0.9999996208151894,0.9999997114277634,Denervated,T-FAP
CATAAGCCACATTACG-1-1,0.4225973115651199,0.31057887336708123,Denervated,Stromal
CATAAGCCAGTCAGAG-1,0.9993693100148995,0.9999523716387306,Denervated,Tenogenic-progenitor
CATAAGCCATGCAGGA-1,0.9999748194051983,0.9999971326511975,Denervated,T-FAP
CATAAGCGTATCGCGC-1,0.9534644602243777,0.920432650135082,Denervated,Tenogenic-progenitor
CATAAGCTCTACACTT-1,0.7537091127830201,0.24028301910226008,Denervated,TSPC
CATACAGTCCGGTAGC-1,0.9994455008466503,0.9999172653433707,Denervated,T-FAP
CATACCCAGGTTGCCC-1,0.9193966126029954,0.8476895984821473,Denervated,TSPC
CATAGACAGGCATGGT-1,0.9930224242127798,0.9998562122914794,Denervated,T-FAP
CATAGACCAACTCGAT-1,0.9997584085733541,0.9998488478290102,Denervated,T-FAP
CATAGACGTGGGTCAA-1,0.9934360281237281,0.9992445049383861,Denervated,Stromal
CATAGACTCTCGCAGG-1,0.5533527047666396,0.00833967299328101,Denervated,Stromal
CATCAAGCACGGGCTT-1,0.9983368404599402,0.998878247443027,Denervated,T-FAP
CATCCACCACTCCCTA-1,0.9997938737287237,0.998858068902799,Denervated,T-FAP
CATCCCAAGAAATTGC-1,0.9150708584721798,0.8631356515757211,Denervated,Tenogenic-progenitor
CATCGCTAGCACACAG-1,0.9495990743676405,0.9776823418355238,Denervated,Tenogenic-progenitor
CATCGCTAGTGCCCGT-1,0.9999883465673207,0.9999861324186442,Denervated,T-FAP
CATCGCTGTCTACACA-1,0.9947590593680596,0.9862367052834141,Denervated,Stromal
CATCGCTTCGCGCTGA-1,0.008165769974332132,0.015006837772628099,Denervated,Stromal
CATCGGGCAAGTTCCA-1,0.9872233200390028,0.9481062439687423,Denervated,Tenogenic-progenitor
CATCGTCGTGAATTAG-1,0.7318074939874494,0.9256206389132265,Denervated,Stromal
CATGAGTAGGAGTACC-1,0.987876181743428,0.9989959849607616,Denervated,Stromal
CATGAGTCATGACGTT-1,0.9999983770885816,0.9999804842845873,Denervated,T-FAP
CATGAGTTCTCCAATT-1,0.0010759901872833275,2.5583271690494218e-05,Denervated,TSPC
CATGCAATCCGCAACG-1,0.999971635148133,0.9999864890124931,Denervated,T-FAP
CATGCAATCCTCTAGC-1,0.9906074153273611,0.9948638446387615,Denervated,T-FAP
CATGCCTCAAATCGTC-1,0.8813658876015656,0.1045302856993976,Denervated,Stromal
CATGCGGAGATGCTTC-1,0.9223972586237642,0.7665648157828682,Denervated,Stromal
CATGCGGAGCGTGCCT-1,0.9995348519014218,0.9997734143744506,Denervated,T-FAP
CATGCGGAGCTCTATG-1,0.9877807137691045,0.976085687181731,Denervated,Tenogenic-progenitor
CATGCGGCAGGAAGTC-1,0.9002824287492222,0.994839022572396,Denervated,Tenogenic-progenitor
CATGCGGTCAGTCATG-1,0.9999926308854336,0.9999998032840002,Denervated,T-FAP
CATGCTCGTTGCGGCT-1-1,0.9999351230799405,0.9998987670903992,Denervated,T-FAP
CATGGTATCGCCAATA-1,0.9999929814186328,0.9999997394501717,Denervated,T-FAP
CATTCATAGCTGTACT-1,0.9870288409198701,0.99541492628934,Denervated,Stromal
CATTCCGGTACATTGC-1,0.9548322100138537,0.9897863475663519,Denervated,Stromal
CATTCTATCCTTCTGG-1,0.9983388866115678,0.9987846769471667,Denervated,Tenogenic-progenitor
CATTGAGAGGTCTGGA-1,0.9833631878424868,0.4184039580018663,Denervated,T-FAP
CATTGCCGTAGAATGT-1,0.994004113806075,0.9944694651991031,Denervated,Tenogenic-progenitor
CATTGTTTCGTCCATC-1,0.9802578469621372,0.9820876827423294,Denervated,Tenogenic-progenitor
CCAAGCGAGGCACTAG-1,0.35024776757191506,0.0580731112811759,Denervated,Stromal
CCAAGCGTCGTCGATA-1,0.9683591561214191,0.666729684947027,Denervated,Tenogenic-progenitor
CCAAGCGTCTTTCGAT-1,0.9982700103700889,0.990910425387837,Denervated,Tenogenic-progenitor
CCACAAAAGGATATAC-1,0.9999855928815425,0.9999882652322031,Denervated,T-FAP
CCACAAAGTATACAGA-1,0.9952247332396764,0.9969505748943013,Denervated,Stromal
CCACAAAGTGAAGCGT-1,0.016773152268059845,0.18019893760904898,Denervated,Tenogenic-progenitor
CCACAAATCATCACCC-1,0.8574342648474041,0.8606660863459851,Denervated,Stromal
CCACAAATCTCCGATC-1,0.9998999297907509,0.9999035248924889,Denervated,T-FAP
CCACACTTCATCGCTC-1,0.9195421062991467,0.9774765192382645,Denervated,Stromal
CCACCATGTCCAGCCA-1,0.9586717673709754,0.18953822441243642,Denervated,Stromal
CCACGAGGTCAGGCAA-1,0.9999969232874188,0.9999931585623133,Denervated,T-FAP
CCACTTGGTACATTGC-1,0.9999999107283348,0.9999987435772978,Denervated,T-FAP
CCACTTGGTCCACTCT-1,0.9966864375923221,0.9915872840652095,Denervated,T-FAP
CCATAAGAGAGTCTTC-1,0.9998531919458143,0.9999964732322898,Denervated,T-FAP
CCCATTGAGTCGCCAC-1,0.9999281575772107,0.9712987568347129,Denervated,Stromal
CCCATTGCAGCTATTG-1,0.9997592058564453,0.9963953305768452,Denervated,T-FAP
CCCATTGCATCCGGTG-1,0.9999561504207105,0.9999976942131423,Denervated,T-FAP
CCCATTGGTAGTCGTT-1,0.007127238215560016,0.0029643673826278004,Denervated,TSPC
CCCATTGGTTGCTCCT-1,0.9991295592954957,0.9997600449965309,Denervated,T-FAP
CCCATTGTCCAGCACG-1,0.9369948055399796,0.7217017746203225,Denervated,Tenogenic-progenitor
CCCGGAAAGGCTTAAA-1,0.8801546653452301,0.7551071389738822,Denervated,Stromal
CCCGGAACAATCTGCA-1,0.999980821455119,0.9999993985091179,Denervated,T-FAP
CCCTAACAGTTCTACG-1,0.9973808228303092,0.9795296656101887,Denervated,Stromal
CCCTAACGTCGACTGC-1,0.9999973302030487,0.9999806351300807,Denervated,T-FAP
CCCTCAACAGACCATT-1,0.8965567000578246,0.8878104986670748,Denervated,Stromal
CCCTCAATCCATGCAA-1,0.9999999927828238,0.9999997324291557,Denervated,T-FAP
CCCTCAATCTTTGCAT-1,0.9999467087157388,0.9999818694185185,Denervated,T-FAP
CCCTCTCCACTTGGGC-1,0.9998594855806685,0.9999473206373873,Denervated,T-FAP
CCCTGATCATGACGGA-1,0.5687391267304323,0.13429244587475986,Denervated,Stromal
CCCTGATGTGAACTAA-1,0.27260454424856806,0.17591383212598136,Denervated,Stromal
CCCTTAGCAATTCTCT-1-1,0.8917941720477058,0.9073324091776037,Denervated,Stromal
CCCTTAGTCCTCATAT-1,0.9853563561778003,0.9981582056221703,Denervated,Stromal
CCGAACGCAATGTTGC-1,0.8144124671833837,0.37065886579061774,Denervated,Tenogenic-progenitor
CCGAACGCATCTAGAC-1,0.9999851377636766,0.9999983412054367,Denervated,T-FAP
CCGAACGGTTGTCTAG-1,0.9892017591052518,0.9964146177447013,Denervated,Stromal
CCGATCTGTAGCGTCC-1,0.9910914077714768,0.9973916374108515,Denervated,Stromal
CCGATCTGTATAGGGC-1,0.025718475176564712,0.004396320933200425,Denervated,TSPC
CCGATCTGTGCACATT-1,0.9994470405288794,0.9987415913439491,Denervated,Stromal
CCGATGGGTTAAGGGC-1,0.9996691059520676,0.9998644383227042,Denervated,T-FAP
CCGGACAGTCAAAGAT-1,0.983523195369894,0.9597667567460556,Denervated,Stromal
CCGGGTAAGACAGCGT-1,0.9910908680946348,0.9929711660399734,Denervated,Stromal
CCGGGTAAGCTCACTA-1,0.9999974128376831,0.9999996479418829,Denervated,T-FAP
CCGGGTATCTACGGTA-1,0.9997941337091144,0.999958711794604,Denervated,T-FAP
CCGGTAGTCGCCTTTG-1,0.9929294946228575,0.9561933451835463,Denervated,Tenogenic-progenitor
CCGGTGAAGGGTTAGC-1,0.8534259653600441,0.5376297505736456,Denervated,Tenogenic-progenitor
CCGGTGACAACCGATT-1,0.4715198145591281,0.16089948801222612,Denervated,Tenogenic-progenitor
CCGTGAGGTTTATGCG-1,0.8044187457318869,0.8044082775196812,Denervated,Tenogenic-progenitor
CCGTGAGTCGACACCG-1,0.6938723702388496,0.4193592874168841,Denervated,Tenogenic-progenitor
CCGTGAGTCGACGTCG-1,0.9999935432969658,0.9999992249017312,Denervated,T-FAP
CCGTGAGTCTCAACCC-1,0.8605789393834701,0.19887961190146008,Denervated,Stromal
CCGTTCAAGCGTCTGC-1,0.9999087168325929,0.9999847961136547,Denervated,T-FAP
CCGTTCAGTCATCACA-1,0.9999495336932951,0.9995339864607635,Denervated,T-FAP
CCTAAGACAGCACACC-1,0.7079592278487595,0.9223005806887947,Denervated,TSPC
CCTACGTAGCCACAAG-1,0.707394882287011,0.2176014504922959,Denervated,T-FAP
CCTACGTCAAACGGCA-1,0.8311049652975224,0.8209862210480366,Denervated,TSPC
CCTATCGGTGTTGACT-1,0.9867639354180959,0.9383468057747922,Denervated,Stromal
CCTATCGGTTAGAGTA-1,0.9849031676197384,0.9859931736619036,Denervated,Tenogenic-progenitor
CCTCAACAGACTTAAG-1,0.00395245811437293,1.9107830173087563e-05,Denervated,TSPC
CCTCAACGTACATACC-1,0.998232472266589,0.9993382221441814,Denervated,Stromal
CCTCAACTCGGTCACG-1,0.9545024884705247,0.9279472880312437,Denervated,Stromal
CCTCACAAGGTCGACA-1,0.9929070444195797,0.9996384967160875,Denervated,Stromal
CCTCACACAACAGTGG-1,0.9894686672917047,0.9800796012969528,Denervated,Stromal
CCTCACATCCGCGAGT-1,0.9952133457178963,0.9792022828036717,Denervated,Tenogenic-progenitor
CCTCACATCTGCGAGC-1,0.743325789578638,0.6407958071726348,Denervated,TSPC
CCTCAGTCAGACCTGC-1,0.999999094125808,0.9999985739999968,Denervated,T-FAP
CCTCAGTTCGCTTGCT-1,0.9937099143557633,0.9783191217508957,Denervated,Tenogenic-progenitor
CCTCCTCTCGACCAAT-1,0.8755976987422858,0.687121907937357,Denervated,Tenogenic-progenitor
CCTCTAGAGGGCAAGG-1,0.7101514199135577,0.8916750096442315,Denervated,Tenogenic-progenitor
CCTCTAGCAACTAGAA-1,0.999998060640411,0.9999999080180821,Denervated,T-FAP
CCTGCATAGCAAGGAA-1,0.9949378481026251,0.9962875819912036,Denervated,Stromal
CCTGCATGTGATACAA-1,0.9999620963207376,0.9999926736060942,Denervated,T-FAP
CCTGCATTCCCTAGGG-1,0.9899795879485707,0.9919918547796969,Denervated,Tenogenic-progenitor
CCTGTTGGTAAGGCTG-1,0.9638361852381923,0.7657669969127479,Denervated,Tenogenic-progenitor
CCTGTTGGTCATAGTC-1,0.9780975669318828,0.908404240336277,Denervated,Tenogenic-progenitor
CCTGTTGTCTGCCTCA-1,0.999999226105979,0.9999988060130133,Denervated,T-FAP
CCTTCAGGTCCTTAAG-1,0.6263167565652185,0.7067349993347446,Denervated,Stromal
CCTTCAGGTGAATAAC-1,0.9121172354792977,0.9773652908315847,Denervated,Tenogenic-progenitor
CCTTCAGGTGATGGCA-1,0.8483964841950713,0.9867417726647226,Denervated,TSPC
CCTTGTGCAACACGTT-1,0.9999527015768896,0.999381254204772,Denervated,T-FAP
CCTTTGGGTGCCTATA-1,0.9885263168615179,0.995226215582811,Denervated,Stromal
CGAAGGAGTTGATCGT-1,0.7355466757924946,0.5405889168752412,Denervated,Tenogenic-progenitor
CGAATTGCAGGCGAAT-1,0.9994004603171289,0.9999729662979734,Denervated,T-FAP
CGAATTGTCACGGGCT-1,0.999278350466378,0.9972406076494813,Denervated,T-FAP
CGACAGCCATCGTTCC-1,0.21932153000568297,0.037726826160749974,Denervated,Tenogenic-progenitor
CGACAGCGTCCTACGG-1,0.9999063557519787,0.9999955682152918,Denervated,T-FAP
CGAGAAGCACTTCCTG-1,0.9826930554083485,0.9981307558961657,Denervated,Tenogenic-progenitor
CGAGGAACACACTGGC-1,0.9992551271676247,0.9999460885019713,Denervated,T-FAP
CGAGGAATCGCTTGCT-1,0.9997582915404121,0.9999755776723671,Denervated,T-FAP
CGAGGCTCAAGACTGG-1,0.9998763897867555,0.9999271510287728,Denervated,T-FAP
CGAGGCTGTGACCTGC-1,0.08873831892300905,0.23980702266292234,Denervated,Stromal
CGAGTGCGTAGCTAAA-1,0.9293676955164077,0.6384598952407039,Denervated,Stromal
CGAGTTACAGGTATGG-1,0.1506529034270663,0.06851817106784636,Denervated,Stromal
CGAGTTAGTGACCGTC-1,0.7314695964658375,0.023597086266231297,Denervated,Stromal
CGAGTTATCACCCTCA-1,0.3904261983718679,0.1287811545396394,Denervated,Tenogenic-progenitor
CGATGCGAGCACCAGA-1,0.9999976438646829,0.9999994379411036,Denervated,T-FAP
CGATGGCTCTTCTCAA-1,0.9999560512222763,0.9999559084957227,Denervated,T-FAP
CGCAGGTCAAGTCGTT-1,0.8586713412555886,0.9696377565039365,Denervated,T-FAP
CGCATAAAGAGAGTGA-1,0.07802290134200984,0.009326828566867762,Denervated,Stromal
CGCATAATCGGAAACG-1,0.5486401878333763,0.20455704389958532,Denervated,Stromal
CGCATGGGTAGTTACC-1,0.995809396995845,0.9372244178983341,Denervated,Stromal
CGCCAGAGTTGTGGCC-1,0.9999953099630382,0.9999995719506338,Denervated,T-FAP
CGCCAGAGTTTAGTCG-1,0.9907803104491706,0.9838362332076259,Denervated,Stromal
CGCCAGATCCTCTCTT-1,0.9999935253893298,0.9999970443044575,Denervated,T-FAP
CGCCATTCAACTCGTA-1,0.9936519397223976,0.9969359061745304,Denervated,Stromal
CGCGTGACATGTTTGG-1,0.05255533203780265,0.0034733471124284,Denervated,Tenogenic-progenitor
CGCGTGATCGGCAGTC-1,0.8084095146468419,0.5322652385833044,Denervated,Stromal
CGGAACCTCCACATAG-1,0.932955537931729,0.9951444994755184,Denervated,Stromal
CGGAATTCAGAGGGTT-1,0.9989332704237985,0.9976104524749397,Denervated,Stromal
CGGAATTGTCCATACA-1,0.9968760347631204,0.9729862781577298,Denervated,Stromal
CGGACACGTCTCTCCA-1,0.9870300136375824,0.9992119573825784,Denervated,Stromal
CGGAGAACAATACGCT-1,0.9903633973018013,0.43951987874367787,Denervated,Stromal
CGGCAGTAGCTAAACA-1,0.9349559962004882,0.7711502407445588,Denervated,Tenogenic-progenitor
CGGCAGTCACTCAAGT-1,0.5429892636897494,0.08288796729069758,Denervated,TSPC
CGGGACTCAGCGTAGA-1,0.9997152709604689,0.999770765634883,Denervated,T-FAP
CGGGACTCAGTTGGTT-1,0.8121862221599923,0.9545336204682066,Denervated,Tenogenic-progenitor
CGGGACTGTGCCCAGT-1,0.999728904020135,0.9984751187177927,Denervated,T-FAP
CGGGCATGTCTTGGTA-1,0.865714794548894,0.16551970033838911,Denervated,Stromal
CGGGTCAGTGGTAATA-1,0.0624994536063828,0.0010154189989713968,Denervated,TSPC
CGGGTCATCATTCCTA-1,0.9997961507781504,0.9997217192281522,Denervated,T-FAP
CGGGTCATCCCAACTC-1,0.9967796111618178,0.9995710872090262,Denervated,Tenogenic-progenitor
CGGGTGTCACACTTAG-1,0.9999636161501587,0.9999970767499458,Denervated,T-FAP
CGGGTGTCACCATTCC-1,0.3056542721465842,0.09332302544185986,Denervated,TSPC
CGGGTGTTCATTCACT-1,0.9030157478236801,0.9202941421264973,Denervated,Stromal
CGGTCAGAGCTACTAC-1,0.9940905988988793,0.995148535848372,Denervated,Stromal
CGGTCAGAGTAACAGT-1,0.9173439792078356,0.5705774047508697,Denervated,Stromal
CGGTCAGCAAAGGGCT-1,0.9563364485042405,0.9912554573124643,Denervated,Stromal
CGGTCAGCATCCCACT-1,0.8427517031391736,0.7601516074947255,Denervated,Stromal
CGTAAGTTCTCTTCAA-1,0.9986307793387654,0.9991490008037004,Denervated,Tenogenic-progenitor
CGTAATGCAGATGCGA-1,0.9994977732158463,0.9999315430753964,Denervated,T-FAP
CGTAATGTCTGTAAGC-1,0.23997652291809368,0.06260517133181563,Denervated,TSPC
CGTCAAAAGAGGATGA-1,0.9999541562138615,0.999966474538921,Denervated,T-FAP
CGTCAAAAGCCTATTG-1,0.9992049770914402,0.9999694335263639,Denervated,T-FAP
CGTCCATAGAGACAAG-1,0.8240757334390663,0.3467947884029217,Denervated,Stromal
CGTCCATAGAGGCCAT-1,0.35402269559145266,0.5640308735521727,Denervated,Tenogenic-progenitor
CGTCCATCAACAACAA-1,0.9989416526941033,0.9992836621039997,Denervated,Stromal
CGTCCATCAGGCCCTA-1,0.9658222505590038,0.9995268772762356,Denervated,Tenogenic-progenitor
CGTCCATGTGGACCTC-1,0.9990002304931888,0.981070341256331,Denervated,Stromal
CGTCCATTCCTGTACC-1,0.9128935198281212,0.777337146992283,Denervated,Stromal
CGTCCATTCGAACTCA-1,0.9363704038858001,0.9410772669287307,Denervated,Tenogenic-progenitor
CGTCCATTCTTAGCAG-1,0.9978681366831105,0.9995696546947332,Denervated,T-FAP
CGTGAATTCTGTAAGC-1,0.9999561541032564,0.9999883510649807,Denervated,T-FAP
CGTGATAGTTTCGACA-1,0.9976748502627919,0.9933075194135074,Denervated,T-FAP
CGTGATATCGACCATA-1,0.9965494261150079,0.9939354061247985,Denervated,Stromal
CGTGCTTGTCGGAAAC-1,0.6468716004105479,0.6508509325963407,Denervated,Tenogenic-progenitor
CGTGTCTAGAGTCACG-1,0.9999998902336006,0.9999860931528004,Denervated,T-FAP
CGTTAGAAGGTGATCG-1,0.9520784285685185,0.9982459651621967,Denervated,Tenogenic-progenitor
CGTTAGAAGTCTGCAT-1,0.9998096292689433,0.9997217014559866,Denervated,Stromal
CGTTAGAGTTGTTTGG-1,0.9999911326920717,0.9999989338074143,Denervated,T-FAP
CGTTCTGAGTCATGAA-1,0.9953738042695731,0.992538951855088,Denervated,Tenogenic-progenitor
CGTTCTGTCAGGACGA-1,0.4655689038905028,0.4647416996154221,Denervated,Tenogenic-progenitor
CGTTGGGAGTTAACAG-1,0.946518825195468,0.9189249697296553,Denervated,Stromal
CGTTGGGGTATGTCAC-1,0.9145284542000465,0.6644072511179505,Denervated,TSPC
CTAACCCAGCGTCTGC-1,0.999953045303936,0.9999984409202145,Denervated,T-FAP
CTAACTTCAAATGATG-1,0.9352698918331994,0.24843680322921186,Denervated,Stromal
CTAAGTGGTTGGGATG-1,0.9999971781367618,0.9999989559864277,Denervated,T-FAP
CTAAGTGTCTAGGAAA-1,0.9023967008422941,0.7598338997430514,Denervated,Stromal
CTACAGAAGTATGTAG-1,0.9997812278637184,0.9999803822511414,Denervated,Stromal
CTACATTAGATGAACT-1,0.9852957288865462,0.9865230484751613,Denervated,Stromal
CTACATTAGCGACATG-1,0.6532385653355546,0.7732999352363393,Denervated,Tenogenic-progenitor
CTACATTAGCTGACCC-1,0.963662559892422,0.4014980873777516,Denervated,Tenogenic-progenitor
CTACATTGTCGCACGT-1,0.9962005782956216,0.9997819094404373,Denervated,Stromal
CTACCCAAGACATCCT-1,0.546396740474895,0.4140020249865851,Denervated,Stromal
CTACCCAAGAGCGACT-1,0.9977185204000394,0.9934752366049735,Denervated,Tenogenic-progenitor
CTACCCACAGAGATTA-1,0.9999209220860883,0.9985511493003995,Denervated,T-FAP
CTACCTGAGAGTTGCG-1,0.9066944370590971,0.8956172840488409,Denervated,Tenogenic-progenitor
CTACCTGCAAGAGCTG-1,0.9818213862409952,0.9095762358135753,Denervated,Stromal
CTACCTGGTAGTGGCA-1,0.9998519726629717,0.9999804240818619,Denervated,Stromal
CTACGGGGTATGAGGC-1,0.9972531922052342,0.993134640623211,Denervated,T-FAP
CTAGACAAGGAGCTGT-1,0.9999927156551983,0.9999996505798592,Denervated,T-FAP
CTAGACACATGACAGG-1,0.9999641093551328,0.999983791910419,Denervated,T-FAP
CTAGACATCCTTATGT-1,0.8046068183092828,0.9511243349808598,Denervated,Stromal
CTAGGTACACGATAGG-1,0.9983461349842526,0.9191454120240359,Denervated,T-FAP
CTAGGTAGTGAGACCA-1,0.9782749680127973,0.999471672324111,Denervated,T-FAP
CTAGGTAGTTTGGAAA-1,0.9155407820872064,0.6870074325901568,Denervated,Tenogenic-progenitor
CTATCCGCAGAGGTAC-1,0.9998681765150984,0.9996958083648841,Denervated,T-FAP
CTATCCGTCGCCATAA-1,0.9999893235705198,0.9999921844746287,Denervated,T-FAP
CTATCTAAGGAATGTT-1,0.9998679109110812,0.9999951443577422,Denervated,T-FAP
CTATCTAGTGTCCTAA-1,0.9524400840263145,0.9734944266627564,Denervated,Stromal
CTATCTATCAGTGCGC-1,0.2451425927394629,0.1556025787686498,Denervated,TSPC
CTATCTATCCCGAGTG-1,0.9999952795254038,0.9999977331034633,Denervated,T-FAP
CTCAACCCATAACGGG-1,0.9390189736149297,0.6851050183663199,Denervated,Stromal
CTCAACCTCACCGCTT-1,0.9664665948791489,0.9569222921866651,Denervated,Stromal
CTCAAGACATGACAGG-1,0.8109206820931386,0.5495754269933394,Denervated,Stromal
CTCAATTGTGTGATGG-1,0.0006768786539703081,2.9667996741764743e-05,Denervated,TSPC
CTCACTGGTTTACGAC-1,0.986997675525853,0.9983523085503362,Denervated,Stromal
CTCAGTCGTCCGAAGA-1,0.36856254639567154,0.19142397731837882,Denervated,Tenogenic-progenitor
CTCAGTCTCCCATTTA-1,0.9411117839793203,0.9957222507839021,Denervated,Tenogenic-progenitor
CTCATCGCAAGGCTTT-1,0.84424970080325,0.9174775164768454,Denervated,Tenogenic-progenitor
CTCATGCGTACTCGTA-1,0.032009821310679136,0.022018299545713167,Denervated,Stromal
CTCATGCGTTGCTCAA-1,0.9997393366711094,0.9991451609620777,Denervated,Stromal
CTCATTAAGTTTGCTG-1,0.7090031603402714,0.8708649076489574,Denervated,Stromal
CTCATTATCCAGCAAT-1,0.9999578927763461,0.9999278687724846,Denervated,Stromal
CTCATTATCTCCCTAG-1,0.9184382995678803,0.8981734809286392,Denervated,Stromal
CTCCAACGTCCACACG-1,0.9908704266348882,0.9441681631834912,Denervated,Stromal
CTCCAACTCCATCTCG-1,0.9320812061249898,0.9836872702826933,Denervated,TSPC
CTCCACAAGATTAGAC-1,0.9999309124837211,0.9999597273148527,Denervated,T-FAP
CTCCACAAGCTACAAA-1,0.8932631864618635,0.5286882836947232,Denervated,Stromal
CTCCATGAGACATCAA-1,0.9523142892184457,0.8060561299171968,Denervated,Tenogenic-progenitor
CTCCATGAGAGTGTTA-1,0.9998312260977977,0.9998774364062122,Denervated,Stromal
CTCCATGAGATTAGCA-1,0.9999995131602694,0.9999864120011036,Denervated,T-FAP
CTCCATGGTTTGGAAA-1,0.08807573012721501,0.9070764089484545,Denervated,Tenogenic-progenitor
CTCCCTCAGCTGTCCG-1,0.994949366056241,0.8173868708311426,Denervated,Stromal
CTCCCTCCAAGAATAC-1,0.9978385800756395,0.9986748808930359,Denervated,Tenogenic-progenitor
CTCCCTCTCAATCCAG-1,0.999988092028441,0.9998822505834635,Denervated,T-FAP
CTCCCTCTCGAGAAAT-1,0.9999591542244649,0.9999629048510531,Denervated,T-FAP
CTCCCTCTCGATGCTA-1,0.6714264960141352,0.062446865033883046,Denervated,Stromal
CTCCGATAGTACGAGC-1,0.9347997342345824,0.8427390860915352,Denervated,Tenogenic-progenitor
CTCCTCCTCTATTGTC-1,0.9894812528037671,0.9978972740960548,Denervated,T-FAP
CTCCTTTTCACCGACG-1,0.9999988523267942,0.9999980507521862,Denervated,T-FAP
CTCGAGGAGCAGGCAT-1,0.9997779656753835,0.9999929506428182,Denervated,Stromal
CTCGAGGAGGCACTAG-1,0.9990519432390434,0.9930558822609009,Denervated,Stromal
CTCGAGGAGTCCGTCG-1,0.990307900129299,0.395177590561076,Denervated,T-FAP
CTCGAGGGTGGCCACT-1,0.843453345243663,0.8712775320820032,Denervated,Tenogenic-progenitor
CTCTGGTTCAGACTGT-1,0.8608195370961836,0.12070492101913344,Denervated,Stromal
CTGAATGAGGCGAACT-1,0.9069682098774945,0.6846685034896578,Denervated,Stromal
CTGAATGAGTCAGCCC-1,0.3200932893858411,0.07163365031898924,Denervated,Stromal
CTGAATGAGTCATGCT-1,0.9941134576365145,0.7700950561235427,Denervated,Stromal
CTGAATGGTAAGGAGA-1,0.9999754153525205,0.9983092437267803,Denervated,Stromal
CTGAGCGAGAGGATCC-1,0.7686497768114311,0.5362259925945346,Denervated,Tenogenic-progenitor
CTGAGCGGTGGCTACC-1,0.9085890400785842,0.7126444025264607,Denervated,Stromal
CTGAGCGTCTCGACCT-1,0.9519289561732642,0.6078496481734381,Denervated,T-FAP
CTGAGGCCACTGTGTA-1,0.9874612406143609,0.9933343372641862,Denervated,Tenogenic-progenitor
CTGAGGCCAGGTGAGT-1,0.9961903820295609,0.9818577019598435,Denervated,Tenogenic-progenitor
CTGAGGCGTAATTAGG-1,0.9996028231542039,0.997103103136563,Denervated,Stromal
CTGAGGCTCTGTTCAT-1,0.9997850020663448,0.9931845607768712,Denervated,T-FAP
CTGATCCTCGAGTGAG-1,0.9991002728859044,0.924885646829322,Denervated,Stromal
CTGATCCTCGCGCCAA-1,0.9955574133818316,0.986028583677387,Denervated,Stromal
CTGATCCTCGGAGTGA-1,0.9754727857015055,0.9964055253206684,Denervated,T-FAP
CTGCAGGAGCAAATGT-1,0.8022050428865197,0.4796040840197849,Denervated,Stromal
CTGCAGGAGTTGCGAG-1,0.9622820541598932,0.9156022921874802,Denervated,Stromal
CTGCATCCAGGCTACC-1,0.8618725206314993,0.4686469015722652,Denervated,Stromal
CTGCATCGTTATCTGG-1,0.967416285611465,0.8556251945387777,Denervated,Tenogenic-progenitor
CTGCATCTCACCTGTC-1,0.9993999503067595,0.99723261112061,Denervated,Stromal
CTGCCTAAGATAGGGA-1,0.9947442067810245,0.9946677898984193,Denervated,Tenogenic-progenitor
CTGCCTATCACACGAT-1,0.9861014008718348,0.995240467296456,Denervated,Stromal
CTGCGAGAGGCTCAAG-1,0.8102837475206032,0.8791330145970346,Denervated,TSPC
CTGCTCAAGCCAAGGT-1,0.547725534544297,0.12717169388581961,Denervated,TSPC
CTGCTCAAGTGAGGTC-1,0.9008696124429563,0.9709710925769527,Denervated,T-FAP
CTGGACGCAGGTATGG-1,0.9675251755925671,0.9934814453461455,Denervated,Tenogenic-progenitor
CTGGCAGAGACAACTA-1,0.9824688897013437,0.9903157680119787,Denervated,Stromal
CTGGTCTAGCTTACGT-1,0.9999487568202889,0.9999964069709699,Denervated,Stromal
CTGGTCTCAGAACTTC-1,0.9051194435402713,0.9490139299513443,Denervated,Stromal
CTGGTCTCAGCAGACA-1,0.9999600634112644,0.9998910216039342,Denervated,T-FAP
CTGGTCTGTTAATCGC-1,0.9999692100733992,0.9999952891443584,Denervated,T-FAP
CTGGTCTTCAAAGCCT-1,0.9997498338394288,0.9999774979374191,Denervated,T-FAP
CTGGTCTTCAGCCTCT-1,0.06986947477762451,0.0026730379110001075,Denervated,Stromal
CTGTACCAGATGGGCT-1,0.8641144748960538,0.6975854395259564,Denervated,Stromal
CTGTACCCAGAGCCCT-1,0.9999991974148112,0.9999998633464806,Denervated,T-FAP
CTGTACCCAGGCATTT-1,0.8524611419777557,0.862436777195508,Denervated,Tenogenic-progenitor
CTGTACCGTCTGTTAG-1,0.9976957516469559,0.9998167492272323,Denervated,Tenogenic-progenitor
CTGTACCTCCGATAAC-1,0.9928837868756337,0.9851855715345657,Denervated,T-FAP
CTGTAGATCGACATAC-1,0.6676224258829531,0.8778545406269457,Denervated,Tenogenic-progenitor
CTGTATTGTTCTCCTG-1,0.9999998967834383,0.9999999973466107,Denervated,T-FAP
CTGTATTTCCTGGGAC-1,0.9739289567316849,0.9646886251436408,Denervated,T-FAP
CTGTCGTAGGATTCCT-1,0.9924373153874567,0.9994043576148092,Denervated,T-FAP
CTGTGAAAGAAACCAT-1,0.998077254378888,0.9957525005795543,Denervated,Tenogenic-progenitor
CTGTGGGCATATGAAG-1,0.9380710432442388,0.18364224261469891,Denervated,T-FAP
CTGTGGGTCATCCTAT-1,0.13744473915357805,0.08100406317343194,Denervated,TSPC
CTGTGGGTCCGCACTT-1,0.988496763502743,0.9951397244639377,Denervated,T-FAP
CTTAGGAGTCATGACT-1,0.9954403596536693,0.9631560868688531,Denervated,T-FAP
CTTAGGATCAGAGTTC-1,0.9998204456695806,0.9989556887340065,Denervated,T-FAP
CTTCAATAGAATTGTG-1,0.9837773430511219,0.97866763847707,Denervated,Stromal
CTTCAATAGGTTAAAC-1,0.9111119172313648,0.6651771336615563,Denervated,Stromal
CTTCAATGTCTATGAC-1,0.9773609230598476,0.9852957681109883,Denervated,Stromal
CTTCCGAGTACCTTCC-1,0.9211720820058144,0.9018140198550959,Denervated,Tenogenic-progenitor
CTTCCTTGTGAGACGT-1,0.9978347870270781,0.9997632170870075,Denervated,Stromal
CTTCCTTTCACAGTGT-1,0.9979486521591857,0.9997866683070438,Denervated,Stromal
CTTCGGTAGTCAGGGT-1,0.9838273515756888,0.948111021518726,Denervated,T-FAP
CTTCGGTCACCTGCAG-1,0.975285952066628,0.9925039260050834,Denervated,Tenogenic-progenitor
CTTCTAAAGACTTAAG-1,0.9999813184349676,0.9999878212857181,Denervated,T-FAP
CTTCTAAAGGATACAT-1,0.9996503324201372,0.9942843666945189,Denervated,T-FAP
CTTCTCTAGTTGCATC-1,0.33674212787995356,0.012489288746579301,Denervated,Stromal
CTTCTCTTCACGATAC-1,0.9985904505727708,0.995923770621371,Denervated,T-FAP
CTTGAGATCTAGCAAC-1,0.9552869167929025,0.5820503713611641,Denervated,Tenogenic-progenitor
CTTTCAACACCCATAA-1,0.8806139818010281,0.7775499501448001,Denervated,Tenogenic-progenitor
CTTTCAATCATTGGTG-1,0.9996110422552219,0.9985008893599002,Denervated,Stromal
CTTTCGGAGAGACAAG-1,0.9604926450936117,0.4509180732184539,Denervated,Stromal
CTTTCGGAGCGCCTCA-1,0.9999697483325687,0.9999874416705941,Denervated,T-FAP
GAAACCTAGAAGCCAC-1,0.9983895779019295,0.9960001426034518,Denervated,T-FAP
GAAATGACATCTATCT-1,0.9993400709663022,0.9993522533843465,Denervated,Tenogenic-progenitor
GAAATGAGTATCCTCC-1,0.9505712739770553,0.956348395084303,Denervated,Tenogenic-progenitor
GAACACTCAGCTGTCG-1,0.9541040085491735,0.6543611482412444,Denervated,T-FAP
GAACACTGTTCGGCCA-1,0.9999493592465559,0.9997701807001235,Denervated,Stromal
GAACACTGTTTCCATT-1,0.9476096737230387,0.9281498927978631,Denervated,Stromal
GAACACTTCGCTCATC-1,0.8655949968188521,0.8734888760154474,Denervated,Tenogenic-progenitor
GAACGTTTCTTGCAAG-1,0.9945876887773911,0.9830855589182831,Denervated,T-FAP
GAAGAATCACTCTCGT-1,0.9528271992834196,0.9405356328546378,Denervated,T-FAP
GAAGAATTCAAACGTC-1,0.9997977461257388,0.9999714579827351,Denervated,T-FAP
GAAGAATTCCGATTAG-1,0.9894014431150424,0.9781797392636916,Denervated,Tenogenic-progenitor
GAAGCCCAGAAGTCAT-1,0.9190987577091512,0.8761677651610672,Denervated,Tenogenic-progenitor
GAAGCCCCACGTAACT-1,0.9998905600308505,0.999938895504211,Denervated,Stromal
GAAGCCCGTAAGATTG-1,0.9999879782346786,0.9999582048456979,Denervated,T-FAP
GAAGCCCTCCTATTTG-1,0.999999607644665,0.9999998746434948,Denervated,T-FAP
GAAGCGATCTATGTGG-1,0.9998315240531553,0.9999435017854202,Denervated,T-FAP
GAAGGACTCCATCTGC-1,0.9999606168194942,0.9999890735299667,Denervated,T-FAP
GAAGGACTCTCTGCCA-1,0.9942364837188788,0.9979665567689083,Denervated,Stromal
GAAGGGTAGTCATGAA-1,0.8745688032874266,0.8554835645382755,Denervated,Stromal
GAAGGGTAGTCCTACA-1,0.9999831439344099,0.9999998073283565,Denervated,T-FAP
GAAGGGTCATCACCAA-1,0.9999865243373997,0.9997643730661262,Denervated,T-FAP
GAAGGGTGTTGAAGTA-1,0.9936842260399298,0.9739398245314471,Denervated,Tenogenic-progenitor
GAAGGGTTCCAGCAAT-1,0.9628366929912947,0.9374380602848216,Denervated,Stromal
GAAGGGTTCTCGTGAA-1,0.5400188484546754,0.587036249633357,Denervated,Stromal
GAAGTAATCGCTAATG-1,0.9530172590580618,0.9095776082746716,Denervated,Stromal
GAATAGAAGCGACTTT-1,0.9998396006364311,0.9999798242145009,Denervated,T-FAP
GAATAGACACGCCAGT-1,0.9999996013935605,0.999997781484836,Denervated,T-FAP
GAATAGACAGCGTTTA-1,0.9994898638667694,0.999937807082201,Denervated,T-FAP
GAATAGAGTGAGGCAT-1,0.977558844941274,0.9949315185130628,Denervated,Stromal
GAATAGATCATGTCTT-1,0.9996901347610537,0.9877531989134272,Denervated,Stromal
GAATAGATCTGACAGT-1,0.9862765590479766,0.8255197805871523,Denervated,Stromal
GAATCACAGCTTCGTA-1,0.9985812123147683,0.999696396101426,Denervated,T-FAP
GAATCACTCAGAACCT-1,0.9999892792969842,0.9999967311309749,Denervated,T-FAP
GAATCACTCGTACCTC-1,0.7646653002855756,0.15833621766552672,Denervated,Tenogenic-progenitor
GAATCGTAGGTTCAGG-1,0.768835507799919,0.11018996673373428,Denervated,Tenogenic-progenitor
GAATCGTGTTGCTCAA-1,0.9998652698587589,0.9999589273171464,Denervated,T-FAP
GACACGCCATGAGAAT-1,0.033604548202297614,0.0031757368551958267,Denervated,TSPC
GACAGCCCATCGTGGC-1,0.8384307624968467,0.9408804780780355,Denervated,TSPC
GACATCATCATGCCGG-1,0.9991280055673888,0.9997184418158472,Denervated,T-FAP
GACCAATTCCATTTGT-1,0.9999303754258527,0.9987731542729438,Denervated,T-FAP
GACCCAGAGCATCAAA-1,0.9934451544003673,0.9941561636107518,Denervated,Tenogenic-progenitor
GACCCAGCACGAGGTA-1,0.9992470592718217,0.999973157001132,Denervated,Tenogenic-progenitor
GACCCAGGTCACAATC-1,0.953706751611171,0.897102373398249,Denervated,Stromal
GACCCAGTCGCATTGA-1,0.9981533236850153,0.9369822261157918,Denervated,Stromal
GACCCAGTCGCGCTGA-1,0.919295139318706,0.8884793152003858,Denervated,Stromal
GACCCTTCAAGTGCTT-1-1,0.9998463434769284,0.9995086229785844,Denervated,T-FAP
GACCCTTCACGGCCAT-1,0.9951426620874634,0.9818610763214527,Denervated,Tenogenic-progenitor
GACCCTTCATCGTGCG-1,0.981484394406095,0.9858559477552246,Denervated,Tenogenic-progenitor
GACCCTTTCCGTAATG-1,0.9930734135576421,0.9980710594598695,Denervated,Stromal
GACCGTGGTATGGTAA-1,0.9999984094432061,0.9999940101858752,Denervated,T-FAP
GACCGTGTCCGCGAGT-1,0.83282033642979,0.2054146353498255,Denervated,Tenogenic-progenitor
GACCTTCAGCTCTATG-1,0.9958037787659189,0.9994414391325852,Denervated,Tenogenic-progenitor
GACCTTCCACCAAAGG-1,0.7389808902988725,0.26869545544560813,Denervated,Tenogenic-progenitor
GACCTTCGTATCGTAC-1,0.9999325414141411,0.9994550410486261,Denervated,Stromal
GACCTTCTCTGTGTGA-1,0.26673493244112056,0.7035717446602977,Denervated,TSPC
GACGCTGGTGTCCAAT-1,0.9825897868752639,0.9475921968345311,Denervated,Stromal
GACGCTGGTTATCTGG-1,0.3482208257793114,0.13608697007535708,Denervated,TSPC
GACGTTAAGCAGATAT-1,0.9999999651591452,0.9999999985944505,Denervated,T-FAP
GACGTTAAGCTTCATG-1,0.999999130791173,0.9999980166101426,Denervated,T-FAP
GACGTTACAAGGTCAG-1,0.22063833021310286,0.4317175265717968,Denervated,TSPC
GACGTTATCCCTCGTA-1,0.9982658971196732,0.9993727364886777,Denervated,Stromal
GACTATGAGAGGTTTA-1,0.9998555896282743,0.9999948309985,Denervated,T-FAP
GACTATGGTATGCGGA-1,0.7242010150555922,0.07620544016918246,Denervated,TSPC
GACTCAACACGTTCGG-1,0.9992970886084759,0.9998588307021761,Denervated,T-FAP
GACTCAATCGCTGATA-1,0.563086406253764,0.3926735963307212,Denervated,TSPC
GACTCTCAGCTGCGAA-1,0.42307628105050243,0.7435270116781804,Denervated,TSPC
GACTCTCCATTAGGAA-1,0.9999895296420925,0.9999814471143824,Denervated,T-FAP
GACTCTCGTAACATGA-1,0.9998553521896049,0.9999660627380168,Denervated,T-FAP
GACTGATGTTCCTAAG-1,0.9393910007354851,0.8467980345914461,Denervated,Tenogenic-progenitor
GACTTCCCATAGGTAA-1,0.9962024692471817,0.9999436754720946,Denervated,Tenogenic-progenitor
GACTTCCGTCCATAGT-1,0.11059331678416932,0.14731434445428016,Denervated,TSPC
GAGAAATCATTCGATG-1,0.988914899390231,0.9960685340336262,Denervated,Tenogenic-progenitor
GAGAAATGTCGTCTCT-1,0.9804975445828041,0.935823226393844,Denervated,T-FAP
GAGAAATTCACCCTTG-1,0.9663351928672707,0.5601683243794277,Denervated,Stromal
GAGAAATTCGCTACAA-1,0.9431100320845508,0.9949424673983045,Denervated,T-FAP
GAGACCCAGTAAGGGA-1,0.9977154099052226,0.9975960493075865,Denervated,T-FAP
GAGACCCCATTGAGGG-1,0.9450234267443708,0.929696320929527,Denervated,Tenogenic-progenitor
GAGACTTAGTCTGGAG-1,0.9990336181527417,0.9973805204095979,Denervated,T-FAP
GAGACTTAGTTTCAGC-1,0.9193803480829947,0.8803807251249893,Denervated,Tenogenic-progenitor
GAGACTTCACCAGCTG-1,0.9969088584842888,0.9795057583145323,Denervated,T-FAP
GAGAGGTGTCAACGCC-1,0.9999998254136478,0.9999995766945575,Denervated,T-FAP
GAGAGGTTCTCCTGAC-1,0.9999021634859382,0.9968939539641798,Denervated,Stromal
GAGATGGAGCCTTCTC-1,0.999991293742202,0.999913180947489,Denervated,T-FAP
GAGCCTGAGGACGGAG-1,0.9956457806448101,0.9547798000213494,Denervated,T-FAP
GAGCTGCTCGACGATT-1,0.9999992966352205,0.9999985300202975,Denervated,T-FAP
GAGGCAAAGTAGCATA-1,0.387354164388973,0.8142047942787127,Denervated,Tenogenic-progenitor
GAGGCAAGTACGCGTC-1,0.934741363292818,0.5493917464509313,Denervated,Stromal
GAGGCCTGTATGTGTC-1,0.6613201501707722,0.5977356293695458,Denervated,Stromal
GAGGCCTGTCTTTCAT-1,0.9807479667064527,0.9827638658939685,Denervated,T-FAP
GAGTCATCAGCGTATT-1,0.9999962625551041,0.999993789546542,Denervated,T-FAP
GAGTCATTCTAGACAC-1,0.9592905494994813,0.7402087622064999,Denervated,Tenogenic-progenitor
GAGTCATTCTCAAAGC-1,0.9999994139702236,0.9999957190044667,Denervated,T-FAP
GAGTCTAGTGTAGTGG-1,0.01345184987137561,0.0009101271927425234,Denervated,TSPC
GAGTGAGAGGCGTTAG-1,0.5661714285286946,0.6523359684612849,Denervated,Tenogenic-progenitor
GAGTGAGAGGGATCTG-1,0.991601025255783,0.9958975860775358,Denervated,Tenogenic-progenitor
GAGTGAGCACGTGTGC-1,0.12761969392518627,0.07385189911897358,Denervated,Tenogenic-progenitor
GAGTGAGTCAACTTTC-1,0.6983147126491619,0.12788501507800462,Denervated,Tenogenic-progenitor
GAGTGTTAGAACGTGC-1,0.08907390777642449,0.0641554602549375,Denervated,Stromal
GAGTGTTCAATTCACG-1,0.5471701752816073,0.7690527283589438,Denervated,Tenogenic-progenitor
GAGTGTTGTCTTGAGT-1,0.999986840589761,0.9999979041045223,Denervated,T-FAP
GAGTGTTTCAGGGTAG-1,0.9999734667469178,0.9999834610150731,Denervated,T-FAP
GAGTTACAGAGAGGTA-1,0.9999566705068736,0.999999717773472,Denervated,T-FAP
GAGTTACGTGTCCAAT-1,0.17401132110946926,0.19076540408510037,Denervated,Tenogenic-progenitor
GAGTTACGTTAAACCC-1,0.5111388932896704,0.19315476966950823,Denervated,T-FAP
GAGTTGTTCGACGTCG-1,0.8639370648314416,0.17149600817742894,Denervated,Stromal
GAGTTTGCACAGTATC-1,0.9016367110624708,0.7428917715888643,Denervated,Tenogenic-progenitor
GAGTTTGTCACCTTGC-1,0.25351627427073636,0.19955813017129959,Denervated,TSPC
GATAGAAGTAAGTTAG-1,0.011938494574787349,0.0028995722742336436,Denervated,TSPC
GATAGAATCACAATGC-1,0.8097542124900349,0.9047383446868721,Denervated,Tenogenic-progenitor
GATAGAATCACCATCC-1,0.9982004633646928,0.9906585901696546,Denervated,Stromal
GATAGAATCGAGTGAG-1,0.8471959109146686,0.7606510414554002,Denervated,Tenogenic-progenitor
GATAGAATCTAACGGT-1,0.9649300311038425,0.8513802602055865,Denervated,Tenogenic-progenitor
GATAGCTCAAGAGGTC-1,0.9999932227591952,0.9999798214137906,Denervated,T-FAP
GATAGCTCAGAGGTTG-1,0.9998150918567273,0.9998946589219097,Denervated,T-FAP
GATAGCTCATCGCTAA-1,0.7847941871001582,0.1437359069433857,Denervated,Stromal
GATAGCTTCTACCCAC-1,0.5343375027114481,0.7985385356502245,Denervated,T-FAP
GATCACAAGAAGTCCG-1,0.9999878488961086,0.9998637670473413,Denervated,T-FAP
GATCACACAGTGACCC-1,0.997894403519501,0.9848905424658242,Denervated,Stromal
GATCCCTCATGTGCCG-1,0.9081644482855414,0.972352637781954,Denervated,Tenogenic-progenitor
GATCCCTTCATCGCCT-1,0.9999930660626334,0.9999901994686327,Denervated,T-FAP
GATCCCTTCGTAACCA-1,0.9971754591020667,0.9828906733900621,Denervated,Stromal
GATCCCTTCTCAACCC-1,0.23527234669411337,0.024883126216435677,Denervated,Tenogenic-progenitor
GATCGTAAGCAATTCC-1,0.14529734224687962,0.0020980057116724766,Denervated,Tenogenic-progenitor
GATCGTATCGGACCAC-1,0.8958893184443596,0.17090333220718823,Denervated,Stromal
GATGACTAGTGTCATC-1,0.990315270969431,0.8753380435047236,Denervated,Tenogenic-progenitor
GATGACTCAATGGCAG-1,0.9970851534466455,0.9523883840810613,Denervated,Stromal
GATGAGGTCCGATGCG-1,0.8918006910573542,0.8050173357333292,Denervated,Tenogenic-progenitor
GATGATCTCCGATGCG-1,0.7434855382905066,0.4903820004432037,Denervated,Tenogenic-progenitor
GATGCTACAATCTGCA-1,0.3635314892489607,0.024783108793323586,Denervated,Stromal
GATGGAGAGGTTTGAA-1,0.855065955200136,0.3700894333036899,Denervated,Tenogenic-progenitor
GATGGAGGTCCATACA-1,0.43627504908354936,0.03586028202970853,Denervated,Stromal
GATGTTGGTGCGTGCT-1,0.8590434606928117,0.8505742827565087,Denervated,Stromal
GATGTTGTCCGTAGGC-1,0.9999142819697672,0.9999924650616105,Denervated,T-FAP
GATTCGAAGGTTACAA-1,0.9997945070154962,0.9999231089537848,Denervated,T-FAP
GATTGGTAGCTTTGTG-1,0.9025862000755208,0.8680952842791876,Denervated,Tenogenic-progenitor
GATTTCTCACTCTCGT-1,0.2447776713392982,0.23105361755261325,Denervated,T-FAP
GATTTCTCATACTTTC-1,0.25683090615009563,0.0012293250814934343,Denervated,Stromal
GATTTCTGTAGGCTCC-1,0.9962434554337904,0.9979654679201587,Denervated,Tenogenic-progenitor
GATTTCTTCCTGGGAC-1,0.9843451412176051,0.9999086327166675,Denervated,T-FAP
GCAACATCATAGATCC-1,0.8861626389675056,0.6140464531000838,Denervated,Tenogenic-progenitor
GCAACATTCGCGTGCA-1,0.9999910974541456,0.9999936221161927,Denervated,T-FAP
GCAACATTCTCGCCTA-1,0.9993953608812192,0.9992603061367507,Denervated,Stromal
GCAACCGCACAAAGTA-1,0.9982884978968442,0.97496745865975,Denervated,Stromal
GCACATACATACTGTG-1,0.05676051918112247,0.02595209866734732,Denervated,TSPC
GCACATATCTGCCCTA-1,0.6593638961825715,0.09327387399796627,Denervated,Stromal
GCACGGTAGCGTCTGC-1,0.9999781353813264,0.9999799685821336,Denervated,T-FAP
GCACGGTGTAGGAAAG-1,0.9999169588542112,0.999990576435544,Denervated,T-FAP
GCACGTGAGTCCCTAA-1,0.895595310256452,0.9397093740241953,Denervated,Tenogenic-progenitor
GCACGTGAGTTGGCTT-1,0.5797510237778066,0.03479253573224009,Denervated,Tenogenic-progenitor
GCACGTGCACTGGAAG-1,0.9974495042403022,0.9991718231129763,Denervated,TSPC
GCACGTGTCACATCAG-1,0.3182137049723472,0.00860450742347024,Denervated,TSPC
GCACGTGTCCACAGCG-1,0.9999929255208533,0.9999984337311094,Denervated,T-FAP
GCACTAAGTGCAGTGA-1,0.062054599915417535,0.07980027712209944,Denervated,TSPC
GCAGCCAAGGTTCAGG-1,0.9999036305991037,0.9999605485212716,Denervated,T-FAP
GCAGCCATCAAGCGTT-1,0.999856207970971,0.9999872502847604,Denervated,T-FAP
GCAGGCTCAGGTACGA-1,0.9998952730923726,0.9999450282284977,Denervated,T-FAP
GCAGTTACATGCGGTC-1,0.8100278483234358,0.13387967186691616,Denervated,Tenogenic-progenitor
GCATCGGTCGGTCGAC-1,0.47217626459508844,0.7234643809786341,Denervated,TSPC
GCATCGGTCGTCTACC-1,0.9980970607513056,0.9939017783128462,Denervated,Stromal
GCATCTCAGAATCGTA-1,0.9981658572395409,0.9996611089694016,Denervated,T-FAP
GCATCTCCACGGTGCT-1,0.9996527739526938,0.9990597425811141,Denervated,Stromal
GCATCTCGTACCGTGC-1,0.9989675390986769,0.9958715074063547,Denervated,Tenogenic-progenitor
GCATCTCGTTGTTGTG-1,0.5458992316483767,0.9521398183483774,Denervated,Stromal
GCATGATGTGCCTTCT-1,0.8979619088346099,0.7011067551038368,Denervated,Stromal
GCATGATGTTGCCGAC-1,0.6976734983831107,0.07914920025525281,Denervated,Stromal
GCATTAGCAATATCCG-1,0.9485145999311675,0.9483662884241932,Denervated,Stromal
GCATTAGGTAGCTAAA-1,0.9999306691552238,0.9999718385602755,Denervated,T-FAP
GCATTAGTCGAGCCTG-1,0.12602384706599526,0.02731040750913024,Denervated,Tenogenic-progenitor
GCCAACGAGCGTGAGT-1,0.6372000116516509,0.2500459418305294,Denervated,Tenogenic-progenitor
GCCAGCATCGAGTCTA-1,0.8625790358582408,0.9317174287729137,Denervated,Tenogenic-progenitor
GCCAGGTAGACCAAAT-1,0.9763776418480328,0.9539689407905196,Denervated,Stromal
GCCAGGTCACCGGAAA-1,0.9997790694420977,0.9998016303278126,Denervated,T-FAP
GCCAGTGAGGTCACTT-1,0.9873974955082249,0.9459789741526967,Denervated,Tenogenic-progenitor
GCCAGTGGTAGCTAAA-1,0.9999994376381401,0.9999999212733068,Denervated,T-FAP
GCCATTCCACAGCGCT-1,0.9999732369465406,0.9999831974051872,Denervated,T-FAP
GCCATTCTCTCCTGAC-1,0.9997544027228652,0.9999830609666501,Denervated,T-FAP
GCCCAGACAACCCGCA-1,0.5785870152463134,0.022497394222161713,Denervated,Stromal
GCCCGAATCGATACTG-1,0.037118976966195,0.5038013981445064,Denervated,TSPC
GCCGATGCACAGCTTA-1,0.9928536661487206,0.8563352902150053,Denervated,Tenogenic-progenitor
GCCGATGGTATACAGA-1,0.8470523564407707,0.9541276424618275,Denervated,Stromal
GCCGATGGTGGTAACG-1,0.9990639304582848,0.9990031364513348,Denervated,Stromal
GCGATCGTCTAGTGAC-1,0.9998940804427032,0.9999640453735694,Denervated,T-FAP
GCGGAAACATGAGTAA-1,0.9999307486675267,0.9999470841587186,Denervated,T-FAP
GCGGAAATCATTGCGA-1,0.8453616367521996,0.5805060999169612,Denervated,Stromal
GCGTGCAAGGCATTTC-1,0.8991207958879156,0.5332950321971349,Denervated,Tenogenic-progenitor
GCGTGCAGTTCGTTCC-1,0.9995806656427523,0.9997826336737342,Denervated,T-FAP
GCGTGCATCGAGTACT-1,0.9999980985890871,0.9999864905497989,Denervated,T-FAP
GCGTTTCCAAGCGGAT-1,0.9986054157570436,0.995161918745019,Denervated,T-FAP
GCTACAAAGATTCGCT-1,0.9977741861965227,0.9967397085388521,Denervated,Stromal
GCTACAAAGGACATCG-1,0.9999968234275947,0.9999974816392908,Denervated,T-FAP
GCTACAACAAGCGAGT-1,0.9999982880135133,0.999999413911254,Denervated,T-FAP
GCTACAAGTGAGCTCC-1,0.9781611702699142,0.9775815711410154,Denervated,Tenogenic-progenitor
GCTACAAGTGATAGAT-1,0.9689824522267164,0.9968429982980787,Denervated,Tenogenic-progenitor
GCTACCTCAGACCAAG-1,0.741621730405414,0.06136659747064598,Denervated,Stromal
GCTACCTTCTGCCTCA-1,0.9987929014631115,0.9965575254007579,Denervated,T-FAP
GCTGAATAGACTCTAC-1,0.986915980666061,0.915745231753781,Denervated,Stromal
GCTGAATTCTTACCGC-1,0.9994978409196831,0.9995062456557257,Denervated,Stromal
GCTGCAGCACGACCTG-1,0.9988391885826808,0.9997322861611134,Denervated,T-FAP
GCTGGGTAGATTGACA-1,0.9999992898813086,0.9999965047205587,Denervated,T-FAP
GCTGGGTGTGGTATGG-1,0.6811926871988069,0.5403949731794953,Denervated,Stromal
GCTGGGTTCGAGTCTA-1,0.9942437469048327,0.9680251428711582,Denervated,Stromal
GCTGGGTTCTCCCAAC-1,0.926100441860545,0.4876690416867657,Denervated,Tenogenic-progenitor
GCTTGGGAGATCACCT-1,0.9997377767407991,0.9995064769945013,Denervated,T-FAP
GCTTGGGAGTACCATC-1,0.4515346594828749,0.044925580164967616,Denervated,Stromal
GCTTGGGTCGCACTCT-1,0.9611182708615089,0.9515963907675388,Denervated,Stromal
GCTTTCGCAACTGCTA-1,0.09764214604867197,0.10459326348282438,Denervated,TSPC
GGAACCCTCTCCCAAC-1,0.9999981594246512,0.9999993795849257,Denervated,T-FAP
GGAAGTGAGTTTAGGA-1,0.956118151504528,0.816713232033053,Denervated,Stromal
GGAAGTGTCTGCCCTA-1,0.9999028471440842,0.9996139181653985,Denervated,T-FAP
GGAATCTAGGCGTTAG-1,0.999837605887211,0.9999938136669144,Denervated,T-FAP
GGAATGGAGCGATGGT-1,0.8718506496076155,0.9326234241955901,Denervated,T-FAP
GGAATGGCATAGATCC-1,0.15893561288215544,0.08170784520004072,Denervated,TSPC
GGAATGGTCCAAATGC-1,0.9866177541634202,0.9845394762069394,Denervated,Stromal
GGACGTCAGTAACGAT-1,0.9885253576741244,0.7422378748440236,Denervated,Tenogenic-progenitor
GGACGTCAGTTGAAAC-1,0.9821394378635048,0.9302483440478444,Denervated,T-FAP
GGACGTCCACACCTAA-1,0.9820733245001981,0.9870645495599866,Denervated,Tenogenic-progenitor
GGAGCAAAGAGCCGTA-1,0.9516433935769163,0.9702442128746058,Denervated,Tenogenic-progenitor
GGAGCAAAGCATCCTA-1,0.9999917454613583,0.999995547624954,Denervated,T-FAP
GGAGCAAAGTCTGGAG-1,0.9999985304708742,0.9999977733983285,Denervated,T-FAP
GGAGCAAGTCCCTGTT-1,0.9969166860870401,0.9987043472917895,Denervated,T-FAP
GGAGCAAGTCTCACAA-1,0.9996998147026886,0.9903637684541836,Denervated,T-FAP
GGAGCAATCAACTGAC-1,0.5754986502519572,0.04993634919269794,Denervated,TSPC
GGAGGATCACGTCGTG-1,0.9999989924928295,0.9999990771084681,Denervated,T-FAP
GGAGGATGTAGCCAGA-1,0.9841508695864398,0.707703358733485,Denervated,T-FAP
GGAGGATGTGCCAAGA-1,0.9549851295663683,0.9162195110338246,Denervated,Tenogenic-progenitor
GGAGGATTCCAAGCTA-1,0.6674981921033076,0.8423720985108116,Denervated,Stromal
GGAGGTAAGACGCCAA-1,0.9977241040735634,0.990030373258856,Denervated,Tenogenic-progenitor
GGAGGTAAGCGACAGT-1,0.9997852662876648,0.9935785164549609,Denervated,T-FAP
GGATCTAAGGAGAGTA-1,0.999999763861203,0.9999999089679167,Denervated,T-FAP
GGATCTAGTATCGATC-1,0.9998852087025288,0.9998222515884895,Denervated,T-FAP
GGATGTTCAAGCGATG-1,0.9992967328600962,0.9965824662360376,Denervated,Tenogenic-progenitor
GGATGTTGTATGGGAC-1,0.9995542859489264,0.9996380712273338,Denervated,Tenogenic-progenitor
GGCACGTCATATCTGG-1,0.10447173876760153,0.011483299971036214,Denervated,Tenogenic-progenitor
GGCACGTTCAAGTCTG-1,0.9341800254415176,0.9148560358352416,Denervated,Stromal
GGCACGTTCATCGTAG-1,0.8099802312066046,0.9404286807920457,Denervated,Stromal
GGCACGTTCTCTATGT-1,0.9844397792083431,0.8134184768213087,Denervated,Stromal
GGCAGTCTCTGCCCTA-1,0.9946270590070374,0.9809146832488466,Denervated,Tenogenic-progenitor
GGCGTCAGTTCCTACC-1,0.9628220358842436,0.637907276080118,Denervated,T-FAP
GGCTTGGCACATTCTT-1,0.9996775871484239,0.9999466298019257,Denervated,T-FAP
GGCTTTCCAAGAGAGA-1,0.9570437563134202,0.8663830202914317,Denervated,Tenogenic-progenitor
GGCTTTCCATTCTGTT-1,0.9999814948102371,0.9999444600653342,Denervated,Stromal
GGCTTTCGTAGCCCTG-1,0.9990695855322588,0.9950997851874663,Denervated,Tenogenic-progenitor
GGCTTTCGTGAAAGTT-1,0.9999654114956403,0.9999867406086391,Denervated,T-FAP
GGGAAGTAGACGACTG-1,0.9393621852171126,0.9382235238553854,Denervated,Stromal
GGGACAAAGGTGCCTC-1,0.993974378922589,0.9884037699768485,Denervated,Tenogenic-progenitor
GGGACAACACACCAGC-1,0.9995445816692391,0.998041389367174,Denervated,T-FAP
GGGACAAGTAGCCCTG-1,0.9912385704387995,0.9828316929451519,Denervated,Stromal
GGGACTCGTCCTTGTC-1,0.9457584882103643,0.7896266529915776,Denervated,Stromal
GGGACTCGTTGGCCTG-1,0.9993573829527608,0.9996978245836362,Denervated,T-FAP
GGGAGATGTGGTACAG-1,0.9977978613047419,0.9934694542949003,Denervated,T-FAP
GGGAGATTCGTGGAAG-1,0.8937866890511943,0.7561474642473011,Denervated,Stromal
GGGAGATTCTCCCTAG-1,0.4527762980790395,0.7700564359678255,Denervated,Tenogenic-progenitor
GGGATGACAAACGGCA-1,0.9939854341518629,0.9811163549262615,Denervated,Stromal
GGGCCATAGTAGCAAT-1,0.999886762044824,0.999986479286598,Denervated,T-FAP
GGGCCATGTTCTCAGA-1,0.9999900770714942,0.9964968279860009,Denervated,Stromal
GGGCCATTCTCCGCAT-1,0.7538384649583044,0.7780234804500793,Denervated,TSPC
GGGCGTTAGATCGACG-1,0.18640909481482232,0.25720042170034346,Denervated,Stromal
GGGCGTTCACACACGC-1,0.8707110097799773,0.6991138502277128,Denervated,T-FAP
GGGCGTTCATCGCTAA-1,0.9963467221109428,0.9998778745471792,Denervated,Tenogenic-progenitor
GGGCGTTCATTGACCA-1,0.9938021473066279,0.9776656919888946,Denervated,T-FAP
GGGCTACCATCTTTCA-1,0.9999992908174988,0.9999998470913266,Denervated,T-FAP
GGGCTACGTGTTCGTA-1,0.9150498554137818,0.10610297841387749,Denervated,Tenogenic-progenitor
GGGCTACTCTTTCGAT-1,0.932650682300694,0.722503350565107,Denervated,Stromal
GGGCTCAAGGTTGACG-1,0.31430785317335,0.017764598408614322,Denervated,Stromal
GGGTAGAAGTAGGAAG-1,0.9999928756361183,0.9997562899224565,Denervated,T-FAP
GGGTAGAAGTGCTAGG-1,0.6766161207077026,0.018580340392522734,Denervated,Stromal
GGGTAGAGTAGAAACT-1,0.8441999930465219,0.44501271226717937,Denervated,T-FAP
GGGTAGATCCATTCGC-1,0.9998882964584217,0.9965228821568123,Denervated,T-FAP
GGGTAGATCCTATTTG-1,0.9971994580699496,0.999950724834683,Denervated,Tenogenic-progenitor
GGGTATTAGGTTTACC-1,0.9999976905114905,0.9999991873295956,Denervated,T-FAP
GGGTATTGTAGGAAAG-1-1,0.9990436385999011,0.9986132199134334,Denervated,T-FAP
GGGTATTGTCGTGGTC-1,0.9981325336687691,0.9998149454326469,Denervated,Tenogenic-progenitor
GGGTATTTCAAACTGC-1,0.9991803560524537,0.9828562671985983,Denervated,T-FAP
GGGTCACCAATCAAGA-1,0.9999991624814912,0.9999993399469118,Denervated,T-FAP
GGGTCTGCAAGACAAT-1,0.9438037734639645,0.8840054586343503,Denervated,Tenogenic-progenitor
GGGTCTGCACCGCTGA-1,0.49150072010252494,0.016218106754788266,Denervated,Stromal
GGGTCTGGTAGGCTCC-1,0.3240833445630854,0.009461853534892239,Denervated,Stromal
GGGTCTGGTGCAGGAT-1,0.999818995600885,0.9996334785180933,Denervated,T-FAP
GGGTGAATCAATCTCT-1,0.8534469557387315,0.677246840016009,Denervated,Tenogenic-progenitor
GGGTGTCGTATGGGAC-1,0.9743918678963824,0.9543641461397632,Denervated,Tenogenic-progenitor
GGGTTATAGGTCATAA-1,0.9396533192127376,0.9402410223966747,Denervated,Tenogenic-progenitor
GGGTTATCACGAGGTA-1,0.9135197325324989,0.9333847288185593,Denervated,Stromal
GGGTTTAAGCCTAACT-1,0.9953839630448349,0.9925819569186904,Denervated,Stromal
GGGTTTAGTGGACCAA-1,0.9980584892416736,0.9673656538693411,Denervated,T-FAP
GGGTTTAGTTGGAGAC-1,0.9998899834532783,0.999947056076609,Denervated,T-FAP
GGTAACTAGCACGATG-1,0.999721261335891,0.9990770687201712,Denervated,Stromal
GGTAACTAGCATTTCG-1,0.999887691915918,0.9999971904368328,Denervated,Stromal
GGTAACTCAAAGACGC-1,0.9744159678170539,0.9982955070643676,Denervated,Tenogenic-progenitor
GGTAACTGTACTGTTG-1,0.9616199055761457,0.9607047577167932,Denervated,Tenogenic-progenitor
GGTAACTGTCATTCCC-1,0.9999337379052992,0.9999019073450122,Denervated,T-FAP
GGTAACTGTTGGAGAC-1,0.8950873694622756,0.991440842566648,Denervated,Tenogenic-progenitor
GGTAACTGTTGGTAGG-1,0.9247545981677061,0.6075687436963619,Denervated,Stromal
GGTAATCCAATGTTGC-1,0.9975376886437133,0.9930107538331926,Denervated,Stromal
GGTAATCGTACCACGC-1,0.9983229307303018,0.9946966621134834,Denervated,Stromal
GGTAATCGTATAGGAT-1,0.9991706231668274,0.9936872773320701,Denervated,Stromal
GGTAGAGCAGCGTAGA-1,0.9999040429369248,0.9993587093160912,Denervated,T-FAP
GGTAGAGTCGAACCAT-1,0.9999994207294447,0.9999992105835648,Denervated,T-FAP
GGTCACGAGCCTGTCG-1,0.9645849415826352,0.9940682993565945,Denervated,T-FAP
GGTCACGGTATGTCCA-1,0.9994801520425183,0.9932750022871617,Denervated,Stromal
GGTCACGGTGTCGCTG-1,0.9999294448466275,0.9999482252159867,Denervated,T-FAP
GGTCACGGTTAGGCCC-1,0.9999983048074617,0.9999965781211264,Denervated,T-FAP
GGTCACGTCAGCGCAC-1,0.10686500549702678,0.14253524162114903,Denervated,Stromal
GGTCACGTCTATACGG-1,0.9993401131616284,0.9999409815331312,Denervated,T-FAP
GGTCTGGAGACGACGT-1,0.963950399314175,0.9811422224592169,Denervated,Tenogenic-progenitor
GGTCTGGAGGGACACT-1,0.9984209062010746,0.9990267024692284,Denervated,T-FAP
GGTGAAGAGAATCGAT-1,0.9999993382015039,0.9999879581881174,Denervated,T-FAP
GGTGAAGAGGGCCCTT-1,0.9999993005877066,0.999999898512303,Denervated,T-FAP
GGTGAAGTCAATGTCG-1,0.5099327694230829,0.5501845303355258,Denervated,Tenogenic-progenitor
GGTGATTAGAAGTATC-1,0.9999997422188059,0.9999999819549424,Denervated,T-FAP
GGTGGCTGTCCTGTTC-1,0.9977569722155958,0.9995143067876935,Denervated,Stromal
GGTGTCGGTGGGATTG-1,0.9995531706809206,0.8493284737500892,Denervated,T-FAP
GGTGTCGTCTCCGCAT-1-1,0.9812447256262787,0.995646956217061,Denervated,Stromal
GGTTAACAGAACCGCA-1,0.9999985723456235,0.9999952385066889,Denervated,T-FAP
GGTTAACAGGATGAGA-1,0.9997157916658067,0.9944130148692722,Denervated,Tenogenic-progenitor
GGTTAACGTCAGCTTA-1,0.9646964164517133,0.9754915804677542,Denervated,T-FAP
GGTTAACGTCCAGCCA-1,0.999510699013127,0.990700337245672,Denervated,Stromal
GGTTCTCAGCCTCTTC-1,0.9999999071847174,0.9999995797551736,Denervated,T-FAP
GGTTCTCAGGGCAGAG-1,0.9358838053980738,0.8402926424337668,Denervated,TSPC
GGTTCTCCAATCCTAG-1,0.981195223453443,0.9945238081021386,Denervated,Tenogenic-progenitor
GTAACACCACGCTGCA-1,0.983676977694849,0.9530952847258257,Denervated,Tenogenic-progenitor
GTAACCAAGTAGACAT-1,0.9533196848955185,0.9973621457478253,Denervated,T-FAP
GTAACCACATAGGTTC-1,0.9546981409480201,0.894645962448914,Denervated,Stromal
GTAAGTCGTGTCCATA-1,0.9999783332101858,0.9999894083788028,Denervated,T-FAP
GTAATCGAGGACGGAG-1,0.9997424642661735,0.9993719349041107,Denervated,T-FAP
GTAATCGCACAAAGCG-1-1,0.9999914497806366,0.9999944311401424,Denervated,T-FAP
GTAATCGTCATCTCTA-1,0.9996740869675714,0.9996693839304934,Denervated,T-FAP
GTAATGCCACCTGCTT-1,0.8639151877867545,0.9985579266764028,Denervated,Tenogenic-progenitor
GTAATGCCAGGTACGA-1,0.9875189118343836,0.9885473215018843,Denervated,Stromal
GTACAACAGGTACAGC-1,0.9998789680827818,0.9999961432427794,Denervated,T-FAP
GTACAACCACGTAGAG-1,0.6317309108632527,0.194137030832361,Denervated,Stromal
GTACAACCATGTCTAG-1,0.9992606068943714,0.9999424640394444,Denervated,T-FAP
GTACAGTGTTCGGCGT-1,0.999785771605815,0.9999359442714062,Denervated,T-FAP
GTAGAAAAGGCTCTAT-1,0.9951812665948567,0.7086485905547949,Denervated,T-FAP
GTAGAAACATCTCGTC-1,0.11756578056006835,0.16262109151422582,Denervated,Stromal
GTAGAAAGTAATGCGG-1,0.5060091503548588,0.652033270664973,Denervated,TSPC
GTAGAGGAGACTTAAG-1,0.9687424644826099,0.866638496366184,Denervated,Stromal
GTAGAGGCACACAGAG-1,0.9952965938697959,0.9994847861701694,Denervated,T-FAP
GTAGAGGTCTTACGTT-1,0.9988547121811776,0.9983238537605436,Denervated,Stromal
GTAGATCAGTGTCATC-1,0.9630828032028528,0.9475325523505406,Denervated,Stromal
GTAGATCCATCCGGCA-1,0.9903704269655972,0.9955104740488206,Denervated,Tenogenic-progenitor
GTAGATCGTGCCTATA-1,0.9999974448338579,0.9999973281178598,Denervated,T-FAP
GTAGATCGTGGGTATG-1,0.985218182753393,0.9974130031912373,Denervated,Stromal
GTAGCTAAGAATTTGG-1,0.9983687604402616,0.9974790915929187,Denervated,Stromal
GTAGCTACACCACTGG-1,0.9858061268460248,0.9958881136809791,Denervated,Tenogenic-progenitor
GTAGCTACAGTCGCAC-1,0.9796477390423574,0.9756872476665431,Denervated,Stromal
GTAGCTACAGTGACCC-1,0.9821729160240342,0.6297978373157053,Denervated,Stromal
GTAGCTAGTCATTCCC-1,0.9893886261958472,0.9916073571524939,Denervated,Stromal
GTAGCTATCTCATAGG-1,0.3297804949441263,0.11488997084497214,Denervated,Stromal
GTAGGAGGTTGCTAGT-1,0.9999961236013023,0.9999129091934927,Denervated,T-FAP
GTAGGAGTCCTGTACC-1,0.9996835045959871,0.998713698150975,Denervated,T-FAP
GTAGGTTGTGACTATC-1,0.7358450525337686,0.5323572384656573,Denervated,Tenogenic-progenitor
GTAGTACTCACGGAGA-1,0.8539444108619245,0.9458299096753954,Denervated,Tenogenic-progenitor
GTATTGGAGAATCGTA-1,0.7892749848367016,0.19856262434543553,Denervated,Stromal
GTATTGGAGGTATCTC-1,0.999357373186603,0.9998453453967882,Denervated,Stromal
GTATTGGTCGGAGATG-1,0.9998115837291566,0.9999878996758148,Denervated,T-FAP
GTATTTCGTATGAGCG-1,0.9999869259604667,0.9999981907981345,Denervated,T-FAP
GTATTTCTCATTGCCC-1,0.9999601018330357,0.9999982967367108,Denervated,Stromal
GTCAAACGTCTCAGGC-1,0.9997249362367061,0.9999611756662595,Denervated,T-FAP
GTCAAACTCTACTGCC-1,0.8034750835391022,0.9012516560913045,Denervated,Tenogenic-progenitor
GTCAAGTGTTTGATCG-1,0.9932664403628275,0.9986775877204438,Denervated,Tenogenic-progenitor
GTCAAGTTCACTTGGA-1,0.9993994793073011,0.9999667121258945,Denervated,T-FAP
GTCAAGTTCGCCACTT-1,0.6958117851688206,0.7594045733261002,Denervated,TSPC
GTCACGGTCACACCCT-1,0.9994424716770176,0.9998407322436725,Denervated,T-FAP
GTCACGGTCCATCACC-1,0.9041473087313722,0.9661512601042153,Denervated,TSPC
GTCACGGTCGCCGAGT-1,0.9999798556386045,0.9999861530497159,Denervated,T-FAP
GTCACTCTCCCATAAG-1,0.9985178060043047,0.9999829885254308,Denervated,T-FAP
GTCAGCGAGCAAGCCA-1,0.9917938295343545,0.8728650697226431,Denervated,T-FAP
GTCAGCGTCGCGTTTC-1,0.9998488049250477,0.9978099848506198,Denervated,Tenogenic-progenitor
GTCATCCAGGGTCAAC-1,0.3976070502821536,0.024684400296946844,Denervated,Tenogenic-progenitor
GTCATCCGTGGCCTCA-1,0.8610295385627311,0.8132028868853562,Denervated,Stromal
GTCCACTAGCACACCC-1,0.2381917004929831,0.011416047027657066,Denervated,Stromal
GTCCACTGTAACATCC-1,0.9887364151984857,0.5976608542230003,Denervated,Stromal
GTCCACTTCCTCTAAT-1,0.856166785073377,0.6466957111016398,Denervated,Tenogenic-progenitor
GTCCCATGTAGGATAT-1,0.9999988115362479,0.9999991108064599,Denervated,T-FAP
GTCCCATGTATGTCTG-1,0.9773267752980985,0.9393781041734154,Denervated,Tenogenic-progenitor
GTCGAATCAGAGCCCT-1,0.9866144913722161,0.9983562667049272,Denervated,T-FAP
GTCGAATGTGGAAATT-1,0.14277377252171605,0.008957959466827875,Denervated,Stromal
GTCGAATTCGCAACAT-1,0.8764541815947234,0.498805449678496,Denervated,Tenogenic-progenitor
GTCGCGACAGGAGACT-1,0.9999910317344285,0.9999925157371851,Denervated,T-FAP
GTCGCGACAGGGCTTC-1,0.9985354150949332,0.9998758615695195,Denervated,Stromal
GTCGCGACATAGGTTC-1,0.03030127748069041,0.000490120843820171,Denervated,Stromal
GTCGCGACATATGAAG-1,0.9999956010788452,0.9999979854208008,Denervated,T-FAP
GTCGCGAGTTGCGAAG-1,0.9999859807727192,0.9999972470495949,Denervated,T-FAP
GTCGTAACATTAGGAA-1,0.9999976220025902,0.9999972334640145,Denervated,T-FAP
GTCGTAAGTATGAGGC-1,0.9796190295780788,0.7267620305574674,Denervated,Stromal
GTCGTAAGTCACTCGG-1,0.9612049332427465,0.9678629746901277,Denervated,Stromal
GTCGTTCAGGTGCAGT-1,0.9990706734623955,0.9998194716776653,Denervated,T-FAP
GTCGTTCCAGAAACCG-1,0.9998765299365521,0.9999541301456983,Denervated,T-FAP
GTCGTTCCAGGCACTC-1,0.9845505265939087,0.998587136782135,Denervated,T-FAP
GTCGTTCGTGGTTTGT-1,0.8952066334940405,0.9252678243519875,Denervated,Tenogenic-progenitor
GTCTACCTCTGAATCG-1,0.9932781928544079,0.9995437606895777,Denervated,Stromal
GTCTAGAGTCGGTGTC-1,0.8934648966432313,0.9707575132409381,Denervated,Stromal
GTCTAGATCCACTTTA-1,0.9747404171691486,0.9783667512622573,Denervated,Stromal
GTCTAGATCCGAAGGA-1,0.9755629787207483,0.9543430872798783,Denervated,Tenogenic-progenitor
GTCTCACCAACCGATT-1,0.9999893074842071,0.9999996799527872,Denervated,Stromal
GTCTGTCAGGCTTTCA-1,0.9999804462800734,0.9998882700506572,Denervated,T-FAP
GTCTTTACACATTACG-1,0.9999929717210269,0.9999988242154314,Denervated,T-FAP
GTCTTTAGTGACTCTA-1,0.9999918195069618,0.999990119498549,Denervated,T-FAP
GTGACGCCACGCTGTG-1,0.9967101177144702,0.994644399603958,Denervated,Tenogenic-progenitor
GTGACGCGTCAGTCCG-1,0.9999942788238199,0.9999997662627333,Denervated,T-FAP
GTGACGCGTGAAGCGT-1,0.666346180746509,0.4465712555946967,Denervated,TSPC
GTGACGCTCTAGACAC-1,0.9994118581222718,0.998557952783342,Denervated,T-FAP
GTGAGCCAGATGAACT-1,0.9993197295795437,0.9969682961922349,Denervated,Stromal
GTGAGCCTCGTCGGGT-1,0.957235391338072,0.9975844792517481,Denervated,T-FAP
GTGAGGAAGTGGCCTC-1,0.999998962001127,0.9999999842512219,Denervated,T-FAP
GTGAGTTTCATGCCGG-1,0.9774008938743485,0.9359830005573224,Denervated,Stromal
GTGATGTAGCTGGCTC-1,0.9999851017627394,0.9999291647187175,Denervated,T-FAP
GTGATGTCACGACCTG-1,0.9990375659551862,0.9966657889475703,Denervated,Tenogenic-progenitor
GTGATGTGTGTCACAT-1,0.9999914200389285,0.9999949020207765,Denervated,T-FAP
GTGCACGCAGCAAGAC-1,0.9999987619056433,0.999991666501806,Denervated,T-FAP
GTGCACGGTTTACTGG-1,0.9977317123264936,0.9970252083542667,Denervated,Tenogenic-progenitor
GTGCACGTCACTGAAC-1,0.973024799967733,0.9887652365605011,Denervated,Tenogenic-progenitor
GTGCACGTCCGACATA-1,0.9979088006828434,0.9994553779584328,Denervated,T-FAP
GTGCAGCAGCGGTATG-1,0.9999761932540867,0.9999953846977575,Denervated,T-FAP
GTGCAGCCACGGGTAA-1,0.2975479228873396,0.5458702349968289,Denervated,TSPC
GTGCGTGCATGTGTCA-1,0.9111002847650042,0.5407992977646886,Denervated,Stromal
GTGCTGGCACAACCGC-1,0.7524946100106886,0.12295892675748296,Denervated,Stromal
GTGCTGGCAGCTTCGG-1,0.9943910742435529,0.9882904093752659,Denervated,Tenogenic-progenitor
GTGCTGGGTTGTTTGG-1,0.9623488294486838,0.8922213350616236,Denervated,Tenogenic-progenitor
GTGCTTCAGTTCCGGC-1,0.9837164475108213,0.967868320336748,Denervated,Tenogenic-progenitor
GTGCTTCCACGAGAAC-1,0.9998784468456613,0.9999773903324611,Denervated,Stromal
GTGCTTCGTACAGGTG-1,0.8756627644216703,0.5399775871275647,Denervated,Stromal
GTGCTTCTCATAAGGA-1,0.9999702303381167,0.9999752943586158,Denervated,Stromal
GTGGAAGCACATTGTG-1,0.9856241374931743,0.9014666358762186,Denervated,Tenogenic-progenitor
GTGGAAGGTACTCGTA-1,0.9966577708175992,0.997826628147721,Denervated,Stromal
GTGGAAGGTATTGGCT-1,0.9999991208975935,0.999999439513805,Denervated,T-FAP
GTGGCGTTCAGGACGA-1,0.9933363260497297,0.9838495179124864,Denervated,Tenogenic-progenitor
GTGGGAACAACTGGTT-1,0.9995075796000225,0.9999625825916324,Denervated,Stromal
GTGGTTATCAGCGCGT-1,0.4188227245441117,0.15715443183053615,Denervated,Tenogenic-progenitor
GTGTCCTCAGACCGCT-1,0.9998658334797155,0.999933081329239,Denervated,T-FAP
GTGTGATCATCACAGT-1,0.9999922125138575,0.9999988637466851,Denervated,T-FAP
GTGTGATGTAATACCC-1,0.8470247297580885,0.8816450060984091,Denervated,Tenogenic-progenitor
GTGTGATGTATAGGAT-1,0.9965005139110218,0.980593762579031,Denervated,Tenogenic-progenitor
GTGTGGCAGCGTGTTT-1,0.9999934996287345,0.9999892354007639,Denervated,T-FAP
GTGTGGCTCAGGTAAA-1,0.484334882154295,0.5574495064565587,Denervated,Tenogenic-progenitor
GTGTTAGGTCATGCAT-1,0.9941493037487963,0.9384884749001834,Denervated,T-FAP
GTGTTAGGTCGACTTA-1,0.9548501769637285,0.9649804132524812,Denervated,Tenogenic-progenitor
GTGTTCCAGCGTATGG-1,0.9962965917237185,0.9916745983348155,Denervated,T-FAP
GTGTTCCAGCTCACTA-1,0.9991885856631123,0.9998103831771078,Denervated,Tenogenic-progenitor
GTTACAGCATGCGTGC-1,0.999975576655113,0.9999920121980318,Denervated,T-FAP
GTTACAGGTGTCCACG-1,0.9996136949563904,0.9992996667626988,Denervated,T-FAP
GTTACAGGTTGCTCGG-1,0.9584890774887592,0.7402012431090504,Denervated,Stromal
GTTACAGTCACTCTTA-1,0.9918748870601036,0.5499045649643971,Denervated,T-FAP
GTTACCCGTCTTACTT-1,0.477894580320372,0.03638898621418167,Denervated,Tenogenic-progenitor
GTTAGACAGACGCCAA-1,0.9977209535438859,0.9982606548752291,Denervated,Tenogenic-progenitor
GTTAGTGAGCAGGTCA-1,0.9885094318875293,0.9924298890985486,Denervated,Tenogenic-progenitor
GTTAGTGAGGCTGAAC-1,0.9999836579880657,0.9999885714569687,Denervated,T-FAP
GTTAGTGAGTCAGCCC-1,0.9999954246347825,0.9999989313583852,Denervated,T-FAP
GTTAGTGTCCAAACCA-1,0.9985702641492664,0.9864557214144187,Denervated,Stromal
GTTAGTGTCGTCACCT-1,0.9999877357196892,0.9999994803218423,Denervated,T-FAP
GTTCATTTCATGGCCG-1,0.9999999142676927,0.9999999261533062,Denervated,T-FAP
GTTCCGTGTTGTTTGG-1,0.9999999782471212,0.9999999983721204,Denervated,T-FAP
GTTCGCTAGTACGTCT-1,0.9991862242259409,0.9995380656947583,Denervated,T-FAP
GTTCGCTGTAGTATAG-1,0.9951392807331414,0.9979757113595454,Denervated,Stromal
GTTCGCTTCAAGCCTA-1,0.9993250152276456,0.9996211022605036,Denervated,T-FAP
GTTCTATCAGAAGTTA-1,0.9999988124836783,0.9999996570888766,Denervated,T-FAP
GTTCTATTCTAGATCG-1,0.9472140345879665,0.9815247098126902,Denervated,T-FAP
GTTGAACCAGCTTCGG-1,0.9648608885436848,0.9993055524043056,Denervated,Tenogenic-progenitor
GTTGCGGTCCTTTGAT-1,0.9999863333637196,0.9993224796807149,Denervated,Stromal
GTTGCTCAGCATCCCG-1,0.969754489436189,0.7322409562703565,Denervated,Stromal
GTTGCTCTCTCTGCCA-1,0.9999981838227889,0.9999983793463074,Denervated,T-FAP
GTTGTAGAGACTCCGC-1,0.9982105401679379,0.9837948556266706,Denervated,Stromal
GTTGTAGAGGTAGCCA-1,0.991440475493621,0.9706804328713944,Denervated,T-FAP
GTTGTAGTCTGTAAGC-1,0.9999950504455364,0.9999959778696704,Denervated,T-FAP
GTTGTCCAGAGGTTAT-1,0.9998726384268242,0.9999339462847588,Denervated,T-FAP
GTTGTCCCATGTGGCC-1,0.9994613368061332,0.9962735302396865,Denervated,Stromal
GTTGTCCTCCGCACTT-1,0.6764020888481693,0.3014022152201687,Denervated,TSPC
GTTGTGAGTTAGGCTT-1,0.9887309883175717,0.9753994555473583,Denervated,T-FAP
GTTTGGATCGGTCTAA-1,0.013873515540045489,0.0003037222974103545,Denervated,TSPC
TAACACGTCGGCTTGG-1,0.9515447613394924,0.9472780425482881,Denervated,Tenogenic-progenitor
TAACGACAGCTGGCCT-1,0.9937760760819767,0.9013929684217167,Denervated,Stromal
TAACTTCGTTAGTCGT-1,0.999966076514223,0.9999779352533781,Denervated,T-FAP
TAAGCCACAAATACGA-1,0.9693867073628141,0.9219388922513861,Denervated,Tenogenic-progenitor
TAAGCCACACTTGAAC-1,0.013591651007720897,0.000464844589661759,Denervated,TSPC
TAAGCCATCCATTTGT-1-1,0.9999982535383319,0.9999867030321354,Denervated,T-FAP
TAAGCCATCCTCACGT-1,0.9928909885786712,0.9989267296999165,Denervated,Tenogenic-progenitor
TAAGCGTGTGGTCTAT-1,0.999997500173221,0.9999999154857802,Denervated,T-FAP
TAAGCGTTCTAACGCA-1,0.29862561345230354,0.054759145664854986,Denervated,Stromal
TAATCTCAGCACGTCC-1,0.7405832304698892,0.26248366240355947,Denervated,Tenogenic-progenitor
TAATCTCCAACCGGAA-1,0.9990236987683183,0.9987230367778998,Denervated,T-FAP
TAATCTCTCGGAAGGT-1,0.8387795951672762,0.893292271968979,Denervated,Tenogenic-progenitor
TAATTCCTCGATCCAA-1,0.9841594196377611,0.945989806719502,Denervated,T-FAP
TACAACGCAACACTAC-1,0.9951855120738364,0.9966568137636793,Denervated,Tenogenic-progenitor
TACAACGCATTGCTTT-1,0.9564700580996074,0.8701913531936143,Denervated,Tenogenic-progenitor
TACACCCGTCATCCGG-1,0.9999998422835406,0.9999999030548686,Denervated,T-FAP
TACACCCTCATACGAC-1,0.999990264975355,0.9999588821690633,Denervated,T-FAP
TACATTCAGAACCGCA-1,0.90776532930424,0.9877913481286706,Denervated,Tenogenic-progenitor
TACATTCAGCTCCCTT-1,0.9987513822033692,0.9992923541759793,Denervated,T-FAP
TACCCACCAACGTAAA-1,0.9999736116889179,0.9998558079210893,Denervated,T-FAP
TACCCACCATTGAGGG-1,0.6820959434527101,0.6604649383199116,Denervated,Tenogenic-progenitor
TACCCACGTCATGACT-1,0.9971142402217534,0.9920181283312695,Denervated,Stromal
TACCCACGTGCACATT-1,0.9999927880559852,0.9999998194328052,Denervated,T-FAP
TACCCGTAGAACCGCA-1,0.9997961438689243,0.9999965893870434,Denervated,Tenogenic-progenitor
TACCGGGCAGCTGGTC-1,0.9999140041948076,0.9998118064786086,Denervated,T-FAP
TACCGGGCATATACCG-1,0.9996385243180524,0.9997553704129843,Denervated,T-FAP
TACCGGGGTACTTGTG-1,0.6494897595601702,0.12225112780548097,Denervated,Tenogenic-progenitor
TACCGGGGTTAGTTCG-1,0.9792890932459368,0.9942670135705346,Denervated,Stromal
TACCTCGAGATCGCCC-1,0.11879727751698596,0.0009124824784372382,Denervated,TSPC
TACCTGCCACGCTGAC-1,0.9903085463510929,0.9989690954322054,Denervated,Tenogenic-progenitor
TACCTGCGTGGTCCCA-1,0.9999566516658096,0.9999980725185192,Denervated,T-FAP
TACCTGCTCACATCAG-1,0.9919203226725002,0.9672836577175274,Denervated,T-FAP
TACCTGCTCATCACCC-1,0.9999971670076245,0.9999951833304906,Denervated,T-FAP
TACCTGCTCTACACTT-1,0.9997392836956863,0.998737051137631,Denervated,T-FAP
TACGGGCAGAGTGAAG-1,0.975967123028099,0.9835711577297255,Denervated,Tenogenic-progenitor
TACGGGCAGGGCCCTT-1,0.9986583008076441,0.9969506145753685,Denervated,Stromal
TACGGGCTCTCTAGGA-1,0.999437583826233,0.9987294119433744,Denervated,T-FAP
TACGGTACATCCTATT-1,0.952499127230004,0.4051312108791332,Denervated,Stromal
TACGTCCTCTATCGTT-1,0.9379587056956402,0.022043332413703338,Denervated,Stromal
TACTGCCCAAGATGTA-1,0.7765752913218341,0.4684430211186163,Denervated,Tenogenic-progenitor
TACTGCCCAAGCGAGT-1,0.8178977818690497,0.28004193142463374,Denervated,Stromal
TACTTACAGTATGTAG-1,0.9999439886150323,0.9999975295596113,Denervated,T-FAP
TACTTCAGTTTCACAG-1,0.9998529235021617,0.9988021284536871,Denervated,Tenogenic-progenitor
TACTTCATCTTTGCGC-1,0.8355215543407329,0.7832943815517012,Denervated,TSPC
TACTTGTAGGTCATAA-1,0.9999466484010158,0.9999575083687586,Denervated,T-FAP
TACTTGTCAACGTATC-1,0.8365252702975048,0.7023256960009105,Denervated,T-FAP
TACTTGTGTCTTCGAA-1,0.9999501537864124,0.9999765166836176,Denervated,T-FAP
TACTTGTGTGGACCAA-1-1,0.9987093783526744,0.992938794956857,Denervated,Stromal
TACTTGTGTTCGATTG-1,0.9991513270186774,0.995340992200664,Denervated,Stromal
TAGACCACACGTAACT-1,0.9999968582594569,0.999953612163402,Denervated,T-FAP
TAGACCACATTCAGGT-1,0.8328071092343564,0.6181677664511954,Denervated,Stromal
TAGACCAGTCGTGATT-1,0.8723440128313529,0.8171093062060031,Denervated,Stromal
TAGACCATCGTCTCAC-1,0.999937094000622,0.9999990917422061,Denervated,T-FAP
TAGACCATCGTGACTA-1,0.9986628619034771,0.9997961653236664,Denervated,T-FAP
TAGACCATCTGCATGA-1,0.8098372172974632,0.039620933839761494,Denervated,Stromal
TAGACTGAGCGACCCT-1,0.993908338567761,0.9654562011047894,Denervated,Stromal
TAGACTGCACACCTGG-1,0.9870185235119209,0.9537604650809458,Denervated,Stromal
TAGACTGTCTCGCAGG-1,0.969676344759858,0.364447599402754,Denervated,T-FAP
TAGAGTCGTCGTACTA-1,0.999999205963949,0.9999995012534241,Denervated,T-FAP
TAGATCGGTAGAGGAA-1,0.9511713347421163,0.8771241433612442,Denervated,Stromal
TAGATCGGTTAAGGAT-1,0.9995676527766835,0.9995521270132866,Denervated,T-FAP
TAGATCGGTTCGATTG-1,0.9998608949932767,0.9998681451115236,Denervated,T-FAP
TAGATCGTCGCAGAGA-1,0.9790593417760237,0.8663048244559008,Denervated,Stromal
TAGCACAAGGGAGGTG-1,0.8746105318802486,0.6528361412121984,Denervated,Tenogenic-progenitor
TAGGAGGGTATTCTCT-1,0.96256426167145,0.8456198997245603,Denervated,Tenogenic-progenitor
TAGGGTTGTGGAAATT-1,0.9999915846400382,0.9999981828253196,Denervated,T-FAP
TAGGGTTTCGGAGTGA-1,0.9998794934578771,0.9998793623453998,Denervated,T-FAP
TAGGGTTTCTTCACGC-1,0.9758779492869215,0.9987651909925158,Denervated,Tenogenic-progenitor
TAGGTACAGAATTGTG-1,0.9987730440901812,0.9999755218555435,Denervated,Stromal
TAGGTACCAACGTAAA-1,0.9837671774296688,0.9992731933144363,Denervated,Tenogenic-progenitor
TAGGTACGTATTTCCT-1,0.9999717483756183,0.9999993859423635,Denervated,T-FAP
TAGGTTGGTAGATGTA-1,0.17411909161807398,0.1717893944512042,Denervated,Tenogenic-progenitor
TAGTGCAAGTGCCCGT-1,0.9964835372541054,0.9955482349604098,Denervated,Tenogenic-progenitor
TAGTGCATCAGTGTTG-1,0.999409197419145,0.9992054757016412,Denervated,T-FAP
TAGTGCATCGTCAAAC-1,0.9854244760124921,0.9864744029697227,Denervated,Tenogenic-progenitor
TATATCCGTCCCTAAA-1,0.5354844422509426,0.09021663742196724,Denervated,Stromal
TATATCCTCACGATAC-1,0.3772602890966251,0.4934739325449452,Denervated,TSPC
TATATCCTCGCTGTCT-1,0.9980119443557719,0.9759647802431439,Denervated,Stromal
TATATCCTCGTAACTG-1,0.9945677400631093,0.9981498981571519,Denervated,T-FAP
TATCAGGGTATCCTTT-1,0.9939011907822431,0.9803266851788972,Denervated,T-FAP
TATCCTAGTGCTCTCT-1,0.9977706619804656,0.9977694377124154,Denervated,Stromal
TATCGCCGTAGTCCTA-1,0.9714355069065558,0.7515783508943115,Denervated,Stromal
TATTCCAAGGCTCTCG-1,0.9488048732292146,0.3432583071874475,Denervated,Tenogenic-progenitor
TATTCCAAGTTTGCTG-1,0.9771099481177157,0.8795908259335118,Denervated,Tenogenic-progenitor
TATTCCAGTGAGGATC-1,0.9998832473862231,0.9997872311934651,Denervated,T-FAP
TATTCCAGTTCGAAGG-1,0.6846961286861563,0.4244444795810332,Denervated,Tenogenic-progenitor
TATTCCATCGTCTCAC-1,0.999961494425371,0.9999195776184637,Denervated,T-FAP
TATTCCATCGTGACTA-1,0.9996670814977924,0.999897289995046,Denervated,T-FAP
TATTGCTTCGGCTTCT-1,0.8779988869956882,0.9422558191965483,Denervated,Stromal
TATTGCTTCTAACGGT-1,0.9083452298260967,0.5009222642400107,Denervated,Stromal
TATTGGGCACCTTCCA-1,0.9971503809080634,0.998875729489084,Denervated,T-FAP
TATTTCGCACAATGTC-1,0.9742985808198805,0.88158289560885,Denervated,Stromal
TATTTCGGTGTTAGCT-1,0.9664486253905362,0.6105544763840287,Denervated,Tenogenic-progenitor
TCAAGACTCAGGGTAG-1,0.9999137331871261,0.9998338868423589,Denervated,T-FAP
TCAAGCAAGCCGTAAG-1,0.9008387566441938,0.7076748963768288,Denervated,Stromal
TCAAGCAAGGAACGCT-1,0.9999996078355008,0.999999435434859,Denervated,T-FAP
TCAAGCAAGTTCCTGA-1,0.9999902433016565,0.9999980505758674,Denervated,T-FAP
TCAAGCACATCGGATT-1,0.9999992468606441,0.9999999900681303,Denervated,T-FAP
TCAAGCAGTCTAGATC-1,0.9999734693605254,0.9999022518241244,Denervated,T-FAP
TCAAGCATCGTAGAGG-1,0.9887467132812211,0.9755377775200396,Denervated,Tenogenic-progenitor
TCAAGTGTCCCGTAAA-1,0.9999366535548015,0.9999613584563415,Denervated,T-FAP
TCAATCTAGGGACAGG-1,0.9884363891875467,0.9985826242376875,Denervated,T-FAP
TCAATCTCAGAGTCTT-1,0.9939685365136884,0.999824370352052,Denervated,T-FAP
TCACAAGGTGTGTGGA-1,0.9889276624814974,0.0694623494192862,Denervated,Stromal
TCACACCAGCCTGCCA-1,0.998936766761929,0.9952818362095502,Denervated,Stromal
TCACACCAGTGGCGAT-1,0.9984685790559155,0.9570521290254377,Denervated,Stromal
TCACACCCATCCAACA-1,0.23759441821511207,0.005477203039416403,Denervated,Stromal
TCACACCGTATCACCA-1,0.9929878049970315,0.9778475921806162,Denervated,Tenogenic-progenitor
TCACACCGTGCTGCAC-1,0.07417898256245406,0.005418450816273659,Denervated,Stromal
TCACATTGTCAGTTTG-1,0.999915941765848,0.9715491322160574,Denervated,Stromal
TCACATTGTCGGCCTA-1,0.09393210954979532,0.17027937567182833,Denervated,TSPC
TCACATTGTTATAGAG-1,0.16865706694988858,0.34000915492110084,Denervated,Tenogenic-progenitor
TCACGCTAGTTGGGAC-1,0.8021944899035957,0.9601884399112762,Denervated,Tenogenic-progenitor
TCACGCTGTGGCATCC-1,0.999998135937038,0.9999983640209579,Denervated,T-FAP
TCACGCTTCCGCAACG-1,0.2683840545229449,0.05515291484625617,Denervated,Tenogenic-progenitor
TCACGCTTCTTCTGTA-1,0.9997978043191544,0.9942968337155912,Denervated,T-FAP
TCACGGGGTTCTGACA-1,0.9606669623537195,0.5369421203959264,Denervated,T-FAP
TCACTATCAGGGCTTC-1,0.9996377698353927,0.9999468350355739,Denervated,T-FAP
TCACTATGTACCTATG-1,0.5573804279718145,0.2700953114810867,Denervated,TSPC
TCACTATTCCATTCGC-1,0.9760993509563446,0.9598356233380962,Denervated,Stromal
TCACTCGTCCAGCACG-1,0.7958221012989968,0.43808958299323447,Denervated,Stromal
TCAGCCTAGGTAACTA-1,0.28449511453162546,0.16100692932384683,Denervated,Tenogenic-progenitor
TCAGGGCCAAAGGGTC-1,0.9999982838500601,0.9999842094843854,Denervated,T-FAP
TCAGGTACAGAGATGC-1,0.6568764179850426,0.8410820580320164,Denervated,Stromal
TCAGTCCCACCCTATC-1,0.9984002346582713,0.9937086472082465,Denervated,Stromal
TCAGTCCGTTCCGCGA-1,0.9968318426676719,0.9948527613169341,Denervated,Stromal
TCAGTCCTCACCATCC-1,0.9996464489560024,0.9999797501057063,Denervated,Stromal
TCAGTCCTCAGCGCAC-1,0.9999998390991144,0.9999999720094069,Denervated,T-FAP
TCAGTTTAGCGTATGG-1,0.9999992818100698,0.9999984513957015,Denervated,T-FAP
TCAGTTTGTTGGGTTT-1,0.8748821272051013,0.9898934127189768,Denervated,Tenogenic-progenitor
TCATACTCAGGAGGTT-1,0.9906434509617396,0.9862596759943932,Denervated,Tenogenic-progenitor
TCATACTTCCTTCAGC-1,0.9903209536179133,0.9828865361644129,Denervated,Tenogenic-progenitor
TCATACTTCGCCGAAC-1,0.1923112857514062,0.20888695148483735,Denervated,Tenogenic-progenitor
TCATATCGTTCTCCTG-1,0.24551994805326585,0.006677900168692929,Denervated,TSPC
TCATATCTCCTCTAAT-1,0.9961555281216238,0.9913915072256533,Denervated,Stromal
TCATCATAGCTAATCC-1,0.9997440095650056,0.9998625128493271,Denervated,T-FAP
TCATCCGAGAATCGCG-1,0.999805757738265,0.9997485510406973,Denervated,Tenogenic-progenitor
TCATCCGAGTCGAAAT-1,0.9154730344919774,0.9706600825634862,Denervated,Stromal
TCATCCGGTATCGCAT-1,0.863548609552004,0.16805181359334906,Denervated,Tenogenic-progenitor
TCATGCCAGAAGCTGC-1,0.8581237965199421,0.8954029518226602,Denervated,Stromal
TCATGCCCAAACGTGG-1,0.9252491902712938,0.2220315210003494,Denervated,Stromal
TCATGCCTCTAACGGT-1,0.9968509448012718,0.8752099344762234,Denervated,Tenogenic-progenitor
TCATGTTCAGAGGAAA-1,0.7116119179833733,0.8354531578052973,Denervated,Tenogenic-progenitor
TCATGTTCATTGGCAT-1,0.17207785111459703,0.08398403944417755,Denervated,TSPC
TCATGTTGTTACACAC-1,0.9250078392587155,0.7629078067132413,Denervated,Tenogenic-progenitor
TCATGTTTCTTCGGAA-1,0.9966663607594842,0.9868796066527815,Denervated,T-FAP
TCATTACCAGTCGGTC-1,0.06809745624921494,0.005092231419645918,Denervated,TSPC
TCATTACGTCATCACA-1,0.9915181284907277,0.9820075194275655,Denervated,Tenogenic-progenitor
TCATTCAGTCTGCATA-1,0.9779972978401574,0.9995559191380554,Denervated,Tenogenic-progenitor
TCATTCATCTCAGTCC-1,0.8547496315057375,0.34533344361431767,Denervated,Tenogenic-progenitor
TCATTGTCACGAGAAC-1,0.999776875859283,0.9994141782758728,Denervated,T-FAP
TCATTGTGTGGTAACG-1,0.9123101785342591,0.5881257469386543,Denervated,Stromal
TCATTGTTCCACGTAA-1,0.9999995571626508,0.9999835671642224,Denervated,T-FAP
TCATTGTTCCGGTAGC-1,0.7272076687417178,0.5994838077807272,Denervated,Tenogenic-progenitor
TCATTTGAGGCCTTCG-1,0.9971557806566436,0.9908125770163655,Denervated,T-FAP
TCATTTGCAACCGTAT-1,0.7589294718823628,0.8110787831180428,Denervated,T-FAP
TCATTTGCAATGAAAC-1,0.9310783500053655,0.993950547170454,Denervated,Tenogenic-progenitor
TCATTTGTCAGTGTCA-1,0.9909650047391579,0.9584856006411425,Denervated,Tenogenic-progenitor
TCCACCACACGAAGAC-1,0.9801860960112013,0.1701137684863307,Denervated,Tenogenic-progenitor
TCCACCAGTAGTGCGA-1,0.017746537028850238,0.014113608028314392,Denervated,TSPC
TCCAGAAAGGTGAGAA-1,0.9994869873672868,0.9995856326585975,Denervated,Tenogenic-progenitor
TCCAGAACAACCACGC-1,0.0439496799241449,0.01898395579074948,Denervated,Stromal
TCCAGAACAGTCTCTC-1,0.9999978202584321,0.9999984677137634,Denervated,T-FAP
TCCATCGAGGAACATT-1,0.9368595598503602,0.9905614264529071,Denervated,T-FAP
TCCATGCTCTGGGCCA-1,0.999400103247774,0.9998004899154794,Denervated,T-FAP
TCCCACACAAACGAGC-1,0.9992574196788683,0.9991225311443465,Denervated,Stromal
TCCCACACATGGCTGC-1-1,0.9958330231070847,0.9992550156159762,Denervated,T-FAP
TCCCAGTAGGTGAGAA-1,0.9158869939819693,0.9264691215745618,Denervated,Stromal
TCCCAGTTCTCGAACA-1,0.7921189904213874,0.5878741681774426,Denervated,Tenogenic-progenitor
TCCCATGGTGCCCTTT-1,0.9954207274887783,0.9972033950445067,Denervated,Stromal
TCCGAAAGTCGAATGG-1,0.9992543500064447,0.989514032866058,Denervated,Tenogenic-progenitor
TCCGGGACAGAAGCTG-1,0.9990871213307594,0.9993276847980501,Denervated,Stromal
TCCGGGAGTCGTACAT-1,0.9733886980815024,0.9689125167602657,Denervated,Stromal
TCCGTGTTCTACACAG-1,0.8630341419559836,0.8650676260500892,Denervated,Stromal
TCCTAATAGTGCAACG-1,0.9999962895182913,0.9999965729898976,Denervated,T-FAP
TCCTCCCCAAGCGCAA-1,0.9999997007694474,0.9999904160018582,Denervated,T-FAP
TCCTCCCCACTGCACG-1,0.9979228028106143,0.9989079508881433,Denervated,T-FAP
TCCTCCCCACTTACAG-1,0.9549378863727218,0.8138461103161794,Denervated,Tenogenic-progenitor
TCCTCGACACCAGGTC-1,0.9999999821566162,0.9999998911671185,Denervated,T-FAP
TCCTCGAGTTCAGGTT-1,0.9966211580047817,0.9906129406154226,Denervated,Tenogenic-progenitor
TCCTCTTGTAATGATG-1,0.9953816122603941,0.9931114286591031,Denervated,Stromal
TCCTCTTGTACGGATG-1,0.9986421771896458,0.9999036918108338,Denervated,Tenogenic-progenitor
TCCTCTTTCGATTGGT-1,0.9999876959922875,0.999999932590874,Denervated,T-FAP
TCCTGCAAGACAGTCG-1,0.995638095096734,0.9997774245520338,Denervated,T-FAP
TCCTGCACAACACAGG-1,0.9424916965837726,0.818496281815521,Denervated,Tenogenic-progenitor
TCCTGCACACCAAATC-1,0.9999388826395224,0.9999988925108751,Denervated,T-FAP
TCCTGCATCCCATGGG-1,0.9996386825087822,0.9986663403576087,Denervated,Stromal
TCCTTCTCAAGCAGGT-1,0.9934243851174422,0.9484982402737975,Denervated,Stromal
TCCTTCTCAGCTGTAT-1,0.9999984619013408,0.9999999639676618,Denervated,T-FAP
TCCTTCTCATATAGCC-1,0.9556915480423794,0.8211582075809825,Denervated,Tenogenic-progenitor
TCCTTTCAGGTTGAGC-1,0.9920834449307986,0.9960329237832523,Denervated,T-FAP
TCGAACACATGAGGGT-1,0.9953610340441362,0.98479386844058,Denervated,Stromal
TCGAACAGTCTCGGAC-1,0.9993671389805279,0.9957503785042284,Denervated,T-FAP
TCGAACAGTGCCAAGA-1,0.9769057448080503,0.8121268030609318,Denervated,Stromal
TCGAAGTGTTACCTTT-1,0.9999907935396591,0.9999976516256814,Denervated,T-FAP
TCGACCTTCATAGCAC-1,0.9943695063034541,0.9996774893949446,Denervated,Stromal
TCGACGGAGGGAGGTG-1,0.9891482979399614,0.9083105480117292,Denervated,Stromal
TCGACGGGTATTGGCT-1,0.9959524821616457,0.9994028027337561,Denervated,Tenogenic-progenitor
TCGACGGGTGCAATAA-1,0.999919134419667,0.9999754082518741,Denervated,T-FAP
TCGATTTCAAGTTGGG-1,0.9996821241183795,0.9996054712069905,Denervated,Stromal
TCGATTTTCCTATGGA-1,0.8655033523103537,0.4059674068916086,Denervated,Stromal
TCGCACTCAAGCTGTT-1,0.14848403236149907,0.020435934994170304,Denervated,TSPC
TCGCACTTCATGCCCT-1,0.9998733106835201,0.9999169836904098,Denervated,T-FAP
TCGCTCAGTGTTAAAG-1,0.9911066883122089,0.9999802559356374,Denervated,T-FAP
TCGCTTGAGAGGGTGG-1,0.9883791294350178,0.9993842125933603,Denervated,T-FAP
TCGCTTGAGCCGTTGC-1,0.14064383040079073,0.49050334957766045,Denervated,Stromal
TCGCTTGAGGCTCAAG-1,0.9978416533242953,0.9998316358969925,Denervated,T-FAP
TCGGATAAGTCGCCCA-1,0.988422110990158,0.9394648122215324,Denervated,Stromal
TCGGGCATCGCTGACG-1,0.9926734265791102,0.8328087596586459,Denervated,Tenogenic-progenitor
TCGGGTGCATTGAAAG-1,0.9211726243141004,0.983779391666974,Denervated,T-FAP
TCGGGTGGTTGCGAAG-1,0.9998889808331901,0.9998940572130686,Denervated,T-FAP
TCGGTCTGTCTAATCG-1,0.999089957515862,0.99836898527597,Denervated,Stromal
TCGTAGAGTCTAACTG-1,0.9983192311366179,0.9872228892886336,Denervated,Stromal
TCGTAGAGTGCAGATG-1,0.9987975752710758,0.9924153681497979,Denervated,Tenogenic-progenitor
TCGTAGATCCTAAACG-1,0.9999233386631933,0.9999828716350531,Denervated,Stromal
TCGTCCACAACCGATT-1,0.9999380075788653,0.9999987795694936,Denervated,T-FAP
TCGTGCTGTTCGCGTG-1,0.8516333358785607,0.010650266359650183,Denervated,Stromal
TCGTGGGAGAGAAGGT-1,0.9999986726947363,0.9999998543163681,Denervated,T-FAP
TCGTGGGAGCAAGCCA-1,0.9998040360241803,0.9999968488306689,Denervated,T-FAP
TCTAACTAGTAAATGC-1,0.9962053182597591,0.9979468518588791,Denervated,Tenogenic-progenitor
TCTACATCATTCTGTT-1,0.9999942226367348,0.9999984914967829,Denervated,T-FAP
TCTACATGTAGTCGGA-1,0.8265720380644007,0.2877501946680577,Denervated,Tenogenic-progenitor
TCTACATGTGTTTACG-1,0.9898705754131537,0.9942019733779336,Denervated,Stromal
TCTACATGTTAAGGAT-1,0.9811938411054848,0.9511775855222321,Denervated,Tenogenic-progenitor
TCTACCGAGACTGGGT-1,0.9838524575925278,0.9590167687486376,Denervated,Tenogenic-progenitor
TCTACCGAGGCATCTT-1,0.9853405064497659,0.9940018339714826,Denervated,Tenogenic-progenitor
TCTACCGCATAGTCGT-1,0.9997852968779719,0.9999875588026479,Denervated,T-FAP
TCTACCGGTCTCAGAT-1,0.9999935769486976,0.9999732267213594,Denervated,T-FAP
TCTATACAGTGGCAGT-1,0.9999995335058709,0.9999997510341376,Denervated,T-FAP
TCTATCACAGCATACT-1,0.923729891624467,0.6593242595164931,Denervated,Stromal
TCTCACGGTTGCCGCA-1,0.9999415756992459,0.9999669172944043,Denervated,Stromal
TCTCAGCGTCGCTTGG-1,0.9999974498268765,0.9998720989239476,Denervated,T-FAP
TCTCAGCTCAAGCGTT-1,0.9993194753392182,0.9819167824997753,Denervated,Stromal
TCTCCGAAGAGCTGAC-1,0.9892615212305007,0.989857729252562,Denervated,Stromal
TCTCCGAAGATGCTTC-1,0.9894687577361376,0.8973473530479873,Denervated,T-FAP
TCTCTGGAGCATCAAA-1,0.9904651297402622,0.997153216845508,Denervated,Tenogenic-progenitor
TCTGCCATCGAACTCA-1,0.9988022935028453,0.999687635395187,Denervated,T-FAP
TCTGCCATCGAGAACG-1,0.9321879688083526,0.9293921148053774,Denervated,Stromal
TCTGGCTTCGCGGACT-1,0.13732109425380226,0.018424098474574088,Denervated,TSPC
TCTGTCGAGGACAGCT-1,0.6849895688403664,0.9792016019088524,Denervated,Tenogenic-progenitor
TCTGTCGAGTACCCTA-1,0.03895776516015904,0.028952399406303123,Denervated,TSPC
TCTTAGTGTATCGAGG-1,0.9657352589170205,0.38605334806812247,Denervated,Stromal
TCTTCCTAGTTCCAGT-1,0.8117038415291515,0.7861021744411414,Denervated,Tenogenic-progenitor
TCTTCCTCAATAGAGT-1,0.9314323771555308,0.9373214513149863,Denervated,T-FAP
TCTTCCTGTTGGATCT-1,0.9993721302278417,0.9353411573567628,Denervated,T-FAP
TCTTGCGCAGCGTAGA-1,0.9951446327133456,0.9992839764717855,Denervated,Tenogenic-progenitor
TCTTTGACACGCGCTA-1,0.9992271747900306,0.9905161927429388,Denervated,Stromal
TCTTTGACACTGGACC-1,0.9802518168489369,0.8896337093860223,Denervated,Stromal
TCTTTGACAGGGCTTC-1,0.9532384312305004,0.6278784215910783,Denervated,Tenogenic-progenitor
TCTTTGACAGTCTGGC-1,0.9992634931395389,0.9983097875011834,Denervated,Tenogenic-progenitor
TCTTTGAGTTCGGCGT-1,0.9993620069475431,0.9935160615199649,Denervated,T-FAP
TCTTTGATCAACCGAT-1,0.999953509874096,0.9999499746986101,Denervated,Stromal
TGAACGTCACGCGCTA-1,0.7744567725688056,0.5608422730509249,Denervated,T-FAP
TGAACGTCATGCTGCG-1,0.999927587252233,0.9999961798929796,Denervated,T-FAP
TGAACGTGTGGCCACT-1,0.6378193210784058,0.15113114465363736,Denervated,Tenogenic-progenitor
TGAATCGCAATACGCT-1,0.9348818391299835,0.2827147215552957,Denervated,Stromal
TGAATCGTCGCAATTG-1,0.9993253016877051,0.9208405713666475,Denervated,Stromal
TGACAGTAGATTCGAA-1,0.9996107713084597,0.999208412912824,Denervated,T-FAP
TGACAGTAGGTTGCCC-1,0.4648503553103562,0.11666744098955743,Denervated,TSPC
TGACAGTAGTGCGACA-1,0.9681975041004397,0.14603150882075433,Denervated,T-FAP
TGACAGTTCTGCCTCA-1,0.9999987473162253,0.9999951721166355,Denervated,T-FAP
TGACCCTTCGACCAAT-1,0.9990964136960068,0.9997400263280498,Denervated,Tenogenic-progenitor
TGACTCCCATGACGGA-1,0.9999990405339039,0.9999995369963562,Denervated,T-FAP
TGACTCCGTCTTACTT-1,0.9686315512720493,0.9960357141372644,Denervated,Stromal
TGAGACTTCTGGCTGG-1,0.9996181167694888,0.9999673772623903,Denervated,T-FAP
TGAGCATCAGAGAATT-1,0.9900623187515433,0.9948418251581138,Denervated,Tenogenic-progenitor
TGAGCATGTCTATGAC-1,0.9999830075953641,0.9999492516787823,Denervated,T-FAP
TGAGCATGTTCGTGCG-1,0.9994260871676588,0.9992803276601766,Denervated,T-FAP
TGAGCGCAGTTAACAG-1,0.9990085333571928,0.9979111903567016,Denervated,Stromal
TGAGCGCCACAAGCAG-1,0.996105240532061,0.9951280422867232,Denervated,Tenogenic-progenitor
TGAGGAGCATGAAAGT-1,0.9999714225813355,0.9998936419631206,Denervated,T-FAP
TGAGGGATCTTTCGAT-1,0.9991640178081418,0.9999456802700726,Denervated,T-FAP
TGAGGTTAGCATGTTC-1,0.9954953308288486,0.9960883267349547,Denervated,T-FAP
TGAGGTTCACCCAAGC-1,0.8647481586765617,0.22755138367358613,Denervated,Tenogenic-progenitor
TGAGGTTCACTCCGAG-1,0.5219044930013831,0.9357386903641756,Denervated,Tenogenic-progenitor
TGAGTCAAGACATCCT-1,0.9999618669187128,0.9998549511495624,Denervated,Stromal
TGAGTCATCAAGGACG-1,0.9999494046007966,0.9999732630177193,Denervated,T-FAP
TGAGTCATCCGTTGGG-1-1,0.9993084876591631,0.9996283135302833,Denervated,T-FAP
TGATCAGAGGACACTG-1,0.07188380571038083,0.11844586813168982,Denervated,TSPC
TGATCAGCACCCTAGG-1,0.9948958572412787,0.9839576821779066,Denervated,Stromal
TGATCTTAGATGCAGC-1,0.9656752069497868,0.9921285976583974,Denervated,Stromal
TGATCTTGTAAGCGGT-1,0.9771204804956082,0.8847949364743,Denervated,Tenogenic-progenitor
TGATGCACACAGAAGC-1,0.35938619414806894,0.8305192320211974,Denervated,TSPC
TGATGCATCTGGCCAG-1,0.9999514187235481,0.9999097854098623,Denervated,Stromal
TGATGGTAGAGCAAGA-1,0.9999996272403009,0.9999996491196191,Denervated,T-FAP
TGATTCTCAGCTAACT-1,0.9995991405283994,0.9998265594145835,Denervated,T-FAP
TGATTCTCATGACCCG-1,0.9964478576857426,0.9939268898698636,Denervated,Stromal
TGCACGGAGACTGAGC-1,0.999999430448558,0.9999996782457956,Denervated,T-FAP
TGCACGGCACCTGTCT-1,0.9995592002235391,0.9990894474923652,Denervated,T-FAP
TGCACGGCACTCATAG-1,0.9993960104142675,0.9928616138393956,Denervated,Stromal
TGCACGGGTCCTCAGG-1,0.999995119550867,0.9999945239377995,Denervated,T-FAP
TGCAGATCATTCACAG-1,0.9999942371210166,0.9999997538062686,Denervated,T-FAP
TGCAGTACATATGCGT-1,0.4748742706463729,0.29448066183509,Denervated,Tenogenic-progenitor
TGCAGTAGTAAGTAGT-1,0.9995984628864968,0.9985753916215536,Denervated,Tenogenic-progenitor
TGCATCCAGGACAGTC-1,0.9994293562291511,0.9994324600568489,Denervated,T-FAP
TGCATCCAGTCCCGGT-1,0.9999999128891435,0.9999999361700626,Denervated,T-FAP
TGCATGAAGGCCGCTT-1,0.08419578666291448,0.012434440702758998,Denervated,Tenogenic-progenitor
TGCATGACATGACTGT-1,0.9944496489497875,0.7773204167527413,Denervated,T-FAP
TGCCGAGAGTACTGGG-1,0.9999907096890664,0.999999529966392,Denervated,T-FAP
TGCGACGCAGTAACCT-1,0.9823589646077081,0.968084652574028,Denervated,Tenogenic-progenitor
TGCGATACACCATAAC-1,0.8561556806977401,0.21924973038383047,Denervated,Stromal
TGCGATAGTTAATGAG-1,0.8252245302675604,0.37170989773103447,Denervated,Stromal
TGCGGGTAGAACTTCC-1,0.9999576640919211,0.9999992283890574,Denervated,T-FAP
TGCGGGTGTGGATGAC-1,0.9788603138153571,0.5568501507362537,Denervated,Stromal
TGCGGGTTCCTTATAC-1,0.999563319783009,0.998550068986904,Denervated,Tenogenic-progenitor
TGCTCCACATCGGAAG-1,0.9976293762640883,0.9895158726396903,Denervated,Stromal
TGCTCCAGTGGGATTG-1,0.9954358512469716,0.9989530966009127,Denervated,T-FAP
TGCTCCAGTTGAGTCT-1,0.996937584413975,0.9993699972759027,Denervated,T-FAP
TGCTCCATCGCAGATT-1-1,0.9954033608369348,0.9837276727982647,Denervated,T-FAP
TGCTCGTAGTAGGAAG-1,0.979406217339507,0.8979773069589987,Denervated,Tenogenic-progenitor
TGCTCGTCATACTTTC-1,0.9995267700416733,0.9999868496515096,Denervated,T-FAP
TGCTCGTGTGTGCTTA-1,0.4771772452387879,0.44445340736155536,Denervated,TSPC
TGCTGAAGTATCGAGG-1,0.0033652479972235243,2.118191848615047e-06,Denervated,TSPC
TGCTGAATCAAGTTGC-1,0.9814390039935552,0.995174156923282,Denervated,T-FAP
TGCTTCGAGAATCGTA-1,0.9999978706214837,0.9999875425878259,Denervated,T-FAP
TGCTTGCAGTTACTCG-1,0.9999945225166872,0.9999993271127621,Denervated,T-FAP
TGCTTGCGTGCCTATA-1,0.022470369381018953,0.05579303356569559,Denervated,TSPC
TGGAACTGTGGCTTAT-1,0.9702166749220426,0.09037848425890531,Denervated,Stromal
TGGAACTGTTGTCTAG-1,0.6755990674708875,0.796015449796533,Denervated,T-FAP
TGGAGAGGTCTTGCTC-1,0.9959438063523023,0.9994624515606346,Denervated,T-FAP
TGGAGAGGTTGTGCCG-1,0.9955709195303644,0.9993627317474985,Denervated,T-FAP
TGGAGAGTCGCGTGCA-1,0.9078776904854241,0.07249892229428338,Denervated,Tenogenic-progenitor
TGGATCAAGTTCTCTT-1,0.8789308159012208,0.2757741636334794,Denervated,Tenogenic-progenitor
TGGATGTAGGCCTGCT-1,0.2551964068558308,0.21121850106697268,Denervated,TSPC
TGGATGTGTATGTCCA-1,0.007970979295162167,0.00035506776475934524,Denervated,T-FAP
TGGCGTGCATCAACCA-1,0.9999112631924882,0.9999893776272339,Denervated,T-FAP
TGGCGTGGTCACTTCC-1,0.9839873585512042,0.9926867931354693,Denervated,Tenogenic-progenitor
TGGGAAGCAACACTAC-1,0.10403339297292277,0.06480401922224444,Denervated,TSPC
TGGGAAGTCACTGCTC-1,0.9999231131479539,0.9999164154371524,Denervated,T-FAP
TGGGAGATCTGAGGCC-1,0.9995045790730253,0.9993956238454195,Denervated,T-FAP
TGGGATTGTGTATTCG-1,0.9115469706329344,0.37774969975784184,Denervated,Stromal
TGGGCGTCACAGCGCT-1,0.9657169737105018,0.9505851902527616,Denervated,Stromal
TGGGCGTGTGGATTTC-1,0.9863471000709904,0.9881085071009362,Denervated,Stromal
TGGGCTGAGCCTTTGA-1,0.9995880604235936,0.9980242522176527,Denervated,Stromal
TGGGCTGTCACAAGGG-1,0.791428898270856,0.6321599573074598,Denervated,TSPC
TGGTAGTAGGACTAAT-1,0.9999980466196307,0.9999999264803451,Denervated,T-FAP
TGGTAGTTCATTCCTA-1,0.9166235523950029,0.969098519651776,Denervated,Tenogenic-progenitor
TGGTGATCAAAGCTAA-1,0.996425408716242,0.9996538587820688,Denervated,T-FAP
TGGTGATCATAGGTAA-1,0.9999669325798954,0.9999276549550995,Denervated,T-FAP
TGGTTAGGTACTCAAC-1,0.9999988159074121,0.9999989984033262,Denervated,T-FAP
TGGTTAGTCACTCACC-1,0.9904010229212328,0.9921855495536182,Denervated,Stromal
TGTAACGGTCACCCTT-1,0.8099419878335306,0.8687095735769998,Denervated,T-FAP
TGTAACGTCCTACTGC-1,0.43341882718704594,0.06926509716630926,Denervated,Stromal
TGTAAGCCAGCTAACT-1,0.9999861036344574,0.9999973684116076,Denervated,T-FAP
TGTAAGCGTCAACGCC-1,0.9861164675782724,0.9896028528591525,Denervated,T-FAP
TGTAAGCGTGAGTTTC-1,0.7629609611105207,0.898710439552095,Denervated,Stromal
TGTAGACCATCAGCGC-1,0.7185326488453936,0.9463909655437315,Denervated,TSPC
TGTCAGAAGACGATAT-1,0.9478534902264206,0.8213447785120276,Denervated,Stromal
TGTCAGATCCATGCAA-1,0.9142756991050248,0.531152977944324,Denervated,Stromal
TGTCCACCAGCATTGT-1,0.9995397226584015,0.999880320342959,Denervated,T-FAP
TGTCCACGTATGGGAC-1,0.9968742115979656,0.9980230297944934,Denervated,Stromal
TGTCCACGTCTACTGA-1,0.9997079801551872,0.998557368431372,Denervated,T-FAP
TGTCCACGTTCCCAAA-1,0.9557322983510663,0.47752283615589186,Denervated,Tenogenic-progenitor
TGTCCTGAGCAATAGT-1,0.9999946192842241,0.9999445042978394,Denervated,T-FAP
TGTCCTGAGTTGTAGA-1,0.9857842464204594,0.9801912921545657,Denervated,Stromal
TGTCCTGCACAACGAG-1,0.8080409234684783,0.8943211578922504,Denervated,Stromal
TGTCCTGCACCTGCGA-1,0.9833923650650914,0.907186721902109,Denervated,Tenogenic-progenitor
TGTCCTGGTCGCACGT-1,0.9189767798863814,0.585674354597004,Denervated,Stromal
TGTGATGAGCCTCTTC-1,0.979108200462065,0.9650178430157282,Denervated,Stromal
TGTGATGCAATTTCCT-1,0.9972188470300773,0.9912072745415769,Denervated,Stromal
TGTGATGCACGACGCT-1,0.9999998029530952,0.9999999983794046,Denervated,T-FAP
TGTGCGGGTCATGCAT-1,0.07567425085950574,0.003986531595247811,Denervated,TSPC
TGTGTGATCACCATAG-1,0.19508365603576974,0.004955900968586829,Denervated,Tenogenic-progenitor
TGTGTGATCGGACCAC-1,0.9952730631198539,0.9759117484383396,Denervated,Stromal
TGTTCATAGAGTCGAC-1,0.0721718798551931,0.16613222772379266,Denervated,TSPC
TGTTCATCAGACCGCT-1,0.9999896112712068,0.9999999415192317,Denervated,T-FAP
TGTTCCGCAAGCTCTA-1,0.9945878034149841,0.9759312354869196,Denervated,T-FAP
TGTTCCGTCTTACGGA-1,0.9999306437647719,0.9999613837397889,Denervated,T-FAP
TGTTCTAAGTATAGGT-1,0.9337878997438865,0.997196793771571,Denervated,Tenogenic-progenitor
TGTTCTACAGCGACAA-1,0.9743703701129608,0.9273648162175807,Denervated,T-FAP
TGTTGAGCACATGGTT-1,0.9961898111559829,0.9998902505417485,Denervated,T-FAP
TGTTGAGGTTAAGCAA-1,0.9265790852053215,0.6829863892023599,Denervated,Stromal
TGTTGGACAGCACAGA-1,0.9183968364232095,0.13132701729903606,Denervated,Stromal
TGTTGGACAGTTCCAA-1,0.9999498205181424,0.999904810304752,Denervated,T-FAP
TGTTGGAGTCAGCGTC-1,0.4758354269057688,0.47285723214821734,Denervated,Stromal
TGTTGGAGTTCAGCGC-1,0.9385668931359846,0.9636245377712206,Denervated,Tenogenic-progenitor
TGTTGGATCAGATGCT-1,0.9783134524792065,0.9588656961975545,Denervated,Tenogenic-progenitor
TGTTTGTAGGATCATA-1,0.9083733921888798,0.5632585571860815,Denervated,TSPC
TGTTTGTCATATCTGG-1,0.8423206479091339,0.9367935009456465,Denervated,T-FAP
TTAATCCAGGTGGCTA-1,0.42836510363011976,0.05372373406048988,Denervated,Stromal
TTAATCCGTCTCTCTG-1,0.9999021126327616,0.999728437520812,Denervated,T-FAP
TTAATCCTCCAGCTCT-1,0.9998613696556735,0.9999537035925339,Denervated,T-FAP
TTAATCCTCTGGGAGA-1,0.21350592850631622,0.3328484578278372,Denervated,TSPC
TTACAGGCAGGCCTGT-1,0.9832208276551081,0.9302675001128434,Denervated,T-FAP
TTACAGGGTGGTATGG-1,0.030839734992307067,0.004582553497092104,Denervated,TSPC
TTACAGGTCTACGGGC-1,0.9998140807221212,0.9999911118115328,Denervated,T-FAP
TTACCATCATCATTTC-1,0.9978151507425146,0.967850809819834,Denervated,T-FAP
TTACCGCCAACAGAGC-1,0.9773487112239889,0.9962564453548198,Denervated,T-FAP
TTACCGCGTGCGAACA-1,0.9998961350748067,0.999953547630564,Denervated,Stromal
TTACGCCTCGGCGATC-1,0.05403179130417338,0.027008268664098983,Denervated,TSPC
TTACGTTCAAGTGGTG-1,0.9942148274785529,0.7802646152523265,Denervated,Tenogenic-progenitor
TTACGTTTCGCACGAC-1,0.9028878224422731,0.9586586335823817,Denervated,Stromal
TTACTGTAGAAAGTCT-1,0.9988790734752898,0.9961124934785602,Denervated,Stromal
TTACTGTAGTATAGAC-1,0.9966111349052753,0.9982295494623598,Denervated,Tenogenic-progenitor
TTACTGTGTCTCGGGT-1,0.9993827334897021,0.9996170376898639,Denervated,T-FAP
TTAGGGTGTATTCCGA-1,0.9367844307979711,0.7693988114692852,Denervated,Stromal
TTAGTCTGTTACGGAG-1,0.3695358432815831,0.013113856932411115,Denervated,Stromal
TTAGTCTGTTGGGCCT-1,0.9999985217448054,0.9999979427767074,Denervated,Stromal
TTAGTCTTCAAGCCCG-1,0.991336427456799,0.9416200247363675,Denervated,Stromal
TTAGTCTTCAGGTAAA-1,0.9970778260406793,0.999003385775563,Denervated,Stromal
TTATTGCCAAGAGTGC-1,0.9963690710609043,0.9156049598072632,Denervated,Stromal
TTATTGCCAATTGCCA-1,0.999973768699186,0.9999956672067347,Denervated,T-FAP
TTATTGCTCCCGTGTT-1,0.9746530115944945,0.9013672842316751,Denervated,Stromal
TTCAATCTCCGTTTCG-1,0.0032614556756093848,0.0001693472589969762,Denervated,TSPC
TTCACGCAGTATCTGC-1,0.962665681330355,0.4081789463669723,Denervated,Stromal
TTCACGCGTGGACCAA-1,0.9862360475855033,0.9437693441756716,Denervated,Stromal
TTCACGCTCCTCTAGC-1,0.874572929851903,0.07800911441038767,Denervated,Tenogenic-progenitor
TTCACGCTCTATCCAT-1,0.9646380229111193,0.9994944563558695,Denervated,Stromal
TTCAGGAGTTAGAAAC-1,0.9721418003829859,0.9830775029950561,Denervated,Tenogenic-progenitor
TTCATGTCAGATTCGT-1,0.9173450020920586,0.9125717849137774,Denervated,Tenogenic-progenitor
TTCATTGCATGACTGT-1,0.9991110394031575,0.9998421740844696,Denervated,Tenogenic-progenitor
TTCATTGGTGCCTTCT-1,0.9974082685139131,0.9808929159831452,Denervated,Stromal
TTCATTGGTTCGTAAC-1,0.9998958469292847,0.9991235952299364,Denervated,T-FAP
TTCATTGTCGAGAGAC-1,0.9992519166413447,0.9989841595318371,Denervated,Stromal
TTCCAATCAACCGTGC-1,0.9739495281836418,0.7932047566421557,Denervated,Tenogenic-progenitor
TTCCAATGTAGACGGT-1,0.9999977294458497,0.9999984353801188,Denervated,T-FAP
TTCCACGCAGCTGTAT-1,0.9872059138289431,0.6799063391631837,Denervated,Tenogenic-progenitor
TTCCGGTAGAGCAGAA-1,0.9751130332307177,0.8727712484327543,Denervated,Tenogenic-progenitor
TTCCGGTGTAGGTAGC-1,0.999261356994647,0.9977616229699946,Denervated,Tenogenic-progenitor
TTCCGTGCACTGTGAT-1,0.9988944731923264,0.9980430384083009,Denervated,Tenogenic-progenitor
TTCCGTGTCCTCATAT-1,0.997725099599837,0.9991250207215934,Denervated,Tenogenic-progenitor
TTCCGTGTCGCGTTTC-1,0.990525360321624,0.9835888602915449,Denervated,Stromal
TTCCTAAGTTGGGAAC-1,0.9950011689197488,0.9989348452114815,Denervated,Tenogenic-progenitor
TTCCTCTGTACCCGCA-1,0.9999659323248993,0.9999845861729668,Denervated,T-FAP
TTCCTCTTCTTGAGCA-1,0.9995425810056621,0.9999582302566619,Denervated,T-FAP
TTCCTTCAGGACAGTC-1,0.9164563427955092,0.4606706306764735,Denervated,Tenogenic-progenitor
TTCCTTCAGGTCGTCC-1,0.9391020355086768,0.933089606915016,Denervated,Stromal
TTCCTTCGTCGCTGCA-1,0.9945474750153964,0.9818842582936754,Denervated,Tenogenic-progenitor
TTCGCTGGTAGCTGAG-1,0.9967581377873819,0.9987079510385639,Denervated,Stromal
TTCGCTGTCGAGAAGC-1,0.9585904032999246,0.9909375804401623,Denervated,Stromal
TTCGGTCAGTTTGAGA-1,0.9998436120262285,0.9999076410036827,Denervated,T-FAP
TTCGGTCGTCACCTTC-1,0.9990833511836567,0.9991588476362425,Denervated,T-FAP
TTCTAACCAGTAGATA-1,0.9980177897539774,0.9771358906260055,Denervated,T-FAP
TTCTAACCATGTGTCA-1,0.9998950789093096,0.9999768649334394,Denervated,T-FAP
TTCTAACGTGGATGAC-1,0.9999997376598921,0.9999969477051127,Denervated,T-FAP
TTCTAACGTTATGTCG-1,0.955502456183591,0.4646711240867358,Denervated,Stromal
TTCTAGTAGGTACAAT-1,0.9998341370509851,0.9998958031425315,Denervated,T-FAP
TTCTAGTAGTTCTCTT-1,0.9930434694075444,0.9650100254233691,Denervated,Tenogenic-progenitor
TTCTAGTGTCTAGATC-1,0.9797645984338919,0.9848539909049789,Denervated,Stromal
TTCTCTCAGATAGCAT-1,0.999144088744455,0.9995849150021535,Denervated,Tenogenic-progenitor
TTCTCTCAGCCTCTTC-1,0.980358152255554,0.7948756557184244,Denervated,Stromal
TTCTCTCAGTGTAGTA-1,0.9915270054594787,0.984196659663163,Denervated,T-FAP
TTCTCTCCAATTGCCA-1,0.9994924733448839,0.9999979989640095,Denervated,T-FAP
TTCTCTCCACCTTCCA-1,0.7278010256991408,0.14973336000982052,Denervated,Stromal
TTCTCTCGTCGGAAAC-1,0.9964813591284495,0.9973116143774271,Denervated,Stromal
TTCTGTACAGGAATAT-1,0.9788819632504538,0.977279857296166,Denervated,Tenogenic-progenitor
TTCTTGACACGGGTAA-1,0.9994147895016304,0.9985516614058775,Denervated,Stromal
TTCTTGATCAAACCTG-1,0.9982674623807334,0.9992461864653547,Denervated,T-FAP
TTCTTGATCCGATAAC-1,0.6173561358461407,0.9806316350687655,Denervated,Tenogenic-progenitor
TTCTTGATCTTACCAT-1,0.7825773435787359,0.7837391079337904,Denervated,T-FAP
TTGAACGCACGGCCAT-1,0.9999422758291756,0.9999977588745821,Denervated,T-FAP
TTGAACGGTAAGATTG-1,0.9860257764655753,0.9984081962216518,Denervated,Tenogenic-progenitor
TTGAACGGTCTACATG-1,0.9991464211721132,0.999055200952723,Denervated,T-FAP
TTGAACGTCGCTGTTC-1,0.9993932378268341,0.9985619278997638,Denervated,Stromal
TTGACCCCAAGTGATA-1,0.8407292770241663,0.43724102337450904,Denervated,Stromal
TTGAGTGCAGACAAGC-1,0.9999943428400996,0.9999960195144223,Denervated,T-FAP
TTGATGGAGCAGGTCA-1,0.9998216672625034,0.9999196057808178,Denervated,T-FAP
TTGATGGAGTGAGGCT-1,0.9999234627762345,0.9999638044769303,Denervated,T-FAP
TTGATGGCATCCGTGG-1,0.7318531384025665,0.1574823777915819,Denervated,Stromal
TTGCATTAGCAAGGAA-1,0.9998098104370339,0.9998686932881046,Denervated,Tenogenic-progenitor
TTGCCTGGTCGTACTA-1,0.997384699770009,0.8729933626189647,Denervated,Stromal
TTGCGTCTCTATCCAT-1,0.9661306363438882,0.9328461190434655,Denervated,Stromal
TTGCTGCAGACCAGAC-1,0.8066046344093445,0.626257367348597,Denervated,Stromal
TTGCTGCTCCCTCTAG-1,0.6873225500114135,0.7950111513079603,Denervated,Stromal
TTGGGATCAAATCGTC-1,0.7162798624892363,0.7454816693103302,Denervated,T-FAP
TTGGGCGAGGAACATT-1,0.9999987955187405,0.9999978853854633,Denervated,T-FAP
TTGGGTAAGCATCCTA-1,0.9988204247820494,0.9998613859432364,Denervated,Tenogenic-progenitor
TTGGGTATCAATCTTC-1,0.9990750455445846,0.9558584170682473,Denervated,T-FAP
TTGGGTATCTCAAAGC-1,0.9999953215308307,0.9999985165622164,Denervated,T-FAP
TTGGTTTAGAATTCAG-1,0.9842307358068791,0.9901005643140097,Denervated,Stromal
TTGGTTTAGCGAGTCA-1,0.07383186479528041,0.005952438872205512,Denervated,Stromal
TTGGTTTGTTTGAACC-1,0.935056077554386,0.9793512814174874,Denervated,Stromal
TTGTGGAAGGGACAGG-1,0.8780390527933791,0.9713439349641662,Denervated,Stromal
TTGTGGAAGGTAACTA-1,0.3592685350303632,0.001009160374025418,Denervated,T-FAP
TTGTGGAAGTGTGTTC-1,0.9990854899169118,0.9995028730871897,Denervated,Tenogenic-progenitor
TTGTGGAGTAGCTTTG-1,0.9988930742615174,0.9985431288467295,Denervated,T-FAP
TTGTTCAAGCATGGGT-1,0.9272903408446572,0.9800575121830751,Denervated,Stromal
TTGTTGTCATAAGATG-1,0.3023968819996144,0.33888174280712724,Denervated,Stromal
TTGTTGTTCTTTGATC-1,0.999430979155445,0.9983846479217648,Denervated,T-FAP
TTGTTTGTCACCCTTG-1,0.9999956914340351,0.9999992821783893,Denervated,T-FAP
TTGTTTGTCTGTTCAT-1,0.7380721900899543,0.6702113541676055,Denervated,Stromal
TTTACCATCCACGTGG-1,0.9994040181814643,0.9999606351368505,Denervated,T-FAP
TTTACGTCACTACCCT-1,0.9590124150677255,0.9218500386919044,Denervated,Stromal
TTTACGTGTCGTGTTA-1,0.9848290386523918,0.9902037317815775,Denervated,Tenogenic-progenitor
TTTACTGTCCGCTGTT-1,0.9085203543579577,0.8735048054034685,Denervated,TSPC
TTTACTGTCGTGCATA-1,0.9915753126618532,0.7820009440041663,Denervated,Stromal
TTTACTGTCTCGTTTA-1,0.8482161318910155,0.5632596644724114,Denervated,Tenogenic-progenitor
TTTAGTCCATTCACCC-1,0.9079564161286248,0.5488842888232869,Denervated,T-FAP
TTTAGTCTCTCGGGAC-1,0.9984168961221113,0.9989000565572071,Denervated,T-FAP
TTTCACAAGGGCGAGA-1,0.9987574080146144,0.9995805898952166,Denervated,T-FAP
TTTCACACAACGTATC-1-1,0.9999999731044406,0.9999999822119691,Denervated,T-FAP
TTTCACAGTACGATTC-1,0.7680323235197543,0.048218122939656174,Denervated,TSPC
TTTCACAGTGGACTGA-1,0.999725417464807,0.9986009832898495,Denervated,T-FAP
TTTCAGTAGGTAAGTT-1,0.9999856564603258,0.9999952605087195,Denervated,T-FAP
TTTCAGTCACTGCATA-1,0.9989700093709635,0.9969955391610968,Denervated,Tenogenic-progenitor
TTTCAGTGTCATCAGT-1,0.999998537522519,0.9999999935787203,Denervated,T-FAP
TTTCAGTTCTTACTGT-1,0.7266673359987093,0.13809385035144572,Denervated,Stromal
TTTCATGAGCGGACAT-1,0.9049563562060771,0.682877374185115,Denervated,Stromal
TTTCATGTCACATCAG-1,0.9994955418685344,0.9977102507100937,Denervated,T-FAP
TTTCCTCAGGGACACT-1,0.9991285906798052,0.9938110598594023,Denervated,Stromal
TTTCCTCGTGCTATTG-1,0.9602204695248997,0.9873193077371699,Denervated,Stromal
TTTCCTCTCGACACTA-1,0.9999978443787039,0.9999989585796881,Denervated,T-FAP
TTTCGATCATCTCAAG-1,0.9999997060458841,0.9999994317303847,Denervated,T-FAP
TTTGACTCATACGCAT-1,0.9999972328154431,0.9999975481957457,Denervated,T-FAP
TTTGACTGTTGGAGAC-1,0.9999795936997375,0.9999774182932823,Denervated,T-FAP
TTTGACTTCAAATGAG-1,0.9999950269305857,0.9999634739281936,Denervated,T-FAP
TTTGACTTCCATCGTC-1,0.9967240155346165,0.9991770271202554,Denervated,Tenogenic-progenitor
TTTGATCAGTAGTCCT-1,0.5113100578110042,0.8985601309652151,Denervated,Stromal
TTTGATCGTAGTCTTG-1,0.9995342927645272,0.9999785535622049,Denervated,T-FAP
TTTGGAGAGCATCAGG-1,0.8973623952143452,0.8901517828179367,Denervated,Stromal
TTTGGAGGTGGCTTGC-1,0.19194609954743388,0.20472121140619332,Denervated,Stromal
TTTGGTTCATACACCA-1,0.9999997148564852,0.9999995172081247,Denervated,T-FAP
TTTGTTGAGAGTGTTA-1,0.981470227956401,0.9455780060141142,Denervated,Stromal
TTTGTTGAGGATCATA-1,0.9981627163644474,0.9990790715036831,Denervated,Tenogenic-progenitor
TTTGTTGAGTTTGAGA-1,0.9947463584352171,0.9986146705413972,Denervated,Tenogenic-progenitor
TTTGTTGTCATGAAAG-1,0.6872610905288942,0.05380515976860764,Denervated,Stromal
